arm,family,tau,scenario,seed,n_byz,rounds,final_macro_f1,final_bal_acc,final_acc,final_detect,final_fpr,final_asr,last3_macro_f1,per_class_recall,curve_macro_f1,site_tv,seconds,honest_rejected,honest_total,byz_rejected,byz_total,hrej_curve,site_accept,kappa_used,clip,z,agg,dp_epsilon,obs_topo_rho,obs_topo_b2_rho,obs_attr_rho,obs_top3,obs_nn_hit,obs_collude_topo_rho,obs_collude_topo_b2_rho,obs_collude_attr_rho,obs_collude_top3,obs_collude_nn_hit,obs_bit_rho
fedavg,fedavg,,adaptive_tol,0,2,30,0.39982760493503744,0.47511668410394603,0.7260759380116172,0.9993891264508247,4.99151442547669e-05,0.026389737324373854,0.39476666666666665,"{""Backdoor"": 0.0, ""DDoS_HTTP"": 0.607, ""DDoS_ICMP"": 1.0, ""DDoS_TCP"": 1.0, ""DDoS_UDP"": 0.442, ""Fingerprinting"": 0.0, ""MITM"": 0.0, ""Normal"": 1.0, ""Password"": 0.0, ""Port_Scanning"": 0.15, ""Ransomware"": 0.77, ""SQL_injection"": 0.926, ""Uploading"": 0.358, ""Vulnerability_scanner"": 0.0, ""XSS"": 0.874}","[0.1225, 0.1653, 0.1879, 0.1902, 0.1865, 0.2255, 0.2288, 0.2346, 0.249, 0.2884, 0.2923, 0.2926, 0.2975, 0.3077, 0.328, 0.338, 0.3488, 0.3608, 0.3701, 0.3817, 0.3767, 0.3709, 0.3742, 0.3814, 0.3722, 0.4045, 0.3858, 0.3887, 0.3958, 0.3998]","[0.5099, 0.5453, 0.2592, 0.2317, 0.2262, 0.3365, 0.2715, 0.3308, 0.2122, 0.2688]",2.6,,,,,[],[],,,,,,,,,,,,,,,,
fedavg,fedavg,,adaptive_tol_f30,0,3,30,0.09825616925522912,0.19212006256031414,0.48693623987979096,1.0,0.11819906159528801,0.0,0.09136666666666667,"{""Backdoor"": 0.0, ""DDoS_HTTP"": 1.0, ""DDoS_ICMP"": 0.0, ""DDoS_TCP"": 1.0, ""DDoS_UDP"": 0.0, ""Fingerprinting"": 0.0, ""MITM"": 0.0, ""Normal"": 0.882, ""Password"": 0.0, ""Port_Scanning"": 0.0, ""Ransomware"": 0.0, ""SQL_injection"": 0.0, ""Uploading"": 0.0, ""Vulnerability_scanner"": 0.0, ""XSS"": 0.0}","[0.0108, 0.0236, 0.0357, 0.0577, 0.0702, 0.0704, 0.0729, 0.0795, 0.0787, 0.076, 0.0709, 0.0706, 0.0712, 0.071, 0.07, 0.0815, 0.0886, 0.0906, 0.0899, 0.0945, 0.0953, 0.0922, 0.0883, 0.0841, 0.08, 0.0584, 0.0728, 0.0782, 0.0976, 0.0983]","[0.5099, 0.5453, 0.2592, 0.2317, 0.2262, 0.3365, 0.2715, 0.3308, 0.2122, 0.2688]",2.6,,,,,[],[],,,,,,,,,,,,,,,,
trimmed_mean,trimmed,,adaptive_tol,0,2,30,0.6187773254126707,0.6317186750540452,0.8200901567651214,1.0,0.0,0.00012217470983506414,0.6178,"{""Backdoor"": 0.463, ""DDoS_HTTP"": 0.607, ""DDoS_ICMP"": 0.992, ""DDoS_TCP"": 1.0, ""DDoS_UDP"": 0.996, ""Fingerprinting"": 0.0, ""MITM"": 0.3, ""Normal"": 1.0, ""Password"": 0.07, ""Port_Scanning"": 0.46, ""Ransomware"": 0.882, ""SQL_injection"": 0.982, ""Uploading"": 0.441, ""Vulnerability_scanner"": 0.361, ""XSS"": 0.922}","[0.2727, 0.3222, 0.3966, 0.4617, 0.4638, 0.4707, 0.4855, 0.4997, 0.5201, 0.538, 0.5387, 0.5601, 0.5671, 0.598, 0.6002, 0.6008, 0.6, 0.6015, 0.6043, 0.604, 0.6048, 0.6106, 0.6127, 0.6203, 0.6195, 0.6232, 0.6175, 0.6178, 0.6168, 0.6188]","[0.5099, 0.5453, 0.2592, 0.2317, 0.2262, 0.3365, 0.2715, 0.3308, 0.2122, 0.2688]",2.5,,,,,[],[],,,,,,,,,,,,,,,,
trimmed_mean,trimmed,,adaptive_tol_f30,0,3,30,0.563289771165298,0.5986977812948886,0.8090560452129449,1.0,0.0,0.0,0.5682666666666667,"{""Backdoor"": 0.531, ""DDoS_HTTP"": 0.607, ""DDoS_ICMP"": 0.997, ""DDoS_TCP"": 1.0, ""DDoS_UDP"": 0.883, ""Fingerprinting"": 0.0, ""MITM"": 0.0, ""Normal"": 1.0, ""Password"": 0.0, ""Port_Scanning"": 0.351, ""Ransomware"": 0.895, ""SQL_injection"": 0.104, ""Uploading"": 0.991, ""Vulnerability_scanner"": 0.767, ""XSS"": 0.856}","[0.2366, 0.3582, 0.4197, 0.447, 0.4625, 0.4624, 0.4597, 0.474, 0.4893, 0.504, 0.5061, 0.5091, 0.5063, 0.5125, 0.5122, 0.5386, 0.5382, 0.5347, 0.5464, 0.5501, 0.558, 0.5609, 0.5606, 0.5642, 0.5634, 0.5578, 0.5608, 0.5794, 0.5621, 0.5633]","[0.5099, 0.5453, 0.2592, 0.2317, 0.2262, 0.3365, 0.2715, 0.3308, 0.2122, 0.2688]",2.4,,,,,[],[],,,,,,,,,,,,,,,,
multi_krum,krum,,adaptive_tol,0,2,30,0.6813231993563101,0.7010131957948069,0.8391083002534258,1.0,0.0,0.0,0.682,"{""Backdoor"": 0.455, ""DDoS_HTTP"": 0.876, ""DDoS_ICMP"": 0.99, ""DDoS_TCP"": 1.0, ""DDoS_UDP"": 0.997, ""Fingerprinting"": 0.0, ""MITM"": 1.0, ""Normal"": 1.0, ""Password"": 0.104, ""Port_Scanning"": 0.46, ""Ransomware"": 0.882, ""SQL_injection"": 0.982, ""Uploading"": 0.449, ""Vulnerability_scanner"": 0.763, ""XSS"": 0.558}","[0.3594, 0.5008, 0.5307, 0.5274, 0.5374, 0.5617, 0.58, 0.6015, 0.6125, 0.6253, 0.6334, 0.6436, 0.6356, 0.6438, 0.6349, 0.6357, 0.6447, 0.6456, 0.6817, 0.6837, 0.6812, 0.6823, 0.6824, 0.682, 0.6813, 0.6814, 0.6816, 0.6825, 0.6822, 0.6813]","[0.5099, 0.5453, 0.2592, 0.2317, 0.2262, 0.3365, 0.2715, 0.3308, 0.2122, 0.2688]",2.4,30,240,60,60,"[1, 1, 1, 1, 1, 1, 1, 1, 1, 1, 1, 1, 1, 1, 1, 1, 1, 1, 1, 1, 1, 1, 1, 1, 1, 1, 1, 1, 1, 1]","[0, 0, 30, 30, 30, 30, 30, 0, 30, 30]",,,,,,,,,,,,,,,,
multi_krum,krum,,adaptive_tol_f30,0,3,30,0.6936415404692756,0.709989148996786,0.8451636053735226,1.0,0.0,0.0,0.6942333333333334,"{""Backdoor"": 0.733, ""DDoS_HTTP"": 0.897, ""DDoS_ICMP"": 0.991, ""DDoS_TCP"": 0.997, ""DDoS_UDP"": 0.973, ""Fingerprinting"": 0.0, ""MITM"": 1.0, ""Normal"": 1.0, ""Password"": 0.104, ""Port_Scanning"": 0.54, ""Ransomware"": 0.679, ""SQL_injection"": 0.983, ""Uploading"": 0.448, ""Vulnerability_scanner"": 0.763, ""XSS"": 0.543}","[0.3795, 0.4871, 0.5248, 0.56, 0.6036, 0.6105, 0.613, 0.6222, 0.6187, 0.6371, 0.6443, 0.6432, 0.6447, 0.6839, 0.6891, 0.6733, 0.6907, 0.6912, 0.6927, 0.6921, 0.6919, 0.6929, 0.692, 0.6938, 0.6926, 0.6929, 0.6946, 0.694, 0.6951, 0.6936]","[0.5099, 0.5453, 0.2592, 0.2317, 0.2262, 0.3365, 0.2715, 0.3308, 0.2122, 0.2688]",2.4,0,210,90,90,"[0, 0, 0, 0, 0, 0, 0, 0, 0, 0, 0, 0, 0, 0, 0, 0, 0, 0, 0, 0, 0, 0, 0, 0, 0, 0, 0, 0, 0, 0]","[0, 0, 0, 30, 30, 30, 30, 30, 30, 30]",,,,,,,,,,,,,,,,
secure_norm_only,norm_only,,adaptive_tol,0,2,30,0.39837599910151833,0.47371935972369505,0.7251340016596022,0.9993891264508247,4.99151442547669e-05,0.026226837711260435,0.3942333333333334,"{""Backdoor"": 0.0, ""DDoS_HTTP"": 0.607, ""DDoS_ICMP"": 1.0, ""DDoS_TCP"": 1.0, ""DDoS_UDP"": 0.443, ""Fingerprinting"": 0.0, ""MITM"": 0.0, ""Normal"": 1.0, ""Password"": 0.0, ""Port_Scanning"": 0.138, ""Ransomware"": 0.761, ""SQL_injection"": 0.926, ""Uploading"": 0.358, ""Vulnerability_scanner"": 0.0, ""XSS"": 0.874}","[0.1225, 0.1653, 0.1879, 0.1902, 0.1865, 0.2255, 0.2288, 0.2346, 0.2492, 0.2885, 0.2923, 0.2925, 0.2991, 0.3072, 0.3301, 0.3377, 0.3484, 0.3605, 0.3696, 0.381, 0.3755, 0.3708, 0.3743, 0.3811, 0.3708, 0.404, 0.3842, 0.3889, 0.3954, 0.3984]","[0.5099, 0.5453, 0.2592, 0.2317, 0.2262, 0.3365, 0.2715, 0.3308, 0.2122, 0.2688]",4.6,0,240,0,60,"[0, 0, 0, 0, 0, 0, 0, 0, 0, 0, 0, 0, 0, 0, 0, 0, 0, 0, 0, 0, 0, 0, 0, 0, 0, 0, 0, 0, 0, 0]","[30, 30, 30, 30, 30, 30, 30, 30, 30, 30]",3.5,,,,,,,,,,,,,,,
secure_norm_only,norm_only,,adaptive_tol_f30,0,3,30,0.09528121111037494,0.18853505416960542,0.46814236695149025,0.9463653023824068,0.15868024358590396,0.05778863775198534,0.09193333333333333,"{""Backdoor"": 0.0, ""DDoS_HTTP"": 0.987, ""DDoS_ICMP"": 0.0, ""DDoS_TCP"": 1.0, ""DDoS_UDP"": 0.0, ""Fingerprinting"": 0.0, ""MITM"": 0.0, ""Normal"": 0.841, ""Password"": 0.0, ""Port_Scanning"": 0.0, ""Ransomware"": 0.0, ""SQL_injection"": 0.0, ""Uploading"": 0.0, ""Vulnerability_scanner"": 0.0, ""XSS"": 0.0}","[0.0108, 0.0236, 0.0357, 0.0577, 0.0702, 0.0704, 0.0729, 0.0794, 0.0788, 0.0757, 0.0707, 0.0704, 0.071, 0.0709, 0.0698, 0.07, 0.0807, 0.0886, 0.0693, 0.068, 0.0872, 0.0851, 0.0778, 0.0738, 0.071, 0.0663, 0.0552, 0.091, 0.0895, 0.0953]","[0.5099, 0.5453, 0.2592, 0.2317, 0.2262, 0.3365, 0.2715, 0.3308, 0.2122, 0.2688]",4.6,0,210,0,90,"[0, 0, 0, 0, 0, 0, 0, 0, 0, 0, 0, 0, 0, 0, 0, 0, 0, 0, 0, 0, 0, 0, 0, 0, 0, 0, 0, 0, 0, 0]","[30, 30, 30, 30, 30, 30, 30, 30, 30, 30]",3.5,,,,,,,,,,,,,,,
faithful_root_t-0.3,faithful_root,-0.3,adaptive_tol,0,2,30,0.6568310151705409,0.6664525508386154,0.8282984592612528,1.0,0.0,0.020443901445734065,0.6591333333333333,"{""Backdoor"": 0.444, ""DDoS_HTTP"": 0.731, ""DDoS_ICMP"": 0.996, ""DDoS_TCP"": 0.997, ""DDoS_UDP"": 0.996, ""Fingerprinting"": 0.0, ""MITM"": 0.683, ""Normal"": 1.0, ""Password"": 0.151, ""Port_Scanning"": 0.46, ""Ransomware"": 0.694, ""SQL_injection"": 0.971, ""Uploading"": 0.413, ""Vulnerability_scanner"": 0.813, ""XSS"": 0.647}","[0.1808, 0.2383, 0.3153, 0.3875, 0.4171, 0.4418, 0.4646, 0.4709, 0.4806, 0.4941, 0.5235, 0.5535, 0.5398, 0.5786, 0.5628, 0.5673, 0.5719, 0.584, 0.5777, 0.5711, 0.5631, 0.5819, 0.5803, 0.5921, 0.5782, 0.5724, 0.6485, 0.667, 0.6536, 0.6568]","[0.5099, 0.5453, 0.2592, 0.2317, 0.2262, 0.3365, 0.2715, 0.3308, 0.2122, 0.2688]",5.2,0,240,0,60,"[0, 0, 0, 0, 0, 0, 0, 0, 0, 0, 0, 0, 0, 0, 0, 0, 0, 0, 0, 0, 0, 0, 0, 0, 0, 0, 0, 0, 0, 0]","[30, 30, 30, 30, 30, 30, 30, 30, 30, 30]",3.5,,,,,,,,,,,,,,,
faithful_root_t-0.3,faithful_root,-0.3,adaptive_tol_f30,0,3,30,0.4669974154675828,0.5203721121024958,0.7556572248760905,1.0,0.0,0.05493789452250051,0.46856666666666674,"{""Backdoor"": 0.459, ""DDoS_HTTP"": 0.973, ""DDoS_ICMP"": 0.997, ""DDoS_TCP"": 1.0, ""DDoS_UDP"": 0.0, ""Fingerprinting"": 0.0, ""MITM"": 0.0, ""Normal"": 1.0, ""Password"": 0.075, ""Port_Scanning"": 0.458, ""Ransomware"": 0.778, ""SQL_injection"": 0.257, ""Uploading"": 0.881, ""Vulnerability_scanner"": 0.818, ""XSS"": 0.11}","[0.1201, 0.2382, 0.2881, 0.3082, 0.3208, 0.3403, 0.3621, 0.3685, 0.371, 0.37, 0.3736, 0.3796, 0.3799, 0.3869, 0.3879, 0.3896, 0.3961, 0.4038, 0.4071, 0.4082, 0.4096, 0.4319, 0.4454, 0.4521, 0.4538, 0.452, 0.4598, 0.4731, 0.4656, 0.467]","[0.5099, 0.5453, 0.2592, 0.2317, 0.2262, 0.3365, 0.2715, 0.3308, 0.2122, 0.2688]",7.4,0,210,0,90,"[0, 0, 0, 0, 0, 0, 0, 0, 0, 0, 0, 0, 0, 0, 0, 0, 0, 0, 0, 0, 0, 0, 0, 0, 0, 0, 0, 0, 0, 0]","[30, 30, 30, 30, 30, 30, 30, 30, 30, 30]",3.5,,,,,,,,,,,,,,,
faithful_root_t-0.3_clip,faithful_root,-0.3,adaptive_tol,0,2,30,0.6426270455758415,0.6510613071545137,0.8330081410213281,1.0,0.0,0.0,0.6431,"{""Backdoor"": 0.482, ""DDoS_HTTP"": 0.632, ""DDoS_ICMP"": 0.99, ""DDoS_TCP"": 0.999, ""DDoS_UDP"": 0.997, ""Fingerprinting"": 0.0, ""MITM"": 0.3, ""Normal"": 1.0, ""Password"": 0.104, ""Port_Scanning"": 0.46, ""Ransomware"": 0.815, ""SQL_injection"": 0.982, ""Uploading"": 0.421, ""Vulnerability_scanner"": 0.759, ""XSS"": 0.825}","[0.2792, 0.3384, 0.4382, 0.4812, 0.5045, 0.5233, 0.5336, 0.5471, 0.5622, 0.5675, 0.5782, 0.5907, 0.5944, 0.5998, 0.5975, 0.604, 0.6063, 0.6081, 0.6072, 0.6112, 0.6293, 0.6426, 0.6421, 0.6423, 0.6427, 0.6395, 0.64, 0.6436, 0.6431, 0.6426]","[0.5099, 0.5453, 0.2592, 0.2317, 0.2262, 0.3365, 0.2715, 0.3308, 0.2122, 0.2688]",5.6,2,240,0,60,"[0, 0, 0, 0, 0, 0, 0, 0, 0, 0, 0, 0, 0, 0, 0, 0, 0, 0, 0, 0, 0, 1, 0, 0, 0, 0, 0, 1, 0, 0]","[30, 30, 30, 30, 28, 30, 30, 30, 30, 30]",3.5,1.0,,,,,,,,,,,,,,
faithful_root_t-0.3_clip,faithful_root,-0.3,adaptive_tol_f30,0,3,30,0.5737528115531554,0.6017326014523661,0.8114108860929826,1.0,0.0,0.0,0.5740666666666666,"{""Backdoor"": 0.486, ""DDoS_HTTP"": 0.957, ""DDoS_ICMP"": 0.972, ""DDoS_TCP"": 1.0, ""DDoS_UDP"": 0.993, ""Fingerprinting"": 0.0, ""MITM"": 0.0, ""Normal"": 1.0, ""Password"": 0.088, ""Port_Scanning"": 0.46, ""Ransomware"": 0.86, ""SQL_injection"": 0.465, ""Uploading"": 0.717, ""Vulnerability_scanner"": 0.812, ""XSS"": 0.215}","[0.1627, 0.3561, 0.4447, 0.4618, 0.4855, 0.4762, 0.4782, 0.4869, 0.4805, 0.4815, 0.4931, 0.4944, 0.4856, 0.4943, 0.5014, 0.51, 0.5179, 0.5251, 0.5391, 0.5491, 0.5503, 0.5578, 0.5634, 0.565, 0.5607, 0.5582, 0.5631, 0.5782, 0.5702, 0.5738]","[0.5099, 0.5453, 0.2592, 0.2317, 0.2262, 0.3365, 0.2715, 0.3308, 0.2122, 0.2688]",4.9,0,210,0,90,"[0, 0, 0, 0, 0, 0, 0, 0, 0, 0, 0, 0, 0, 0, 0, 0, 0, 0, 0, 0, 0, 0, 0, 0, 0, 0, 0, 0, 0, 0]","[30, 30, 30, 30, 30, 30, 30, 30, 30, 30]",3.5,1.0,,,,,,,,,,,,,,
faithful_root_t-0.3_clipnoise_z0.5,faithful_root,-0.3,adaptive_tol,0,2,30,0.6818563776761957,0.6979606707299214,0.8369104487653906,0.9999185501934433,0.0,8.144980655670943e-05,0.6488666666666666,"{""Backdoor"": 0.443, ""DDoS_HTTP"": 0.635, ""DDoS_ICMP"": 0.991, ""DDoS_TCP"": 0.997, ""DDoS_UDP"": 0.999, ""Fingerprinting"": 0.0, ""MITM"": 1.0, ""Normal"": 1.0, ""Password"": 0.116, ""Port_Scanning"": 0.54, ""Ransomware"": 0.831, ""SQL_injection"": 0.725, ""Uploading"": 0.594, ""Vulnerability_scanner"": 0.773, ""XSS"": 0.824}","[0.2216, 0.3093, 0.3316, 0.4011, 0.4212, 0.4473, 0.4364, 0.4872, 0.5374, 0.505, 0.5692, 0.5762, 0.5796, 0.5729, 0.5934, 0.5997, 0.6014, 0.5822, 0.5865, 0.5924, 0.5991, 0.6181, 0.6175, 0.6305, 0.6558, 0.6431, 0.6433, 0.6371, 0.6276, 0.6819]","[0.5099, 0.5453, 0.2592, 0.2317, 0.2262, 0.3365, 0.2715, 0.3308, 0.2122, 0.2688]",5.0,0,240,0,60,"[0, 0, 0, 0, 0, 0, 0, 0, 0, 0, 0, 0, 0, 0, 0, 0, 0, 0, 0, 0, 0, 0, 0, 0, 0, 0, 0, 0, 0, 0]","[30, 30, 30, 30, 30, 30, 30, 30, 30, 30]",3.5,1.0,0.5,,112.56537912599764,,,,,,,,,,,
faithful_root_t-0.3_clipnoise_z0.5,faithful_root,-0.3,adaptive_tol_f30,0,3,30,0.5562323493354718,0.592232179405324,0.8048846127968782,0.9992262268377112,0.0,0.0010588474852372225,0.5566666666666666,"{""Backdoor"": 0.445, ""DDoS_HTTP"": 0.956, ""DDoS_ICMP"": 0.982, ""DDoS_TCP"": 0.997, ""DDoS_UDP"": 0.993, ""Fingerprinting"": 0.0, ""MITM"": 0.0, ""Normal"": 1.0, ""Password"": 0.094, ""Port_Scanning"": 0.462, ""Ransomware"": 0.825, ""SQL_injection"": 0.135, ""Uploading"": 0.967, ""Vulnerability_scanner"": 0.796, ""XSS"": 0.231}","[0.1231, 0.234, 0.3347, 0.4103, 0.4021, 0.4247, 0.4481, 0.4451, 0.4817, 0.4644, 0.4705, 0.4965, 0.4891, 0.5307, 0.5045, 0.5244, 0.5103, 0.5544, 0.5885, 0.5699, 0.583, 0.5812, 0.5569, 0.5509, 0.5737, 0.5672, 0.5527, 0.5654, 0.5484, 0.5562]","[0.5099, 0.5453, 0.2592, 0.2317, 0.2262, 0.3365, 0.2715, 0.3308, 0.2122, 0.2688]",6.2,0,210,0,90,"[0, 0, 0, 0, 0, 0, 0, 0, 0, 0, 0, 0, 0, 0, 0, 0, 0, 0, 0, 0, 0, 0, 0, 0, 0, 0, 0, 0, 0, 0]","[30, 30, 30, 30, 30, 30, 30, 30, 30, 30]",3.5,1.0,0.5,,112.56537912599764,,,,,,,,,,,
faithful_root_t-0.3_all_z1.0,faithful_root,-0.3,adaptive_tol,0,2,30,0.590820293481243,0.6096790512424496,0.8167933795330687,1.0,0.0,0.0,0.5753,"{""Backdoor"": 0.449, ""DDoS_HTTP"": 0.731, ""DDoS_ICMP"": 0.989, ""DDoS_TCP"": 1.0, ""DDoS_UDP"": 0.997, ""Fingerprinting"": 0.0, ""MITM"": 0.0, ""Normal"": 1.0, ""Password"": 0.12, ""Port_Scanning"": 0.46, ""Ransomware"": 0.872, ""SQL_injection"": 0.462, ""Uploading"": 0.754, ""Vulnerability_scanner"": 0.656, ""XSS"": 0.654}","[0.1036, 0.2646, 0.2561, 0.3039, 0.3483, 0.359, 0.3936, 0.4136, 0.4783, 0.4418, 0.4917, 0.5007, 0.539, 0.5286, 0.5508, 0.5471, 0.5759, 0.5594, 0.5637, 0.5857, 0.5805, 0.5953, 0.5772, 0.5975, 0.6209, 0.6018, 0.6099, 0.5766, 0.5585, 0.5908]","[0.5099, 0.5453, 0.2592, 0.2317, 0.2262, 0.3365, 0.2715, 0.3308, 0.2122, 0.2688]",9.3,0,240,0,60,"[0, 0, 0, 0, 0, 0, 0, 0, 0, 0, 0, 0, 0, 0, 0, 0, 0, 0, 0, 0, 0, 0, 0, 0, 0, 0, 0, 0, 0, 0]","[30, 30, 30, 30, 30, 30, 30, 30, 30, 30]",3.5,1.0,1.0,3.0,41.285057226388886,,,,,,,,,,,
faithful_root_t-0.3_all_z1.0,faithful_root,-0.3,adaptive_tol_f30,0,3,30,0.5378376594204023,0.5816538474698729,0.797685527820763,0.9999592750967217,0.0,0.0004479739360619019,0.5397333333333333,"{""Backdoor"": 0.465, ""DDoS_HTTP"": 0.907, ""DDoS_ICMP"": 0.965, ""DDoS_TCP"": 1.0, ""DDoS_UDP"": 0.988, ""Fingerprinting"": 0.0, ""MITM"": 0.0, ""Normal"": 1.0, ""Password"": 0.001, ""Port_Scanning"": 0.273, ""Ransomware"": 0.846, ""SQL_injection"": 0.171, ""Uploading"": 0.995, ""Vulnerability_scanner"": 0.799, ""XSS"": 0.313}","[0.0867, 0.1866, 0.2371, 0.2833, 0.3012, 0.3251, 0.3216, 0.3629, 0.3615, 0.3387, 0.3926, 0.4942, 0.4164, 0.4572, 0.4581, 0.5356, 0.5588, 0.5865, 0.579, 0.5544, 0.5609, 0.5796, 0.5573, 0.5513, 0.5755, 0.5421, 0.5533, 0.5546, 0.5268, 0.5378]","[0.5099, 0.5453, 0.2592, 0.2317, 0.2262, 0.3365, 0.2715, 0.3308, 0.2122, 0.2688]",8.6,0,210,0,90,"[0, 0, 0, 0, 0, 0, 0, 0, 0, 0, 0, 0, 0, 0, 0, 0, 0, 0, 0, 0, 0, 0, 0, 0, 0, 0, 0, 0, 0, 0]","[30, 30, 30, 30, 30, 30, 30, 30, 30, 30]",3.5,1.0,1.0,3.0,41.285057226388886,,,,,,,,,,,
fedavg,fedavg,,adaptive_tol,1,2,30,0.322221384354492,0.386248109626581,0.6163627800578618,0.9999185501934433,0.08081261854846761,8.144980655670943e-05,0.32486666666666664,"{""Backdoor"": 0.0, ""DDoS_HTTP"": 0.966, ""DDoS_ICMP"": 0.824, ""DDoS_TCP"": 0.0, ""DDoS_UDP"": 0.465, ""Fingerprinting"": 0.41, ""MITM"": 0.0, ""Normal"": 0.919, ""Password"": 0.096, ""Port_Scanning"": 0.424, ""Ransomware"": 1.0, ""SQL_injection"": 0.0, ""Uploading"": 0.621, ""Vulnerability_scanner"": 0.0, ""XSS"": 0.068}","[0.1757, 0.2276, 0.2935, 0.3174, 0.3234, 0.3821, 0.4082, 0.4209, 0.4384, 0.4341, 0.436, 0.4355, 0.4331, 0.4314, 0.4111, 0.4045, 0.3981, 0.3851, 0.3802, 0.3669, 0.3855, 0.398, 0.3725, 0.3508, 0.3486, 0.3389, 0.338, 0.3301, 0.3223, 0.3222]","[0.4825, 0.3112, 0.4403, 0.4513, 0.3486, 0.5037, 0.3106, 0.2992, 0.3024, 0.4606]",3.3,,,,,[],[],,,,,,,,,,,,,,,,
fedavg,fedavg,,adaptive_tol_f30,1,3,30,0.04604537528094984,0.09460976370510087,0.04543721545672699,1.0,1.0,0.0,0.0329,"{""Backdoor"": 0.0, ""DDoS_HTTP"": 0.0, ""DDoS_ICMP"": 0.0, ""DDoS_TCP"": 0.0, ""DDoS_UDP"": 0.833, ""Fingerprinting"": 0.47, ""MITM"": 0.0, ""Normal"": 0.0, ""Password"": 0.116, ""Port_Scanning"": 0.0, ""Ransomware"": 0.0, ""SQL_injection"": 0.0, ""Uploading"": 0.0, ""Vulnerability_scanner"": 0.0, ""XSS"": 0.0}","[0.0505, 0.0504, 0.0549, 0.0672, 0.019, 0.0199, 0.0198, 0.0198, 0.0198, 0.0198, 0.0197, 0.0197, 0.0197, 0.0197, 0.0197, 0.0201, 0.0143, 0.0141, 0.0139, 0.0134, 0.0136, 0.0071, 0.0044, 0.005, 0.0057, 0.0074, 0.0074, 0.0074, 0.0453, 0.046]","[0.4825, 0.3112, 0.4403, 0.4513, 0.3486, 0.5037, 0.3106, 0.2992, 0.3024, 0.4606]",4.4,,,,,[],[],,,,,,,,,,,,,,,,
trimmed_mean,trimmed,,adaptive_tol,1,2,30,0.6467883423288405,0.6766456131684244,0.8222880082531566,1.0,0.0,0.0,0.6459,"{""Backdoor"": 0.447, ""DDoS_HTTP"": 0.827, ""DDoS_ICMP"": 0.996, ""DDoS_TCP"": 0.997, ""DDoS_UDP"": 0.992, ""Fingerprinting"": 0.0, ""MITM"": 1.0, ""Normal"": 1.0, ""Password"": 0.113, ""Port_Scanning"": 0.444, ""Ransomware"": 0.874, ""SQL_injection"": 0.077, ""Uploading"": 1.0, ""Vulnerability_scanner"": 0.773, ""XSS"": 0.611}","[0.3862, 0.4193, 0.4472, 0.4514, 0.4967, 0.5039, 0.5428, 0.5605, 0.5617, 0.5635, 0.5719, 0.5725, 0.5814, 0.585, 0.6181, 0.6156, 0.6231, 0.6338, 0.6359, 0.6448, 0.6481, 0.6439, 0.6386, 0.6325, 0.6411, 0.6477, 0.638, 0.6445, 0.6464, 0.6468]","[0.4825, 0.3112, 0.4403, 0.4513, 0.3486, 0.5037, 0.3106, 0.2992, 0.3024, 0.4606]",3.4,,,,,[],[],,,,,,,,,,,,,,,,
trimmed_mean,trimmed,,adaptive_tol_f30,1,3,30,0.5658819132895073,0.6145563745380255,0.7805961111484896,1.0,0.0,0.0,0.5724999999999999,"{""Backdoor"": 0.001, ""DDoS_HTTP"": 0.357, ""DDoS_ICMP"": 0.981, ""DDoS_TCP"": 0.996, ""DDoS_UDP"": 0.996, ""Fingerprinting"": 0.0, ""MITM"": 0.996, ""Normal"": 1.0, ""Password"": 0.781, ""Port_Scanning"": 0.238, ""Ransomware"": 0.888, ""SQL_injection"": 0.077, ""Uploading"": 0.578, ""Vulnerability_scanner"": 0.353, ""XSS"": 0.977}","[0.212, 0.3666, 0.3852, 0.3975, 0.3918, 0.4038, 0.441, 0.4727, 0.4741, 0.52, 0.5204, 0.5319, 0.5427, 0.5583, 0.5705, 0.5734, 0.5693, 0.5767, 0.5797, 0.5714, 0.5823, 0.5845, 0.5842, 0.5857, 0.5828, 0.5796, 0.5838, 0.5817, 0.5699, 0.5659]","[0.4825, 0.3112, 0.4403, 0.4513, 0.3486, 0.5037, 0.3106, 0.2992, 0.3024, 0.4606]",3.2,,,,,[],[],,,,,,,,,,,,,,,,
multi_krum,krum,,adaptive_tol,1,2,30,0.6882255533513205,0.6987609065700962,0.8327390163493238,1.0,0.0,0.0,0.6924666666666667,"{""Backdoor"": 0.447, ""DDoS_HTTP"": 0.921, ""DDoS_ICMP"": 0.998, ""DDoS_TCP"": 0.574, ""DDoS_UDP"": 0.986, ""Fingerprinting"": 0.115, ""MITM"": 1.0, ""Normal"": 1.0, ""Password"": 0.116, ""Port_Scanning"": 0.962, ""Ransomware"": 0.907, ""SQL_injection"": 0.437, ""Uploading"": 0.741, ""Vulnerability_scanner"": 0.819, ""XSS"": 0.46}","[0.43, 0.4874, 0.5555, 0.594, 0.664, 0.6777, 0.678, 0.6823, 0.6493, 0.6426, 0.6437, 0.6508, 0.6433, 0.6818, 0.6759, 0.6609, 0.6687, 0.6584, 0.6392, 0.6734, 0.6854, 0.6885, 0.6456, 0.6813, 0.6872, 0.7022, 0.693, 0.7023, 0.6869, 0.6882]","[0.4825, 0.3112, 0.4403, 0.4513, 0.3486, 0.5037, 0.3106, 0.2992, 0.3024, 0.4606]",3.8,30,240,60,60,"[1, 1, 1, 1, 1, 1, 1, 1, 1, 1, 1, 1, 1, 1, 1, 1, 1, 1, 1, 1, 1, 1, 1, 1, 1, 1, 1, 1, 1, 1]","[0, 0, 30, 30, 30, 27, 30, 30, 21, 12]",,,,,,,,,,,,,,,,
multi_krum,krum,,adaptive_tol_f30,1,3,30,0.6756710218743489,0.691395013331686,0.8265042947812241,1.0,0.0,0.0,0.6870666666666666,"{""Backdoor"": 0.447, ""DDoS_HTTP"": 0.63, ""DDoS_ICMP"": 0.992, ""DDoS_TCP"": 0.996, ""DDoS_UDP"": 0.997, ""Fingerprinting"": 0.14, ""MITM"": 1.0, ""Normal"": 1.0, ""Password"": 0.164, ""Port_Scanning"": 0.444, ""Ransomware"": 0.884, ""SQL_injection"": 0.138, ""Uploading"": 0.943, ""Vulnerability_scanner"": 0.814, ""XSS"": 0.783}","[0.3787, 0.5069, 0.5518, 0.5927, 0.6086, 0.615, 0.6538, 0.6629, 0.6714, 0.6496, 0.6495, 0.6574, 0.671, 0.6756, 0.6797, 0.6749, 0.6565, 0.6594, 0.6534, 0.6766, 0.6931, 0.6702, 0.6603, 0.7014, 0.6828, 0.6713, 0.6999, 0.6851, 0.7004, 0.6757]","[0.4825, 0.3112, 0.4403, 0.4513, 0.3486, 0.5037, 0.3106, 0.2992, 0.3024, 0.4606]",3.3,0,210,90,90,"[0, 0, 0, 0, 0, 0, 0, 0, 0, 0, 0, 0, 0, 0, 0, 0, 0, 0, 0, 0, 0, 0, 0, 0, 0, 0, 0, 0, 0, 0]","[0, 0, 0, 30, 30, 30, 30, 30, 30, 30]",,,,,,,,,,,,,,,,
secure_norm_only,norm_only,,adaptive_tol,1,2,30,0.3210478764914642,0.37614233438961325,0.6142322097378277,0.9999185501934433,0.07681940700808626,8.144980655670943e-05,0.3259,"{""Backdoor"": 0.0, ""DDoS_HTTP"": 0.968, ""DDoS_ICMP"": 0.84, ""DDoS_TCP"": 0.0, ""DDoS_UDP"": 0.474, ""Fingerprinting"": 0.335, ""MITM"": 0.0, ""Normal"": 0.923, ""Password"": 0.0, ""Port_Scanning"": 0.416, ""Ransomware"": 1.0, ""SQL_injection"": 0.006, ""Uploading"": 0.611, ""Vulnerability_scanner"": 0.0, ""XSS"": 0.069}","[0.1757, 0.2276, 0.2935, 0.3174, 0.3235, 0.3821, 0.4081, 0.4206, 0.4386, 0.4342, 0.4359, 0.4354, 0.4331, 0.4314, 0.4111, 0.4045, 0.3981, 0.3849, 0.3802, 0.3634, 0.3785, 0.403, 0.3925, 0.3481, 0.3854, 0.3375, 0.3266, 0.3185, 0.3382, 0.321]","[0.4825, 0.3112, 0.4403, 0.4513, 0.3486, 0.5037, 0.3106, 0.2992, 0.3024, 0.4606]",5.7,0,240,0,60,"[0, 0, 0, 0, 0, 0, 0, 0, 0, 0, 0, 0, 0, 0, 0, 0, 0, 0, 0, 0, 0, 0, 0, 0, 0, 0, 0, 0, 0, 0]","[30, 30, 30, 30, 30, 30, 30, 30, 30, 30]",3.5,,,,,,,,,,,,,,,
secure_norm_only,norm_only,,adaptive_tol_f30,1,3,30,0.04466051611075454,0.08738209752839012,0.05182892641682926,1.0,1.0,0.0,0.04463333333333333,"{""Backdoor"": 0.0, ""DDoS_HTTP"": 0.0, ""DDoS_ICMP"": 0.0, ""DDoS_TCP"": 0.0, ""DDoS_UDP"": 1.0, ""Fingerprinting"": 0.195, ""MITM"": 0.0, ""Normal"": 0.0, ""Password"": 0.116, ""Port_Scanning"": 0.0, ""Ransomware"": 0.0, ""SQL_injection"": 0.0, ""Uploading"": 0.0, ""Vulnerability_scanner"": 0.0, ""XSS"": 0.0}","[0.0505, 0.0504, 0.0549, 0.0672, 0.019, 0.0199, 0.0198, 0.0198, 0.0198, 0.0198, 0.0197, 0.0197, 0.0197, 0.0197, 0.0197, 0.0201, 0.0152, 0.0142, 0.0046, 0.0058, 0.007, 0.0032, 0.0074, 0.0073, 0.0075, 0.0477, 0.0463, 0.0447, 0.0445, 0.0447]","[0.4825, 0.3112, 0.4403, 0.4513, 0.3486, 0.5037, 0.3106, 0.2992, 0.3024, 0.4606]",6.4,0,210,0,90,"[0, 0, 0, 0, 0, 0, 0, 0, 0, 0, 0, 0, 0, 0, 0, 0, 0, 0, 0, 0, 0, 0, 0, 0, 0, 0, 0, 0, 0, 0]","[30, 30, 30, 30, 30, 30, 30, 30, 30, 30]",3.5,,,,,,,,,,,,,,,
faithful_root_t-0.3,faithful_root,-0.3,adaptive_tol,1,2,30,0.6462137337164574,0.6680564862084643,0.8120388436609927,1.0,0.0,0.0,0.633,"{""Backdoor"": 0.0, ""DDoS_HTTP"": 0.709, ""DDoS_ICMP"": 0.998, ""DDoS_TCP"": 1.0, ""DDoS_UDP"": 0.986, ""Fingerprinting"": 0.115, ""MITM"": 1.0, ""Normal"": 1.0, ""Password"": 0.449, ""Port_Scanning"": 0.444, ""Ransomware"": 0.944, ""SQL_injection"": 0.277, ""Uploading"": 0.676, ""Vulnerability_scanner"": 0.622, ""XSS"": 0.802}","[0.2972, 0.3765, 0.4283, 0.4681, 0.5364, 0.5413, 0.5531, 0.5652, 0.5792, 0.5685, 0.5775, 0.594, 0.5753, 0.5836, 0.5774, 0.5938, 0.5971, 0.5875, 0.5875, 0.6053, 0.636, 0.6272, 0.6278, 0.6126, 0.6278, 0.6137, 0.6244, 0.6214, 0.6314, 0.6462]","[0.4825, 0.3112, 0.4403, 0.4513, 0.3486, 0.5037, 0.3106, 0.2992, 0.3024, 0.4606]",5.7,0,240,0,60,"[0, 0, 0, 0, 0, 0, 0, 0, 0, 0, 0, 0, 0, 0, 0, 0, 0, 0, 0, 0, 0, 0, 0, 0, 0, 0, 0, 0, 0, 0]","[30, 30, 30, 30, 30, 30, 30, 30, 30, 30]",3.5,,,,,,,,,,,,,,,
faithful_root_t-0.3,faithful_root,-0.3,adaptive_tol_f30,1,3,30,0.5806878268485434,0.6227083999072539,0.7804839758684877,1.0,0.0,0.02142129912441458,0.5868333333333333,"{""Backdoor"": 0.0, ""DDoS_HTTP"": 0.901, ""DDoS_ICMP"": 0.991, ""DDoS_TCP"": 1.0, ""DDoS_UDP"": 0.995, ""Fingerprinting"": 0.18, ""MITM"": 0.959, ""Normal"": 1.0, ""Password"": 0.967, ""Port_Scanning"": 0.444, ""Ransomware"": 0.874, ""SQL_injection"": 0.01, ""Uploading"": 0.446, ""Vulnerability_scanner"": 0.315, ""XSS"": 0.259}","[0.2082, 0.292, 0.297, 0.302, 0.3294, 0.3427, 0.386, 0.4131, 0.4513, 0.4762, 0.4866, 0.4834, 0.5239, 0.5289, 0.5341, 0.5358, 0.5276, 0.5058, 0.5227, 0.5326, 0.5525, 0.5987, 0.5985, 0.5962, 0.5848, 0.5801, 0.5902, 0.5949, 0.5849, 0.5807]","[0.4825, 0.3112, 0.4403, 0.4513, 0.3486, 0.5037, 0.3106, 0.2992, 0.3024, 0.4606]",5.3,0,210,0,90,"[0, 0, 0, 0, 0, 0, 0, 0, 0, 0, 0, 0, 0, 0, 0, 0, 0, 0, 0, 0, 0, 0, 0, 0, 0, 0, 0, 0, 0, 0]","[30, 30, 30, 30, 30, 30, 30, 30, 30, 30]",3.5,,,,,,,,,,,,,,,
faithful_root_t-0.3_clip,faithful_root,-0.3,adaptive_tol,1,2,30,0.6837699073702157,0.6910970542891461,0.8274910852452398,1.0,0.0,0.0,0.6790333333333333,"{""Backdoor"": 0.447, ""DDoS_HTTP"": 0.798, ""DDoS_ICMP"": 0.996, ""DDoS_TCP"": 0.996, ""DDoS_UDP"": 0.993, ""Fingerprinting"": 0.115, ""MITM"": 1.0, ""Normal"": 1.0, ""Password"": 0.205, ""Port_Scanning"": 0.524, ""Ransomware"": 0.834, ""SQL_injection"": 0.33, ""Uploading"": 0.784, ""Vulnerability_scanner"": 0.773, ""XSS"": 0.571}","[0.4011, 0.4174, 0.46, 0.4796, 0.4982, 0.5103, 0.5775, 0.5781, 0.5935, 0.5898, 0.5825, 0.6198, 0.6362, 0.6491, 0.6446, 0.6548, 0.662, 0.6445, 0.6393, 0.6565, 0.6743, 0.6714, 0.6573, 0.6603, 0.6795, 0.6685, 0.6826, 0.6765, 0.6768, 0.6838]","[0.4825, 0.3112, 0.4403, 0.4513, 0.3486, 0.5037, 0.3106, 0.2992, 0.3024, 0.4606]",5.4,0,240,0,60,"[0, 0, 0, 0, 0, 0, 0, 0, 0, 0, 0, 0, 0, 0, 0, 0, 0, 0, 0, 0, 0, 0, 0, 0, 0, 0, 0, 0, 0, 0]","[30, 30, 30, 30, 30, 30, 30, 30, 30, 30]",3.5,1.0,,,,,,,,,,,,,,
faithful_root_t-0.3_clip,faithful_root,-0.3,adaptive_tol_f30,1,3,30,0.6767284725036172,0.6918720346489811,0.8278050640292449,1.0,0.0,0.0003257992262268377,0.6758666666666667,"{""Backdoor"": 0.447, ""DDoS_HTTP"": 0.655, ""DDoS_ICMP"": 0.983, ""DDoS_TCP"": 0.996, ""DDoS_UDP"": 0.996, ""Fingerprinting"": 0.115, ""MITM"": 1.0, ""Normal"": 1.0, ""Password"": 0.967, ""Port_Scanning"": 0.444, ""Ransomware"": 0.874, ""SQL_injection"": 0.077, ""Uploading"": 0.461, ""Vulnerability_scanner"": 0.796, ""XSS"": 0.568}","[0.2588, 0.3681, 0.3977, 0.4178, 0.4319, 0.4544, 0.488, 0.5043, 0.5177, 0.5169, 0.5174, 0.53, 0.5494, 0.6063, 0.6408, 0.6526, 0.6564, 0.6546, 0.6543, 0.6717, 0.6685, 0.6683, 0.6717, 0.6692, 0.6702, 0.6695, 0.6739, 0.675, 0.6759, 0.6767]","[0.4825, 0.3112, 0.4403, 0.4513, 0.3486, 0.5037, 0.3106, 0.2992, 0.3024, 0.4606]",6.5,0,210,0,90,"[0, 0, 0, 0, 0, 0, 0, 0, 0, 0, 0, 0, 0, 0, 0, 0, 0, 0, 0, 0, 0, 0, 0, 0, 0, 0, 0, 0, 0, 0]","[30, 30, 30, 30, 30, 30, 30, 30, 30, 30]",3.5,1.0,,,,,,,,,,,,,,
faithful_root_t-0.3_clipnoise_z0.5,faithful_root,-0.3,adaptive_tol,1,2,30,0.6686714813833508,0.6836488007734135,0.8264818677252237,1.0,0.0,0.03225412339645693,0.6688666666666667,"{""Backdoor"": 0.447, ""DDoS_HTTP"": 0.669, ""DDoS_ICMP"": 0.997, ""DDoS_TCP"": 1.0, ""DDoS_UDP"": 0.997, ""Fingerprinting"": 0.015, ""MITM"": 1.0, ""Normal"": 1.0, ""Password"": 0.161, ""Port_Scanning"": 0.444, ""Ransomware"": 0.874, ""SQL_injection"": 0.331, ""Uploading"": 0.814, ""Vulnerability_scanner"": 0.718, ""XSS"": 0.788}","[0.2289, 0.33, 0.3669, 0.4239, 0.4329, 0.5453, 0.5246, 0.5561, 0.5532, 0.6172, 0.6149, 0.6239, 0.6113, 0.6136, 0.6163, 0.625, 0.6171, 0.594, 0.5917, 0.6293, 0.6546, 0.6686, 0.6607, 0.6682, 0.664, 0.6798, 0.6618, 0.6781, 0.6598, 0.6687]","[0.4825, 0.3112, 0.4403, 0.4513, 0.3486, 0.5037, 0.3106, 0.2992, 0.3024, 0.4606]",5.9,0,240,0,60,"[0, 0, 0, 0, 0, 0, 0, 0, 0, 0, 0, 0, 0, 0, 0, 0, 0, 0, 0, 0, 0, 0, 0, 0, 0, 0, 0, 0, 0, 0]","[30, 30, 30, 30, 30, 30, 30, 30, 30, 30]",3.5,1.0,0.5,,112.56537912599764,,,,,,,,,,,
faithful_root_t-0.3_clipnoise_z0.5,faithful_root,-0.3,adaptive_tol_f30,1,3,30,0.6522233377081573,0.6661176384961085,0.811119334364978,1.0,0.0,0.10739156994502139,0.6511666666666667,"{""Backdoor"": 0.447, ""DDoS_HTTP"": 0.24, ""DDoS_ICMP"": 0.99, ""DDoS_TCP"": 1.0, ""DDoS_UDP"": 0.998, ""Fingerprinting"": 0.115, ""MITM"": 0.979, ""Normal"": 1.0, ""Password"": 0.373, ""Port_Scanning"": 0.444, ""Ransomware"": 0.879, ""SQL_injection"": 0.154, ""Uploading"": 0.795, ""Vulnerability_scanner"": 0.719, ""XSS"": 0.86}","[0.1828, 0.2751, 0.2943, 0.3804, 0.399, 0.4195, 0.4232, 0.4867, 0.4994, 0.5378, 0.5248, 0.5387, 0.5331, 0.5657, 0.5795, 0.5914, 0.5983, 0.5561, 0.5267, 0.608, 0.6152, 0.6104, 0.6081, 0.6417, 0.6395, 0.6482, 0.6387, 0.651, 0.6503, 0.6522]","[0.4825, 0.3112, 0.4403, 0.4513, 0.3486, 0.5037, 0.3106, 0.2992, 0.3024, 0.4606]",5.5,0,210,0,90,"[0, 0, 0, 0, 0, 0, 0, 0, 0, 0, 0, 0, 0, 0, 0, 0, 0, 0, 0, 0, 0, 0, 0, 0, 0, 0, 0, 0, 0, 0]","[30, 30, 30, 30, 30, 30, 30, 30, 30, 30]",3.5,1.0,0.5,,112.56537912599764,,,,,,,,,,,
faithful_root_t-0.3_all_z1.0,faithful_root,-0.3,adaptive_tol,1,2,30,0.6578488802114975,0.6753361702452841,0.8214133530691426,1.0,0.0,0.0035430665852168603,0.6455000000000001,"{""Backdoor"": 0.447, ""DDoS_HTTP"": 0.679, ""DDoS_ICMP"": 0.998, ""DDoS_TCP"": 1.0, ""DDoS_UDP"": 0.998, ""Fingerprinting"": 0.0, ""MITM"": 1.0, ""Normal"": 1.0, ""Password"": 0.161, ""Port_Scanning"": 0.444, ""Ransomware"": 0.874, ""SQL_injection"": 0.272, ""Uploading"": 0.851, ""Vulnerability_scanner"": 0.766, ""XSS"": 0.641}","[0.161, 0.2982, 0.3413, 0.389, 0.4244, 0.4551, 0.4796, 0.535, 0.5282, 0.5514, 0.5291, 0.5442, 0.5759, 0.5829, 0.5846, 0.5994, 0.6019, 0.5799, 0.5895, 0.6144, 0.6494, 0.6503, 0.6165, 0.6532, 0.6514, 0.6319, 0.6374, 0.6315, 0.6472, 0.6578]","[0.4825, 0.3112, 0.4403, 0.4513, 0.3486, 0.5037, 0.3106, 0.2992, 0.3024, 0.4606]",7.2,0,240,0,60,"[0, 0, 0, 0, 0, 0, 0, 0, 0, 0, 0, 0, 0, 0, 0, 0, 0, 0, 0, 0, 0, 0, 0, 0, 0, 0, 0, 0, 0, 0]","[30, 30, 30, 30, 30, 30, 30, 30, 30, 30]",3.5,1.0,1.0,3.0,41.285057226388886,,,,,,,,,,,
faithful_root_t-0.3_all_z1.0,faithful_root,-0.3,adaptive_tol_f30,1,3,30,0.4896788136338542,0.53364086472573,0.7633721321402139,0.9833027896558746,0.0,0.040969252698024844,0.4875,"{""Backdoor"": 0.122, ""DDoS_HTTP"": 0.0, ""DDoS_ICMP"": 0.996, ""DDoS_TCP"": 0.815, ""DDoS_UDP"": 1.0, ""Fingerprinting"": 0.0, ""MITM"": 0.041, ""Normal"": 1.0, ""Password"": 0.27, ""Port_Scanning"": 0.43, ""Ransomware"": 0.881, ""SQL_injection"": 0.145, ""Uploading"": 0.871, ""Vulnerability_scanner"": 0.683, ""XSS"": 0.75}","[0.1346, 0.2001, 0.2426, 0.2977, 0.369, 0.3118, 0.33, 0.4728, 0.492, 0.4869, 0.4809, 0.4541, 0.463, 0.4611, 0.4828, 0.5031, 0.5036, 0.4696, 0.4492, 0.4638, 0.4958, 0.4982, 0.5068, 0.4905, 0.5073, 0.484, 0.4452, 0.4485, 0.5243, 0.4897]","[0.4825, 0.3112, 0.4403, 0.4513, 0.3486, 0.5037, 0.3106, 0.2992, 0.3024, 0.4606]",5.9,0,210,0,90,"[0, 0, 0, 0, 0, 0, 0, 0, 0, 0, 0, 0, 0, 0, 0, 0, 0, 0, 0, 0, 0, 0, 0, 0, 0, 0, 0, 0, 0, 0]","[30, 30, 30, 30, 30, 30, 30, 30, 30, 30]",3.5,1.0,1.0,3.0,41.285057226388886,,,,,,,,,,,
fedavg,fedavg,,adaptive_tol,2,2,30,0.2811596128888077,0.34151486174885254,0.6280921303460495,1.0,0.0021463512029549765,0.001995520260639381,0.3056333333333333,"{""Backdoor"": 0.0, ""DDoS_HTTP"": 0.0, ""DDoS_ICMP"": 0.661, ""DDoS_TCP"": 0.0, ""DDoS_UDP"": 0.817, ""Fingerprinting"": 0.0, ""MITM"": 0.165, ""Normal"": 0.998, ""Password"": 0.126, ""Port_Scanning"": 0.0, ""Ransomware"": 0.999, ""SQL_injection"": 1.0, ""Uploading"": 0.041, ""Vulnerability_scanner"": 0.0, ""XSS"": 0.316}","[0.1604, 0.2002, 0.2509, 0.245, 0.2446, 0.2455, 0.2522, 0.2603, 0.2626, 0.2669, 0.284, 0.3055, 0.3064, 0.311, 0.3144, 0.3169, 0.306, 0.3093, 0.3103, 0.3156, 0.3139, 0.3155, 0.3296, 0.3193, 0.3305, 0.3216, 0.3219, 0.3216, 0.3141, 0.2812]","[0.385, 0.4152, 0.4512, 0.3514, 0.2368, 0.3788, 0.2891, 0.5623, 0.2, 0.4003]",3.3,,,,,[],[],,,,,,,,,,,,,,,,
fedavg,fedavg,,adaptive_tol_f30,2,3,30,0.11253460651403394,0.167548390537874,0.40550359954248805,1.0,0.27643006888289906,0.0,0.11336666666666667,"{""Backdoor"": 1.0, ""DDoS_HTTP"": 0.0, ""DDoS_ICMP"": 0.0, ""DDoS_TCP"": 0.0, ""DDoS_UDP"": 0.0, ""Fingerprinting"": 0.0, ""MITM"": 0.0, ""Normal"": 0.724, ""Password"": 0.0, ""Port_Scanning"": 0.0, ""Ransomware"": 0.0, ""SQL_injection"": 0.315, ""Uploading"": 0.0, ""Vulnerability_scanner"": 0.0, ""XSS"": 0.474}","[0.0558, 0.108, 0.1465, 0.1549, 0.1531, 0.0987, 0.0602, 0.0512, 0.0496, 0.04, 0.0447, 0.0382, 0.0278, 0.0282, 0.0284, 0.0273, 0.0276, 0.0273, 0.0282, 0.0433, 0.0537, 0.0601, 0.0604, 0.0602, 0.06, 0.0352, 0.0509, 0.1125, 0.1151, 0.1125]","[0.385, 0.4152, 0.4512, 0.3514, 0.2368, 0.3788, 0.2891, 0.5623, 0.2, 0.4003]",2.8,,,,,[],[],,,,,,,,,,,,,,,,
trimmed_mean,trimmed,,adaptive_tol,2,2,30,0.6648696132769819,0.6824285165076371,0.8261678889412187,0.9999592750967217,0.0,0.0,0.6638666666666667,"{""Backdoor"": 0.458, ""DDoS_HTTP"": 0.851, ""DDoS_ICMP"": 0.978, ""DDoS_TCP"": 0.584, ""DDoS_UDP"": 0.993, ""Fingerprinting"": 0.0, ""MITM"": 1.0, ""Normal"": 1.0, ""Password"": 0.98, ""Port_Scanning"": 0.822, ""Ransomware"": 0.9, ""SQL_injection"": 0.161, ""Uploading"": 0.408, ""Vulnerability_scanner"": 0.794, ""XSS"": 0.308}","[0.2204, 0.3363, 0.4352, 0.4849, 0.5332, 0.5635, 0.5826, 0.5989, 0.6007, 0.6028, 0.602, 0.6481, 0.6371, 0.6369, 0.6506, 0.6478, 0.6455, 0.6429, 0.6402, 0.6495, 0.6509, 0.6503, 0.6515, 0.6532, 0.6499, 0.6535, 0.6515, 0.6633, 0.6634, 0.6649]","[0.385, 0.4152, 0.4512, 0.3514, 0.2368, 0.3788, 0.2891, 0.5623, 0.2, 0.4003]",3.0,,,,,[],[],,,,,,,,,,,,,,,,
trimmed_mean,trimmed,,adaptive_tol_f30,2,3,30,0.5436323521357008,0.6081825934046693,0.7757294399964116,1.0,0.0,0.0,0.5431,"{""Backdoor"": 0.458, ""DDoS_HTTP"": 0.001, ""DDoS_ICMP"": 0.985, ""DDoS_TCP"": 0.0, ""DDoS_UDP"": 0.993, ""Fingerprinting"": 0.0, ""MITM"": 1.0, ""Normal"": 1.0, ""Password"": 0.996, ""Port_Scanning"": 0.88, ""Ransomware"": 0.884, ""SQL_injection"": 0.083, ""Uploading"": 0.129, ""Vulnerability_scanner"": 0.775, ""XSS"": 0.937}","[0.2253, 0.3297, 0.3994, 0.4163, 0.4165, 0.4234, 0.4441, 0.4417, 0.4527, 0.4552, 0.4565, 0.457, 0.5007, 0.5214, 0.5212, 0.5211, 0.5245, 0.5286, 0.5307, 0.532, 0.5343, 0.5369, 0.5366, 0.5408, 0.5464, 0.5425, 0.541, 0.5413, 0.5444, 0.5436]","[0.385, 0.4152, 0.4512, 0.3514, 0.2368, 0.3788, 0.2891, 0.5623, 0.2, 0.4003]",2.5,,,,,[],[],,,,,,,,,,,,,,,,
multi_krum,krum,,adaptive_tol,2,2,30,0.6794104197001045,0.6961252675017362,0.835497544237368,1.0,0.0,0.0,0.6910000000000002,"{""Backdoor"": 0.461, ""DDoS_HTTP"": 0.934, ""DDoS_ICMP"": 0.994, ""DDoS_TCP"": 0.564, ""DDoS_UDP"": 0.999, ""Fingerprinting"": 0.0, ""MITM"": 1.0, ""Normal"": 1.0, ""Password"": 0.973, ""Port_Scanning"": 0.879, ""Ransomware"": 0.884, ""SQL_injection"": 0.172, ""Uploading"": 0.408, ""Vulnerability_scanner"": 0.798, ""XSS"": 0.377}","[0.3823, 0.4778, 0.5361, 0.5861, 0.5927, 0.6088, 0.659, 0.6606, 0.6613, 0.6624, 0.6704, 0.6807, 0.6695, 0.6802, 0.6884, 0.682, 0.691, 0.6936, 0.6944, 0.6966, 0.6965, 0.6996, 0.6952, 0.6735, 0.7001, 0.6958, 0.6965, 0.6971, 0.6965, 0.6794]","[0.385, 0.4152, 0.4512, 0.3514, 0.2368, 0.3788, 0.2891, 0.5623, 0.2, 0.4003]",2.7,30,240,60,60,"[1, 1, 1, 1, 1, 1, 1, 1, 1, 1, 1, 1, 1, 1, 1, 1, 1, 1, 1, 1, 1, 1, 1, 1, 1, 1, 1, 1, 1, 1]","[0, 0, 2, 30, 30, 30, 30, 30, 30, 28]",,,,,,,,,,,,,,,,
multi_krum,krum,,adaptive_tol_f30,2,3,30,0.6967776439912795,0.7092402531326442,0.8442665231335083,1.0,0.0,0.0,0.6968333333333333,"{""Backdoor"": 0.519, ""DDoS_HTTP"": 0.614, ""DDoS_ICMP"": 0.995, ""DDoS_TCP"": 0.564, ""DDoS_UDP"": 0.999, ""Fingerprinting"": 0.0, ""MITM"": 1.0, ""Normal"": 1.0, ""Password"": 0.979, ""Port_Scanning"": 0.879, ""Ransomware"": 0.883, ""SQL_injection"": 0.167, ""Uploading"": 0.408, ""Vulnerability_scanner"": 0.777, ""XSS"": 0.855}","[0.3823, 0.4778, 0.5361, 0.5861, 0.5927, 0.6088, 0.659, 0.6606, 0.6613, 0.6624, 0.6704, 0.6807, 0.6695, 0.6802, 0.6884, 0.682, 0.691, 0.6936, 0.6944, 0.6966, 0.6965, 0.6996, 0.6952, 0.6993, 0.6993, 0.6956, 0.6966, 0.6972, 0.6965, 0.6968]","[0.385, 0.4152, 0.4512, 0.3514, 0.2368, 0.3788, 0.2891, 0.5623, 0.2, 0.4003]",2.9,0,210,90,90,"[0, 0, 0, 0, 0, 0, 0, 0, 0, 0, 0, 0, 0, 0, 0, 0, 0, 0, 0, 0, 0, 0, 0, 0, 0, 0, 0, 0, 0, 0]","[0, 0, 0, 30, 30, 30, 30, 30, 30, 30]",,,,,,,,,,,,,,,,
secure_norm_only,norm_only,,adaptive_tol,2,2,30,0.28273345458912685,0.34045211821068044,0.6273520374980376,1.0,0.0021463512029549765,0.00016289961311341885,0.3075666666666667,"{""Backdoor"": 0.0, ""DDoS_HTTP"": 0.0, ""DDoS_ICMP"": 0.659, ""DDoS_TCP"": 0.0, ""DDoS_UDP"": 0.815, ""Fingerprinting"": 0.0, ""MITM"": 0.165, ""Normal"": 0.998, ""Password"": 0.135, ""Port_Scanning"": 0.0, ""Ransomware"": 0.999, ""SQL_injection"": 1.0, ""Uploading"": 0.065, ""Vulnerability_scanner"": 0.0, ""XSS"": 0.271}","[0.1604, 0.2002, 0.2509, 0.245, 0.2446, 0.2455, 0.2522, 0.2603, 0.2626, 0.267, 0.285, 0.3055, 0.306, 0.3101, 0.3129, 0.3186, 0.3069, 0.3103, 0.3115, 0.3163, 0.3144, 0.3159, 0.3322, 0.32, 0.333, 0.3247, 0.3239, 0.3246, 0.3154, 0.2827]","[0.385, 0.4152, 0.4512, 0.3514, 0.2368, 0.3788, 0.2891, 0.5623, 0.2, 0.4003]",5.5,0,240,0,60,"[0, 0, 0, 0, 0, 0, 0, 0, 0, 0, 0, 0, 0, 0, 0, 0, 0, 0, 0, 0, 0, 0, 0, 0, 0, 0, 0, 0, 0, 0]","[30, 30, 30, 30, 30, 30, 30, 30, 30, 30]",3.5,,,,,,,,,,,,,,,
secure_norm_only,norm_only,,adaptive_tol_f30,2,3,30,0.09108965263198025,0.15281248414102172,0.3494135324855906,1.0,0.29325147249675554,0.0,0.08583333333333333,"{""Backdoor"": 0.0, ""DDoS_HTTP"": 0.0, ""DDoS_ICMP"": 0.0, ""DDoS_TCP"": 0.0, ""DDoS_UDP"": 0.0, ""Fingerprinting"": 0.0, ""MITM"": 1.0, ""Normal"": 0.707, ""Password"": 0.112, ""Port_Scanning"": 0.0, ""Ransomware"": 0.0, ""SQL_injection"": 0.0, ""Uploading"": 0.0, ""Vulnerability_scanner"": 0.0, ""XSS"": 0.473}","[0.0558, 0.108, 0.1464, 0.1549, 0.1531, 0.0988, 0.0602, 0.0515, 0.0491, 0.0399, 0.0498, 0.0464, 0.046, 0.0409, 0.0438, 0.0294, 0.0297, 0.0364, 0.037, 0.0366, 0.0401, 0.0315, 0.0488, 0.05, 0.0542, 0.0502, 0.0497, 0.0788, 0.0876, 0.0911]","[0.385, 0.4152, 0.4512, 0.3514, 0.2368, 0.3788, 0.2891, 0.5623, 0.2, 0.4003]",6.6,0,210,0,90,"[0, 0, 0, 0, 0, 0, 0, 0, 0, 0, 0, 0, 0, 0, 0, 0, 0, 0, 0, 0, 0, 0, 0, 0, 0, 0, 0, 0, 0, 0]","[30, 30, 30, 30, 30, 30, 30, 30, 30, 30]",3.5,,,,,,,,,,,,,,,
faithful_root_t-0.3,faithful_root,-0.3,adaptive_tol,2,2,30,0.6038008014571383,0.6286500171470667,0.7898584852766377,1.0,0.0,0.0,0.6056666666666667,"{""Backdoor"": 0.467, ""DDoS_HTTP"": 0.518, ""DDoS_ICMP"": 0.998, ""DDoS_TCP"": 0.0, ""DDoS_UDP"": 0.997, ""Fingerprinting"": 0.0, ""MITM"": 1.0, ""Normal"": 1.0, ""Password"": 0.237, ""Port_Scanning"": 0.429, ""Ransomware"": 0.915, ""SQL_injection"": 0.888, ""Uploading"": 0.425, ""Vulnerability_scanner"": 0.784, ""XSS"": 0.771}","[0.2532, 0.2769, 0.3697, 0.4097, 0.4355, 0.4723, 0.5508, 0.5648, 0.5673, 0.5748, 0.5798, 0.5761, 0.583, 0.5877, 0.5929, 0.5881, 0.5826, 0.5982, 0.6045, 0.5929, 0.6002, 0.6062, 0.5978, 0.599, 0.6026, 0.6062, 0.6087, 0.6106, 0.6026, 0.6038]","[0.385, 0.4152, 0.4512, 0.3514, 0.2368, 0.3788, 0.2891, 0.5623, 0.2, 0.4003]",5.5,0,240,0,60,"[0, 0, 0, 0, 0, 0, 0, 0, 0, 0, 0, 0, 0, 0, 0, 0, 0, 0, 0, 0, 0, 0, 0, 0, 0, 0, 0, 0, 0, 0]","[30, 30, 30, 30, 30, 30, 30, 30, 30, 30]",3.5,,,,,,,,,,,,,,,
faithful_root_t-0.3,faithful_root,-0.3,adaptive_tol_f30,2,3,30,0.5388279542515857,0.6069186954099501,0.7752136177084035,0.9974343310934637,0.0,0.003950315618000407,0.5394666666666666,"{""Backdoor"": 0.459, ""DDoS_HTTP"": 0.0, ""DDoS_ICMP"": 0.996, ""DDoS_TCP"": 0.0, ""DDoS_UDP"": 0.975, ""Fingerprinting"": 0.0, ""MITM"": 1.0, ""Normal"": 1.0, ""Password"": 0.169, ""Port_Scanning"": 0.866, ""Ransomware"": 0.96, ""SQL_injection"": 0.976, ""Uploading"": 0.0, ""Vulnerability_scanner"": 0.77, ""XSS"": 0.933}","[0.2479, 0.2968, 0.4097, 0.4334, 0.4582, 0.459, 0.4701, 0.4628, 0.5119, 0.521, 0.5288, 0.524, 0.5276, 0.5313, 0.5303, 0.5363, 0.5332, 0.5256, 0.5467, 0.5385, 0.5366, 0.5435, 0.5321, 0.5393, 0.5338, 0.529, 0.5375, 0.5407, 0.5389, 0.5388]","[0.385, 0.4152, 0.4512, 0.3514, 0.2368, 0.3788, 0.2891, 0.5623, 0.2, 0.4003]",5.6,0,210,0,90,"[0, 0, 0, 0, 0, 0, 0, 0, 0, 0, 0, 0, 0, 0, 0, 0, 0, 0, 0, 0, 0, 0, 0, 0, 0, 0, 0, 0, 0, 0]","[30, 30, 30, 30, 30, 30, 30, 30, 30, 30]",3.5,,,,,,,,,,,,,,,
faithful_root_t-0.3_clip,faithful_root,-0.3,adaptive_tol,2,2,30,0.688096563016637,0.7011025709944221,0.8387943214694207,1.0,0.0,0.0,0.6876000000000001,"{""Backdoor"": 0.459, ""DDoS_HTTP"": 0.676, ""DDoS_ICMP"": 0.996, ""DDoS_TCP"": 0.559, ""DDoS_UDP"": 0.996, ""Fingerprinting"": 0.0, ""MITM"": 1.0, ""Normal"": 1.0, ""Password"": 0.979, ""Port_Scanning"": 0.879, ""Ransomware"": 0.884, ""SQL_injection"": 0.167, ""Uploading"": 0.408, ""Vulnerability_scanner"": 0.78, ""XSS"": 0.734}","[0.2445, 0.434, 0.4632, 0.4884, 0.533, 0.5362, 0.5361, 0.5448, 0.5864, 0.638, 0.652, 0.6581, 0.6586, 0.6622, 0.6677, 0.6693, 0.6714, 0.6761, 0.6749, 0.6792, 0.68, 0.6834, 0.6858, 0.6838, 0.6819, 0.6832, 0.6848, 0.6864, 0.6883, 0.6881]","[0.385, 0.4152, 0.4512, 0.3514, 0.2368, 0.3788, 0.2891, 0.5623, 0.2, 0.4003]",6.1,0,240,0,60,"[0, 0, 0, 0, 0, 0, 0, 0, 0, 0, 0, 0, 0, 0, 0, 0, 0, 0, 0, 0, 0, 0, 0, 0, 0, 0, 0, 0, 0, 0]","[30, 30, 30, 30, 30, 30, 30, 30, 30, 30]",3.5,1.0,,,,,,,,,,,,,,
faithful_root_t-0.3_clip,faithful_root,-0.3,adaptive_tol_f30,2,3,30,0.6183159658819581,0.6517612229407345,0.8054228621408868,1.0,0.0,0.0,0.6078666666666667,"{""Backdoor"": 0.463, ""DDoS_HTTP"": 0.486, ""DDoS_ICMP"": 0.997, ""DDoS_TCP"": 0.103, ""DDoS_UDP"": 0.999, ""Fingerprinting"": 0.0, ""MITM"": 1.0, ""Normal"": 1.0, ""Password"": 0.98, ""Port_Scanning"": 0.879, ""Ransomware"": 0.884, ""SQL_injection"": 0.167, ""Uploading"": 0.168, ""Vulnerability_scanner"": 0.778, ""XSS"": 0.872}","[0.2348, 0.3966, 0.4381, 0.4538, 0.4609, 0.4667, 0.4729, 0.4798, 0.5254, 0.5334, 0.5445, 0.5457, 0.5467, 0.5529, 0.5624, 0.5709, 0.5787, 0.5745, 0.58, 0.5708, 0.5807, 0.5779, 0.5813, 0.5947, 0.608, 0.6017, 0.6008, 0.6031, 0.6022, 0.6183]","[0.385, 0.4152, 0.4512, 0.3514, 0.2368, 0.3788, 0.2891, 0.5623, 0.2, 0.4003]",5.9,0,210,0,90,"[0, 0, 0, 0, 0, 0, 0, 0, 0, 0, 0, 0, 0, 0, 0, 0, 0, 0, 0, 0, 0, 0, 0, 0, 0, 0, 0, 0, 0, 0]","[30, 30, 30, 30, 30, 30, 30, 30, 30, 30]",3.5,1.0,,,,,,,,,,,,,,
faithful_root_t-0.3_clipnoise_z0.5,faithful_root,-0.3,adaptive_tol,2,2,30,0.6761149961388909,0.6886212162081136,0.8304066025252865,1.0,0.0,0.0975768682549379,0.6772333333333332,"{""Backdoor"": 0.461, ""DDoS_HTTP"": 0.802, ""DDoS_ICMP"": 0.996, ""DDoS_TCP"": 0.38, ""DDoS_UDP"": 0.999, ""Fingerprinting"": 0.0, ""MITM"": 1.0, ""Normal"": 1.0, ""Password"": 0.91, ""Port_Scanning"": 0.88, ""Ransomware"": 0.884, ""SQL_injection"": 0.233, ""Uploading"": 0.408, ""Vulnerability_scanner"": 0.773, ""XSS"": 0.604}","[0.2274, 0.3151, 0.3342, 0.4066, 0.4772, 0.4855, 0.5128, 0.5206, 0.5404, 0.5576, 0.6069, 0.5874, 0.5921, 0.6099, 0.6258, 0.5999, 0.6012, 0.6437, 0.6274, 0.6597, 0.6601, 0.6341, 0.6319, 0.6481, 0.6405, 0.6476, 0.6518, 0.6672, 0.6884, 0.6761]","[0.385, 0.4152, 0.4512, 0.3514, 0.2368, 0.3788, 0.2891, 0.5623, 0.2, 0.4003]",5.6,0,240,0,60,"[0, 0, 0, 0, 0, 0, 0, 0, 0, 0, 0, 0, 0, 0, 0, 0, 0, 0, 0, 0, 0, 0, 0, 0, 0, 0, 0, 0, 0, 0]","[30, 30, 30, 30, 30, 30, 30, 30, 30, 30]",3.5,1.0,0.5,,112.56537912599764,,,,,,,,,,,
faithful_root_t-0.3_clipnoise_z0.5,faithful_root,-0.3,adaptive_tol_f30,2,3,30,0.658958741555633,0.6767847551030761,0.8224225705891588,1.0,0.0,0.07481164732233761,0.6626666666666666,"{""Backdoor"": 0.461, ""DDoS_HTTP"": 0.611, ""DDoS_ICMP"": 0.996, ""DDoS_TCP"": 0.318, ""DDoS_UDP"": 0.999, ""Fingerprinting"": 0.0, ""MITM"": 1.0, ""Normal"": 1.0, ""Password"": 0.922, ""Port_Scanning"": 0.88, ""Ransomware"": 0.884, ""SQL_injection"": 0.231, ""Uploading"": 0.226, ""Vulnerability_scanner"": 0.772, ""XSS"": 0.853}","[0.2047, 0.3199, 0.3645, 0.384, 0.4314, 0.4605, 0.472, 0.5225, 0.531, 0.5353, 0.5402, 0.5314, 0.5309, 0.5219, 0.5517, 0.5591, 0.5706, 0.5578, 0.5306, 0.5847, 0.612, 0.6063, 0.5974, 0.611, 0.6134, 0.6128, 0.6123, 0.6627, 0.6663, 0.659]","[0.385, 0.4152, 0.4512, 0.3514, 0.2368, 0.3788, 0.2891, 0.5623, 0.2, 0.4003]",5.8,0,210,0,90,"[0, 0, 0, 0, 0, 0, 0, 0, 0, 0, 0, 0, 0, 0, 0, 0, 0, 0, 0, 0, 0, 0, 0, 0, 0, 0, 0, 0, 0, 0]","[30, 30, 30, 30, 30, 30, 30, 30, 30, 30]",3.5,1.0,0.5,,112.56537912599764,,,,,,,,,,,
faithful_root_t-0.3_all_z1.0,faithful_root,-0.3,adaptive_tol,2,2,30,0.6713105437220357,0.6836972960685349,0.8274013770212384,1.0,0.0,0.05913255956017104,0.6740666666666666,"{""Backdoor"": 0.462, ""DDoS_HTTP"": 0.757, ""DDoS_ICMP"": 0.998, ""DDoS_TCP"": 0.564, ""DDoS_UDP"": 0.998, ""Fingerprinting"": 0.0, ""MITM"": 1.0, ""Normal"": 1.0, ""Password"": 0.168, ""Port_Scanning"": 0.88, ""Ransomware"": 0.884, ""SQL_injection"": 0.813, ""Uploading"": 0.298, ""Vulnerability_scanner"": 0.784, ""XSS"": 0.65}","[0.1732, 0.273, 0.3276, 0.3735, 0.3732, 0.4766, 0.4577, 0.4857, 0.5459, 0.5704, 0.571, 0.5781, 0.5984, 0.5765, 0.5782, 0.5869, 0.635, 0.6176, 0.6318, 0.5908, 0.6834, 0.67, 0.6643, 0.6736, 0.671, 0.6807, 0.6798, 0.6753, 0.6756, 0.6713]","[0.385, 0.4152, 0.4512, 0.3514, 0.2368, 0.3788, 0.2891, 0.5623, 0.2, 0.4003]",5.7,0,240,0,60,"[0, 0, 0, 0, 0, 0, 0, 0, 0, 0, 0, 0, 0, 0, 0, 0, 0, 0, 0, 0, 0, 0, 0, 0, 0, 0, 0, 0, 0, 0]","[30, 30, 30, 30, 30, 30, 30, 30, 30, 30]",3.5,1.0,1.0,3.0,41.285057226388886,,,,,,,,,,,
faithful_root_t-0.3_all_z1.0,faithful_root,-0.3,adaptive_tol_f30,2,3,30,0.6633875721333236,0.6775830582355304,0.8231626634371706,1.0,0.0,0.00916310323762981,0.6554666666666666,"{""Backdoor"": 0.469, ""DDoS_HTTP"": 0.502, ""DDoS_ICMP"": 0.992, ""DDoS_TCP"": 0.445, ""DDoS_UDP"": 0.999, ""Fingerprinting"": 0.0, ""MITM"": 1.0, ""Normal"": 1.0, ""Password"": 0.249, ""Port_Scanning"": 0.879, ""Ransomware"": 0.884, ""SQL_injection"": 0.906, ""Uploading"": 0.244, ""Vulnerability_scanner"": 0.778, ""XSS"": 0.817}","[0.1532, 0.2349, 0.31, 0.3308, 0.353, 0.4236, 0.4196, 0.4503, 0.5113, 0.5224, 0.5233, 0.4999, 0.4878, 0.4825, 0.4964, 0.5103, 0.5392, 0.5554, 0.5549, 0.5555, 0.6159, 0.5963, 0.5675, 0.6061, 0.6137, 0.6199, 0.6194, 0.6553, 0.6477, 0.6634]","[0.385, 0.4152, 0.4512, 0.3514, 0.2368, 0.3788, 0.2891, 0.5623, 0.2, 0.4003]",6.5,0,210,0,90,"[0, 0, 0, 0, 0, 0, 0, 0, 0, 0, 0, 0, 0, 0, 0, 0, 0, 0, 0, 0, 0, 0, 0, 0, 0, 0, 0, 0, 0, 0]","[30, 30, 30, 30, 30, 30, 30, 30, 30, 30]",3.5,1.0,1.0,3.0,41.285057226388886,,,,,,,,,,,
fedavg,fedavg,,adaptive_tol,3,2,30,0.3614617926740254,0.4569083996050214,0.6893404202830294,1.0,0.016821403613856444,0.0003257992262268377,0.38423333333333337,"{""Backdoor"": 0.94, ""DDoS_HTTP"": 0.105, ""DDoS_ICMP"": 0.0, ""DDoS_TCP"": 0.826, ""DDoS_UDP"": 0.824, ""Fingerprinting"": 0.425, ""MITM"": 0.0, ""Normal"": 0.983, ""Password"": 1.0, ""Port_Scanning"": 0.621, ""Ransomware"": 0.179, ""SQL_injection"": 0.0, ""Uploading"": 0.0, ""Vulnerability_scanner"": 0.0, ""XSS"": 0.95}","[0.0744, 0.1461, 0.2049, 0.2419, 0.255, 0.2965, 0.3206, 0.3548, 0.3803, 0.3918, 0.3942, 0.3956, 0.391, 0.3939, 0.4049, 0.4197, 0.4423, 0.4941, 0.4487, 0.4687, 0.4562, 0.4401, 0.3843, 0.4246, 0.3719, 0.3893, 0.4411, 0.4365, 0.3547, 0.3615]","[0.2407, 0.3169, 0.3264, 0.4163, 0.2467, 0.2125, 0.2614, 0.311, 0.6478, 0.565]",3.1,,,,,[],[],,,,,,,,,,,,,,,,
fedavg,fedavg,,adaptive_tol_f30,3,3,30,0.04326342016934794,0.15601322827103686,0.10572114198569153,1.0,1.0,0.0,0.04306666666666667,"{""Backdoor"": 0.0, ""DDoS_HTTP"": 0.0, ""DDoS_ICMP"": 0.0, ""DDoS_TCP"": 0.011, ""DDoS_UDP"": 1.0, ""Fingerprinting"": 0.0, ""MITM"": 0.0, ""Normal"": 0.0, ""Password"": 0.951, ""Port_Scanning"": 0.001, ""Ransomware"": 0.0, ""SQL_injection"": 0.0, ""Uploading"": 0.0, ""Vulnerability_scanner"": 0.377, ""XSS"": 0.0}","[0.0327, 0.0696, 0.0763, 0.0623, 0.0613, 0.0626, 0.0613, 0.0561, 0.0503, 0.0472, 0.0463, 0.0437, 0.0414, 0.039, 0.0387, 0.0382, 0.0379, 0.0378, 0.0377, 0.0376, 0.0376, 0.0373, 0.0373, 0.0374, 0.0397, 0.0421, 0.042, 0.0424, 0.0435, 0.0433]","[0.2407, 0.3169, 0.3264, 0.4163, 0.2467, 0.2125, 0.2614, 0.311, 0.6478, 0.565]",5.7,,,,,[],[],,,,,,,,,,,,,,,,
trimmed_mean,trimmed,,adaptive_tol,3,2,30,0.6749426079231228,0.6932518990682313,0.8380542286214089,1.0,0.0,0.0,0.6735333333333333,"{""Backdoor"": 0.937, ""DDoS_HTTP"": 0.626, ""DDoS_ICMP"": 0.942, ""DDoS_TCP"": 0.866, ""DDoS_UDP"": 0.996, ""Fingerprinting"": 0.0, ""MITM"": 0.885, ""Normal"": 1.0, ""Password"": 0.969, ""Port_Scanning"": 0.661, ""Ransomware"": 0.381, ""SQL_injection"": 0.075, ""Uploading"": 0.436, ""Vulnerability_scanner"": 0.772, ""XSS"": 0.854}","[0.279, 0.4115, 0.4835, 0.5282, 0.55, 0.5468, 0.5479, 0.5531, 0.5845, 0.5874, 0.5867, 0.5918, 0.5961, 0.5993, 0.6017, 0.6021, 0.6055, 0.6526, 0.6562, 0.6544, 0.6585, 0.664, 0.6652, 0.669, 0.6661, 0.6696, 0.6652, 0.6728, 0.6729, 0.6749]","[0.2407, 0.3169, 0.3264, 0.4163, 0.2467, 0.2125, 0.2614, 0.311, 0.6478, 0.565]",3.8,,,,,[],[],,,,,,,,,,,,,,,,
trimmed_mean,trimmed,,adaptive_tol_f30,3,3,30,0.6034779744067872,0.6275052753707084,0.8286348651012582,1.0,0.0,0.0,0.6074999999999999,"{""Backdoor"": 0.914, ""DDoS_HTTP"": 0.563, ""DDoS_ICMP"": 0.894, ""DDoS_TCP"": 0.601, ""DDoS_UDP"": 1.0, ""Fingerprinting"": 0.0, ""MITM"": 0.0, ""Normal"": 1.0, ""Password"": 0.996, ""Port_Scanning"": 0.965, ""Ransomware"": 0.381, ""SQL_injection"": 0.075, ""Uploading"": 0.383, ""Vulnerability_scanner"": 0.832, ""XSS"": 0.809}","[0.237, 0.4072, 0.45, 0.5169, 0.5593, 0.5645, 0.5705, 0.5773, 0.5855, 0.5819, 0.5859, 0.5882, 0.5917, 0.5934, 0.5938, 0.5825, 0.5928, 0.5952, 0.5918, 0.5952, 0.5977, 0.5907, 0.5908, 0.5913, 0.5912, 0.6013, 0.5984, 0.61, 0.609, 0.6035]","[0.2407, 0.3169, 0.3264, 0.4163, 0.2467, 0.2125, 0.2614, 0.311, 0.6478, 0.565]",4.0,,,,,[],[],,,,,,,,,,,,,,,,
multi_krum,krum,,adaptive_tol,3,2,30,0.689214218796137,0.7085190766883649,0.8290161250532643,1.0,0.0,0.0,0.7002666666666667,"{""Backdoor"": 0.934, ""DDoS_HTTP"": 0.648, ""DDoS_ICMP"": 0.983, ""DDoS_TCP"": 0.691, ""DDoS_UDP"": 0.995, ""Fingerprinting"": 0.365, ""MITM"": 1.0, ""Normal"": 1.0, ""Password"": 0.105, ""Port_Scanning"": 0.886, ""Ransomware"": 0.381, ""SQL_injection"": 0.079, ""Uploading"": 0.997, ""Vulnerability_scanner"": 0.792, ""XSS"": 0.772}","[0.3704, 0.45, 0.5761, 0.5899, 0.6072, 0.6043, 0.6368, 0.6857, 0.6779, 0.6826, 0.6847, 0.6831, 0.6819, 0.6849, 0.6855, 0.6878, 0.686, 0.6878, 0.6914, 0.6897, 0.6913, 0.6917, 0.695, 0.6982, 0.6954, 0.7009, 0.7028, 0.7051, 0.7065, 0.6892]","[0.2407, 0.3169, 0.3264, 0.4163, 0.2467, 0.2125, 0.2614, 0.311, 0.6478, 0.565]",3.1,31,240,59,60,"[1, 1, 1, 1, 1, 1, 1, 1, 1, 1, 1, 1, 1, 1, 1, 1, 1, 1, 1, 1, 1, 1, 1, 1, 1, 1, 1, 1, 1, 2]","[0, 1, 29, 30, 30, 30, 30, 29, 1, 30]",,,,,,,,,,,,,,,,
multi_krum,krum,,adaptive_tol_f30,3,3,30,0.7131978661879684,0.7182379549719922,0.839870820157438,1.0,0.0,0.0,0.7181666666666667,"{""Backdoor"": 0.438, ""DDoS_HTTP"": 0.626, ""DDoS_ICMP"": 0.98, ""DDoS_TCP"": 0.792, ""DDoS_UDP"": 0.996, ""Fingerprinting"": 0.375, ""MITM"": 0.881, ""Normal"": 1.0, ""Password"": 0.966, ""Port_Scanning"": 0.759, ""Ransomware"": 0.841, ""SQL_injection"": 0.079, ""Uploading"": 0.441, ""Vulnerability_scanner"": 0.808, ""XSS"": 0.791}","[0.3656, 0.5029, 0.5867, 0.5843, 0.6039, 0.6088, 0.6108, 0.6147, 0.6141, 0.6139, 0.616, 0.6179, 0.6188, 0.6186, 0.6198, 0.6132, 0.6189, 0.6382, 0.6441, 0.6447, 0.6452, 0.6962, 0.7023, 0.7034, 0.6996, 0.7018, 0.7178, 0.7199, 0.7214, 0.7132]","[0.2407, 0.3169, 0.3264, 0.4163, 0.2467, 0.2125, 0.2614, 0.311, 0.6478, 0.565]",2.6,2,210,88,90,"[0, 0, 0, 0, 0, 0, 0, 0, 0, 0, 0, 0, 0, 0, 0, 0, 0, 0, 0, 0, 0, 0, 0, 0, 0, 0, 1, 0, 0, 1]","[0, 0, 2, 30, 30, 30, 30, 30, 28, 30]",,,,,,,,,,,,,,,,
secure_norm_only,norm_only,,adaptive_tol,3,2,30,0.4324420160198457,0.5336002226206318,0.7368184978357891,1.0,0.015573525007487272,4.0724903278354713e-05,0.43026666666666663,"{""Backdoor"": 0.965, ""DDoS_HTTP"": 0.989, ""DDoS_ICMP"": 0.0, ""DDoS_TCP"": 0.709, ""DDoS_UDP"": 0.929, ""Fingerprinting"": 0.545, ""MITM"": 0.0, ""Normal"": 0.984, ""Password"": 1.0, ""Port_Scanning"": 0.801, ""Ransomware"": 0.235, ""SQL_injection"": 0.0, ""Uploading"": 0.0, ""Vulnerability_scanner"": 0.809, ""XSS"": 0.038}","[0.0744, 0.1461, 0.205, 0.2419, 0.255, 0.2964, 0.3205, 0.3548, 0.3803, 0.3916, 0.3948, 0.3961, 0.391, 0.3938, 0.4042, 0.4169, 0.4693, 0.5233, 0.4876, 0.46, 0.4583, 0.4555, 0.4192, 0.3883, 0.3265, 0.5115, 0.4421, 0.448, 0.4104, 0.4324]","[0.2407, 0.3169, 0.3264, 0.4163, 0.2467, 0.2125, 0.2614, 0.311, 0.6478, 0.565]",5.1,0,240,0,60,"[0, 0, 0, 0, 0, 0, 0, 0, 0, 0, 0, 0, 0, 0, 0, 0, 0, 0, 0, 0, 0, 0, 0, 0, 0, 0, 0, 0, 0, 0]","[30, 30, 30, 30, 30, 30, 30, 30, 30, 30]",3.5,,,,,,,,,,,,,,,
secure_norm_only,norm_only,,adaptive_tol_f30,3,3,30,0.041228310689483606,0.15127174749680583,0.10253650003364058,1.0,1.0,0.0,0.041299999999999996,"{""Backdoor"": 0.0, ""DDoS_HTTP"": 0.0, ""DDoS_ICMP"": 0.0, ""DDoS_TCP"": 0.009, ""DDoS_UDP"": 1.0, ""Fingerprinting"": 0.0, ""MITM"": 0.0, ""Normal"": 0.0, ""Password"": 0.884, ""Port_Scanning"": 0.0, ""Ransomware"": 0.0, ""SQL_injection"": 0.0, ""Uploading"": 0.0, ""Vulnerability_scanner"": 0.376, ""XSS"": 0.0}","[0.0327, 0.0696, 0.0763, 0.0623, 0.0613, 0.0626, 0.0613, 0.0561, 0.0503, 0.0471, 0.0463, 0.0444, 0.0414, 0.039, 0.0383, 0.038, 0.0377, 0.0373, 0.0373, 0.0372, 0.0371, 0.0369, 0.0369, 0.0369, 0.0388, 0.0397, 0.0403, 0.041, 0.0417, 0.0412]","[0.2407, 0.3169, 0.3264, 0.4163, 0.2467, 0.2125, 0.2614, 0.311, 0.6478, 0.565]",5.6,0,210,0,90,"[0, 0, 0, 0, 0, 0, 0, 0, 0, 0, 0, 0, 0, 0, 0, 0, 0, 0, 0, 0, 0, 0, 0, 0, 0, 0, 0, 0, 0, 0]","[30, 30, 30, 30, 30, 30, 30, 30, 30, 30]",3.5,,,,,,,,,,,,,,,
faithful_root_t-0.3,faithful_root,-0.3,adaptive_tol,3,2,30,0.667267742513234,0.7029753171474081,0.8221085918051537,1.0,0.0,0.0,0.6664333333333333,"{""Backdoor"": 0.934, ""DDoS_HTTP"": 0.548, ""DDoS_ICMP"": 0.623, ""DDoS_TCP"": 0.684, ""DDoS_UDP"": 1.0, ""Fingerprinting"": 0.44, ""MITM"": 1.0, ""Normal"": 1.0, ""Password"": 0.938, ""Port_Scanning"": 0.866, ""Ransomware"": 0.381, ""SQL_injection"": 0.0, ""Uploading"": 0.469, ""Vulnerability_scanner"": 0.788, ""XSS"": 0.874}","[0.1666, 0.3901, 0.4113, 0.4926, 0.5062, 0.5074, 0.5723, 0.5668, 0.566, 0.57, 0.571, 0.5876, 0.5943, 0.6026, 0.6051, 0.6069, 0.6021, 0.6029, 0.608, 0.6158, 0.6224, 0.6323, 0.6447, 0.6474, 0.6523, 0.6461, 0.6572, 0.6648, 0.6672, 0.6673]","[0.2407, 0.3169, 0.3264, 0.4163, 0.2467, 0.2125, 0.2614, 0.311, 0.6478, 0.565]",7.5,0,240,0,60,"[0, 0, 0, 0, 0, 0, 0, 0, 0, 0, 0, 0, 0, 0, 0, 0, 0, 0, 0, 0, 0, 0, 0, 0, 0, 0, 0, 0, 0, 0]","[30, 30, 30, 30, 30, 30, 30, 30, 30, 30]",3.5,,,,,,,,,,,,,,,
faithful_root_t-0.3,faithful_root,-0.3,adaptive_tol_f30,3,3,30,0.5998035347659231,0.6364702227594502,0.8165466819170647,1.0,0.0,0.0,0.5983333333333333,"{""Backdoor"": 0.934, ""DDoS_HTTP"": 0.547, ""DDoS_ICMP"": 0.591, ""DDoS_TCP"": 0.667, ""DDoS_UDP"": 1.0, ""Fingerprinting"": 0.445, ""MITM"": 0.0, ""Normal"": 1.0, ""Password"": 0.939, ""Port_Scanning"": 0.881, ""Ransomware"": 0.41, ""SQL_injection"": 0.0, ""Uploading"": 0.469, ""Vulnerability_scanner"": 0.789, ""XSS"": 0.875}","[0.1748, 0.2943, 0.4363, 0.4515, 0.4565, 0.4757, 0.5169, 0.5133, 0.5085, 0.514, 0.5004, 0.5207, 0.5076, 0.511, 0.5195, 0.5339, 0.5349, 0.5296, 0.5457, 0.5425, 0.5411, 0.5387, 0.5426, 0.5639, 0.5852, 0.5912, 0.5925, 0.5961, 0.5991, 0.5998]","[0.2407, 0.3169, 0.3264, 0.4163, 0.2467, 0.2125, 0.2614, 0.311, 0.6478, 0.565]",6.3,1,210,0,90,"[0, 0, 0, 0, 0, 0, 0, 0, 0, 0, 0, 0, 0, 0, 0, 0, 0, 0, 0, 0, 0, 0, 0, 0, 0, 0, 0, 0, 1, 0]","[30, 30, 30, 30, 30, 30, 30, 29, 30, 30]",3.5,,,,,,,,,,,,,,,
faithful_root_t-0.3_clip,faithful_root,-0.3,adaptive_tol,3,2,30,0.6727685233571886,0.7002112166959406,0.8382112180134114,1.0,0.0,0.0,0.6727333333333334,"{""Backdoor"": 0.934, ""DDoS_HTTP"": 0.626, ""DDoS_ICMP"": 0.965, ""DDoS_TCP"": 0.605, ""DDoS_UDP"": 0.999, ""Fingerprinting"": 0.0, ""MITM"": 1.0, ""Normal"": 1.0, ""Password"": 0.938, ""Port_Scanning"": 0.965, ""Ransomware"": 0.381, ""SQL_injection"": 0.0, ""Uploading"": 0.469, ""Vulnerability_scanner"": 0.767, ""XSS"": 0.854}","[0.27, 0.4109, 0.5073, 0.5636, 0.5853, 0.591, 0.5968, 0.599, 0.5972, 0.6024, 0.6573, 0.6664, 0.6669, 0.6681, 0.6692, 0.669, 0.6729, 0.6711, 0.673, 0.6732, 0.6743, 0.6739, 0.6727, 0.6717, 0.6724, 0.6733, 0.6715, 0.6724, 0.673, 0.6728]","[0.2407, 0.3169, 0.3264, 0.4163, 0.2467, 0.2125, 0.2614, 0.311, 0.6478, 0.565]",6.1,0,240,0,60,"[0, 0, 0, 0, 0, 0, 0, 0, 0, 0, 0, 0, 0, 0, 0, 0, 0, 0, 0, 0, 0, 0, 0, 0, 0, 0, 0, 0, 0, 0]","[30, 30, 30, 30, 30, 30, 30, 30, 30, 30]",3.5,1.0,,,,,,,,,,,,,,
faithful_root_t-0.3_clip,faithful_root,-0.3,adaptive_tol_f30,3,3,30,0.6153833055004476,0.6378521164376486,0.8305860189732894,1.0,0.0,0.0,0.6096,"{""Backdoor"": 0.915, ""DDoS_HTTP"": 0.583, ""DDoS_ICMP"": 0.955, ""DDoS_TCP"": 0.605, ""DDoS_UDP"": 1.0, ""Fingerprinting"": 0.125, ""MITM"": 0.0, ""Normal"": 1.0, ""Password"": 0.939, ""Port_Scanning"": 0.965, ""Ransomware"": 0.381, ""SQL_injection"": 0.0, ""Uploading"": 0.469, ""Vulnerability_scanner"": 0.768, ""XSS"": 0.865}","[0.2569, 0.4011, 0.4772, 0.5309, 0.5628, 0.5763, 0.5876, 0.5943, 0.5923, 0.5979, 0.5954, 0.5959, 0.5961, 0.5952, 0.5943, 0.5942, 0.5933, 0.5933, 0.5975, 0.5965, 0.6001, 0.5973, 0.5979, 0.5987, 0.5986, 0.5991, 0.5998, 0.6069, 0.6065, 0.6154]","[0.2407, 0.3169, 0.3264, 0.4163, 0.2467, 0.2125, 0.2614, 0.311, 0.6478, 0.565]",7.3,0,210,0,90,"[0, 0, 0, 0, 0, 0, 0, 0, 0, 0, 0, 0, 0, 0, 0, 0, 0, 0, 0, 0, 0, 0, 0, 0, 0, 0, 0, 0, 0, 0]","[30, 30, 30, 30, 30, 30, 30, 30, 30, 30]",3.5,1.0,,,,,,,,,,,,,,
faithful_root_t-0.3_clipnoise_z0.5,faithful_root,-0.3,adaptive_tol,3,2,30,0.6754878824914344,0.6929643357324721,0.8398483931014376,1.0,0.0,0.0,0.6746333333333333,"{""Backdoor"": 0.935, ""DDoS_HTTP"": 0.645, ""DDoS_ICMP"": 0.954, ""DDoS_TCP"": 0.601, ""DDoS_UDP"": 0.996, ""Fingerprinting"": 0.0, ""MITM"": 0.835, ""Normal"": 1.0, ""Password"": 0.963, ""Port_Scanning"": 0.965, ""Ransomware"": 0.381, ""SQL_injection"": 0.079, ""Uploading"": 0.441, ""Vulnerability_scanner"": 0.762, ""XSS"": 0.836}","[0.1978, 0.4138, 0.408, 0.464, 0.5342, 0.5583, 0.5695, 0.5532, 0.5913, 0.5808, 0.5935, 0.5962, 0.5916, 0.5977, 0.6033, 0.6013, 0.6528, 0.6243, 0.6285, 0.6681, 0.6759, 0.671, 0.674, 0.6734, 0.6619, 0.671, 0.6818, 0.6737, 0.6747, 0.6755]","[0.2407, 0.3169, 0.3264, 0.4163, 0.2467, 0.2125, 0.2614, 0.311, 0.6478, 0.565]",5.2,0,240,0,60,"[0, 0, 0, 0, 0, 0, 0, 0, 0, 0, 0, 0, 0, 0, 0, 0, 0, 0, 0, 0, 0, 0, 0, 0, 0, 0, 0, 0, 0, 0]","[30, 30, 30, 30, 30, 30, 30, 30, 30, 30]",3.5,1.0,0.5,,112.56537912599764,,,,,,,,,,,
faithful_root_t-0.3_clipnoise_z0.5,faithful_root,-0.3,adaptive_tol_f30,3,3,30,0.646180286657873,0.663556787222718,0.8374038439973984,1.0,0.0,0.0,0.6436999999999999,"{""Backdoor"": 0.913, ""DDoS_HTTP"": 0.626, ""DDoS_ICMP"": 0.902, ""DDoS_TCP"": 0.601, ""DDoS_UDP"": 0.999, ""Fingerprinting"": 0.385, ""MITM"": 0.0, ""Normal"": 1.0, ""Password"": 0.972, ""Port_Scanning"": 0.965, ""Ransomware"": 0.465, ""SQL_injection"": 0.079, ""Uploading"": 0.424, ""Vulnerability_scanner"": 0.767, ""XSS"": 0.855}","[0.1224, 0.3433, 0.3828, 0.4196, 0.432, 0.4893, 0.5473, 0.5355, 0.57, 0.5892, 0.5896, 0.6019, 0.5935, 0.6016, 0.6024, 0.6141, 0.6022, 0.6101, 0.6157, 0.6158, 0.6141, 0.6146, 0.6161, 0.6418, 0.623, 0.6353, 0.6505, 0.6365, 0.6484, 0.6462]","[0.2407, 0.3169, 0.3264, 0.4163, 0.2467, 0.2125, 0.2614, 0.311, 0.6478, 0.565]",5.4,0,210,0,90,"[0, 0, 0, 0, 0, 0, 0, 0, 0, 0, 0, 0, 0, 0, 0, 0, 0, 0, 0, 0, 0, 0, 0, 0, 0, 0, 0, 0, 0, 0]","[30, 30, 30, 30, 30, 30, 30, 30, 30, 30]",3.5,1.0,0.5,,112.56537912599764,,,,,,,,,,,
faithful_root_t-0.3_all_z1.0,faithful_root,-0.3,adaptive_tol,3,2,30,0.5932425429669643,0.6185381744139646,0.8224898517571598,1.0,0.0,0.0,0.6103,"{""Backdoor"": 0.883, ""DDoS_HTTP"": 0.42, ""DDoS_ICMP"": 0.881, ""DDoS_TCP"": 0.935, ""DDoS_UDP"": 0.999, ""Fingerprinting"": 0.0, ""MITM"": 0.0, ""Normal"": 1.0, ""Password"": 0.969, ""Port_Scanning"": 0.584, ""Ransomware"": 0.456, ""SQL_injection"": 0.061, ""Uploading"": 0.427, ""Vulnerability_scanner"": 0.762, ""XSS"": 0.901}","[0.155, 0.335, 0.3504, 0.4339, 0.4718, 0.4925, 0.5251, 0.4891, 0.5611, 0.5325, 0.5366, 0.548, 0.5772, 0.5922, 0.6113, 0.6059, 0.6046, 0.5889, 0.5922, 0.6036, 0.6061, 0.6093, 0.6131, 0.5848, 0.5858, 0.6141, 0.6211, 0.6172, 0.6205, 0.5932]","[0.2407, 0.3169, 0.3264, 0.4163, 0.2467, 0.2125, 0.2614, 0.311, 0.6478, 0.565]",6.5,0,240,0,60,"[0, 0, 0, 0, 0, 0, 0, 0, 0, 0, 0, 0, 0, 0, 0, 0, 0, 0, 0, 0, 0, 0, 0, 0, 0, 0, 0, 0, 0, 0]","[30, 30, 30, 30, 30, 30, 30, 30, 30, 30]",3.5,1.0,1.0,3.0,41.285057226388886,,,,,,,,,,,
faithful_root_t-0.3_all_z1.0,faithful_root,-0.3,adaptive_tol_f30,3,3,30,0.5915156709482593,0.6159801616032129,0.8207853955011326,0.9984524536754226,0.0,0.0017511708409692526,0.6013666666666667,"{""Backdoor"": 0.584, ""DDoS_HTTP"": 0.525, ""DDoS_ICMP"": 0.827, ""DDoS_TCP"": 0.992, ""DDoS_UDP"": 1.0, ""Fingerprinting"": 0.0, ""MITM"": 0.0, ""Normal"": 1.0, ""Password"": 0.975, ""Port_Scanning"": 0.525, ""Ransomware"": 0.738, ""SQL_injection"": 0.034, ""Uploading"": 0.415, ""Vulnerability_scanner"": 0.766, ""XSS"": 0.859}","[0.084, 0.2923, 0.3378, 0.3828, 0.4366, 0.471, 0.5002, 0.4949, 0.5405, 0.4748, 0.5218, 0.5834, 0.5677, 0.5802, 0.6079, 0.6141, 0.6201, 0.5984, 0.5907, 0.6102, 0.5991, 0.5982, 0.604, 0.5812, 0.5698, 0.5765, 0.6247, 0.5949, 0.6177, 0.5915]","[0.2407, 0.3169, 0.3264, 0.4163, 0.2467, 0.2125, 0.2614, 0.311, 0.6478, 0.565]",6.5,0,210,0,90,"[0, 0, 0, 0, 0, 0, 0, 0, 0, 0, 0, 0, 0, 0, 0, 0, 0, 0, 0, 0, 0, 0, 0, 0, 0, 0, 0, 0, 0, 0]","[30, 30, 30, 30, 30, 30, 30, 30, 30, 30]",3.5,1.0,1.0,3.0,41.285057226388886,,,,,,,,,,,
fedavg,fedavg,,adaptive_tol,4,2,30,0.40998938373069055,0.5107317368487674,0.7169481262194711,1.0,0.0016471997604073077,0.0,0.4342,"{""Backdoor"": 0.0, ""DDoS_HTTP"": 0.078, ""DDoS_ICMP"": 0.899, ""DDoS_TCP"": 1.0, ""DDoS_UDP"": 0.998, ""Fingerprinting"": 0.57, ""MITM"": 0.23, ""Normal"": 0.998, ""Password"": 0.065, ""Port_Scanning"": 0.0, ""Ransomware"": 0.823, ""SQL_injection"": 0.0, ""Uploading"": 1.0, ""Vulnerability_scanner"": 0.0, ""XSS"": 1.0}","[0.0428, 0.1168, 0.1783, 0.2463, 0.2779, 0.3016, 0.3063, 0.3482, 0.3567, 0.3516, 0.3595, 0.3606, 0.36, 0.4036, 0.4176, 0.433, 0.4503, 0.4437, 0.4467, 0.4587, 0.4558, 0.4279, 0.4277, 0.4278, 0.4653, 0.4603, 0.4294, 0.4828, 0.4098, 0.41]","[0.3948, 0.282, 0.3341, 0.5139, 0.3529, 0.3864, 0.2983, 0.5528, 0.4673, 0.486]",3.9,,,,,[],[],,,,,,,,,,,,,,,,
fedavg,fedavg,,adaptive_tol_f30,4,3,30,0.05206354471615514,0.09688061407806631,0.06595797169705533,1.0,1.0,0.0,0.04803333333333334,"{""Backdoor"": 0.0, ""DDoS_HTTP"": 0.0, ""DDoS_ICMP"": 0.0, ""DDoS_TCP"": 0.0, ""DDoS_UDP"": 0.453, ""Fingerprinting"": 0.0, ""MITM"": 0.0, ""Normal"": 0.0, ""Password"": 0.0, ""Port_Scanning"": 0.0, ""Ransomware"": 0.0, ""SQL_injection"": 0.0, ""Uploading"": 0.0, ""Vulnerability_scanner"": 0.0, ""XSS"": 1.0}","[0.0148, 0.0147, 0.014, 0.0129, 0.0124, 0.0111, 0.0101, 0.01, 0.0101, 0.0101, 0.0101, 0.0101, 0.0101, 0.0101, 0.01, 0.0101, 0.0101, 0.0101, 0.0101, 0.0101, 0.0101, 0.0101, 0.0101, 0.0101, 0.0101, 0.0101, 0.0459, 0.0459, 0.0461, 0.0521]","[0.3948, 0.282, 0.3341, 0.5139, 0.3529, 0.3864, 0.2983, 0.5528, 0.4673, 0.486]",3.1,,,,,[],[],,,,,,,,,,,,,,,,
trimmed_mean,trimmed,,adaptive_tol,4,2,30,0.6935184432171283,0.7086378774124643,0.83937742492543,1.0,0.0,0.0,0.6937333333333333,"{""Backdoor"": 0.452, ""DDoS_HTTP"": 0.617, ""DDoS_ICMP"": 0.987, ""DDoS_TCP"": 1.0, ""DDoS_UDP"": 0.998, ""Fingerprinting"": 0.11, ""MITM"": 1.0, ""Normal"": 1.0, ""Password"": 0.974, ""Port_Scanning"": 0.452, ""Ransomware"": 0.888, ""SQL_injection"": 0.085, ""Uploading"": 0.439, ""Vulnerability_scanner"": 0.778, ""XSS"": 0.849}","[0.3281, 0.4136, 0.4704, 0.5017, 0.5151, 0.5399, 0.5896, 0.6141, 0.6128, 0.6402, 0.6691, 0.6767, 0.679, 0.6797, 0.6823, 0.6794, 0.6796, 0.6798, 0.68, 0.6797, 0.6969, 0.6935, 0.6935, 0.6978, 0.6983, 0.6937, 0.6984, 0.6943, 0.6934, 0.6935]","[0.3948, 0.282, 0.3341, 0.5139, 0.3529, 0.3864, 0.2983, 0.5528, 0.4673, 0.486]",2.8,,,,,[],[],,,,,,,,,,,,,,,,
trimmed_mean,trimmed,,adaptive_tol_f30,4,3,30,0.6515002070382466,0.6863828614112897,0.8033371459328534,1.0,0.0,0.0,0.6523,"{""Backdoor"": 0.45, ""DDoS_HTTP"": 0.007, ""DDoS_ICMP"": 0.935, ""DDoS_TCP"": 0.999, ""DDoS_UDP"": 0.998, ""Fingerprinting"": 0.625, ""MITM"": 1.0, ""Normal"": 1.0, ""Password"": 0.982, ""Port_Scanning"": 0.524, ""Ransomware"": 0.836, ""SQL_injection"": 0.085, ""Uploading"": 0.411, ""Vulnerability_scanner"": 0.451, ""XSS"": 0.994}","[0.2824, 0.3695, 0.4473, 0.478, 0.516, 0.5405, 0.5501, 0.5968, 0.5997, 0.6378, 0.6384, 0.6444, 0.6368, 0.6339, 0.6178, 0.6205, 0.6211, 0.6291, 0.6318, 0.6315, 0.6312, 0.6483, 0.6327, 0.6334, 0.6334, 0.6404, 0.6439, 0.6536, 0.6518, 0.6515]","[0.3948, 0.282, 0.3341, 0.5139, 0.3529, 0.3864, 0.2983, 0.5528, 0.4673, 0.486]",3.0,,,,,[],[],,,,,,,,,,,,,,,,
multi_krum,krum,,adaptive_tol,4,2,30,0.7060468662077463,0.7163677185034544,0.8447374913095158,1.0,0.0,0.0,0.7065666666666667,"{""Backdoor"": 0.859, ""DDoS_HTTP"": 0.917, ""DDoS_ICMP"": 0.991, ""DDoS_TCP"": 0.997, ""DDoS_UDP"": 0.997, ""Fingerprinting"": 0.11, ""MITM"": 1.0, ""Normal"": 1.0, ""Password"": 0.975, ""Port_Scanning"": 0.524, ""Ransomware"": 0.54, ""SQL_injection"": 0.175, ""Uploading"": 0.374, ""Vulnerability_scanner"": 0.785, ""XSS"": 0.502}","[0.4053, 0.5248, 0.5428, 0.5787, 0.5838, 0.6282, 0.6424, 0.682, 0.6959, 0.6644, 0.6872, 0.6687, 0.6896, 0.6872, 0.6875, 0.6961, 0.6976, 0.6998, 0.7092, 0.7001, 0.7043, 0.7097, 0.7089, 0.7033, 0.7, 0.7036, 0.7016, 0.7044, 0.7093, 0.706]","[0.3948, 0.282, 0.3341, 0.5139, 0.3529, 0.3864, 0.2983, 0.5528, 0.4673, 0.486]",3.6,30,240,60,60,"[1, 1, 1, 1, 1, 1, 1, 1, 1, 1, 1, 1, 1, 1, 1, 1, 1, 1, 1, 1, 1, 1, 1, 1, 1, 1, 1, 1, 1, 1]","[0, 0, 30, 20, 30, 30, 30, 30, 30, 10]",,,,,,,,,,,,,,,,
multi_krum,krum,,adaptive_tol_f30,4,3,30,0.7126852690551301,0.7195747913445311,0.8455897194375295,1.0,0.0,0.0,0.7115666666666667,"{""Backdoor"": 0.531, ""DDoS_HTTP"": 0.617, ""DDoS_ICMP"": 0.989, ""DDoS_TCP"": 0.997, ""DDoS_UDP"": 0.998, ""Fingerprinting"": 0.14, ""MITM"": 1.0, ""Normal"": 1.0, ""Password"": 0.975, ""Port_Scanning"": 0.524, ""Ransomware"": 0.836, ""SQL_injection"": 0.175, ""Uploading"": 0.374, ""Vulnerability_scanner"": 0.79, ""XSS"": 0.849}","[0.4128, 0.5107, 0.5576, 0.6055, 0.6435, 0.6787, 0.6865, 0.6975, 0.6888, 0.6873, 0.7001, 0.7124, 0.7013, 0.702, 0.709, 0.6998, 0.7023, 0.7027, 0.7026, 0.7072, 0.7108, 0.6787, 0.7032, 0.7108, 0.7108, 0.7094, 0.7113, 0.7085, 0.7135, 0.7127]","[0.3948, 0.282, 0.3341, 0.5139, 0.3529, 0.3864, 0.2983, 0.5528, 0.4673, 0.486]",3.6,1,210,89,90,"[0, 0, 0, 0, 0, 0, 0, 0, 0, 0, 0, 0, 0, 0, 0, 0, 0, 0, 0, 0, 0, 1, 0, 0, 0, 0, 0, 0, 0, 0]","[0, 1, 0, 29, 30, 30, 30, 30, 30, 30]",,,,,,,,,,,,,,,,
secure_norm_only,norm_only,,adaptive_tol,4,2,30,0.40626902280780886,0.5088249753997756,0.71562492991545,1.0,0.0016971149046620744,0.0,0.41340000000000005,"{""Backdoor"": 0.0, ""DDoS_HTTP"": 0.05, ""DDoS_ICMP"": 0.897, ""DDoS_TCP"": 1.0, ""DDoS_UDP"": 0.998, ""Fingerprinting"": 0.57, ""MITM"": 0.23, ""Normal"": 0.998, ""Password"": 0.065, ""Port_Scanning"": 0.0, ""Ransomware"": 0.824, ""SQL_injection"": 0.0, ""Uploading"": 1.0, ""Vulnerability_scanner"": 0.0, ""XSS"": 1.0}","[0.0428, 0.1168, 0.1783, 0.2463, 0.2779, 0.3016, 0.3063, 0.3477, 0.3566, 0.3531, 0.3587, 0.3597, 0.3597, 0.4039, 0.4171, 0.4295, 0.4489, 0.4445, 0.4465, 0.458, 0.4572, 0.429, 0.4282, 0.4284, 0.4654, 0.4273, 0.4082, 0.4272, 0.4067, 0.4063]","[0.3948, 0.282, 0.3341, 0.5139, 0.3529, 0.3864, 0.2983, 0.5528, 0.4673, 0.486]",5.7,0,240,0,60,"[0, 0, 0, 0, 0, 0, 0, 0, 0, 0, 0, 0, 0, 0, 0, 0, 0, 0, 0, 0, 0, 0, 0, 0, 0, 0, 0, 0, 0, 0]","[30, 30, 30, 30, 30, 30, 30, 30, 30, 30]",3.5,,,,,,,,,,,,,,,
secure_norm_only,norm_only,,adaptive_tol_f30,4,3,30,0.010116292198261262,0.06666666666666667,0.04521294489672341,1.0,1.0,0.0,0.0101,"{""Backdoor"": 0.0, ""DDoS_HTTP"": 0.0, ""DDoS_ICMP"": 0.0, ""DDoS_TCP"": 0.0, ""DDoS_UDP"": 0.0, ""Fingerprinting"": 0.0, ""MITM"": 0.0, ""Normal"": 0.0, ""Password"": 0.0, ""Port_Scanning"": 0.0, ""Ransomware"": 0.0, ""SQL_injection"": 0.0, ""Uploading"": 0.0, ""Vulnerability_scanner"": 0.0, ""XSS"": 1.0}","[0.0148, 0.0147, 0.014, 0.0129, 0.0124, 0.0111, 0.0101, 0.01, 0.0101, 0.0101, 0.0101, 0.0101, 0.0101, 0.0101, 0.0101, 0.0101, 0.0101, 0.0101, 0.0101, 0.0101, 0.0101, 0.0101, 0.0101, 0.0101, 0.0101, 0.0101, 0.0101, 0.0101, 0.0101, 0.0101]","[0.3948, 0.282, 0.3341, 0.5139, 0.3529, 0.3864, 0.2983, 0.5528, 0.4673, 0.486]",5.0,0,210,0,90,"[0, 0, 0, 0, 0, 0, 0, 0, 0, 0, 0, 0, 0, 0, 0, 0, 0, 0, 0, 0, 0, 0, 0, 0, 0, 0, 0, 0, 0, 0]","[30, 30, 30, 30, 30, 30, 30, 30, 30, 30]",3.5,,,,,,,,,,,,,,,
faithful_root_t-0.3,faithful_root,-0.3,adaptive_tol,4,2,30,0.6729688532851571,0.6917659863838705,0.8280293345892484,1.0,0.0,0.0,0.6804333333333333,"{""Backdoor"": 0.775, ""DDoS_HTTP"": 0.617, ""DDoS_ICMP"": 0.994, ""DDoS_TCP"": 0.997, ""DDoS_UDP"": 0.996, ""Fingerprinting"": 0.11, ""MITM"": 1.0, ""Normal"": 1.0, ""Password"": 0.641, ""Port_Scanning"": 0.452, ""Ransomware"": 0.6, ""SQL_injection"": 0.0, ""Uploading"": 0.693, ""Vulnerability_scanner"": 0.61, ""XSS"": 0.891}","[0.1828, 0.2936, 0.4102, 0.4849, 0.525, 0.5254, 0.5292, 0.5914, 0.6109, 0.627, 0.6313, 0.6365, 0.6406, 0.6547, 0.652, 0.6566, 0.6567, 0.6634, 0.6775, 0.6764, 0.6774, 0.6796, 0.6706, 0.6777, 0.6801, 0.685, 0.68, 0.6815, 0.6868, 0.673]","[0.3948, 0.282, 0.3341, 0.5139, 0.3529, 0.3864, 0.2983, 0.5528, 0.4673, 0.486]",5.8,22,240,0,60,"[0, 0, 0, 0, 0, 0, 0, 0, 0, 0, 0, 1, 1, 1, 1, 1, 1, 1, 1, 1, 1, 1, 1, 1, 2, 1, 2, 1, 2, 1]","[30, 30, 30, 11, 30, 30, 30, 30, 30, 27]",3.5,,,,,,,,,,,,,,,
faithful_root_t-0.3,faithful_root,-0.3,adaptive_tol_f30,4,3,30,0.6111510782181301,0.6477957692001903,0.7981564959967705,1.0,0.0,0.0,0.6780666666666667,"{""Backdoor"": 0.913, ""DDoS_HTTP"": 0.023, ""DDoS_ICMP"": 0.997, ""DDoS_TCP"": 0.911, ""DDoS_UDP"": 0.996, ""Fingerprinting"": 0.11, ""MITM"": 1.0, ""Normal"": 1.0, ""Password"": 0.833, ""Port_Scanning"": 0.619, ""Ransomware"": 0.394, ""SQL_injection"": 0.0, ""Uploading"": 0.559, ""Vulnerability_scanner"": 0.433, ""XSS"": 0.931}","[0.088, 0.2614, 0.4093, 0.4457, 0.4894, 0.5228, 0.5355, 0.5662, 0.6671, 0.6638, 0.6811, 0.6892, 0.694, 0.6729, 0.6713, 0.6632, 0.6865, 0.692, 0.6485, 0.6542, 0.7041, 0.6529, 0.6928, 0.6982, 0.6917, 0.6548, 0.7209, 0.6998, 0.7232, 0.6112]","[0.3948, 0.282, 0.3341, 0.5139, 0.3529, 0.3864, 0.2983, 0.5528, 0.4673, 0.486]",6.3,28,210,0,90,"[0, 0, 0, 0, 0, 0, 0, 1, 1, 1, 1, 2, 1, 2, 2, 1, 1, 1, 1, 1, 1, 1, 1, 1, 1, 1, 1, 2, 2, 1]","[30, 30, 30, 7, 30, 30, 30, 30, 25, 30]",3.5,,,,,,,,,,,,,,,
faithful_root_t-0.3_clip,faithful_root,-0.3,adaptive_tol,4,2,30,0.6904030838534793,0.7072185113363588,0.8384130615174146,1.0,0.0,0.0,0.6886,"{""Backdoor"": 0.452, ""DDoS_HTTP"": 0.617, ""DDoS_ICMP"": 0.984, ""DDoS_TCP"": 1.0, ""DDoS_UDP"": 0.997, ""Fingerprinting"": 0.11, ""MITM"": 1.0, ""Normal"": 1.0, ""Password"": 0.975, ""Port_Scanning"": 0.452, ""Ransomware"": 0.888, ""SQL_injection"": 0.064, ""Uploading"": 0.437, ""Vulnerability_scanner"": 0.784, ""XSS"": 0.849}","[0.296, 0.4103, 0.4688, 0.5178, 0.5355, 0.5554, 0.5707, 0.6102, 0.6225, 0.6241, 0.6334, 0.6434, 0.6453, 0.647, 0.6477, 0.6731, 0.6705, 0.6717, 0.6714, 0.6713, 0.6725, 0.6734, 0.6789, 0.6818, 0.6888, 0.681, 0.6832, 0.6851, 0.6903, 0.6904]","[0.3948, 0.282, 0.3341, 0.5139, 0.3529, 0.3864, 0.2983, 0.5528, 0.4673, 0.486]",5.9,0,240,0,60,"[0, 0, 0, 0, 0, 0, 0, 0, 0, 0, 0, 0, 0, 0, 0, 0, 0, 0, 0, 0, 0, 0, 0, 0, 0, 0, 0, 0, 0, 0]","[30, 30, 30, 30, 30, 30, 30, 30, 30, 30]",3.5,1.0,,,,,,,,,,,,,,
faithful_root_t-0.3_clip,faithful_root,-0.3,adaptive_tol_f30,4,3,30,0.6671583182909226,0.6917206211675804,0.8278050640292449,1.0,0.0,0.0,0.6678000000000001,"{""Backdoor"": 0.468, ""DDoS_HTTP"": 0.347, ""DDoS_ICMP"": 0.985, ""DDoS_TCP"": 0.947, ""DDoS_UDP"": 0.996, ""Fingerprinting"": 0.11, ""MITM"": 1.0, ""Normal"": 1.0, ""Password"": 0.975, ""Port_Scanning"": 0.501, ""Ransomware"": 0.888, ""SQL_injection"": 0.0, ""Uploading"": 0.437, ""Vulnerability_scanner"": 0.792, ""XSS"": 0.93}","[0.2477, 0.4145, 0.4589, 0.5053, 0.513, 0.5669, 0.5763, 0.5828, 0.6164, 0.6199, 0.6272, 0.6343, 0.6381, 0.6432, 0.6471, 0.6555, 0.6604, 0.6655, 0.6662, 0.6629, 0.6648, 0.6646, 0.6668, 0.6678, 0.6678, 0.6686, 0.6701, 0.6679, 0.6683, 0.6672]","[0.3948, 0.282, 0.3341, 0.5139, 0.3529, 0.3864, 0.2983, 0.5528, 0.4673, 0.486]",6.5,0,210,0,90,"[0, 0, 0, 0, 0, 0, 0, 0, 0, 0, 0, 0, 0, 0, 0, 0, 0, 0, 0, 0, 0, 0, 0, 0, 0, 0, 0, 0, 0, 0]","[30, 30, 30, 30, 30, 30, 30, 30, 30, 30]",3.5,1.0,,,,,,,,,,,,,,
faithful_root_t-0.3_clipnoise_z0.5,faithful_root,-0.3,adaptive_tol,4,2,30,0.6943427817817656,0.7090781701602771,0.8396689766534347,1.0,0.0,0.0,0.6969666666666666,"{""Backdoor"": 0.452, ""DDoS_HTTP"": 0.617, ""DDoS_ICMP"": 0.984, ""DDoS_TCP"": 1.0, ""DDoS_UDP"": 0.997, ""Fingerprinting"": 0.11, ""MITM"": 1.0, ""Normal"": 1.0, ""Password"": 0.967, ""Port_Scanning"": 0.452, ""Ransomware"": 0.888, ""SQL_injection"": 0.087, ""Uploading"": 0.44, ""Vulnerability_scanner"": 0.792, ""XSS"": 0.85}","[0.2226, 0.3133, 0.4789, 0.4235, 0.4909, 0.5866, 0.5994, 0.6149, 0.6435, 0.6737, 0.6735, 0.6926, 0.6829, 0.6887, 0.6782, 0.6896, 0.6909, 0.6899, 0.6926, 0.6884, 0.6928, 0.696, 0.6904, 0.6937, 0.6822, 0.699, 0.6983, 0.6987, 0.6979, 0.6943]","[0.3948, 0.282, 0.3341, 0.5139, 0.3529, 0.3864, 0.2983, 0.5528, 0.4673, 0.486]",5.9,0,240,0,60,"[0, 0, 0, 0, 0, 0, 0, 0, 0, 0, 0, 0, 0, 0, 0, 0, 0, 0, 0, 0, 0, 0, 0, 0, 0, 0, 0, 0, 0, 0]","[30, 30, 30, 30, 30, 30, 30, 30, 30, 30]",3.5,1.0,0.5,,112.56537912599764,,,,,,,,,,,
faithful_root_t-0.3_clipnoise_z0.5,faithful_root,-0.3,adaptive_tol_f30,4,3,30,0.6759746704670708,0.6941698964212146,0.8294870932292718,1.0,0.0,0.0,0.6831333333333333,"{""Backdoor"": 0.452, ""DDoS_HTTP"": 0.347, ""DDoS_ICMP"": 0.981, ""DDoS_TCP"": 0.969, ""DDoS_UDP"": 0.996, ""Fingerprinting"": 0.11, ""MITM"": 1.0, ""Normal"": 1.0, ""Password"": 0.981, ""Port_Scanning"": 0.481, ""Ransomware"": 0.888, ""SQL_injection"": 0.085, ""Uploading"": 0.4, ""Vulnerability_scanner"": 0.792, ""XSS"": 0.93}","[0.1016, 0.3116, 0.3952, 0.3785, 0.4557, 0.5496, 0.5745, 0.5522, 0.6232, 0.6027, 0.6473, 0.6784, 0.6436, 0.6672, 0.6687, 0.6749, 0.6773, 0.6889, 0.691, 0.6922, 0.6922, 0.6925, 0.6938, 0.6873, 0.6701, 0.6686, 0.6788, 0.6808, 0.6926, 0.676]","[0.3948, 0.282, 0.3341, 0.5139, 0.3529, 0.3864, 0.2983, 0.5528, 0.4673, 0.486]",5.2,0,210,0,90,"[0, 0, 0, 0, 0, 0, 0, 0, 0, 0, 0, 0, 0, 0, 0, 0, 0, 0, 0, 0, 0, 0, 0, 0, 0, 0, 0, 0, 0, 0]","[30, 30, 30, 30, 30, 30, 30, 30, 30, 30]",3.5,1.0,0.5,,112.56537912599764,,,,,,,,,,,
faithful_root_t-0.3_all_z1.0,faithful_root,-0.3,adaptive_tol,4,2,30,0.6960643672062157,0.7036490386541345,0.8360357935813766,1.0,0.0,0.0,0.6965,"{""Backdoor"": 0.457, ""DDoS_HTTP"": 0.617, ""DDoS_ICMP"": 0.979, ""DDoS_TCP"": 1.0, ""DDoS_UDP"": 0.998, ""Fingerprinting"": 0.11, ""MITM"": 1.0, ""Normal"": 1.0, ""Password"": 0.767, ""Port_Scanning"": 0.452, ""Ransomware"": 0.891, ""SQL_injection"": 0.176, ""Uploading"": 0.479, ""Vulnerability_scanner"": 0.806, ""XSS"": 0.822}","[0.1118, 0.2491, 0.3685, 0.4368, 0.454, 0.5224, 0.5081, 0.4933, 0.5532, 0.5986, 0.6118, 0.5941, 0.6096, 0.6497, 0.6437, 0.6867, 0.6818, 0.6494, 0.6468, 0.6758, 0.651, 0.6495, 0.6488, 0.6853, 0.6886, 0.6904, 0.6905, 0.6926, 0.7008, 0.6961]","[0.3948, 0.282, 0.3341, 0.5139, 0.3529, 0.3864, 0.2983, 0.5528, 0.4673, 0.486]",5.2,0,240,0,60,"[0, 0, 0, 0, 0, 0, 0, 0, 0, 0, 0, 0, 0, 0, 0, 0, 0, 0, 0, 0, 0, 0, 0, 0, 0, 0, 0, 0, 0, 0]","[30, 30, 30, 30, 30, 30, 30, 30, 30, 30]",3.5,1.0,1.0,3.0,41.285057226388886,,,,,,,,,,,
faithful_root_t-0.3_all_z1.0,faithful_root,-0.3,adaptive_tol_f30,4,3,30,0.6690592661313715,0.6892199803664439,0.826190315997219,1.0,0.0,0.0,0.6835,"{""Backdoor"": 0.458, ""DDoS_HTTP"": 0.399, ""DDoS_ICMP"": 0.972, ""DDoS_TCP"": 0.577, ""DDoS_UDP"": 0.996, ""Fingerprinting"": 0.11, ""MITM"": 1.0, ""Normal"": 1.0, ""Password"": 0.97, ""Port_Scanning"": 0.894, ""Ransomware"": 0.883, ""SQL_injection"": 0.0, ""Uploading"": 0.39, ""Vulnerability_scanner"": 0.777, ""XSS"": 0.912}","[0.0822, 0.1805, 0.3529, 0.3321, 0.3822, 0.4999, 0.5166, 0.4792, 0.5118, 0.5111, 0.5835, 0.6066, 0.585, 0.6252, 0.606, 0.6696, 0.6413, 0.6337, 0.6358, 0.6714, 0.6395, 0.6345, 0.6808, 0.6734, 0.6788, 0.6811, 0.6845, 0.695, 0.6864, 0.6691]","[0.3948, 0.282, 0.3341, 0.5139, 0.3529, 0.3864, 0.2983, 0.5528, 0.4673, 0.486]",5.1,0,210,0,90,"[0, 0, 0, 0, 0, 0, 0, 0, 0, 0, 0, 0, 0, 0, 0, 0, 0, 0, 0, 0, 0, 0, 0, 0, 0, 0, 0, 0, 0, 0]","[30, 30, 30, 30, 30, 30, 30, 30, 30, 30]",3.5,1.0,1.0,3.0,41.285057226388886,,,,,,,,,,,
fedavg,fedavg,,adaptive_tol,5,2,30,0.449638826341249,0.5264220902780173,0.7473592141559577,1.0,0.001946690625935909,0.0,0.44933333333333336,"{""Backdoor"": 0.442, ""DDoS_HTTP"": 0.99, ""DDoS_ICMP"": 0.98, ""DDoS_TCP"": 1.0, ""DDoS_UDP"": 0.0, ""Fingerprinting"": 0.0, ""MITM"": 0.296, ""Normal"": 0.998, ""Password"": 0.0, ""Port_Scanning"": 0.0, ""Ransomware"": 0.945, ""SQL_injection"": 0.99, ""Uploading"": 0.415, ""Vulnerability_scanner"": 0.839, ""XSS"": 0.0}","[0.1471, 0.2298, 0.3072, 0.3867, 0.4004, 0.4005, 0.4018, 0.4016, 0.4026, 0.4057, 0.4057, 0.4063, 0.4061, 0.4094, 0.4099, 0.4125, 0.4182, 0.4134, 0.4302, 0.4364, 0.4298, 0.4338, 0.4341, 0.449, 0.4483, 0.4488, 0.4488, 0.4489, 0.4495, 0.4496]","[0.5141, 0.346, 0.4774, 0.604, 0.4374, 0.3215, 0.2325, 0.3838, 0.2371, 0.2758]",2.6,,,,,[],[],,,,,,,,,,,,,,,,
fedavg,fedavg,,adaptive_tol_f30,5,3,30,0.05641244961247642,0.12209456826033217,0.08228486846531656,1.0,1.0,0.0,0.04953333333333334,"{""Backdoor"": 0.0, ""DDoS_HTTP"": 0.01, ""DDoS_ICMP"": 0.0, ""DDoS_TCP"": 0.989, ""DDoS_UDP"": 0.0, ""Fingerprinting"": 0.0, ""MITM"": 0.0, ""Normal"": 0.0, ""Password"": 0.0, ""Port_Scanning"": 0.0, ""Ransomware"": 0.0, ""SQL_injection"": 0.007, ""Uploading"": 0.825, ""Vulnerability_scanner"": 0.0, ""XSS"": 0.0}","[0.0588, 0.0763, 0.088, 0.0871, 0.0712, 0.0635, 0.0669, 0.0696, 0.0644, 0.04, 0.0359, 0.0355, 0.0353, 0.0375, 0.0294, 0.021, 0.0213, 0.0237, 0.0246, 0.0289, 0.0257, 0.0267, 0.0311, 0.0328, 0.0386, 0.0374, 0.0371, 0.0378, 0.0544, 0.0564]","[0.5141, 0.346, 0.4774, 0.604, 0.4374, 0.3215, 0.2325, 0.3838, 0.2371, 0.2758]",3.0,,,,,[],[],,,,,,,,,,,,,,,,
trimmed_mean,trimmed,,adaptive_tol,5,2,30,0.5960376476352328,0.6263954899175045,0.8146403821570343,1.0,0.0,0.0008144980655670943,0.5960000000000001,"{""Backdoor"": 0.443, ""DDoS_HTTP"": 0.99, ""DDoS_ICMP"": 0.991, ""DDoS_TCP"": 1.0, ""DDoS_UDP"": 0.921, ""Fingerprinting"": 0.0, ""MITM"": 0.342, ""Normal"": 1.0, ""Password"": 0.115, ""Port_Scanning"": 0.443, ""Ransomware"": 0.945, ""SQL_injection"": 0.983, ""Uploading"": 0.398, ""Vulnerability_scanner"": 0.827, ""XSS"": 0.0}","[0.2856, 0.4247, 0.4336, 0.4496, 0.4751, 0.4842, 0.4878, 0.4926, 0.5151, 0.5154, 0.5412, 0.557, 0.5649, 0.5696, 0.5745, 0.5744, 0.5742, 0.5742, 0.5818, 0.5831, 0.5862, 0.5883, 0.5924, 0.5927, 0.5901, 0.5939, 0.592, 0.5963, 0.5957, 0.596]","[0.5141, 0.346, 0.4774, 0.604, 0.4374, 0.3215, 0.2325, 0.3838, 0.2371, 0.2758]",2.6,,,,,[],[],,,,,,,,,,,,,,,,
trimmed_mean,trimmed,,adaptive_tol_f30,5,3,30,0.5526705055931942,0.6114544424757677,0.778061853820449,1.0,0.0,0.00036652412950519245,0.5535666666666667,"{""Backdoor"": 0.442, ""DDoS_HTTP"": 0.99, ""DDoS_ICMP"": 0.948, ""DDoS_TCP"": 1.0, ""DDoS_UDP"": 0.752, ""Fingerprinting"": 0.0, ""MITM"": 1.0, ""Normal"": 1.0, ""Password"": 0.04, ""Port_Scanning"": 0.0, ""Ransomware"": 0.963, ""SQL_injection"": 0.432, ""Uploading"": 0.765, ""Vulnerability_scanner"": 0.821, ""XSS"": 0.019}","[0.2723, 0.2922, 0.3273, 0.3483, 0.3512, 0.3799, 0.4662, 0.4963, 0.5135, 0.5077, 0.5027, 0.4913, 0.4998, 0.5063, 0.5398, 0.5324, 0.5437, 0.5445, 0.5433, 0.5473, 0.5474, 0.5494, 0.5486, 0.5501, 0.5507, 0.5574, 0.5408, 0.5536, 0.5544, 0.5527]","[0.5141, 0.346, 0.4774, 0.604, 0.4374, 0.3215, 0.2325, 0.3838, 0.2371, 0.2758]",2.6,,,,,[],[],,,,,,,,,,,,,,,,
multi_krum,krum,,adaptive_tol,5,2,30,0.6389244856750658,0.675092630405594,0.8213012177891408,1.0,0.0,0.0,0.6389333333333334,"{""Backdoor"": 0.443, ""DDoS_HTTP"": 0.99, ""DDoS_ICMP"": 0.99, ""DDoS_TCP"": 1.0, ""DDoS_UDP"": 0.961, ""Fingerprinting"": 0.025, ""MITM"": 0.979, ""Normal"": 1.0, ""Password"": 0.119, ""Port_Scanning"": 0.443, ""Ransomware"": 0.945, ""SQL_injection"": 0.982, ""Uploading"": 0.398, ""Vulnerability_scanner"": 0.835, ""XSS"": 0.016}","[0.3713, 0.4465, 0.4765, 0.4871, 0.5289, 0.545, 0.5721, 0.578, 0.5862, 0.5873, 0.5905, 0.5912, 0.5919, 0.5913, 0.5923, 0.5928, 0.599, 0.5996, 0.6347, 0.636, 0.6356, 0.6354, 0.6356, 0.6351, 0.6363, 0.6368, 0.6352, 0.6387, 0.6392, 0.6389]","[0.5141, 0.346, 0.4774, 0.604, 0.4374, 0.3215, 0.2325, 0.3838, 0.2371, 0.2758]",2.6,30,240,60,60,"[1, 1, 1, 1, 1, 1, 1, 1, 1, 1, 1, 1, 1, 1, 1, 1, 1, 1, 1, 1, 1, 1, 1, 1, 1, 1, 1, 1, 1, 1]","[0, 0, 30, 0, 30, 30, 30, 30, 30, 30]",,,,,,,,,,,,,,,,
multi_krum,krum,,adaptive_tol_f30,5,3,30,0.6752676415209253,0.6953596563710446,0.8315728094373052,1.0,0.0,0.0,0.6776666666666666,"{""Backdoor"": 0.443, ""DDoS_HTTP"": 0.957, ""DDoS_ICMP"": 0.991, ""DDoS_TCP"": 1.0, ""DDoS_UDP"": 0.971, ""Fingerprinting"": 0.09, ""MITM"": 1.0, ""Normal"": 1.0, ""Password"": 0.119, ""Port_Scanning"": 0.443, ""Ransomware"": 0.945, ""SQL_injection"": 0.982, ""Uploading"": 0.398, ""Vulnerability_scanner"": 0.839, ""XSS"": 0.253}","[0.3781, 0.4832, 0.504, 0.5215, 0.5304, 0.5438, 0.593, 0.6105, 0.6399, 0.6425, 0.6498, 0.6504, 0.6587, 0.6451, 0.6559, 0.6619, 0.6663, 0.6663, 0.6483, 0.6744, 0.6582, 0.6517, 0.6705, 0.6552, 0.6791, 0.68, 0.6645, 0.6697, 0.688, 0.6753]","[0.5141, 0.346, 0.4774, 0.604, 0.4374, 0.3215, 0.2325, 0.3838, 0.2371, 0.2758]",2.5,0,210,90,90,"[0, 0, 0, 0, 0, 0, 0, 0, 0, 0, 0, 0, 0, 0, 0, 0, 0, 0, 0, 0, 0, 0, 0, 0, 0, 0, 0, 0, 0, 0]","[0, 0, 0, 30, 30, 30, 30, 30, 30, 30]",,,,,,,,,,,,,,,,
secure_norm_only,norm_only,,adaptive_tol,5,2,30,0.4496933015188934,0.5264247341360113,0.7473592141559577,1.0,0.001946690625935909,0.0,0.4496,"{""Backdoor"": 0.442, ""DDoS_HTTP"": 0.99, ""DDoS_ICMP"": 0.979, ""DDoS_TCP"": 1.0, ""DDoS_UDP"": 0.0, ""Fingerprinting"": 0.0, ""MITM"": 0.296, ""Normal"": 0.998, ""Password"": 0.0, ""Port_Scanning"": 0.0, ""Ransomware"": 0.945, ""SQL_injection"": 0.989, ""Uploading"": 0.418, ""Vulnerability_scanner"": 0.839, ""XSS"": 0.0}","[0.1471, 0.2299, 0.3074, 0.3867, 0.4004, 0.4005, 0.4018, 0.4016, 0.4026, 0.4057, 0.4057, 0.4063, 0.4061, 0.4094, 0.4099, 0.4123, 0.418, 0.413, 0.4301, 0.4365, 0.4299, 0.4339, 0.434, 0.4491, 0.4483, 0.4488, 0.4489, 0.4494, 0.4497, 0.4497]","[0.5141, 0.346, 0.4774, 0.604, 0.4374, 0.3215, 0.2325, 0.3838, 0.2371, 0.2758]",4.8,0,240,0,60,"[0, 0, 0, 0, 0, 0, 0, 0, 0, 0, 0, 0, 0, 0, 0, 0, 0, 0, 0, 0, 0, 0, 0, 0, 0, 0, 0, 0, 0, 0]","[30, 30, 30, 30, 30, 30, 30, 30, 30, 30]",3.5,,,,,,,,,,,,,,,
secure_norm_only,norm_only,,adaptive_tol_f30,5,3,30,0.041715949598951536,0.0812668014414024,0.05472201664087555,1.0,1.0,0.0,0.047599999999999996,"{""Backdoor"": 0.003, ""DDoS_HTTP"": 0.35, ""DDoS_ICMP"": 0.0, ""DDoS_TCP"": 0.0, ""DDoS_UDP"": 0.0, ""Fingerprinting"": 0.0, ""MITM"": 0.0, ""Normal"": 0.0, ""Password"": 0.094, ""Port_Scanning"": 0.0, ""Ransomware"": 0.016, ""SQL_injection"": 0.0, ""Uploading"": 0.756, ""Vulnerability_scanner"": 0.0, ""XSS"": 0.0}","[0.0588, 0.0763, 0.088, 0.0871, 0.0717, 0.0635, 0.0669, 0.0696, 0.0634, 0.0392, 0.0359, 0.0347, 0.0357, 0.0385, 0.0327, 0.0264, 0.0255, 0.0266, 0.0287, 0.0236, 0.0317, 0.036, 0.0395, 0.0415, 0.0426, 0.0452, 0.0592, 0.0567, 0.0444, 0.0417]","[0.5141, 0.346, 0.4774, 0.604, 0.4374, 0.3215, 0.2325, 0.3838, 0.2371, 0.2758]",4.9,0,210,0,90,"[0, 0, 0, 0, 0, 0, 0, 0, 0, 0, 0, 0, 0, 0, 0, 0, 0, 0, 0, 0, 0, 0, 0, 0, 0, 0, 0, 0, 0, 0]","[30, 30, 30, 30, 30, 30, 30, 30, 30, 30]",3.5,,,,,,,,,,,,,,,
faithful_root_t-0.3,faithful_root,-0.3,adaptive_tol,5,2,30,0.6230095256435872,0.6613563531199419,0.8121061248289937,1.0,0.0,0.0,0.6027,"{""Backdoor"": 0.443, ""DDoS_HTTP"": 0.682, ""DDoS_ICMP"": 0.996, ""DDoS_TCP"": 1.0, ""DDoS_UDP"": 0.99, ""Fingerprinting"": 0.0, ""MITM"": 1.0, ""Normal"": 1.0, ""Password"": 0.119, ""Port_Scanning"": 0.0, ""Ransomware"": 0.886, ""SQL_injection"": 0.982, ""Uploading"": 0.416, ""Vulnerability_scanner"": 0.839, ""XSS"": 0.567}","[0.3294, 0.3974, 0.3976, 0.4275, 0.503, 0.5082, 0.5224, 0.5247, 0.5298, 0.5351, 0.5415, 0.5462, 0.5479, 0.5483, 0.549, 0.552, 0.585, 0.5851, 0.5862, 0.5876, 0.5877, 0.587, 0.5884, 0.5897, 0.6154, 0.595, 0.6181, 0.5904, 0.5947, 0.623]","[0.5141, 0.346, 0.4774, 0.604, 0.4374, 0.3215, 0.2325, 0.3838, 0.2371, 0.2758]",5.0,3,240,0,60,"[0, 0, 0, 0, 0, 0, 0, 0, 0, 0, 0, 0, 0, 0, 0, 0, 0, 0, 0, 0, 0, 0, 0, 0, 1, 0, 1, 0, 0, 1]","[30, 30, 30, 30, 30, 30, 30, 27, 30, 30]",3.5,,,,,,,,,,,,,,,
faithful_root_t-0.3,faithful_root,-0.3,adaptive_tol_f30,5,3,30,0.5961533171204988,0.6289879313694693,0.7897014958846352,1.0,0.0,0.0,0.5747,"{""Backdoor"": 0.443, ""DDoS_HTTP"": 0.614, ""DDoS_ICMP"": 0.981, ""DDoS_TCP"": 1.0, ""DDoS_UDP"": 0.435, ""Fingerprinting"": 0.0, ""MITM"": 1.0, ""Normal"": 1.0, ""Password"": 0.111, ""Port_Scanning"": 0.0, ""Ransomware"": 0.945, ""SQL_injection"": 0.625, ""Uploading"": 0.643, ""Vulnerability_scanner"": 0.799, ""XSS"": 0.838}","[0.2283, 0.3126, 0.394, 0.4206, 0.4356, 0.4682, 0.4764, 0.4757, 0.4831, 0.493, 0.4961, 0.495, 0.5076, 0.5156, 0.5183, 0.5299, 0.5366, 0.53, 0.5343, 0.5336, 0.544, 0.5414, 0.5426, 0.5457, 0.5492, 0.5524, 0.5477, 0.5399, 0.588, 0.5962]","[0.5141, 0.346, 0.4774, 0.604, 0.4374, 0.3215, 0.2325, 0.3838, 0.2371, 0.2758]",5.3,0,210,0,90,"[0, 0, 0, 0, 0, 0, 0, 0, 0, 0, 0, 0, 0, 0, 0, 0, 0, 0, 0, 0, 0, 0, 0, 0, 0, 0, 0, 0, 0, 0]","[30, 30, 30, 30, 30, 30, 30, 30, 30, 30]",3.5,,,,,,,,,,,,,,,
faithful_root_t-0.3_clip,faithful_root,-0.3,adaptive_tol,5,2,30,0.6526546131160301,0.6822942218475567,0.8271995335172352,1.0,0.0,0.0,0.6403666666666666,"{""Backdoor"": 0.443, ""DDoS_HTTP"": 0.974, ""DDoS_ICMP"": 0.997, ""DDoS_TCP"": 1.0, ""DDoS_UDP"": 0.968, ""Fingerprinting"": 0.0, ""MITM"": 0.979, ""Normal"": 1.0, ""Password"": 0.119, ""Port_Scanning"": 0.443, ""Ransomware"": 0.945, ""SQL_injection"": 0.982, ""Uploading"": 0.398, ""Vulnerability_scanner"": 0.839, ""XSS"": 0.148}","[0.3373, 0.4355, 0.4631, 0.4813, 0.5008, 0.5098, 0.5173, 0.5176, 0.5255, 0.542, 0.5683, 0.584, 0.5861, 0.5921, 0.593, 0.594, 0.6283, 0.6291, 0.6292, 0.6304, 0.6328, 0.6352, 0.635, 0.6354, 0.6436, 0.6419, 0.6414, 0.6347, 0.6337, 0.6527]","[0.5141, 0.346, 0.4774, 0.604, 0.4374, 0.3215, 0.2325, 0.3838, 0.2371, 0.2758]",5.7,9,240,0,60,"[0, 0, 0, 0, 0, 0, 0, 0, 0, 0, 0, 0, 0, 0, 0, 0, 1, 0, 0, 0, 1, 2, 0, 1, 1, 0, 1, 0, 0, 2]","[30, 30, 30, 30, 30, 30, 30, 26, 30, 25]",3.5,1.0,,,,,,,,,,,,,,
faithful_root_t-0.3_clip,faithful_root,-0.3,adaptive_tol_f30,5,3,30,0.6600498752734059,0.6790760972410737,0.8240821727331853,1.0,0.0,0.0,0.6492,"{""Backdoor"": 0.443, ""DDoS_HTTP"": 0.824, ""DDoS_ICMP"": 0.972, ""DDoS_TCP"": 1.0, ""DDoS_UDP"": 0.858, ""Fingerprinting"": 0.0, ""MITM"": 1.0, ""Normal"": 1.0, ""Password"": 0.119, ""Port_Scanning"": 0.443, ""Ransomware"": 0.945, ""SQL_injection"": 0.979, ""Uploading"": 0.408, ""Vulnerability_scanner"": 0.835, ""XSS"": 0.362}","[0.2687, 0.3908, 0.4225, 0.4884, 0.5033, 0.5224, 0.5328, 0.5292, 0.5337, 0.5399, 0.5422, 0.5757, 0.5852, 0.5867, 0.5827, 0.5914, 0.6064, 0.6089, 0.6124, 0.6298, 0.6327, 0.6392, 0.6433, 0.6418, 0.6463, 0.65, 0.6473, 0.6447, 0.6429, 0.66]","[0.5141, 0.346, 0.4774, 0.604, 0.4374, 0.3215, 0.2325, 0.3838, 0.2371, 0.2758]",5.8,1,210,0,90,"[0, 0, 0, 0, 0, 0, 0, 0, 0, 0, 0, 0, 0, 0, 0, 0, 0, 0, 0, 0, 0, 0, 0, 0, 0, 0, 0, 0, 0, 1]","[30, 30, 30, 30, 30, 30, 30, 29, 30, 30]",3.5,1.0,,,,,,,,,,,,,,
faithful_root_t-0.3_clipnoise_z0.5,faithful_root,-0.3,adaptive_tol,5,2,30,0.6298539427718308,0.6663277314167718,0.8162999843010608,1.0,0.0,0.0,0.6338,"{""Backdoor"": 0.667, ""DDoS_HTTP"": 0.99, ""DDoS_ICMP"": 0.997, ""DDoS_TCP"": 1.0, ""DDoS_UDP"": 0.985, ""Fingerprinting"": 0.0, ""MITM"": 0.979, ""Normal"": 1.0, ""Password"": 0.114, ""Port_Scanning"": 0.443, ""Ransomware"": 0.666, ""SQL_injection"": 0.65, ""Uploading"": 0.644, ""Vulnerability_scanner"": 0.841, ""XSS"": 0.018}","[0.2185, 0.2983, 0.412, 0.4544, 0.4606, 0.4987, 0.5504, 0.5509, 0.5647, 0.6144, 0.603, 0.5956, 0.6066, 0.6165, 0.6169, 0.6286, 0.6288, 0.6316, 0.6321, 0.6247, 0.6304, 0.6407, 0.6339, 0.6349, 0.651, 0.6406, 0.6405, 0.6375, 0.634, 0.6299]","[0.5141, 0.346, 0.4774, 0.604, 0.4374, 0.3215, 0.2325, 0.3838, 0.2371, 0.2758]",5.2,1,240,0,60,"[0, 0, 0, 0, 0, 0, 0, 0, 0, 0, 0, 0, 0, 0, 0, 0, 0, 0, 0, 0, 0, 0, 0, 0, 0, 0, 0, 0, 0, 1]","[30, 30, 30, 30, 30, 30, 30, 29, 30, 30]",3.5,1.0,0.5,,112.56537912599764,,,,,,,,,,,
faithful_root_t-0.3_clipnoise_z0.5,faithful_root,-0.3,adaptive_tol_f30,5,3,30,0.6191873114142514,0.656417177665445,0.8086075040929377,1.0,0.0,0.0,0.6262666666666666,"{""Backdoor"": 0.447, ""DDoS_HTTP"": 0.96, ""DDoS_ICMP"": 0.99, ""DDoS_TCP"": 1.0, ""DDoS_UDP"": 0.904, ""Fingerprinting"": 0.0, ""MITM"": 1.0, ""Normal"": 1.0, ""Password"": 0.075, ""Port_Scanning"": 0.407, ""Ransomware"": 0.945, ""SQL_injection"": 0.419, ""Uploading"": 0.796, ""Vulnerability_scanner"": 0.834, ""XSS"": 0.069}","[0.1777, 0.2289, 0.2698, 0.3721, 0.4333, 0.4224, 0.4416, 0.4731, 0.5362, 0.5949, 0.5424, 0.5497, 0.5409, 0.5728, 0.612, 0.608, 0.6204, 0.6122, 0.6205, 0.6115, 0.614, 0.6332, 0.6528, 0.6622, 0.6522, 0.6701, 0.6366, 0.6304, 0.6292, 0.6192]","[0.5141, 0.346, 0.4774, 0.604, 0.4374, 0.3215, 0.2325, 0.3838, 0.2371, 0.2758]",5.0,0,210,0,90,"[0, 0, 0, 0, 0, 0, 0, 0, 0, 0, 0, 0, 0, 0, 0, 0, 0, 0, 0, 0, 0, 0, 0, 0, 0, 0, 0, 0, 0, 0]","[30, 30, 30, 30, 30, 30, 30, 30, 30, 30]",3.5,1.0,0.5,,112.56537912599764,,,,,,,,,,,
faithful_root_t-0.3_all_z1.0,faithful_root,-0.3,adaptive_tol,5,2,30,0.5806306394903562,0.6140720403642312,0.8068581937249097,1.0,0.0,0.0,0.5810666666666667,"{""Backdoor"": 0.455, ""DDoS_HTTP"": 0.99, ""DDoS_ICMP"": 1.0, ""DDoS_TCP"": 1.0, ""DDoS_UDP"": 0.953, ""Fingerprinting"": 0.0, ""MITM"": 0.325, ""Normal"": 1.0, ""Password"": 0.067, ""Port_Scanning"": 0.443, ""Ransomware"": 0.886, ""SQL_injection"": 0.582, ""Uploading"": 0.67, ""Vulnerability_scanner"": 0.839, ""XSS"": 0.0}","[0.1577, 0.1723, 0.2849, 0.3156, 0.3316, 0.4889, 0.5383, 0.5175, 0.4853, 0.55, 0.5496, 0.5538, 0.539, 0.5401, 0.5763, 0.5758, 0.546, 0.548, 0.5861, 0.5925, 0.5511, 0.5934, 0.6156, 0.6093, 0.5931, 0.6054, 0.5936, 0.5762, 0.5864, 0.5806]","[0.5141, 0.346, 0.4774, 0.604, 0.4374, 0.3215, 0.2325, 0.3838, 0.2371, 0.2758]",5.0,0,240,0,60,"[0, 0, 0, 0, 0, 0, 0, 0, 0, 0, 0, 0, 0, 0, 0, 0, 0, 0, 0, 0, 0, 0, 0, 0, 0, 0, 0, 0, 0, 0]","[30, 30, 30, 30, 30, 30, 30, 30, 30, 30]",3.5,1.0,1.0,3.0,41.285057226388886,,,,,,,,,,,
faithful_root_t-0.3_all_z1.0,faithful_root,-0.3,adaptive_tol_f30,5,3,30,0.5352346451468667,0.5779958320810076,0.7808428087644935,1.0,0.0,0.0030950926491549583,0.5711666666666667,"{""Backdoor"": 0.439, ""DDoS_HTTP"": 0.984, ""DDoS_ICMP"": 1.0, ""DDoS_TCP"": 0.935, ""DDoS_UDP"": 0.892, ""Fingerprinting"": 0.0, ""MITM"": 0.362, ""Normal"": 1.0, ""Password"": 0.066, ""Port_Scanning"": 0.16, ""Ransomware"": 0.866, ""SQL_injection"": 0.341, ""Uploading"": 0.783, ""Vulnerability_scanner"": 0.841, ""XSS"": 0.0}","[0.1063, 0.1119, 0.212, 0.2584, 0.2647, 0.3676, 0.432, 0.3958, 0.36, 0.3884, 0.4674, 0.4237, 0.4827, 0.4574, 0.5212, 0.531, 0.5307, 0.5262, 0.5595, 0.5248, 0.516, 0.5313, 0.6174, 0.6107, 0.5915, 0.6055, 0.5895, 0.5755, 0.6028, 0.5352]","[0.5141, 0.346, 0.4774, 0.604, 0.4374, 0.3215, 0.2325, 0.3838, 0.2371, 0.2758]",5.0,0,210,0,90,"[0, 0, 0, 0, 0, 0, 0, 0, 0, 0, 0, 0, 0, 0, 0, 0, 0, 0, 0, 0, 0, 0, 0, 0, 0, 0, 0, 0, 0, 0]","[30, 30, 30, 30, 30, 30, 30, 30, 30, 30]",3.5,1.0,1.0,3.0,41.285057226388886,,,,,,,,,,,
fedavg,fedavg,,adaptive_tol,6,2,30,0.3294899999863523,0.37574461388697145,0.6585704994505371,1.0,0.0,0.0,0.3247666666666667,"{""Backdoor"": 0.223, ""DDoS_HTTP"": 0.0, ""DDoS_ICMP"": 0.801, ""DDoS_TCP"": 0.978, ""DDoS_UDP"": 1.0, ""Fingerprinting"": 0.0, ""MITM"": 0.0, ""Normal"": 1.0, ""Password"": 0.0, ""Port_Scanning"": 0.269, ""Ransomware"": 0.0, ""SQL_injection"": 0.0, ""Uploading"": 1.0, ""Vulnerability_scanner"": 0.366, ""XSS"": 0.0}","[0.1204, 0.2231, 0.3132, 0.3372, 0.3448, 0.3502, 0.3517, 0.3515, 0.3533, 0.4135, 0.4133, 0.4132, 0.412, 0.42, 0.4252, 0.4259, 0.4238, 0.4259, 0.4351, 0.4347, 0.4387, 0.4403, 0.4121, 0.418, 0.3659, 0.3594, 0.3571, 0.3263, 0.3185, 0.3295]","[0.5439, 0.5534, 0.2536, 0.2133, 0.4909, 0.3299, 0.2783, 0.3411, 0.225, 0.3492]",2.4,,,,,[],[],,,,,,,,,,,,,,,,
fedavg,fedavg,,adaptive_tol_f30,6,3,30,0.011511871256404705,0.06666666666666667,0.044719549664715516,1.0,1.0,0.0,0.013499999999999998,"{""Backdoor"": 1.0, ""DDoS_HTTP"": 0.0, ""DDoS_ICMP"": 0.0, ""DDoS_TCP"": 0.0, ""DDoS_UDP"": 0.0, ""Fingerprinting"": 0.0, ""MITM"": 0.0, ""Normal"": 0.0, ""Password"": 0.0, ""Port_Scanning"": 0.0, ""Ransomware"": 0.0, ""SQL_injection"": 0.0, ""Uploading"": 0.0, ""Vulnerability_scanner"": 0.0, ""XSS"": 0.0}","[0.0082, 0.0266, 0.0296, 0.035, 0.0323, 0.0299, 0.0266, 0.0269, 0.0102, 0.0102, 0.0104, 0.0121, 0.0124, 0.0126, 0.0135, 0.0168, 0.0393, 0.0616, 0.0627, 0.0691, 0.0637, 0.0663, 0.0688, 0.0644, 0.0494, 0.0394, 0.0326, 0.0177, 0.0113, 0.0115]","[0.5439, 0.5534, 0.2536, 0.2133, 0.4909, 0.3299, 0.2783, 0.3411, 0.225, 0.3492]",2.6,,,,,[],[],,,,,,,,,,,,,,,,
trimmed_mean,trimmed,,adaptive_tol,6,2,30,0.6209059203617375,0.6567701393270641,0.8086075040929377,1.0,0.0,0.0,0.5904,"{""Backdoor"": 0.935, ""DDoS_HTTP"": 0.353, ""DDoS_ICMP"": 0.982, ""DDoS_TCP"": 0.997, ""DDoS_UDP"": 0.997, ""Fingerprinting"": 0.0, ""MITM"": 1.0, ""Normal"": 1.0, ""Password"": 0.107, ""Port_Scanning"": 0.528, ""Ransomware"": 0.396, ""SQL_injection"": 0.085, ""Uploading"": 0.998, ""Vulnerability_scanner"": 0.885, ""XSS"": 0.59}","[0.265, 0.3859, 0.4184, 0.4247, 0.4232, 0.4847, 0.4969, 0.5007, 0.5129, 0.5143, 0.5199, 0.5571, 0.5414, 0.5529, 0.536, 0.5541, 0.5672, 0.5745, 0.5748, 0.5614, 0.5672, 0.5655, 0.5954, 0.5989, 0.5608, 0.5796, 0.5618, 0.5867, 0.5636, 0.6209]","[0.5439, 0.5534, 0.2536, 0.2133, 0.4909, 0.3299, 0.2783, 0.3411, 0.225, 0.3492]",2.5,,,,,[],[],,,,,,,,,,,,,,,,
trimmed_mean,trimmed,,adaptive_tol_f30,6,3,30,0.6150198899082155,0.6529735748353478,0.804122092892866,1.0,0.0,0.0,0.6050333333333333,"{""Backdoor"": 0.944, ""DDoS_HTTP"": 0.567, ""DDoS_ICMP"": 0.967, ""DDoS_TCP"": 1.0, ""DDoS_UDP"": 0.997, ""Fingerprinting"": 0.05, ""MITM"": 1.0, ""Normal"": 1.0, ""Password"": 0.107, ""Port_Scanning"": 0.133, ""Ransomware"": 0.396, ""SQL_injection"": 0.082, ""Uploading"": 1.0, ""Vulnerability_scanner"": 0.767, ""XSS"": 0.784}","[0.1954, 0.3082, 0.3541, 0.3619, 0.4365, 0.46, 0.4885, 0.5075, 0.5141, 0.548, 0.5546, 0.5539, 0.5558, 0.5528, 0.5592, 0.5595, 0.558, 0.5615, 0.5609, 0.5575, 0.568, 0.5645, 0.565, 0.5707, 0.566, 0.5828, 0.5914, 0.5975, 0.6026, 0.615]","[0.5439, 0.5534, 0.2536, 0.2133, 0.4909, 0.3299, 0.2783, 0.3411, 0.225, 0.3492]",2.5,,,,,[],[],,,,,,,,,,,,,,,,
multi_krum,krum,,adaptive_tol,6,2,30,0.6294677161903383,0.6667527239524017,0.81562717262105,1.0,0.0,0.0,0.6402,"{""Backdoor"": 0.935, ""DDoS_HTTP"": 0.953, ""DDoS_ICMP"": 0.988, ""DDoS_TCP"": 0.757, ""DDoS_UDP"": 0.997, ""Fingerprinting"": 0.0, ""MITM"": 1.0, ""Normal"": 1.0, ""Password"": 0.111, ""Port_Scanning"": 0.767, ""Ransomware"": 0.396, ""SQL_injection"": 0.089, ""Uploading"": 0.98, ""Vulnerability_scanner"": 0.838, ""XSS"": 0.19}","[0.3532, 0.4365, 0.4918, 0.5266, 0.5505, 0.5716, 0.6157, 0.6239, 0.6207, 0.6223, 0.623, 0.6271, 0.6177, 0.6221, 0.621, 0.6215, 0.6205, 0.6191, 0.6347, 0.6172, 0.6182, 0.6232, 0.62, 0.6507, 0.6166, 0.64, 0.6269, 0.6552, 0.6359, 0.6295]","[0.5439, 0.5534, 0.2536, 0.2133, 0.4909, 0.3299, 0.2783, 0.3411, 0.225, 0.3492]",2.5,30,240,60,60,"[1, 1, 1, 1, 1, 1, 1, 1, 1, 1, 1, 1, 1, 1, 1, 1, 1, 1, 1, 1, 1, 1, 1, 1, 1, 1, 1, 1, 1, 1]","[0, 0, 30, 30, 0, 30, 30, 30, 30, 30]",,,,,,,,,,,,,,,,
multi_krum,krum,,adaptive_tol_f30,6,3,30,0.6669586770777408,0.6899365467727405,0.826190315997219,1.0,0.0,0.0,0.6645333333333333,"{""Backdoor"": 0.902, ""DDoS_HTTP"": 0.846, ""DDoS_ICMP"": 0.989, ""DDoS_TCP"": 0.993, ""DDoS_UDP"": 0.995, ""Fingerprinting"": 0.125, ""MITM"": 1.0, ""Normal"": 1.0, ""Password"": 0.123, ""Port_Scanning"": 0.449, ""Ransomware"": 0.491, ""SQL_injection"": 0.085, ""Uploading"": 0.992, ""Vulnerability_scanner"": 0.789, ""XSS"": 0.569}","[0.3789, 0.4829, 0.5297, 0.6109, 0.616, 0.6246, 0.6129, 0.6292, 0.6423, 0.6324, 0.6437, 0.6362, 0.6315, 0.6498, 0.6564, 0.6536, 0.6554, 0.6515, 0.6575, 0.6111, 0.6559, 0.6582, 0.6546, 0.663, 0.6527, 0.6559, 0.6542, 0.6627, 0.6639, 0.667]","[0.5439, 0.5534, 0.2536, 0.2133, 0.4909, 0.3299, 0.2783, 0.3411, 0.225, 0.3492]",3.0,1,210,89,90,"[0, 0, 0, 0, 0, 0, 0, 0, 0, 0, 0, 0, 0, 0, 0, 0, 0, 0, 0, 1, 0, 0, 0, 0, 0, 0, 0, 0, 0, 0]","[0, 1, 0, 30, 29, 30, 30, 30, 30, 30]",,,,,,,,,,,,,,,,
secure_norm_only,norm_only,,adaptive_tol,6,2,30,0.3372419178364314,0.38606885145446984,0.6654780326986477,1.0,0.0,0.0,0.32043333333333335,"{""Backdoor"": 0.415, ""DDoS_HTTP"": 0.0, ""DDoS_ICMP"": 0.806, ""DDoS_TCP"": 0.966, ""DDoS_UDP"": 1.0, ""Fingerprinting"": 0.0, ""MITM"": 0.0, ""Normal"": 1.0, ""Password"": 0.0, ""Port_Scanning"": 0.24, ""Ransomware"": 0.0, ""SQL_injection"": 0.0, ""Uploading"": 1.0, ""Vulnerability_scanner"": 0.364, ""XSS"": 0.0}","[0.1204, 0.2231, 0.3132, 0.3372, 0.3448, 0.3502, 0.3517, 0.3515, 0.3533, 0.4136, 0.4133, 0.4139, 0.4123, 0.4201, 0.4253, 0.4256, 0.4236, 0.4259, 0.4299, 0.4341, 0.4394, 0.4498, 0.4088, 0.4175, 0.3577, 0.3644, 0.3544, 0.3091, 0.315, 0.3372]","[0.5439, 0.5534, 0.2536, 0.2133, 0.4909, 0.3299, 0.2783, 0.3411, 0.225, 0.3492]",4.9,0,240,0,60,"[0, 0, 0, 0, 0, 0, 0, 0, 0, 0, 0, 0, 0, 0, 0, 0, 0, 0, 0, 0, 0, 0, 0, 0, 0, 0, 0, 0, 0, 0]","[30, 30, 30, 30, 30, 30, 30, 30, 30, 30]",3.5,,,,,,,,,,,,,,,
secure_norm_only,norm_only,,adaptive_tol_f30,6,3,30,0.013392012246041347,0.06763502046520915,0.051245822960819934,1.0,0.9854746930218629,0.0,0.02123333333333333,"{""Backdoor"": 1.0, ""DDoS_HTTP"": 0.0, ""DDoS_ICMP"": 0.0, ""DDoS_TCP"": 0.0, ""DDoS_UDP"": 0.0, ""Fingerprinting"": 0.0, ""MITM"": 0.0, ""Normal"": 0.015, ""Password"": 0.0, ""Port_Scanning"": 0.0, ""Ransomware"": 0.0, ""SQL_injection"": 0.0, ""Uploading"": 0.0, ""Vulnerability_scanner"": 0.0, ""XSS"": 0.0}","[0.0082, 0.0266, 0.0296, 0.035, 0.0323, 0.0299, 0.0267, 0.0269, 0.0102, 0.0102, 0.0104, 0.0121, 0.0123, 0.0126, 0.0147, 0.0177, 0.0377, 0.0614, 0.0623, 0.0679, 0.0637, 0.0667, 0.0646, 0.0663, 0.0624, 0.0479, 0.0435, 0.0307, 0.0196, 0.0134]","[0.5439, 0.5534, 0.2536, 0.2133, 0.4909, 0.3299, 0.2783, 0.3411, 0.225, 0.3492]",4.8,0,210,0,90,"[0, 0, 0, 0, 0, 0, 0, 0, 0, 0, 0, 0, 0, 0, 0, 0, 0, 0, 0, 0, 0, 0, 0, 0, 0, 0, 0, 0, 0, 0]","[30, 30, 30, 30, 30, 30, 30, 30, 30, 30]",3.5,,,,,,,,,,,,,,,
faithful_root_t-0.3,faithful_root,-0.3,adaptive_tol,6,2,30,0.6568368292756378,0.6851618044270561,0.822063737693153,1.0,0.0,0.0,0.6427333333333333,"{""Backdoor"": 0.934, ""DDoS_HTTP"": 0.94, ""DDoS_ICMP"": 0.974, ""DDoS_TCP"": 0.564, ""DDoS_UDP"": 0.998, ""Fingerprinting"": 0.15, ""MITM"": 1.0, ""Normal"": 1.0, ""Password"": 0.046, ""Port_Scanning"": 0.959, ""Ransomware"": 0.396, ""SQL_injection"": 0.08, ""Uploading"": 1.0, ""Vulnerability_scanner"": 0.773, ""XSS"": 0.463}","[0.2192, 0.3309, 0.3707, 0.3761, 0.4027, 0.491, 0.5038, 0.5859, 0.5879, 0.5847, 0.5876, 0.5915, 0.5922, 0.5949, 0.6038, 0.6041, 0.6103, 0.6026, 0.6086, 0.6038, 0.608, 0.6217, 0.6202, 0.6163, 0.6268, 0.622, 0.6518, 0.6213, 0.6501, 0.6568]","[0.5439, 0.5534, 0.2536, 0.2133, 0.4909, 0.3299, 0.2783, 0.3411, 0.225, 0.3492]",5.3,2,240,0,60,"[0, 0, 0, 0, 0, 0, 0, 0, 0, 0, 0, 0, 0, 0, 0, 0, 0, 0, 0, 0, 0, 0, 0, 1, 0, 0, 0, 0, 1, 0]","[30, 30, 30, 30, 30, 28, 30, 30, 30, 30]",3.5,,,,,,,,,,,,,,,
faithful_root_t-0.3,faithful_root,-0.3,adaptive_tol_f30,6,3,30,0.6099725184735637,0.6465803419420746,0.7958240821727331,1.0,0.0,0.0,0.6095,"{""Backdoor"": 0.935, ""DDoS_HTTP"": 0.829, ""DDoS_ICMP"": 0.948, ""DDoS_TCP"": 1.0, ""DDoS_UDP"": 0.999, ""Fingerprinting"": 0.15, ""MITM"": 1.0, ""Normal"": 1.0, ""Password"": 0.046, ""Port_Scanning"": 0.44, ""Ransomware"": 0.441, ""SQL_injection"": 0.079, ""Uploading"": 0.986, ""Vulnerability_scanner"": 0.769, ""XSS"": 0.077}","[0.1563, 0.2833, 0.3531, 0.3896, 0.4567, 0.4843, 0.4967, 0.5072, 0.5076, 0.5038, 0.5175, 0.5122, 0.5351, 0.5437, 0.5459, 0.5453, 0.5453, 0.5459, 0.5463, 0.545, 0.5543, 0.5579, 0.5557, 0.558, 0.5736, 0.5921, 0.6032, 0.6112, 0.6073, 0.61]","[0.5439, 0.5534, 0.2536, 0.2133, 0.4909, 0.3299, 0.2783, 0.3411, 0.225, 0.3492]",5.2,2,210,0,90,"[0, 0, 0, 0, 0, 0, 0, 0, 0, 0, 0, 0, 0, 0, 0, 0, 0, 0, 0, 0, 0, 0, 0, 1, 0, 0, 0, 0, 1, 0]","[30, 30, 30, 30, 30, 28, 30, 30, 30, 30]",3.5,,,,,,,,,,,,,,,
faithful_root_t-0.3_clip,faithful_root,-0.3,adaptive_tol,6,2,30,0.647704635360402,0.678327367815188,0.8234093610531745,1.0,0.0,0.0,0.646,"{""Backdoor"": 0.935, ""DDoS_HTTP"": 0.803, ""DDoS_ICMP"": 0.986, ""DDoS_TCP"": 0.882, ""DDoS_UDP"": 0.997, ""Fingerprinting"": 0.0, ""MITM"": 1.0, ""Normal"": 1.0, ""Password"": 0.104, ""Port_Scanning"": 0.637, ""Ransomware"": 0.396, ""SQL_injection"": 0.085, ""Uploading"": 1.0, ""Vulnerability_scanner"": 0.843, ""XSS"": 0.508}","[0.248, 0.3842, 0.3871, 0.4462, 0.4957, 0.5686, 0.5652, 0.5739, 0.5901, 0.5923, 0.5982, 0.5986, 0.5993, 0.5991, 0.6002, 0.6075, 0.6093, 0.6099, 0.6096, 0.6135, 0.61, 0.6123, 0.6156, 0.6272, 0.6233, 0.6392, 0.6387, 0.6426, 0.6477, 0.6477]","[0.5439, 0.5534, 0.2536, 0.2133, 0.4909, 0.3299, 0.2783, 0.3411, 0.225, 0.3492]",5.1,7,240,0,60,"[0, 0, 0, 0, 0, 0, 0, 0, 0, 0, 0, 0, 0, 0, 0, 0, 0, 1, 0, 0, 1, 0, 2, 0, 0, 1, 0, 1, 1, 0]","[30, 30, 30, 30, 30, 25, 28, 30, 30, 30]",3.5,1.0,,,,,,,,,,,,,,
faithful_root_t-0.3_clip,faithful_root,-0.3,adaptive_tol_f30,6,3,30,0.6573429066903546,0.684174893396339,0.8256969207652112,1.0,0.0,0.0,0.6518666666666667,"{""Backdoor"": 0.917, ""DDoS_HTTP"": 0.65, ""DDoS_ICMP"": 0.974, ""DDoS_TCP"": 1.0, ""DDoS_UDP"": 0.997, ""Fingerprinting"": 0.04, ""MITM"": 1.0, ""Normal"": 1.0, ""Password"": 0.112, ""Port_Scanning"": 0.447, ""Ransomware"": 0.465, ""SQL_injection"": 0.085, ""Uploading"": 0.998, ""Vulnerability_scanner"": 0.773, ""XSS"": 0.804}","[0.1842, 0.3442, 0.3968, 0.426, 0.5295, 0.5361, 0.5316, 0.5383, 0.5498, 0.5538, 0.5832, 0.5972, 0.6052, 0.5958, 0.6082, 0.6205, 0.6146, 0.623, 0.6202, 0.6314, 0.616, 0.6226, 0.6231, 0.6378, 0.6385, 0.6439, 0.6476, 0.6439, 0.6544, 0.6573]","[0.5439, 0.5534, 0.2536, 0.2133, 0.4909, 0.3299, 0.2783, 0.3411, 0.225, 0.3492]",5.1,8,210,0,90,"[0, 0, 0, 0, 0, 0, 0, 0, 0, 0, 0, 0, 0, 0, 0, 0, 0, 1, 0, 0, 1, 0, 1, 1, 0, 2, 0, 1, 1, 0]","[30, 30, 30, 30, 30, 23, 29, 30, 30, 30]",3.5,1.0,,,,,,,,,,,,,,
faithful_root_t-0.3_clipnoise_z0.5,faithful_root,-0.3,adaptive_tol,6,2,30,0.6342542770526937,0.6675366633540445,0.8170849312610734,1.0,0.0,0.0002443494196701283,0.6414,"{""Backdoor"": 0.909, ""DDoS_HTTP"": 0.824, ""DDoS_ICMP"": 0.99, ""DDoS_TCP"": 0.566, ""DDoS_UDP"": 0.998, ""Fingerprinting"": 0.0, ""MITM"": 0.975, ""Normal"": 1.0, ""Password"": 0.098, ""Port_Scanning"": 0.958, ""Ransomware"": 0.441, ""SQL_injection"": 0.085, ""Uploading"": 0.986, ""Vulnerability_scanner"": 0.859, ""XSS"": 0.322}","[0.2212, 0.32, 0.3632, 0.4361, 0.3774, 0.4266, 0.4545, 0.5223, 0.5839, 0.5371, 0.542, 0.6147, 0.5446, 0.6054, 0.5999, 0.6168, 0.6174, 0.6117, 0.5993, 0.6337, 0.6216, 0.6277, 0.6225, 0.6445, 0.6308, 0.6448, 0.6549, 0.6497, 0.6402, 0.6343]","[0.5439, 0.5534, 0.2536, 0.2133, 0.4909, 0.3299, 0.2783, 0.3411, 0.225, 0.3492]",5.0,6,240,0,60,"[0, 0, 0, 0, 0, 0, 0, 0, 0, 0, 0, 0, 0, 0, 0, 0, 0, 0, 0, 1, 0, 0, 2, 0, 0, 0, 2, 0, 0, 1]","[30, 30, 30, 30, 30, 27, 27, 30, 30, 30]",3.5,1.0,0.5,,112.56537912599764,,,,,,,,,,,
faithful_root_t-0.3_clipnoise_z0.5,faithful_root,-0.3,adaptive_tol_f30,6,3,30,0.6530846370126427,0.6789508006426921,0.8198658862051178,1.0,0.0,0.0002443494196701283,0.6466000000000001,"{""Backdoor"": 0.909, ""DDoS_HTTP"": 0.777, ""DDoS_ICMP"": 0.979, ""DDoS_TCP"": 0.995, ""DDoS_UDP"": 1.0, ""Fingerprinting"": 0.145, ""MITM"": 0.951, ""Normal"": 1.0, ""Password"": 0.096, ""Port_Scanning"": 0.448, ""Ransomware"": 0.485, ""SQL_injection"": 0.04, ""Uploading"": 0.996, ""Vulnerability_scanner"": 0.815, ""XSS"": 0.548}","[0.1816, 0.2216, 0.3221, 0.4039, 0.4113, 0.4277, 0.4543, 0.4946, 0.5176, 0.5499, 0.5807, 0.6013, 0.5476, 0.6006, 0.5969, 0.618, 0.5916, 0.6013, 0.607, 0.6387, 0.6278, 0.6339, 0.6244, 0.6395, 0.6318, 0.6466, 0.6364, 0.6366, 0.6501, 0.6531]","[0.5439, 0.5534, 0.2536, 0.2133, 0.4909, 0.3299, 0.2783, 0.3411, 0.225, 0.3492]",5.1,2,210,0,90,"[0, 0, 0, 0, 0, 0, 0, 0, 0, 0, 0, 0, 0, 0, 0, 0, 0, 0, 0, 0, 0, 0, 0, 0, 0, 0, 1, 0, 1, 0]","[30, 30, 30, 30, 30, 28, 30, 30, 30, 30]",3.5,1.0,0.5,,112.56537912599764,,,,,,,,,,,
faithful_root_t-0.3_all_z1.0,faithful_root,-0.3,adaptive_tol,6,2,30,0.6034077134240708,0.635169185483786,0.807374016012918,1.0,0.0,4.0724903278354713e-05,0.6105,"{""Backdoor"": 0.934, ""DDoS_HTTP"": 0.681, ""DDoS_ICMP"": 0.981, ""DDoS_TCP"": 0.71, ""DDoS_UDP"": 1.0, ""Fingerprinting"": 0.0, ""MITM"": 0.667, ""Normal"": 1.0, ""Password"": 0.046, ""Port_Scanning"": 0.723, ""Ransomware"": 0.442, ""SQL_injection"": 0.008, ""Uploading"": 0.996, ""Vulnerability_scanner"": 0.836, ""XSS"": 0.503}","[0.1571, 0.2243, 0.3081, 0.3874, 0.3678, 0.4104, 0.417, 0.5059, 0.495, 0.5172, 0.5169, 0.5035, 0.5061, 0.5046, 0.5038, 0.5254, 0.5952, 0.5786, 0.5678, 0.5973, 0.5528, 0.5997, 0.6121, 0.6101, 0.5969, 0.6292, 0.6246, 0.6296, 0.5985, 0.6034]","[0.5439, 0.5534, 0.2536, 0.2133, 0.4909, 0.3299, 0.2783, 0.3411, 0.225, 0.3492]",5.6,0,240,0,60,"[0, 0, 0, 0, 0, 0, 0, 0, 0, 0, 0, 0, 0, 0, 0, 0, 0, 0, 0, 0, 0, 0, 0, 0, 0, 0, 0, 0, 0, 0]","[30, 30, 30, 30, 30, 30, 30, 30, 30, 30]",3.5,1.0,1.0,3.0,41.285057226388886,,,,,,,,,,,
faithful_root_t-0.3_all_z1.0,faithful_root,-0.3,adaptive_tol_f30,6,3,30,0.5868523499800437,0.6164098093287392,0.7932673977886923,1.0,0.0,0.04471594379963348,0.5654666666666667,"{""Backdoor"": 0.93, ""DDoS_HTTP"": 0.698, ""DDoS_ICMP"": 0.972, ""DDoS_TCP"": 0.712, ""DDoS_UDP"": 1.0, ""Fingerprinting"": 0.035, ""MITM"": 0.667, ""Normal"": 1.0, ""Password"": 0.063, ""Port_Scanning"": 0.497, ""Ransomware"": 0.445, ""SQL_injection"": 0.0, ""Uploading"": 0.971, ""Vulnerability_scanner"": 0.778, ""XSS"": 0.478}","[0.1251, 0.1982, 0.2779, 0.3904, 0.358, 0.347, 0.3708, 0.4364, 0.4388, 0.482, 0.4816, 0.4895, 0.4665, 0.4694, 0.4705, 0.5139, 0.5618, 0.5558, 0.5327, 0.5674, 0.5353, 0.5814, 0.5762, 0.5964, 0.5717, 0.5932, 0.552, 0.561, 0.5485, 0.5869]","[0.5439, 0.5534, 0.2536, 0.2133, 0.4909, 0.3299, 0.2783, 0.3411, 0.225, 0.3492]",5.0,0,210,0,90,"[0, 0, 0, 0, 0, 0, 0, 0, 0, 0, 0, 0, 0, 0, 0, 0, 0, 0, 0, 0, 0, 0, 0, 0, 0, 0, 0, 0, 0, 0]","[30, 30, 30, 30, 30, 30, 30, 30, 30, 30]",3.5,1.0,1.0,3.0,41.285057226388886,,,,,,,,,,,
fedavg,fedavg,,adaptive_tol,7,2,30,0.5201656498804622,0.5800892802714253,0.7877279149566037,0.9999592750967217,0.0,0.000285074322948483,0.5200333333333333,"{""Backdoor"": 0.0, ""DDoS_HTTP"": 0.594, ""DDoS_ICMP"": 0.983, ""DDoS_TCP"": 0.0, ""DDoS_UDP"": 0.997, ""Fingerprinting"": 0.0, ""MITM"": 0.226, ""Normal"": 1.0, ""Password"": 0.995, ""Port_Scanning"": 0.961, ""Ransomware"": 0.824, ""SQL_injection"": 0.085, ""Uploading"": 0.412, ""Vulnerability_scanner"": 0.781, ""XSS"": 0.842}","[0.129, 0.2418, 0.2755, 0.3057, 0.3529, 0.3828, 0.3983, 0.4042, 0.4076, 0.4326, 0.4549, 0.458, 0.4773, 0.4942, 0.5034, 0.5072, 0.5138, 0.5064, 0.514, 0.5165, 0.5273, 0.5273, 0.5307, 0.5245, 0.5226, 0.5262, 0.5207, 0.5202, 0.5197, 0.5202]","[0.2862, 0.5336, 0.3492, 0.4215, 0.4153, 0.4071, 0.5777, 0.3773, 0.2752, 0.4899]",2.6,,,,,[],[],,,,,,,,,,,,,,,,
fedavg,fedavg,,adaptive_tol_f30,7,3,30,0.00939761563472363,0.06666666666666667,0.04521294489672341,1.0,1.0,0.0,0.0094,"{""Backdoor"": 0.0, ""DDoS_HTTP"": 0.0, ""DDoS_ICMP"": 0.0, ""DDoS_TCP"": 0.0, ""DDoS_UDP"": 0.0, ""Fingerprinting"": 0.0, ""MITM"": 0.0, ""Normal"": 0.0, ""Password"": 0.0, ""Port_Scanning"": 0.0, ""Ransomware"": 0.0, ""SQL_injection"": 0.0, ""Uploading"": 0.0, ""Vulnerability_scanner"": 0.0, ""XSS"": 1.0}","[0.0119, 0.0158, 0.014, 0.0135, 0.0116, 0.0112, 0.0097, 0.0065, 0.0048, 0.0031, 0.002, 0.002, 0.0021, 0.002, 0.0016, 0.0017, 0.0017, 0.0016, 0.0016, 0.0015, 0.0094, 0.0094, 0.0094, 0.0096, 0.0094, 0.0094, 0.0094, 0.0094, 0.0094, 0.0094]","[0.2862, 0.5336, 0.3492, 0.4215, 0.4153, 0.4071, 0.5777, 0.3773, 0.2752, 0.4899]",4.3,,,,,[],[],,,,,,,,,,,,,,,,
trimmed_mean,trimmed,,adaptive_tol,7,2,30,0.6770799710185166,0.6966316087113976,0.8357890959653727,1.0,0.0,0.0,0.6779000000000001,"{""Backdoor"": 0.413, ""DDoS_HTTP"": 0.594, ""DDoS_ICMP"": 0.982, ""DDoS_TCP"": 0.575, ""DDoS_UDP"": 0.997, ""Fingerprinting"": 0.0, ""MITM"": 1.0, ""Normal"": 1.0, ""Password"": 0.996, ""Port_Scanning"": 0.961, ""Ransomware"": 0.823, ""SQL_injection"": 0.082, ""Uploading"": 0.408, ""Vulnerability_scanner"": 0.781, ""XSS"": 0.837}","[0.2816, 0.3949, 0.4386, 0.4853, 0.5207, 0.5698, 0.6007, 0.6183, 0.6195, 0.6586, 0.6596, 0.6603, 0.6625, 0.6637, 0.6633, 0.6633, 0.6646, 0.6648, 0.6646, 0.6644, 0.6645, 0.6646, 0.6665, 0.6664, 0.6662, 0.6737, 0.6776, 0.6795, 0.6771, 0.6771]","[0.2862, 0.5336, 0.3492, 0.4215, 0.4153, 0.4071, 0.5777, 0.3773, 0.2752, 0.4899]",3.8,,,,,[],[],,,,,,,,,,,,,,,,
trimmed_mean,trimmed,,adaptive_tol_f30,7,3,30,0.673909506661308,0.693249068229079,0.8300701966852811,1.0,0.0,0.0,0.6613666666666668,"{""Backdoor"": 0.413, ""DDoS_HTTP"": 0.594, ""DDoS_ICMP"": 0.988, ""DDoS_TCP"": 0.575, ""DDoS_UDP"": 0.997, ""Fingerprinting"": 0.085, ""MITM"": 1.0, ""Normal"": 1.0, ""Password"": 0.935, ""Port_Scanning"": 0.961, ""Ransomware"": 0.823, ""SQL_injection"": 0.002, ""Uploading"": 0.419, ""Vulnerability_scanner"": 0.762, ""XSS"": 0.843}","[0.2034, 0.2945, 0.3183, 0.3941, 0.4391, 0.4624, 0.4836, 0.5112, 0.5125, 0.5358, 0.5541, 0.603, 0.5961, 0.6153, 0.6128, 0.6133, 0.6067, 0.5899, 0.5906, 0.5987, 0.5926, 0.6232, 0.6243, 0.6618, 0.6634, 0.6696, 0.6523, 0.6603, 0.6499, 0.6739]","[0.2862, 0.5336, 0.3492, 0.4215, 0.4153, 0.4071, 0.5777, 0.3773, 0.2752, 0.4899]",4.5,,,,,[],[],,,,,,,,,,,,,,,,
multi_krum,krum,,adaptive_tol,7,2,30,0.6961548546969648,0.7058635555850977,0.8380766556774092,1.0,0.0,0.0,0.6950666666666666,"{""Backdoor"": 0.413, ""DDoS_HTTP"": 0.908, ""DDoS_ICMP"": 0.977, ""DDoS_TCP"": 0.659, ""DDoS_UDP"": 0.997, ""Fingerprinting"": 0.1, ""MITM"": 1.0, ""Normal"": 1.0, ""Password"": 0.961, ""Port_Scanning"": 0.872, ""Ransomware"": 0.823, ""SQL_injection"": 0.168, ""Uploading"": 0.424, ""Vulnerability_scanner"": 0.784, ""XSS"": 0.501}","[0.3641, 0.5413, 0.6015, 0.608, 0.6258, 0.6346, 0.6426, 0.6769, 0.6757, 0.6801, 0.6802, 0.6768, 0.674, 0.6766, 0.6752, 0.6792, 0.6901, 0.6906, 0.6948, 0.6929, 0.6923, 0.6924, 0.6929, 0.6923, 0.6884, 0.6904, 0.6999, 0.6957, 0.6933, 0.6962]","[0.2862, 0.5336, 0.3492, 0.4215, 0.4153, 0.4071, 0.5777, 0.3773, 0.2752, 0.4899]",2.8,30,240,60,60,"[1, 1, 1, 1, 1, 1, 1, 1, 1, 1, 1, 1, 1, 1, 1, 1, 1, 1, 1, 1, 1, 1, 1, 1, 1, 1, 1, 1, 1, 1]","[0, 0, 30, 27, 30, 30, 24, 30, 30, 9]",,,,,,,,,,,,,,,,
multi_krum,krum,,adaptive_tol_f30,7,3,30,0.7068944428217064,0.7132884801243597,0.8429881809414879,1.0,0.0,0.0,0.7072333333333334,"{""Backdoor"": 0.689, ""DDoS_HTTP"": 0.594, ""DDoS_ICMP"": 0.991, ""DDoS_TCP"": 0.575, ""DDoS_UDP"": 0.995, ""Fingerprinting"": 0.1, ""MITM"": 1.0, ""Normal"": 1.0, ""Password"": 0.973, ""Port_Scanning"": 0.961, ""Ransomware"": 0.617, ""SQL_injection"": 0.168, ""Uploading"": 0.412, ""Vulnerability_scanner"": 0.782, ""XSS"": 0.842}","[0.3587, 0.5453, 0.6113, 0.6306, 0.6373, 0.6407, 0.6533, 0.6939, 0.6864, 0.6966, 0.6915, 0.6902, 0.6923, 0.7008, 0.704, 0.7081, 0.7094, 0.7051, 0.7112, 0.7078, 0.708, 0.7061, 0.7056, 0.7111, 0.703, 0.7044, 0.7157, 0.7078, 0.707, 0.7069]","[0.2862, 0.5336, 0.3492, 0.4215, 0.4153, 0.4071, 0.5777, 0.3773, 0.2752, 0.4899]",2.9,0,210,90,90,"[0, 0, 0, 0, 0, 0, 0, 0, 0, 0, 0, 0, 0, 0, 0, 0, 0, 0, 0, 0, 0, 0, 0, 0, 0, 0, 0, 0, 0, 0]","[0, 0, 0, 30, 30, 30, 30, 30, 30, 30]",,,,,,,,,,,,,,,,
secure_norm_only,norm_only,,adaptive_tol,7,2,30,0.5203429518810532,0.5797263254834307,0.7874812173405997,0.9999592750967217,0.0,0.000285074322948483,0.5201666666666667,"{""Backdoor"": 0.0, ""DDoS_HTTP"": 0.596, ""DDoS_ICMP"": 0.983, ""DDoS_TCP"": 0.0, ""DDoS_UDP"": 0.997, ""Fingerprinting"": 0.0, ""MITM"": 0.226, ""Normal"": 1.0, ""Password"": 0.995, ""Port_Scanning"": 0.961, ""Ransomware"": 0.824, ""SQL_injection"": 0.085, ""Uploading"": 0.413, ""Vulnerability_scanner"": 0.782, ""XSS"": 0.832}","[0.129, 0.2418, 0.2754, 0.3056, 0.3529, 0.3827, 0.3983, 0.4042, 0.4073, 0.4326, 0.4559, 0.458, 0.4774, 0.496, 0.5039, 0.5094, 0.5138, 0.5068, 0.5134, 0.5164, 0.527, 0.5271, 0.5309, 0.5247, 0.5228, 0.5263, 0.5208, 0.5205, 0.5197, 0.5203]","[0.2862, 0.5336, 0.3492, 0.4215, 0.4153, 0.4071, 0.5777, 0.3773, 0.2752, 0.4899]",5.2,0,240,0,60,"[0, 0, 0, 0, 0, 0, 0, 0, 0, 0, 0, 0, 0, 0, 0, 0, 0, 0, 0, 0, 0, 0, 0, 0, 0, 0, 0, 0, 0, 0]","[30, 30, 30, 30, 30, 30, 30, 30, 30, 30]",3.5,,,,,,,,,,,,,,,
secure_norm_only,norm_only,,adaptive_tol_f30,7,3,30,0.00939761563472363,0.06666666666666667,0.04521294489672341,1.0,1.0,0.0,0.0094,"{""Backdoor"": 0.0, ""DDoS_HTTP"": 0.0, ""DDoS_ICMP"": 0.0, ""DDoS_TCP"": 0.0, ""DDoS_UDP"": 0.0, ""Fingerprinting"": 0.0, ""MITM"": 0.0, ""Normal"": 0.0, ""Password"": 0.0, ""Port_Scanning"": 0.0, ""Ransomware"": 0.0, ""SQL_injection"": 0.0, ""Uploading"": 0.0, ""Vulnerability_scanner"": 0.0, ""XSS"": 1.0}","[0.0119, 0.0158, 0.014, 0.0135, 0.0116, 0.0112, 0.0097, 0.0065, 0.0047, 0.0031, 0.002, 0.002, 0.0021, 0.0021, 0.0016, 0.0016, 0.0015, 0.0016, 0.0015, 0.0089, 0.0098, 0.0098, 0.0101, 0.0094, 0.0094, 0.0094, 0.0094, 0.0094, 0.0094, 0.0094]","[0.2862, 0.5336, 0.3492, 0.4215, 0.4153, 0.4071, 0.5777, 0.3773, 0.2752, 0.4899]",6.1,0,210,0,90,"[0, 0, 0, 0, 0, 0, 0, 0, 0, 0, 0, 0, 0, 0, 0, 0, 0, 0, 0, 0, 0, 0, 0, 0, 0, 0, 0, 0, 0, 0]","[30, 30, 30, 30, 30, 30, 30, 30, 30, 30]",3.5,,,,,,,,,,,,,,,
faithful_root_t-0.3,faithful_root,-0.3,adaptive_tol,7,2,30,0.6388152896153991,0.6644501544615199,0.8100428356769607,1.0,0.0,0.0,0.6384,"{""Backdoor"": 0.411, ""DDoS_HTTP"": 0.894, ""DDoS_ICMP"": 0.991, ""DDoS_TCP"": 0.0, ""DDoS_UDP"": 0.993, ""Fingerprinting"": 0.1, ""MITM"": 1.0, ""Normal"": 1.0, ""Password"": 0.838, ""Port_Scanning"": 0.961, ""Ransomware"": 0.823, ""SQL_injection"": 0.256, ""Uploading"": 0.44, ""Vulnerability_scanner"": 0.782, ""XSS"": 0.478}","[0.2776, 0.3914, 0.4353, 0.4606, 0.485, 0.5103, 0.5191, 0.5161, 0.5249, 0.5254, 0.5248, 0.5977, 0.5961, 0.5985, 0.6071, 0.6132, 0.6199, 0.6259, 0.6242, 0.6187, 0.6274, 0.6292, 0.6221, 0.6327, 0.6386, 0.6346, 0.6386, 0.6384, 0.638, 0.6388]","[0.2862, 0.5336, 0.3492, 0.4215, 0.4153, 0.4071, 0.5777, 0.3773, 0.2752, 0.4899]",5.9,0,240,0,60,"[0, 0, 0, 0, 0, 0, 0, 0, 0, 0, 0, 0, 0, 0, 0, 0, 0, 0, 0, 0, 0, 0, 0, 0, 0, 0, 0, 0, 0, 0]","[30, 30, 30, 30, 30, 30, 30, 30, 30, 30]",3.5,,,,,,,,,,,,,,,
faithful_root_t-0.3,faithful_root,-0.3,adaptive_tol_f30,7,3,30,0.5860565374637232,0.6169682236539781,0.7913162439166611,1.0,0.0,0.0002443494196701283,0.5841333333333334,"{""Backdoor"": 0.0, ""DDoS_HTTP"": 0.721, ""DDoS_ICMP"": 0.992, ""DDoS_TCP"": 0.0, ""DDoS_UDP"": 0.99, ""Fingerprinting"": 0.1, ""MITM"": 0.667, ""Normal"": 1.0, ""Password"": 0.643, ""Port_Scanning"": 0.961, ""Ransomware"": 0.823, ""SQL_injection"": 0.434, ""Uploading"": 0.44, ""Vulnerability_scanner"": 0.778, ""XSS"": 0.707}","[0.1723, 0.2538, 0.3163, 0.3589, 0.3848, 0.4226, 0.4261, 0.4238, 0.4436, 0.4672, 0.4881, 0.5027, 0.4903, 0.5024, 0.5038, 0.5108, 0.4982, 0.5652, 0.5591, 0.5601, 0.5682, 0.5702, 0.5723, 0.5678, 0.5681, 0.5801, 0.5827, 0.582, 0.5843, 0.5861]","[0.2862, 0.5336, 0.3492, 0.4215, 0.4153, 0.4071, 0.5777, 0.3773, 0.2752, 0.4899]",5.6,0,210,0,90,"[0, 0, 0, 0, 0, 0, 0, 0, 0, 0, 0, 0, 0, 0, 0, 0, 0, 0, 0, 0, 0, 0, 0, 0, 0, 0, 0, 0, 0, 0]","[30, 30, 30, 30, 30, 30, 30, 30, 30, 30]",3.5,,,,,,,,,,,,,,,
faithful_root_t-0.3_clip,faithful_root,-0.3,adaptive_tol,7,2,30,0.6791666357171522,0.6957494457663672,0.8351835654533629,1.0,0.0,0.0,0.6793999999999999,"{""Backdoor"": 0.413, ""DDoS_HTTP"": 0.594, ""DDoS_ICMP"": 0.984, ""DDoS_TCP"": 0.575, ""DDoS_UDP"": 0.996, ""Fingerprinting"": 0.0, ""MITM"": 1.0, ""Normal"": 1.0, ""Password"": 0.931, ""Port_Scanning"": 0.961, ""Ransomware"": 0.823, ""SQL_injection"": 0.111, ""Uploading"": 0.463, ""Vulnerability_scanner"": 0.782, ""XSS"": 0.803}","[0.303, 0.4021, 0.4328, 0.4791, 0.5089, 0.5369, 0.5635, 0.5802, 0.6303, 0.6401, 0.6428, 0.639, 0.6393, 0.6784, 0.677, 0.6773, 0.6789, 0.6786, 0.6798, 0.6785, 0.6769, 0.6767, 0.6771, 0.6774, 0.6773, 0.6775, 0.6771, 0.6779, 0.6811, 0.6792]","[0.2862, 0.5336, 0.3492, 0.4215, 0.4153, 0.4071, 0.5777, 0.3773, 0.2752, 0.4899]",5.3,0,240,0,60,"[0, 0, 0, 0, 0, 0, 0, 0, 0, 0, 0, 0, 0, 0, 0, 0, 0, 0, 0, 0, 0, 0, 0, 0, 0, 0, 0, 0, 0, 0]","[30, 30, 30, 30, 30, 30, 30, 30, 30, 30]",3.5,1.0,,,,,,,,,,,,,,
faithful_root_t-0.3_clip,faithful_root,-0.3,adaptive_tol_f30,7,3,30,0.6804422130997263,0.6931819707210433,0.8354302630693669,1.0,0.0,0.0,0.6798333333333333,"{""Backdoor"": 0.413, ""DDoS_HTTP"": 0.594, ""DDoS_ICMP"": 0.987, ""DDoS_TCP"": 0.575, ""DDoS_UDP"": 0.992, ""Fingerprinting"": 0.0, ""MITM"": 0.951, ""Normal"": 1.0, ""Password"": 0.888, ""Port_Scanning"": 0.961, ""Ransomware"": 0.823, ""SQL_injection"": 0.145, ""Uploading"": 0.465, ""Vulnerability_scanner"": 0.764, ""XSS"": 0.841}","[0.1825, 0.4062, 0.4634, 0.4987, 0.5019, 0.5026, 0.5269, 0.5326, 0.5716, 0.6063, 0.6372, 0.6415, 0.6393, 0.6411, 0.6416, 0.6453, 0.6456, 0.6458, 0.6458, 0.6449, 0.6446, 0.6469, 0.6825, 0.6818, 0.6789, 0.6834, 0.6795, 0.6792, 0.6799, 0.6804]","[0.2862, 0.5336, 0.3492, 0.4215, 0.4153, 0.4071, 0.5777, 0.3773, 0.2752, 0.4899]",6.9,0,210,0,90,"[0, 0, 0, 0, 0, 0, 0, 0, 0, 0, 0, 0, 0, 0, 0, 0, 0, 0, 0, 0, 0, 0, 0, 0, 0, 0, 0, 0, 0, 0]","[30, 30, 30, 30, 30, 30, 30, 30, 30, 30]",3.5,1.0,,,,,,,,,,,,,,
faithful_root_t-0.3_clipnoise_z0.5,faithful_root,-0.3,adaptive_tol,7,2,30,0.6789060958206495,0.6986503766103237,0.8371347193253942,1.0,0.0,0.0008144980655670943,0.6758000000000001,"{""Backdoor"": 0.41, ""DDoS_HTTP"": 0.605, ""DDoS_ICMP"": 0.973, ""DDoS_TCP"": 0.576, ""DDoS_UDP"": 0.995, ""Fingerprinting"": 0.0, ""MITM"": 1.0, ""Normal"": 1.0, ""Password"": 0.939, ""Port_Scanning"": 0.961, ""Ransomware"": 0.824, ""SQL_injection"": 0.083, ""Uploading"": 0.486, ""Vulnerability_scanner"": 0.788, ""XSS"": 0.837}","[0.261, 0.354, 0.4044, 0.4459, 0.4995, 0.4977, 0.5228, 0.5975, 0.6379, 0.6324, 0.6526, 0.6645, 0.6651, 0.6721, 0.6745, 0.6761, 0.6773, 0.6808, 0.6844, 0.6767, 0.6761, 0.6776, 0.6777, 0.6736, 0.6738, 0.6721, 0.6757, 0.6697, 0.6788, 0.6789]","[0.2862, 0.5336, 0.3492, 0.4215, 0.4153, 0.4071, 0.5777, 0.3773, 0.2752, 0.4899]",6.1,0,240,0,60,"[0, 0, 0, 0, 0, 0, 0, 0, 0, 0, 0, 0, 0, 0, 0, 0, 0, 0, 0, 0, 0, 0, 0, 0, 0, 0, 0, 0, 0, 0]","[30, 30, 30, 30, 30, 30, 30, 30, 30, 30]",3.5,1.0,0.5,,112.56537912599764,,,,,,,,,,,
faithful_root_t-0.3_clipnoise_z0.5,faithful_root,-0.3,adaptive_tol_f30,7,3,30,0.6821526387818738,0.6966898228681405,0.8391980084774272,1.0,0.0,0.0008144980655670943,0.6780666666666666,"{""Backdoor"": 0.53, ""DDoS_HTTP"": 0.605, ""DDoS_ICMP"": 0.966, ""DDoS_TCP"": 0.576, ""DDoS_UDP"": 0.993, ""Fingerprinting"": 0.0, ""MITM"": 0.914, ""Normal"": 1.0, ""Password"": 0.842, ""Port_Scanning"": 0.961, ""Ransomware"": 0.816, ""SQL_injection"": 0.083, ""Uploading"": 0.548, ""Vulnerability_scanner"": 0.777, ""XSS"": 0.839}","[0.1936, 0.3142, 0.3712, 0.4238, 0.4489, 0.4936, 0.508, 0.5102, 0.544, 0.555, 0.5252, 0.632, 0.5861, 0.6548, 0.6495, 0.6516, 0.6444, 0.6676, 0.6571, 0.6677, 0.6759, 0.679, 0.6816, 0.684, 0.6715, 0.6707, 0.6816, 0.6713, 0.6807, 0.6822]","[0.2862, 0.5336, 0.3492, 0.4215, 0.4153, 0.4071, 0.5777, 0.3773, 0.2752, 0.4899]",8.8,0,210,0,90,"[0, 0, 0, 0, 0, 0, 0, 0, 0, 0, 0, 0, 0, 0, 0, 0, 0, 0, 0, 0, 0, 0, 0, 0, 0, 0, 0, 0, 0, 0]","[30, 30, 30, 30, 30, 30, 30, 30, 30, 30]",3.5,1.0,0.5,,112.56537912599764,,,,,,,,,,,
faithful_root_t-0.3_all_z1.0,faithful_root,-0.3,adaptive_tol,7,2,30,0.6724923886396723,0.6872847621300396,0.8314158200453027,1.0,0.0,0.0,0.6604333333333333,"{""Backdoor"": 0.411, ""DDoS_HTTP"": 0.767, ""DDoS_ICMP"": 0.971, ""DDoS_TCP"": 0.564, ""DDoS_UDP"": 0.993, ""Fingerprinting"": 0.0, ""MITM"": 0.951, ""Normal"": 1.0, ""Password"": 0.896, ""Port_Scanning"": 0.884, ""Ransomware"": 0.874, ""SQL_injection"": 0.121, ""Uploading"": 0.497, ""Vulnerability_scanner"": 0.805, ""XSS"": 0.577}","[0.1843, 0.2669, 0.316, 0.4115, 0.4614, 0.4985, 0.5056, 0.5599, 0.6045, 0.5793, 0.5952, 0.6394, 0.6046, 0.6304, 0.6477, 0.6523, 0.6557, 0.6658, 0.6699, 0.6672, 0.6585, 0.6805, 0.665, 0.6729, 0.6688, 0.6584, 0.6714, 0.6313, 0.6775, 0.6725]","[0.2862, 0.5336, 0.3492, 0.4215, 0.4153, 0.4071, 0.5777, 0.3773, 0.2752, 0.4899]",10.5,0,240,0,60,"[0, 0, 0, 0, 0, 0, 0, 0, 0, 0, 0, 0, 0, 0, 0, 0, 0, 0, 0, 0, 0, 0, 0, 0, 0, 0, 0, 0, 0, 0]","[30, 30, 30, 30, 30, 30, 30, 30, 30, 30]",3.5,1.0,1.0,3.0,41.285057226388886,,,,,,,,,,,
faithful_root_t-0.3_all_z1.0,faithful_root,-0.3,adaptive_tol_f30,7,3,30,0.6450905938308822,0.6597989990708697,0.8145282468770324,1.0,0.00144753918338824,0.0,0.6398333333333334,"{""Backdoor"": 0.417, ""DDoS_HTTP"": 0.627, ""DDoS_ICMP"": 0.962, ""DDoS_TCP"": 0.478, ""DDoS_UDP"": 0.958, ""Fingerprinting"": 0.0, ""MITM"": 0.893, ""Normal"": 0.999, ""Password"": 0.808, ""Port_Scanning"": 0.916, ""Ransomware"": 0.824, ""SQL_injection"": 0.113, ""Uploading"": 0.55, ""Vulnerability_scanner"": 0.668, ""XSS"": 0.684}","[0.1111, 0.1623, 0.2652, 0.3598, 0.3772, 0.4203, 0.4617, 0.4561, 0.4432, 0.5384, 0.4637, 0.5469, 0.5418, 0.6223, 0.6224, 0.6314, 0.5873, 0.6021, 0.6007, 0.5645, 0.5936, 0.6513, 0.6387, 0.6641, 0.6737, 0.6549, 0.672, 0.621, 0.6534, 0.6451]","[0.2862, 0.5336, 0.3492, 0.4215, 0.4153, 0.4071, 0.5777, 0.3773, 0.2752, 0.4899]",7.3,0,210,0,90,"[0, 0, 0, 0, 0, 0, 0, 0, 0, 0, 0, 0, 0, 0, 0, 0, 0, 0, 0, 0, 0, 0, 0, 0, 0, 0, 0, 0, 0, 0]","[30, 30, 30, 30, 30, 30, 30, 30, 30, 30]",3.5,1.0,1.0,3.0,41.285057226388886,,,,,,,,,,,
fedavg,fedavg,,adaptive_tol,8,2,30,0.5337983182750782,0.5842250048566432,0.795308259884725,1.0,0.0,0.0,0.5244000000000001,"{""Backdoor"": 0.938, ""DDoS_HTTP"": 0.083, ""DDoS_ICMP"": 0.98, ""DDoS_TCP"": 0.974, ""DDoS_UDP"": 0.996, ""Fingerprinting"": 0.095, ""MITM"": 0.0, ""Normal"": 1.0, ""Password"": 0.075, ""Port_Scanning"": 0.545, ""Ransomware"": 0.389, ""SQL_injection"": 0.0, ""Uploading"": 0.985, ""Vulnerability_scanner"": 0.772, ""XSS"": 0.932}","[0.1728, 0.2654, 0.3006, 0.3377, 0.3538, 0.3606, 0.37, 0.3753, 0.3817, 0.405, 0.4281, 0.4598, 0.4598, 0.4593, 0.4628, 0.4627, 0.4592, 0.4569, 0.4597, 0.4708, 0.476, 0.4895, 0.5011, 0.5003, 0.5054, 0.5067, 0.5154, 0.5185, 0.5209, 0.5338]","[0.5305, 0.4124, 0.2628, 0.3285, 0.5937, 0.2371, 0.4873, 0.2858, 0.2714, 0.4343]",2.8,,,,,[],[],,,,,,,,,,,,,,,,
fedavg,fedavg,,adaptive_tol_f30,8,3,30,0.005770358609048906,0.06666666666666667,0.045235371952723764,1.0,1.0,0.0,0.0058,"{""Backdoor"": 0.0, ""DDoS_HTTP"": 0.0, ""DDoS_ICMP"": 0.0, ""DDoS_TCP"": 0.0, ""DDoS_UDP"": 0.0, ""Fingerprinting"": 0.0, ""MITM"": 0.0, ""Normal"": 0.0, ""Password"": 0.0, ""Port_Scanning"": 1.0, ""Ransomware"": 0.0, ""SQL_injection"": 0.0, ""Uploading"": 0.0, ""Vulnerability_scanner"": 0.0, ""XSS"": 0.0}","[0.0549, 0.0533, 0.0399, 0.0501, 0.0541, 0.0599, 0.0594, 0.0587, 0.0571, 0.0304, 0.0269, 0.0239, 0.0239, 0.0239, 0.0239, 0.0228, 0.0236, 0.0216, 0.0093, 0.0097, 0.0098, 0.0058, 0.0058, 0.0058, 0.0058, 0.0058, 0.0058, 0.0058, 0.0058, 0.0058]","[0.5305, 0.4124, 0.2628, 0.3285, 0.5937, 0.2371, 0.4873, 0.2858, 0.2714, 0.4343]",3.1,,,,,[],[],,,,,,,,,,,,,,,,
trimmed_mean,trimmed,,adaptive_tol,8,2,30,0.624085525801751,0.634974008387212,0.8258090560452129,1.0,0.0,0.0,0.6090666666666666,"{""Backdoor"": 0.908, ""DDoS_HTTP"": 0.533, ""DDoS_ICMP"": 0.997, ""DDoS_TCP"": 0.994, ""DDoS_UDP"": 0.995, ""Fingerprinting"": 0.115, ""MITM"": 0.082, ""Normal"": 1.0, ""Password"": 0.13, ""Port_Scanning"": 0.519, ""Ransomware"": 0.438, ""SQL_injection"": 0.309, ""Uploading"": 0.858, ""Vulnerability_scanner"": 0.771, ""XSS"": 0.875}","[0.4246, 0.4893, 0.5097, 0.5329, 0.5391, 0.5344, 0.5294, 0.5326, 0.5272, 0.5209, 0.5373, 0.5331, 0.5353, 0.5556, 0.5697, 0.5875, 0.5852, 0.5843, 0.5877, 0.5853, 0.5845, 0.6022, 0.5877, 0.5867, 0.5874, 0.6002, 0.6041, 0.5961, 0.607, 0.6241]","[0.5305, 0.4124, 0.2628, 0.3285, 0.5937, 0.2371, 0.4873, 0.2858, 0.2714, 0.4343]",3.1,,,,,[],[],,,,,,,,,,,,,,,,
trimmed_mean,trimmed,,adaptive_tol_f30,8,3,30,0.5946680855778251,0.6186051103783936,0.8178025970530849,1.0,0.0,0.0,0.5846666666666667,"{""Backdoor"": 0.557, ""DDoS_HTTP"": 0.325, ""DDoS_ICMP"": 0.987, ""DDoS_TCP"": 0.88, ""DDoS_UDP"": 0.998, ""Fingerprinting"": 0.115, ""MITM"": 0.0, ""Normal"": 1.0, ""Password"": 0.13, ""Port_Scanning"": 0.659, ""Ransomware"": 0.821, ""SQL_injection"": 0.089, ""Uploading"": 1.0, ""Vulnerability_scanner"": 0.79, ""XSS"": 0.928}","[0.3498, 0.4918, 0.4935, 0.4928, 0.5009, 0.4966, 0.5038, 0.5057, 0.503, 0.5159, 0.5338, 0.5327, 0.5306, 0.5361, 0.5408, 0.5348, 0.5335, 0.5305, 0.5415, 0.5459, 0.5488, 0.5712, 0.5681, 0.5625, 0.5587, 0.5774, 0.5912, 0.5733, 0.586, 0.5947]","[0.5305, 0.4124, 0.2628, 0.3285, 0.5937, 0.2371, 0.4873, 0.2858, 0.2714, 0.4343]",3.0,,,,,[],[],,,,,,,,,,,,,,,,
multi_krum,krum,,adaptive_tol,8,2,30,0.7265760240053715,0.7234298506553434,0.8477875709255646,1.0,0.0,0.0,0.7232333333333334,"{""Backdoor"": 0.824, ""DDoS_HTTP"": 0.597, ""DDoS_ICMP"": 0.995, ""DDoS_TCP"": 0.591, ""DDoS_UDP"": 0.996, ""Fingerprinting"": 0.155, ""MITM"": 1.0, ""Normal"": 1.0, ""Password"": 0.362, ""Port_Scanning"": 0.964, ""Ransomware"": 0.564, ""SQL_injection"": 0.684, ""Uploading"": 0.488, ""Vulnerability_scanner"": 0.774, ""XSS"": 0.858}","[0.4465, 0.5567, 0.5428, 0.5489, 0.5672, 0.5909, 0.5988, 0.5807, 0.6067, 0.5794, 0.6014, 0.5938, 0.6363, 0.643, 0.6722, 0.6751, 0.6415, 0.6742, 0.7136, 0.7192, 0.7192, 0.7164, 0.7178, 0.7133, 0.7094, 0.7128, 0.7268, 0.7268, 0.7163, 0.7266]","[0.5305, 0.4124, 0.2628, 0.3285, 0.5937, 0.2371, 0.4873, 0.2858, 0.2714, 0.4343]",2.9,30,240,60,60,"[1, 1, 1, 1, 1, 1, 1, 1, 1, 1, 1, 1, 1, 1, 1, 1, 1, 1, 1, 1, 1, 1, 1, 1, 1, 1, 1, 1, 1, 1]","[0, 0, 30, 22, 18, 30, 20, 30, 30, 30]",,,,,,,,,,,,,,,,
multi_krum,krum,,adaptive_tol_f30,8,3,30,0.695591520784247,0.7029665600991507,0.8354078360133665,1.0,0.0,0.0,0.6927333333333333,"{""Backdoor"": 0.806, ""DDoS_HTTP"": 0.597, ""DDoS_ICMP"": 0.996, ""DDoS_TCP"": 0.591, ""DDoS_UDP"": 0.996, ""Fingerprinting"": 0.115, ""MITM"": 1.0, ""Normal"": 1.0, ""Password"": 0.184, ""Port_Scanning"": 0.964, ""Ransomware"": 0.563, ""SQL_injection"": 0.261, ""Uploading"": 0.849, ""Vulnerability_scanner"": 0.825, ""XSS"": 0.798}","[0.4524, 0.5387, 0.584, 0.5733, 0.5957, 0.5956, 0.5955, 0.6085, 0.6068, 0.6249, 0.6305, 0.6314, 0.6381, 0.6767, 0.6846, 0.6863, 0.6879, 0.6836, 0.7042, 0.682, 0.6817, 0.693, 0.6921, 0.6799, 0.7018, 0.6828, 0.7006, 0.6802, 0.7024, 0.6956]","[0.5305, 0.4124, 0.2628, 0.3285, 0.5937, 0.2371, 0.4873, 0.2858, 0.2714, 0.4343]",2.9,0,210,90,90,"[0, 0, 0, 0, 0, 0, 0, 0, 0, 0, 0, 0, 0, 0, 0, 0, 0, 0, 0, 0, 0, 0, 0, 0, 0, 0, 0, 0, 0, 0]","[0, 0, 0, 30, 30, 30, 30, 30, 30, 30]",,,,,,,,,,,,,,,,
secure_norm_only,norm_only,,adaptive_tol,8,2,30,0.5343483744566906,0.5841227077523591,0.7952409787167238,1.0,0.0,0.0,0.5252333333333333,"{""Backdoor"": 0.938, ""DDoS_HTTP"": 0.084, ""DDoS_ICMP"": 0.981, ""DDoS_TCP"": 0.972, ""DDoS_UDP"": 0.996, ""Fingerprinting"": 0.095, ""MITM"": 0.0, ""Normal"": 1.0, ""Password"": 0.076, ""Port_Scanning"": 0.547, ""Ransomware"": 0.389, ""SQL_injection"": 0.0, ""Uploading"": 0.984, ""Vulnerability_scanner"": 0.769, ""XSS"": 0.932}","[0.1728, 0.2654, 0.3005, 0.3377, 0.3538, 0.3607, 0.37, 0.3753, 0.3818, 0.4052, 0.4284, 0.4597, 0.4594, 0.4593, 0.463, 0.4628, 0.4593, 0.4571, 0.4615, 0.4716, 0.4776, 0.4897, 0.502, 0.5003, 0.5063, 0.507, 0.5154, 0.5187, 0.5227, 0.5343]","[0.5305, 0.4124, 0.2628, 0.3285, 0.5937, 0.2371, 0.4873, 0.2858, 0.2714, 0.4343]",5.5,0,240,0,60,"[0, 0, 0, 0, 0, 0, 0, 0, 0, 0, 0, 0, 0, 0, 0, 0, 0, 0, 0, 0, 0, 0, 0, 0, 0, 0, 0, 0, 0, 0]","[30, 30, 30, 30, 30, 30, 30, 30, 30, 30]",3.5,,,,,,,,,,,,,,,
secure_norm_only,norm_only,,adaptive_tol_f30,8,3,30,0.005770358609048906,0.06666666666666667,0.045235371952723764,1.0,1.0,0.0,0.0058,"{""Backdoor"": 0.0, ""DDoS_HTTP"": 0.0, ""DDoS_ICMP"": 0.0, ""DDoS_TCP"": 0.0, ""DDoS_UDP"": 0.0, ""Fingerprinting"": 0.0, ""MITM"": 0.0, ""Normal"": 0.0, ""Password"": 0.0, ""Port_Scanning"": 1.0, ""Ransomware"": 0.0, ""SQL_injection"": 0.0, ""Uploading"": 0.0, ""Vulnerability_scanner"": 0.0, ""XSS"": 0.0}","[0.0549, 0.0532, 0.0399, 0.0502, 0.054, 0.0599, 0.0593, 0.0587, 0.0571, 0.0307, 0.027, 0.0239, 0.0239, 0.0239, 0.0239, 0.0239, 0.0239, 0.0237, 0.0213, 0.0212, 0.0212, 0.0212, 0.0206, 0.0195, 0.0099, 0.0058, 0.0058, 0.0058, 0.0058, 0.0058]","[0.5305, 0.4124, 0.2628, 0.3285, 0.5937, 0.2371, 0.4873, 0.2858, 0.2714, 0.4343]",5.8,0,210,0,90,"[0, 0, 0, 0, 0, 0, 0, 0, 0, 0, 0, 0, 0, 0, 0, 0, 0, 0, 0, 0, 0, 0, 0, 0, 0, 0, 0, 0, 0, 0]","[30, 30, 30, 30, 30, 30, 30, 30, 30, 30]",3.5,,,,,,,,,,,,,,,
faithful_root_t-0.3,faithful_root,-0.3,adaptive_tol,8,2,30,0.5929618243723993,0.6178350216167197,0.8173764829890781,1.0,0.0,0.0,0.6028,"{""Backdoor"": 0.94, ""DDoS_HTTP"": 0.467, ""DDoS_ICMP"": 0.997, ""DDoS_TCP"": 0.979, ""DDoS_UDP"": 0.995, ""Fingerprinting"": 0.115, ""MITM"": 0.0, ""Normal"": 1.0, ""Password"": 0.325, ""Port_Scanning"": 0.529, ""Ransomware"": 0.389, ""SQL_injection"": 0.002, ""Uploading"": 0.862, ""Vulnerability_scanner"": 0.774, ""XSS"": 0.895}","[0.3074, 0.3491, 0.4246, 0.4758, 0.5008, 0.5074, 0.5122, 0.5226, 0.5179, 0.5438, 0.5606, 0.5662, 0.5724, 0.5845, 0.6081, 0.5971, 0.6032, 0.5984, 0.601, 0.5945, 0.587, 0.6136, 0.6213, 0.6158, 0.6134, 0.6045, 0.6149, 0.5957, 0.6197, 0.593]","[0.5305, 0.4124, 0.2628, 0.3285, 0.5937, 0.2371, 0.4873, 0.2858, 0.2714, 0.4343]",5.8,2,240,0,60,"[0, 0, 0, 0, 0, 0, 0, 0, 0, 0, 0, 0, 0, 0, 0, 0, 0, 0, 0, 0, 0, 0, 0, 0, 0, 0, 0, 0, 1, 1]","[30, 30, 30, 29, 30, 30, 30, 30, 29, 30]",3.5,,,,,,,,,,,,,,,
faithful_root_t-0.3,faithful_root,-0.3,adaptive_tol_f30,8,3,30,0.5906136752534816,0.6181638857973982,0.8222880082531566,1.0,0.0,0.0,0.5913666666666667,"{""Backdoor"": 0.91, ""DDoS_HTTP"": 0.597, ""DDoS_ICMP"": 0.997, ""DDoS_TCP"": 0.875, ""DDoS_UDP"": 0.996, ""Fingerprinting"": 0.0, ""MITM"": 0.0, ""Normal"": 1.0, ""Password"": 0.297, ""Port_Scanning"": 0.652, ""Ransomware"": 0.431, ""SQL_injection"": 0.002, ""Uploading"": 0.888, ""Vulnerability_scanner"": 0.832, ""XSS"": 0.797}","[0.1749, 0.3983, 0.4445, 0.4944, 0.5332, 0.5433, 0.5465, 0.5542, 0.5755, 0.5625, 0.5802, 0.5668, 0.5834, 0.5863, 0.5832, 0.589, 0.6053, 0.6045, 0.5961, 0.5978, 0.585, 0.5971, 0.6021, 0.5919, 0.5965, 0.5914, 0.59, 0.5836, 0.5999, 0.5906]","[0.5305, 0.4124, 0.2628, 0.3285, 0.5937, 0.2371, 0.4873, 0.2858, 0.2714, 0.4343]",6.0,3,210,0,90,"[0, 0, 0, 0, 0, 0, 0, 0, 0, 0, 0, 0, 0, 0, 0, 0, 1, 0, 0, 0, 0, 0, 0, 0, 0, 0, 1, 0, 0, 1]","[30, 30, 30, 27, 30, 30, 30, 30, 30, 30]",3.5,,,,,,,,,,,,,,,
faithful_root_t-0.3_clip,faithful_root,-0.3,adaptive_tol,8,2,30,0.6106424486034501,0.6307731794503194,0.8262127430532195,1.0,0.0,0.0,0.6088333333333333,"{""Backdoor"": 0.938, ""DDoS_HTTP"": 0.597, ""DDoS_ICMP"": 0.997, ""DDoS_TCP"": 0.601, ""DDoS_UDP"": 0.994, ""Fingerprinting"": 0.115, ""MITM"": 0.0, ""Normal"": 1.0, ""Password"": 0.174, ""Port_Scanning"": 0.953, ""Ransomware"": 0.389, ""SQL_injection"": 0.109, ""Uploading"": 0.963, ""Vulnerability_scanner"": 0.774, ""XSS"": 0.858}","[0.3925, 0.4701, 0.5344, 0.5281, 0.5217, 0.5269, 0.5337, 0.539, 0.5361, 0.5452, 0.5525, 0.5496, 0.5533, 0.5779, 0.5861, 0.5861, 0.5842, 0.5837, 0.587, 0.5876, 0.586, 0.6064, 0.6031, 0.5947, 0.5947, 0.6046, 0.6097, 0.6043, 0.6116, 0.6106]","[0.5305, 0.4124, 0.2628, 0.3285, 0.5937, 0.2371, 0.4873, 0.2858, 0.2714, 0.4343]",5.9,1,240,0,60,"[0, 0, 0, 0, 0, 0, 0, 0, 0, 0, 0, 0, 0, 0, 0, 0, 0, 0, 0, 0, 0, 0, 0, 0, 0, 0, 0, 0, 1, 0]","[30, 30, 30, 30, 30, 30, 30, 30, 29, 30]",3.5,1.0,,,,,,,,,,,,,,
faithful_root_t-0.3_clip,faithful_root,-0.3,adaptive_tol_f30,8,3,30,0.5919866513588856,0.6209779040271352,0.8227814034851645,1.0,0.0,0.0,0.5882666666666667,"{""Backdoor"": 0.866, ""DDoS_HTTP"": 0.597, ""DDoS_ICMP"": 0.997, ""DDoS_TCP"": 0.622, ""DDoS_UDP"": 0.996, ""Fingerprinting"": 0.035, ""MITM"": 0.0, ""Normal"": 1.0, ""Password"": 0.163, ""Port_Scanning"": 0.922, ""Ransomware"": 0.507, ""SQL_injection"": 0.0, ""Uploading"": 0.981, ""Vulnerability_scanner"": 0.807, ""XSS"": 0.822}","[0.2784, 0.4802, 0.5175, 0.5292, 0.5335, 0.5408, 0.5741, 0.5746, 0.56, 0.5756, 0.5638, 0.5635, 0.5647, 0.5625, 0.5646, 0.5693, 0.5764, 0.5893, 0.5888, 0.5888, 0.5879, 0.5886, 0.5889, 0.5817, 0.5824, 0.5814, 0.5818, 0.5833, 0.5895, 0.592]","[0.5305, 0.4124, 0.2628, 0.3285, 0.5937, 0.2371, 0.4873, 0.2858, 0.2714, 0.4343]",6.1,0,210,0,90,"[0, 0, 0, 0, 0, 0, 0, 0, 0, 0, 0, 0, 0, 0, 0, 0, 0, 0, 0, 0, 0, 0, 0, 0, 0, 0, 0, 0, 0, 0]","[30, 30, 30, 30, 30, 30, 30, 30, 30, 30]",3.5,1.0,,,,,,,,,,,,,,
faithful_root_t-0.3_clipnoise_z0.5,faithful_root,-0.3,adaptive_tol,8,2,30,0.6170634322000251,0.630813255798209,0.8309448518692951,0.9993891264508247,0.0,0.006638159234371818,0.6080666666666666,"{""Backdoor"": 0.94, ""DDoS_HTTP"": 0.597, ""DDoS_ICMP"": 0.997, ""DDoS_TCP"": 0.778, ""DDoS_UDP"": 0.994, ""Fingerprinting"": 0.0, ""MITM"": 0.0, ""Normal"": 1.0, ""Password"": 0.476, ""Port_Scanning"": 0.755, ""Ransomware"": 0.389, ""SQL_injection"": 0.231, ""Uploading"": 0.667, ""Vulnerability_scanner"": 0.782, ""XSS"": 0.857}","[0.274, 0.361, 0.4984, 0.5407, 0.5601, 0.5537, 0.5651, 0.5543, 0.5627, 0.5544, 0.5481, 0.5628, 0.5533, 0.5671, 0.5547, 0.5394, 0.5747, 0.5734, 0.5608, 0.5821, 0.5733, 0.5937, 0.5979, 0.5992, 0.5904, 0.5905, 0.5896, 0.5978, 0.6093, 0.6171]","[0.5305, 0.4124, 0.2628, 0.3285, 0.5937, 0.2371, 0.4873, 0.2858, 0.2714, 0.4343]",6.0,1,240,0,60,"[0, 0, 0, 0, 0, 0, 0, 0, 0, 0, 0, 0, 0, 0, 0, 0, 0, 0, 0, 0, 0, 0, 0, 0, 0, 0, 0, 0, 1, 0]","[30, 30, 30, 30, 30, 30, 30, 30, 29, 30]",3.5,1.0,0.5,,112.56537912599764,,,,,,,,,,,
faithful_root_t-0.3_clipnoise_z0.5,faithful_root,-0.3,adaptive_tol_f30,8,3,30,0.6153363852007082,0.633484233735005,0.832626881069322,0.9993891264508247,0.0,0.042638973732437385,0.6048666666666667,"{""Backdoor"": 0.774, ""DDoS_HTTP"": 0.597, ""DDoS_ICMP"": 0.996, ""DDoS_TCP"": 0.755, ""DDoS_UDP"": 0.995, ""Fingerprinting"": 0.0, ""MITM"": 0.0, ""Normal"": 1.0, ""Password"": 0.596, ""Port_Scanning"": 0.769, ""Ransomware"": 0.597, ""SQL_injection"": 0.084, ""Uploading"": 0.726, ""Vulnerability_scanner"": 0.818, ""XSS"": 0.795}","[0.19, 0.362, 0.4175, 0.4736, 0.5166, 0.5183, 0.5456, 0.5488, 0.5451, 0.5426, 0.5531, 0.5635, 0.5584, 0.5562, 0.5458, 0.5473, 0.5646, 0.5809, 0.596, 0.5778, 0.5767, 0.5872, 0.5942, 0.5956, 0.5881, 0.5857, 0.5866, 0.5938, 0.6055, 0.6153]","[0.5305, 0.4124, 0.2628, 0.3285, 0.5937, 0.2371, 0.4873, 0.2858, 0.2714, 0.4343]",6.4,0,210,0,90,"[0, 0, 0, 0, 0, 0, 0, 0, 0, 0, 0, 0, 0, 0, 0, 0, 0, 0, 0, 0, 0, 0, 0, 0, 0, 0, 0, 0, 0, 0]","[30, 30, 30, 30, 30, 30, 30, 30, 30, 30]",3.5,1.0,0.5,,112.56537912599764,,,,,,,,,,,
faithful_root_t-0.3_all_z1.0,faithful_root,-0.3,adaptive_tol,8,2,30,0.6286042794204314,0.6391614067470195,0.8366413240933862,1.0,0.0,0.006841783750763592,0.6191333333333334,"{""Backdoor"": 0.911, ""DDoS_HTTP"": 0.597, ""DDoS_ICMP"": 0.999, ""DDoS_TCP"": 1.0, ""DDoS_UDP"": 0.989, ""Fingerprinting"": 0.0, ""MITM"": 0.0, ""Normal"": 1.0, ""Password"": 0.498, ""Port_Scanning"": 0.519, ""Ransomware"": 0.42, ""SQL_injection"": 0.515, ""Uploading"": 0.501, ""Vulnerability_scanner"": 0.818, ""XSS"": 0.822}","[0.1669, 0.2822, 0.3515, 0.4115, 0.4667, 0.5011, 0.5469, 0.5622, 0.5751, 0.5566, 0.5457, 0.5938, 0.5635, 0.5574, 0.5431, 0.5332, 0.5686, 0.5746, 0.601, 0.601, 0.6083, 0.6149, 0.6148, 0.5999, 0.6041, 0.605, 0.5912, 0.605, 0.6238, 0.6286]","[0.5305, 0.4124, 0.2628, 0.3285, 0.5937, 0.2371, 0.4873, 0.2858, 0.2714, 0.4343]",6.1,0,240,0,60,"[0, 0, 0, 0, 0, 0, 0, 0, 0, 0, 0, 0, 0, 0, 0, 0, 0, 0, 0, 0, 0, 0, 0, 0, 0, 0, 0, 0, 0, 0]","[30, 30, 30, 30, 30, 30, 30, 30, 30, 30]",3.5,1.0,1.0,3.0,41.285057226388886,,,,,,,,,,,
faithful_root_t-0.3_all_z1.0,faithful_root,-0.3,adaptive_tol_f30,8,3,30,0.6080879572005401,0.6309425142888437,0.8308999977572944,1.0,0.0,0.006963958460598656,0.6028333333333333,"{""Backdoor"": 0.661, ""DDoS_HTTP"": 0.597, ""DDoS_ICMP"": 0.999, ""DDoS_TCP"": 0.905, ""DDoS_UDP"": 0.99, ""Fingerprinting"": 0.0, ""MITM"": 0.0, ""Normal"": 1.0, ""Password"": 0.947, ""Port_Scanning"": 0.552, ""Ransomware"": 0.684, ""SQL_injection"": 0.051, ""Uploading"": 0.47, ""Vulnerability_scanner"": 0.819, ""XSS"": 0.789}","[0.1473, 0.2682, 0.3269, 0.3682, 0.4079, 0.4255, 0.5531, 0.5567, 0.5555, 0.5387, 0.5486, 0.5517, 0.5491, 0.5492, 0.538, 0.5308, 0.5502, 0.5603, 0.5709, 0.5771, 0.5837, 0.5843, 0.5877, 0.5787, 0.585, 0.5795, 0.5677, 0.5907, 0.6097, 0.6081]","[0.5305, 0.4124, 0.2628, 0.3285, 0.5937, 0.2371, 0.4873, 0.2858, 0.2714, 0.4343]",6.5,0,210,0,90,"[0, 0, 0, 0, 0, 0, 0, 0, 0, 0, 0, 0, 0, 0, 0, 0, 0, 0, 0, 0, 0, 0, 0, 0, 0, 0, 0, 0, 0, 0]","[30, 30, 30, 30, 30, 30, 30, 30, 30, 30]",3.5,1.0,1.0,3.0,41.285057226388886,,,,,,,,,,,
fedavg,fedavg,,adaptive_tol,9,2,30,0.3218610339379522,0.37007793333132505,0.6082890398977326,1.0,0.11590296495956873,0.0,0.3123,"{""Backdoor"": 0.0, ""DDoS_HTTP"": 1.0, ""DDoS_ICMP"": 0.958, ""DDoS_TCP"": 0.516, ""DDoS_UDP"": 0.801, ""Fingerprinting"": 0.0, ""MITM"": 0.0, ""Normal"": 0.884, ""Password"": 0.0, ""Port_Scanning"": 0.0, ""Ransomware"": 0.999, ""SQL_injection"": 0.0, ""Uploading"": 0.053, ""Vulnerability_scanner"": 0.339, ""XSS"": 0.0}","[0.0714, 0.1899, 0.2445, 0.287, 0.369, 0.4172, 0.4435, 0.4456, 0.4623, 0.4681, 0.4624, 0.4587, 0.4559, 0.4402, 0.439, 0.4147, 0.4095, 0.389, 0.3896, 0.3898, 0.3847, 0.3928, 0.3735, 0.3831, 0.3162, 0.3698, 0.3517, 0.2907, 0.3243, 0.3219]","[0.3063, 0.4046, 0.2379, 0.4314, 0.395, 0.527, 0.5784, 0.4237, 0.3687, 0.3849]",3.1,,,,,[],[],,,,,,,,,,,,,,,,
fedavg,fedavg,,adaptive_tol_f30,9,3,30,0.027497394454255364,0.06867033883419596,0.04597546480073561,1.0,1.0,0.0,0.039466666666666664,"{""Backdoor"": 0.0, ""DDoS_HTTP"": 0.0, ""DDoS_ICMP"": 0.0, ""DDoS_TCP"": 0.0, ""DDoS_UDP"": 0.0, ""Fingerprinting"": 0.0, ""MITM"": 0.0, ""Normal"": 0.0, ""Password"": 0.174, ""Port_Scanning"": 0.0, ""Ransomware"": 0.0, ""SQL_injection"": 0.0, ""Uploading"": 0.856, ""Vulnerability_scanner"": 0.0, ""XSS"": 0.0}","[0.0221, 0.048, 0.0795, 0.0709, 0.0693, 0.0635, 0.0306, 0.0359, 0.0271, 0.0254, 0.0283, 0.0219, 0.0207, 0.0246, 0.0245, 0.0287, 0.0306, 0.0288, 0.046, 0.049, 0.052, 0.0526, 0.0523, 0.0572, 0.0572, 0.0505, 0.0523, 0.0493, 0.0416, 0.0275]","[0.3063, 0.4046, 0.2379, 0.4314, 0.395, 0.527, 0.5784, 0.4237, 0.3687, 0.3849]",3.4,,,,,[],[],,,,,,,,,,,,,,,,
trimmed_mean,trimmed,,adaptive_tol,9,2,30,0.6706421584734957,0.6975227445947846,0.8363049182533808,1.0,0.0,0.0,0.6680666666666667,"{""Backdoor"": 0.436, ""DDoS_HTTP"": 0.696, ""DDoS_ICMP"": 0.996, ""DDoS_TCP"": 1.0, ""DDoS_UDP"": 0.971, ""Fingerprinting"": 0.0, ""MITM"": 1.0, ""Normal"": 1.0, ""Password"": 0.977, ""Port_Scanning"": 0.451, ""Ransomware"": 0.945, ""SQL_injection"": 0.0, ""Uploading"": 0.462, ""Vulnerability_scanner"": 0.767, ""XSS"": 0.761}","[0.3263, 0.4406, 0.4848, 0.5297, 0.5478, 0.5631, 0.5793, 0.5931, 0.6036, 0.6189, 0.6205, 0.6234, 0.6277, 0.6699, 0.6698, 0.6715, 0.6711, 0.6723, 0.6698, 0.6643, 0.6641, 0.6622, 0.6681, 0.6669, 0.6672, 0.6669, 0.6705, 0.6677, 0.6659, 0.6706]","[0.3063, 0.4046, 0.2379, 0.4314, 0.395, 0.527, 0.5784, 0.4237, 0.3687, 0.3849]",3.2,,,,,[],[],,,,,,,,,,,,,,,,
trimmed_mean,trimmed,,adaptive_tol_f30,9,3,30,0.6078540643581202,0.6524137150884715,0.8062750902689004,1.0,0.0,0.0,0.6093666666666667,"{""Backdoor"": 0.436, ""DDoS_HTTP"": 0.927, ""DDoS_ICMP"": 0.999, ""DDoS_TCP"": 0.991, ""DDoS_UDP"": 0.984, ""Fingerprinting"": 0.0, ""MITM"": 1.0, ""Normal"": 1.0, ""Password"": 0.977, ""Port_Scanning"": 0.547, ""Ransomware"": 0.897, ""SQL_injection"": 0.0, ""Uploading"": 0.459, ""Vulnerability_scanner"": 0.001, ""XSS"": 0.57}","[0.2502, 0.4061, 0.474, 0.4675, 0.4889, 0.5256, 0.5514, 0.5602, 0.5682, 0.5668, 0.566, 0.5681, 0.5681, 0.576, 0.576, 0.6095, 0.6155, 0.6091, 0.6095, 0.6097, 0.6099, 0.606, 0.6077, 0.6048, 0.6069, 0.6069, 0.6044, 0.6115, 0.6087, 0.6079]","[0.3063, 0.4046, 0.2379, 0.4314, 0.395, 0.527, 0.5784, 0.4237, 0.3687, 0.3849]",3.4,,,,,[],[],,,,,,,,,,,,,,,,
multi_krum,krum,,adaptive_tol,9,2,30,0.6963021046918635,0.7127219176088743,0.8418892551974703,1.0,0.0,0.0,0.6905,"{""Backdoor"": 0.446, ""DDoS_HTTP"": 0.616, ""DDoS_ICMP"": 0.994, ""DDoS_TCP"": 1.0, ""DDoS_UDP"": 0.997, ""Fingerprinting"": 0.115, ""MITM"": 1.0, ""Normal"": 1.0, ""Password"": 0.971, ""Port_Scanning"": 0.451, ""Ransomware"": 0.945, ""SQL_injection"": 0.073, ""Uploading"": 0.465, ""Vulnerability_scanner"": 0.799, ""XSS"": 0.818}","[0.3863, 0.5209, 0.5698, 0.6154, 0.6244, 0.6252, 0.6259, 0.6386, 0.6806, 0.6806, 0.6821, 0.6825, 0.6808, 0.679, 0.6823, 0.6825, 0.6836, 0.6847, 0.6858, 0.6937, 0.6946, 0.6848, 0.7023, 0.696, 0.6942, 0.6956, 0.7034, 0.6853, 0.6899, 0.6963]","[0.3063, 0.4046, 0.2379, 0.4314, 0.395, 0.527, 0.5784, 0.4237, 0.3687, 0.3849]",3.6,30,240,60,60,"[1, 1, 1, 1, 1, 1, 1, 1, 1, 1, 1, 1, 1, 1, 1, 1, 1, 1, 1, 1, 1, 1, 1, 1, 1, 1, 1, 1, 1, 1]","[0, 0, 30, 30, 30, 26, 4, 30, 30, 30]",,,,,,,,,,,,,,,,
multi_krum,krum,,adaptive_tol_f30,9,3,30,0.6924482882792871,0.7101355032912255,0.8428536186054857,1.0,0.0,0.0,0.6913333333333335,"{""Backdoor"": 0.771, ""DDoS_HTTP"": 0.616, ""DDoS_ICMP"": 0.998, ""DDoS_TCP"": 1.0, ""DDoS_UDP"": 0.997, ""Fingerprinting"": 0.05, ""MITM"": 1.0, ""Normal"": 1.0, ""Password"": 0.977, ""Port_Scanning"": 0.536, ""Ransomware"": 0.554, ""SQL_injection"": 0.077, ""Uploading"": 0.462, ""Vulnerability_scanner"": 0.766, ""XSS"": 0.849}","[0.4027, 0.5545, 0.5689, 0.609, 0.6217, 0.631, 0.642, 0.6425, 0.6852, 0.686, 0.6842, 0.6857, 0.6853, 0.6853, 0.6873, 0.6876, 0.684, 0.6842, 0.6845, 0.6822, 0.6883, 0.6893, 0.6888, 0.6827, 0.6839, 0.6861, 0.6901, 0.6844, 0.6972, 0.6924]","[0.3063, 0.4046, 0.2379, 0.4314, 0.395, 0.527, 0.5784, 0.4237, 0.3687, 0.3849]",3.6,0,210,90,90,"[0, 0, 0, 0, 0, 0, 0, 0, 0, 0, 0, 0, 0, 0, 0, 0, 0, 0, 0, 0, 0, 0, 0, 0, 0, 0, 0, 0, 0, 0]","[0, 0, 0, 30, 30, 30, 30, 30, 30, 30]",,,,,,,,,,,,,,,,
secure_norm_only,norm_only,,adaptive_tol,9,2,30,0.29802141499284335,0.3628375918765431,0.6035345040256566,1.0,0.11615254068084256,0.0,0.28953333333333336,"{""Backdoor"": 0.963, ""DDoS_HTTP"": 1.0, ""DDoS_ICMP"": 0.972, ""DDoS_TCP"": 0.638, ""DDoS_UDP"": 0.849, ""Fingerprinting"": 0.0, ""MITM"": 0.0, ""Normal"": 0.884, ""Password"": 0.0, ""Port_Scanning"": 0.023, ""Ransomware"": 0.113, ""SQL_injection"": 0.0, ""Uploading"": 0.0, ""Vulnerability_scanner"": 0.0, ""XSS"": 0.0}","[0.0714, 0.1899, 0.2444, 0.287, 0.369, 0.4172, 0.4435, 0.4457, 0.4623, 0.4681, 0.4624, 0.4585, 0.4558, 0.4402, 0.4389, 0.4143, 0.4095, 0.3864, 0.388, 0.3842, 0.3838, 0.3924, 0.3715, 0.3548, 0.3255, 0.3177, 0.2983, 0.2775, 0.2931, 0.298]","[0.3063, 0.4046, 0.2379, 0.4314, 0.395, 0.527, 0.5784, 0.4237, 0.3687, 0.3849]",6.5,0,240,0,60,"[0, 0, 0, 0, 0, 0, 0, 0, 0, 0, 0, 0, 0, 0, 0, 0, 0, 0, 0, 0, 0, 0, 0, 0, 0, 0, 0, 0, 0, 0]","[30, 30, 30, 30, 30, 30, 30, 30, 30, 30]",3.5,,,,,,,,,,,,,,,
secure_norm_only,norm_only,,adaptive_tol_f30,9,3,30,0.042262695265526826,0.11185094948836669,0.07524277288120389,1.0,1.0,0.0,0.031199999999999995,"{""Backdoor"": 0.0, ""DDoS_HTTP"": 0.0, ""DDoS_ICMP"": 0.0, ""DDoS_TCP"": 0.0, ""DDoS_UDP"": 0.0, ""Fingerprinting"": 0.0, ""MITM"": 0.0, ""Normal"": 0.0, ""Password"": 0.12, ""Port_Scanning"": 0.61, ""Ransomware"": 0.0, ""SQL_injection"": 0.0, ""Uploading"": 0.948, ""Vulnerability_scanner"": 0.0, ""XSS"": 0.0}","[0.0221, 0.048, 0.0795, 0.0709, 0.0693, 0.0634, 0.0304, 0.0358, 0.0271, 0.0256, 0.029, 0.0269, 0.0255, 0.0273, 0.0299, 0.034, 0.0479, 0.0445, 0.0504, 0.0454, 0.0518, 0.0511, 0.05, 0.0472, 0.0451, 0.036, 0.0363, 0.0276, 0.0237, 0.0423]","[0.3063, 0.4046, 0.2379, 0.4314, 0.395, 0.527, 0.5784, 0.4237, 0.3687, 0.3849]",9.3,0,210,0,90,"[0, 0, 0, 0, 0, 0, 0, 0, 0, 0, 0, 0, 0, 0, 0, 0, 0, 0, 0, 0, 0, 0, 0, 0, 0, 0, 0, 0, 0, 0]","[30, 30, 30, 30, 30, 30, 30, 30, 30, 30]",3.5,,,,,,,,,,,,,,,
faithful_root_t-0.3,faithful_root,-0.3,adaptive_tol,9,2,30,0.6904416675581743,0.7084825694320246,0.8390858731974253,1.0,0.0,0.0,0.6882,"{""Backdoor"": 0.649, ""DDoS_HTTP"": 0.942, ""DDoS_ICMP"": 0.996, ""DDoS_TCP"": 0.87, ""DDoS_UDP"": 0.968, ""Fingerprinting"": 0.115, ""MITM"": 1.0, ""Normal"": 1.0, ""Password"": 0.73, ""Port_Scanning"": 0.666, ""Ransomware"": 0.834, ""SQL_injection"": 0.0, ""Uploading"": 0.621, ""Vulnerability_scanner"": 0.812, ""XSS"": 0.424}","[0.2344, 0.4519, 0.5022, 0.56, 0.57, 0.5835, 0.5777, 0.5838, 0.5801, 0.5855, 0.6324, 0.637, 0.6492, 0.64, 0.6777, 0.65, 0.6754, 0.6862, 0.6771, 0.6844, 0.6774, 0.6879, 0.6934, 0.6785, 0.6787, 0.6878, 0.686, 0.6812, 0.693, 0.6904]","[0.3063, 0.4046, 0.2379, 0.4314, 0.395, 0.527, 0.5784, 0.4237, 0.3687, 0.3849]",8.7,0,240,0,60,"[0, 0, 0, 0, 0, 0, 0, 0, 0, 0, 0, 0, 0, 0, 0, 0, 0, 0, 0, 0, 0, 0, 0, 0, 0, 0, 0, 0, 0, 0]","[30, 30, 30, 30, 30, 30, 30, 30, 30, 30]",3.5,,,,,,,,,,,,,,,
faithful_root_t-0.3,faithful_root,-0.3,adaptive_tol_f30,9,3,30,0.5280666271632426,0.5636585671260855,0.7800578618044809,1.0,0.0,0.0,0.5214,"{""Backdoor"": 0.433, ""DDoS_HTTP"": 0.924, ""DDoS_ICMP"": 0.903, ""DDoS_TCP"": 0.0, ""DDoS_UDP"": 0.884, ""Fingerprinting"": 0.0, ""MITM"": 0.136, ""Normal"": 1.0, ""Password"": 0.375, ""Port_Scanning"": 1.0, ""Ransomware"": 0.833, ""SQL_injection"": 0.0, ""Uploading"": 0.796, ""Vulnerability_scanner"": 0.788, ""XSS"": 0.382}","[0.1924, 0.2677, 0.4245, 0.4451, 0.4664, 0.4891, 0.5838, 0.5741, 0.5983, 0.6022, 0.6112, 0.6154, 0.582, 0.6497, 0.6535, 0.5819, 0.6596, 0.6573, 0.586, 0.663, 0.6371, 0.5892, 0.5241, 0.6118, 0.5521, 0.6104, 0.5774, 0.5233, 0.5128, 0.5281]","[0.3063, 0.4046, 0.2379, 0.4314, 0.395, 0.527, 0.5784, 0.4237, 0.3687, 0.3849]",5.9,19,210,0,90,"[0, 0, 0, 0, 0, 0, 0, 0, 0, 1, 1, 1, 0, 0, 1, 1, 1, 1, 1, 1, 1, 1, 1, 1, 1, 1, 1, 1, 1, 1]","[30, 30, 30, 30, 30, 30, 11, 30, 30, 30]",3.5,,,,,,,,,,,,,,,
faithful_root_t-0.3_clip,faithful_root,-0.3,adaptive_tol,9,2,30,0.686574417150468,0.7075381464557052,0.8411940164614591,1.0,0.0,0.00016289961311341885,0.6847666666666666,"{""Backdoor"": 0.894, ""DDoS_HTTP"": 0.932, ""DDoS_ICMP"": 0.995, ""DDoS_TCP"": 1.0, ""DDoS_UDP"": 0.997, ""Fingerprinting"": 0.05, ""MITM"": 1.0, ""Normal"": 1.0, ""Password"": 0.975, ""Port_Scanning"": 0.536, ""Ransomware"": 0.442, ""SQL_injection"": 0.073, ""Uploading"": 0.464, ""Vulnerability_scanner"": 0.771, ""XSS"": 0.484}","[0.3028, 0.4566, 0.5178, 0.5566, 0.5834, 0.6007, 0.6181, 0.6105, 0.6196, 0.6261, 0.6282, 0.6291, 0.6287, 0.6683, 0.6685, 0.6675, 0.6681, 0.668, 0.6688, 0.671, 0.673, 0.6761, 0.6779, 0.6782, 0.6783, 0.68, 0.6838, 0.6833, 0.6844, 0.6866]","[0.3063, 0.4046, 0.2379, 0.4314, 0.395, 0.527, 0.5784, 0.4237, 0.3687, 0.3849]",6.8,0,240,0,60,"[0, 0, 0, 0, 0, 0, 0, 0, 0, 0, 0, 0, 0, 0, 0, 0, 0, 0, 0, 0, 0, 0, 0, 0, 0, 0, 0, 0, 0, 0]","[30, 30, 30, 30, 30, 30, 30, 30, 30, 30]",3.5,1.0,,,,,,,,,,,,,,
faithful_root_t-0.3_clip,faithful_root,-0.3,adaptive_tol_f30,9,3,30,0.6728639415617274,0.6942963754212809,0.8333669739173338,1.0,0.0,0.0002443494196701283,0.6669,"{""Backdoor"": 0.608, ""DDoS_HTTP"": 0.69, ""DDoS_ICMP"": 0.998, ""DDoS_TCP"": 1.0, ""DDoS_UDP"": 0.995, ""Fingerprinting"": 0.02, ""MITM"": 1.0, ""Normal"": 1.0, ""Password"": 0.557, ""Port_Scanning"": 0.537, ""Ransomware"": 0.758, ""SQL_injection"": 0.0, ""Uploading"": 0.717, ""Vulnerability_scanner"": 0.765, ""XSS"": 0.771}","[0.235, 0.4849, 0.5048, 0.5121, 0.5308, 0.5877, 0.5949, 0.6149, 0.611, 0.6188, 0.6265, 0.6215, 0.6253, 0.6619, 0.6687, 0.6558, 0.6623, 0.669, 0.6674, 0.6655, 0.6622, 0.6717, 0.6675, 0.6588, 0.6598, 0.6659, 0.664, 0.6619, 0.6659, 0.6729]","[0.3063, 0.4046, 0.2379, 0.4314, 0.395, 0.527, 0.5784, 0.4237, 0.3687, 0.3849]",6.7,0,210,0,90,"[0, 0, 0, 0, 0, 0, 0, 0, 0, 0, 0, 0, 0, 0, 0, 0, 0, 0, 0, 0, 0, 0, 0, 0, 0, 0, 0, 0, 0, 0]","[30, 30, 30, 30, 30, 30, 30, 30, 30, 30]",3.5,1.0,,,,,,,,,,,,,,
faithful_root_t-0.3_clipnoise_z0.5,faithful_root,-0.3,adaptive_tol,9,2,30,0.6920838937912371,0.7065233933407471,0.8378523851174057,1.0,0.0,0.0,0.6859000000000001,"{""Backdoor"": 0.831, ""DDoS_HTTP"": 0.895, ""DDoS_ICMP"": 0.99, ""DDoS_TCP"": 1.0, ""DDoS_UDP"": 0.997, ""Fingerprinting"": 0.115, ""MITM"": 1.0, ""Normal"": 1.0, ""Password"": 0.739, ""Port_Scanning"": 0.536, ""Ransomware"": 0.521, ""SQL_injection"": 0.077, ""Uploading"": 0.617, ""Vulnerability_scanner"": 0.763, ""XSS"": 0.518}","[0.2205, 0.3925, 0.4833, 0.545, 0.5836, 0.5923, 0.58, 0.575, 0.5926, 0.5751, 0.5815, 0.5776, 0.6174, 0.624, 0.6313, 0.6367, 0.6521, 0.6858, 0.6869, 0.6829, 0.6901, 0.6896, 0.6943, 0.6895, 0.6974, 0.6894, 0.6751, 0.6727, 0.6929, 0.6921]","[0.3063, 0.4046, 0.2379, 0.4314, 0.395, 0.527, 0.5784, 0.4237, 0.3687, 0.3849]",6.7,0,240,0,60,"[0, 0, 0, 0, 0, 0, 0, 0, 0, 0, 0, 0, 0, 0, 0, 0, 0, 0, 0, 0, 0, 0, 0, 0, 0, 0, 0, 0, 0, 0]","[30, 30, 30, 30, 30, 30, 30, 30, 30, 30]",3.5,1.0,0.5,,112.56537912599764,,,,,,,,,,,
faithful_root_t-0.3_clipnoise_z0.5,faithful_root,-0.3,adaptive_tol_f30,9,3,30,0.6744066669262833,0.6946401729960464,0.8297337908452758,1.0,0.0,0.0,0.673,"{""Backdoor"": 0.823, ""DDoS_HTTP"": 0.636, ""DDoS_ICMP"": 0.994, ""DDoS_TCP"": 1.0, ""DDoS_UDP"": 0.997, ""Fingerprinting"": 0.115, ""MITM"": 1.0, ""Normal"": 1.0, ""Password"": 0.29, ""Port_Scanning"": 0.536, ""Ransomware"": 0.533, ""SQL_injection"": 0.0, ""Uploading"": 0.916, ""Vulnerability_scanner"": 0.755, ""XSS"": 0.825}","[0.1842, 0.3731, 0.4565, 0.4863, 0.501, 0.5522, 0.5574, 0.5892, 0.6013, 0.5867, 0.6057, 0.594, 0.6177, 0.6171, 0.6187, 0.6577, 0.6744, 0.6884, 0.6709, 0.6724, 0.6732, 0.648, 0.6485, 0.6623, 0.7021, 0.6697, 0.6445, 0.658, 0.6866, 0.6744]","[0.3063, 0.4046, 0.2379, 0.4314, 0.395, 0.527, 0.5784, 0.4237, 0.3687, 0.3849]",5.6,0,210,0,90,"[0, 0, 0, 0, 0, 0, 0, 0, 0, 0, 0, 0, 0, 0, 0, 0, 0, 0, 0, 0, 0, 0, 0, 0, 0, 0, 0, 0, 0, 0]","[30, 30, 30, 30, 30, 30, 30, 30, 30, 30]",3.5,1.0,0.5,,112.56537912599764,,,,,,,,,,,
faithful_root_t-0.3_all_z1.0,faithful_root,-0.3,adaptive_tol,9,2,30,0.6229269650564204,0.6320203986002596,0.8219291753571508,1.0,0.0,0.0,0.6157666666666667,"{""Backdoor"": 0.76, ""DDoS_HTTP"": 0.86, ""DDoS_ICMP"": 0.978, ""DDoS_TCP"": 0.8, ""DDoS_UDP"": 0.996, ""Fingerprinting"": 0.025, ""MITM"": 0.222, ""Normal"": 1.0, ""Password"": 0.541, ""Port_Scanning"": 0.657, ""Ransomware"": 0.632, ""SQL_injection"": 0.077, ""Uploading"": 0.737, ""Vulnerability_scanner"": 0.719, ""XSS"": 0.478}","[0.1167, 0.2837, 0.3809, 0.4253, 0.4932, 0.5248, 0.5606, 0.5699, 0.5585, 0.4745, 0.5404, 0.5439, 0.575, 0.5893, 0.5846, 0.625, 0.6075, 0.6274, 0.612, 0.6126, 0.6313, 0.6307, 0.615, 0.613, 0.6319, 0.6296, 0.6204, 0.6062, 0.6182, 0.6229]","[0.3063, 0.4046, 0.2379, 0.4314, 0.395, 0.527, 0.5784, 0.4237, 0.3687, 0.3849]",5.2,0,240,0,60,"[0, 0, 0, 0, 0, 0, 0, 0, 0, 0, 0, 0, 0, 0, 0, 0, 0, 0, 0, 0, 0, 0, 0, 0, 0, 0, 0, 0, 0, 0]","[30, 30, 30, 30, 30, 30, 30, 30, 30, 30]",3.5,1.0,1.0,3.0,41.285057226388886,,,,,,,,,,,
faithful_root_t-0.3_all_z1.0,faithful_root,-0.3,adaptive_tol_f30,9,3,30,0.5899285138324724,0.6140905205237761,0.8116351566529861,1.0,0.0,0.0,0.5863,"{""Backdoor"": 0.709, ""DDoS_HTTP"": 0.713, ""DDoS_ICMP"": 0.982, ""DDoS_TCP"": 0.826, ""DDoS_UDP"": 0.997, ""Fingerprinting"": 0.0, ""MITM"": 0.202, ""Normal"": 1.0, ""Password"": 0.122, ""Port_Scanning"": 0.727, ""Ransomware"": 0.586, ""SQL_injection"": 0.0, ""Uploading"": 0.998, ""Vulnerability_scanner"": 0.731, ""XSS"": 0.62}","[0.0886, 0.2272, 0.3363, 0.34, 0.4244, 0.4368, 0.4978, 0.5263, 0.5289, 0.4642, 0.5297, 0.5286, 0.5688, 0.5659, 0.5617, 0.5847, 0.5741, 0.6, 0.591, 0.5868, 0.6064, 0.5676, 0.5667, 0.5902, 0.5954, 0.5605, 0.5479, 0.5802, 0.5888, 0.5899]","[0.3063, 0.4046, 0.2379, 0.4314, 0.395, 0.527, 0.5784, 0.4237, 0.3687, 0.3849]",5.1,0,210,0,90,"[0, 0, 0, 0, 0, 0, 0, 0, 0, 0, 0, 0, 0, 0, 0, 0, 0, 0, 0, 0, 0, 0, 0, 0, 0, 0, 0, 0, 0, 0]","[30, 30, 30, 30, 30, 30, 30, 30, 30, 30]",3.5,1.0,1.0,3.0,41.285057226388886,,,,,,,,,,,
