arm,family,tau,scenario,seed,n_byz,rounds,final_macro_f1,final_bal_acc,final_acc,final_detect,final_fpr,final_asr,last3_macro_f1,per_class_recall,curve_macro_f1,site_tv,seconds,honest_rejected,honest_total,byz_rejected,byz_total,hrej_curve,site_accept,kappa_used,clip,z,agg,dp_epsilon,obs_topo_rho,obs_topo_b2_rho,obs_attr_rho,obs_top3,obs_nn_hit,obs_collude_topo_rho,obs_collude_topo_b2_rho,obs_collude_attr_rho,obs_collude_top3,obs_collude_nn_hit,obs_bit_rho
local_only,local_only,,none,0,0,30,0.5282182182895273,0.5827622050539083,0.7679943483818878,1.0,0.0,0.005831806149460396,0.5282182182895273,"{""Backdoor"": 0.441, ""DDoS_HTTP"": 0.0, ""DDoS_ICMP"": 0.0, ""DDoS_TCP"": 0.591, ""DDoS_UDP"": 0.996, ""Fingerprinting"": 0.64, ""MITM"": 1.0, ""Normal"": 1.0, ""Password"": 0.14, ""Port_Scanning"": 0.886, ""Ransomware"": 0.951, ""SQL_injection"": 1.0, ""Uploading"": 0.214, ""Vulnerability_scanner"": 0.994, ""XSS"": 0.121}",[],"[0.5099, 0.5453, 0.2592, 0.2317, 0.2262, 0.3365, 0.2715, 0.3308, 0.2122, 0.2688]",2.1,,,,,[],[],,,,,,,,,,,,,,,,
centralized,centralized,,none,0,0,30,0.7071011571193265,0.7188331019818138,0.850747942317612,1.0,0.0,0.0,0.7123333333333334,"{""Backdoor"": 0.896, ""DDoS_HTTP"": 0.607, ""DDoS_ICMP"": 0.994, ""DDoS_TCP"": 0.921, ""DDoS_UDP"": 0.997, ""Fingerprinting"": 0.0, ""MITM"": 1.0, ""Normal"": 1.0, ""Password"": 0.946, ""Port_Scanning"": 0.618, ""Ransomware"": 0.55, ""SQL_injection"": 0.209, ""Uploading"": 0.409, ""Vulnerability_scanner"": 0.797, ""XSS"": 0.84}","[0.4339, 0.5352, 0.5707, 0.5921, 0.5974, 0.6233, 0.6237, 0.6315, 0.6605, 0.6982, 0.707, 0.7032, 0.7092, 0.7057, 0.7061, 0.7143, 0.7033, 0.7075, 0.7139, 0.7109, 0.7035, 0.7103, 0.7091, 0.7088, 0.7133, 0.7126, 0.7065, 0.7146, 0.7153, 0.7071]","[0.5099, 0.5453, 0.2592, 0.2317, 0.2262, 0.3365, 0.2715, 0.3308, 0.2122, 0.2688]",1.8,,,,,[],[],,,,,,,,,,,,,,,,
fedavg,fedavg,,none,0,0,30,0.7215338054636221,0.7270310338292023,0.848505236717576,1.0,0.0,0.0,0.7192333333333334,"{""Backdoor"": 0.832, ""DDoS_HTTP"": 0.615, ""DDoS_ICMP"": 0.991, ""DDoS_TCP"": 0.824, ""DDoS_UDP"": 0.997, ""Fingerprinting"": 0.2, ""MITM"": 1.0, ""Normal"": 1.0, ""Password"": 0.104, ""Port_Scanning"": 0.726, ""Ransomware"": 0.573, ""SQL_injection"": 0.983, ""Uploading"": 0.448, ""Vulnerability_scanner"": 0.772, ""XSS"": 0.841}","[0.4244, 0.5387, 0.6165, 0.6249, 0.6306, 0.6403, 0.6399, 0.6471, 0.6459, 0.6504, 0.6865, 0.6879, 0.6881, 0.69, 0.6904, 0.69, 0.6945, 0.7096, 0.7146, 0.7193, 0.7193, 0.7197, 0.7194, 0.7242, 0.7209, 0.7229, 0.719, 0.72, 0.7162, 0.7215]","[0.5099, 0.5453, 0.2592, 0.2317, 0.2262, 0.3365, 0.2715, 0.3308, 0.2122, 0.2688]",2.4,,,,,[],[],,,,,,0.14229249011857706,0.31581027667984185,0.8214285714285712,0.8,0.4,,,,,,
fedavg,fedavg,,signflip,0,2,30,0.08296768676654587,0.13549320322119066,0.4707663325035323,1.0,0.062344015174203855,0.0,0.08993333333333332,"{""Backdoor"": 0.0, ""DDoS_HTTP"": 0.0, ""DDoS_ICMP"": 0.0, ""DDoS_TCP"": 1.0, ""DDoS_UDP"": 0.0, ""Fingerprinting"": 0.0, ""MITM"": 0.0, ""Normal"": 0.938, ""Password"": 0.0, ""Port_Scanning"": 0.0, ""Ransomware"": 0.0, ""SQL_injection"": 0.0, ""Uploading"": 0.0, ""Vulnerability_scanner"": 0.0, ""XSS"": 0.095}","[0.1012, 0.144, 0.1302, 0.1405, 0.1416, 0.142, 0.1403, 0.1451, 0.1371, 0.1194, 0.1112, 0.1095, 0.1073, 0.106, 0.108, 0.1083, 0.1124, 0.1121, 0.1126, 0.1137, 0.111, 0.1339, 0.1237, 0.0972, 0.0851, 0.0874, 0.0828, 0.1041, 0.0827, 0.083]","[0.5099, 0.5453, 0.2592, 0.2317, 0.2262, 0.3365, 0.2715, 0.3308, 0.2122, 0.2688]",2.5,,,,,[],[],,,,,,,,,,,,,,,,
fedavg,fedavg,,labelflip,0,2,30,0.6282504175841075,0.6561905373984125,0.8092803157729485,0.9998371003868866,0.0,0.027978008552229688,0.6310666666666666,"{""Backdoor"": 0.609, ""DDoS_HTTP"": 0.607, ""DDoS_ICMP"": 0.989, ""DDoS_TCP"": 0.997, ""DDoS_UDP"": 0.997, ""Fingerprinting"": 0.0, ""MITM"": 0.984, ""Normal"": 1.0, ""Password"": 0.104, ""Port_Scanning"": 0.46, ""Ransomware"": 0.769, ""SQL_injection"": 0.156, ""Uploading"": 0.955, ""Vulnerability_scanner"": 0.295, ""XSS"": 0.922}","[0.2862, 0.4527, 0.4803, 0.5088, 0.5267, 0.554, 0.5673, 0.5823, 0.5803, 0.5801, 0.5842, 0.6244, 0.6308, 0.6286, 0.6323, 0.6522, 0.6268, 0.6274, 0.6258, 0.6252, 0.6242, 0.6345, 0.629, 0.6443, 0.627, 0.6249, 0.6507, 0.6318, 0.6331, 0.6283]","[0.5099, 0.5453, 0.2592, 0.2317, 0.2262, 0.3365, 0.2715, 0.3308, 0.2122, 0.2688]",2.5,,,,,[],[],,,,,,,,,,,,,,,,
fedavg,fedavg,,targeted_flip,0,2,30,0.6886186973227865,0.702478678279239,0.8400726636614412,0.992873141926288,0.0,0.45770718794542864,0.6903333333333334,"{""Backdoor"": 0.713, ""DDoS_HTTP"": 0.668, ""DDoS_ICMP"": 0.986, ""DDoS_TCP"": 0.997, ""DDoS_UDP"": 0.996, ""Fingerprinting"": 0.0, ""MITM"": 1.0, ""Normal"": 1.0, ""Password"": 0.104, ""Port_Scanning"": 0.54, ""Ransomware"": 0.621, ""SQL_injection"": 0.982, ""Uploading"": 0.439, ""Vulnerability_scanner"": 0.728, ""XSS"": 0.763}","[0.3015, 0.3953, 0.495, 0.5635, 0.5886, 0.6033, 0.6212, 0.632, 0.6354, 0.6415, 0.6446, 0.6456, 0.6446, 0.6456, 0.6477, 0.6446, 0.6862, 0.6873, 0.6871, 0.6869, 0.6868, 0.6841, 0.6903, 0.6888, 0.6889, 0.6909, 0.6912, 0.6894, 0.693, 0.6886]","[0.5099, 0.5453, 0.2592, 0.2317, 0.2262, 0.3365, 0.2715, 0.3308, 0.2122, 0.2688]",2.9,,,,,[],[],,,,,,,,,,,,,,,,
fedavg,fedavg,,backdoor,0,2,30,0.7083141113149656,0.7183229861389023,0.844872053645518,1.0,0.0,1.0,0.6977333333333333,"{""Backdoor"": 0.881, ""DDoS_HTTP"": 0.607, ""DDoS_ICMP"": 0.993, ""DDoS_TCP"": 1.0, ""DDoS_UDP"": 0.997, ""Fingerprinting"": 0.145, ""MITM"": 1.0, ""Normal"": 1.0, ""Password"": 0.122, ""Port_Scanning"": 0.54, ""Ransomware"": 0.455, ""SQL_injection"": 0.982, ""Uploading"": 0.423, ""Vulnerability_scanner"": 0.776, ""XSS"": 0.854}","[0.237, 0.473, 0.5234, 0.5769, 0.6066, 0.6159, 0.6328, 0.6355, 0.6418, 0.6418, 0.6426, 0.6445, 0.6462, 0.6442, 0.6463, 0.6445, 0.6869, 0.6901, 0.6893, 0.6901, 0.6907, 0.6919, 0.6987, 0.6927, 0.6919, 0.6918, 0.6912, 0.6931, 0.6918, 0.7083]","[0.5099, 0.5453, 0.2592, 0.2317, 0.2262, 0.3365, 0.2715, 0.3308, 0.2122, 0.2688]",2.5,,,,,[],[],,,,,,,,,,,,,,,,
fedavg,fedavg,,backdoor_boost,0,2,30,0.7232405825593138,0.7281894155286907,0.8462849581735405,1.0,0.0,1.0,0.7191,"{""Backdoor"": 0.885, ""DDoS_HTTP"": 0.607, ""DDoS_ICMP"": 0.988, ""DDoS_TCP"": 0.594, ""DDoS_UDP"": 0.998, ""Fingerprinting"": 0.275, ""MITM"": 1.0, ""Normal"": 1.0, ""Password"": 0.125, ""Port_Scanning"": 0.966, ""Ransomware"": 0.455, ""SQL_injection"": 0.983, ""Uploading"": 0.422, ""Vulnerability_scanner"": 0.777, ""XSS"": 0.85}","[0.2592, 0.5063, 0.5722, 0.6217, 0.6355, 0.6424, 0.6523, 0.6471, 0.6475, 0.6495, 0.6541, 0.6908, 0.7071, 0.7096, 0.7174, 0.7055, 0.7133, 0.7071, 0.7175, 0.7145, 0.723, 0.7235, 0.7229, 0.7221, 0.717, 0.721, 0.7238, 0.7132, 0.7209, 0.7232]","[0.5099, 0.5453, 0.2592, 0.2317, 0.2262, 0.3365, 0.2715, 0.3308, 0.2122, 0.2688]",2.6,,,,,[],[],,,,,,,,,,,,,,,,
fedavg,fedavg,,adaptive,0,2,30,0.39982760493503744,0.47511668410394603,0.7260759380116172,0.9993891264508247,4.99151442547669e-05,0.026389737324373854,0.39476666666666665,"{""Backdoor"": 0.0, ""DDoS_HTTP"": 0.607, ""DDoS_ICMP"": 1.0, ""DDoS_TCP"": 1.0, ""DDoS_UDP"": 0.442, ""Fingerprinting"": 0.0, ""MITM"": 0.0, ""Normal"": 1.0, ""Password"": 0.0, ""Port_Scanning"": 0.15, ""Ransomware"": 0.77, ""SQL_injection"": 0.926, ""Uploading"": 0.358, ""Vulnerability_scanner"": 0.0, ""XSS"": 0.874}","[0.1225, 0.1653, 0.1879, 0.1902, 0.1865, 0.2255, 0.2288, 0.2346, 0.249, 0.2884, 0.2923, 0.2926, 0.2975, 0.3077, 0.328, 0.338, 0.3488, 0.3608, 0.3701, 0.3817, 0.3767, 0.3709, 0.3742, 0.3814, 0.3722, 0.4045, 0.3858, 0.3887, 0.3958, 0.3998]","[0.5099, 0.5453, 0.2592, 0.2317, 0.2262, 0.3365, 0.2715, 0.3308, 0.2122, 0.2688]",2.5,,,,,[],[],,,,,,,,,,,,,,,,
fedavg,fedavg,,adaptive_f30,0,3,30,0.09825616925522912,0.19212006256031414,0.48693623987979096,1.0,0.11819906159528801,0.0,0.09136666666666667,"{""Backdoor"": 0.0, ""DDoS_HTTP"": 1.0, ""DDoS_ICMP"": 0.0, ""DDoS_TCP"": 1.0, ""DDoS_UDP"": 0.0, ""Fingerprinting"": 0.0, ""MITM"": 0.0, ""Normal"": 0.882, ""Password"": 0.0, ""Port_Scanning"": 0.0, ""Ransomware"": 0.0, ""SQL_injection"": 0.0, ""Uploading"": 0.0, ""Vulnerability_scanner"": 0.0, ""XSS"": 0.0}","[0.0108, 0.0236, 0.0357, 0.0577, 0.0702, 0.0704, 0.0729, 0.0795, 0.0787, 0.076, 0.0709, 0.0706, 0.0712, 0.071, 0.07, 0.0815, 0.0886, 0.0906, 0.0899, 0.0945, 0.0953, 0.0922, 0.0883, 0.0841, 0.08, 0.0584, 0.0728, 0.0782, 0.0976, 0.0983]","[0.5099, 0.5453, 0.2592, 0.2317, 0.2262, 0.3365, 0.2715, 0.3308, 0.2122, 0.2688]",2.5,,,,,[],[],,,,,,,,,,,,,,,,
trimmed_mean,trimmed,,none,0,0,30,0.6734756299991376,0.6919919231027811,0.8330978492453296,1.0,0.0,0.0,0.6844666666666667,"{""Backdoor"": 0.896, ""DDoS_HTTP"": 0.607, ""DDoS_ICMP"": 0.989, ""DDoS_TCP"": 0.997, ""DDoS_UDP"": 0.996, ""Fingerprinting"": 0.0, ""MITM"": 1.0, ""Normal"": 1.0, ""Password"": 0.104, ""Port_Scanning"": 0.54, ""Ransomware"": 0.485, ""SQL_injection"": 0.983, ""Uploading"": 0.427, ""Vulnerability_scanner"": 0.44, ""XSS"": 0.917}","[0.3934, 0.4874, 0.5294, 0.5984, 0.5995, 0.6093, 0.6223, 0.6282, 0.6325, 0.6385, 0.679, 0.6779, 0.6777, 0.6815, 0.6839, 0.6851, 0.6778, 0.6871, 0.682, 0.6821, 0.688, 0.6875, 0.6852, 0.6903, 0.6896, 0.6909, 0.6904, 0.6901, 0.6898, 0.6735]","[0.5099, 0.5453, 0.2592, 0.2317, 0.2262, 0.3365, 0.2715, 0.3308, 0.2122, 0.2688]",2.5,,,,,[],[],,,,,,0.10118577075098813,0.35256916996047427,0.8203571428571428,0.8,0.4,,,,,,
trimmed_mean,trimmed,,signflip,0,2,30,0.6200812626051212,0.6327542503771192,0.8207853955011326,1.0,0.0,0.000570148645896966,0.6189333333333332,"{""Backdoor"": 0.494, ""DDoS_HTTP"": 0.607, ""DDoS_ICMP"": 0.993, ""DDoS_TCP"": 1.0, ""DDoS_UDP"": 0.996, ""Fingerprinting"": 0.0, ""MITM"": 0.3, ""Normal"": 1.0, ""Password"": 0.067, ""Port_Scanning"": 0.46, ""Ransomware"": 0.866, ""SQL_injection"": 0.982, ""Uploading"": 0.443, ""Vulnerability_scanner"": 0.361, ""XSS"": 0.922}","[0.271, 0.3261, 0.3962, 0.4635, 0.4654, 0.4719, 0.4876, 0.5022, 0.5206, 0.5352, 0.5385, 0.5611, 0.5703, 0.5976, 0.5988, 0.6054, 0.6005, 0.6018, 0.6042, 0.6054, 0.6053, 0.6145, 0.6148, 0.6212, 0.6199, 0.6284, 0.618, 0.6192, 0.6175, 0.6201]","[0.5099, 0.5453, 0.2592, 0.2317, 0.2262, 0.3365, 0.2715, 0.3308, 0.2122, 0.2688]",2.5,,,,,[],[],,,,,,,,,,,,,,,,
trimmed_mean,trimmed,,labelflip,0,2,30,0.6574867373628147,0.677142568641121,0.8230953822691696,1.0,0.0,0.004968438199959275,0.6613666666666667,"{""Backdoor"": 0.548, ""DDoS_HTTP"": 0.607, ""DDoS_ICMP"": 0.989, ""DDoS_TCP"": 0.997, ""DDoS_UDP"": 0.996, ""Fingerprinting"": 0.0, ""MITM"": 1.0, ""Normal"": 1.0, ""Password"": 0.104, ""Port_Scanning"": 0.46, ""Ransomware"": 0.813, ""SQL_injection"": 0.982, ""Uploading"": 0.412, ""Vulnerability_scanner"": 0.328, ""XSS"": 0.922}","[0.2727, 0.4028, 0.4514, 0.4826, 0.4887, 0.5391, 0.5657, 0.5906, 0.5929, 0.6015, 0.6063, 0.6441, 0.6492, 0.6542, 0.653, 0.6669, 0.6484, 0.6533, 0.654, 0.6571, 0.657, 0.6584, 0.6571, 0.6594, 0.6616, 0.6611, 0.6608, 0.6644, 0.6622, 0.6575]","[0.5099, 0.5453, 0.2592, 0.2317, 0.2262, 0.3365, 0.2715, 0.3308, 0.2122, 0.2688]",2.9,,,,,[],[],,,,,,,,,,,,,,,,
trimmed_mean,trimmed,,targeted_flip,0,2,30,0.67080095746417,0.6890734805798839,0.8311466953732983,1.0,0.0,0.03184687436367339,0.6765666666666666,"{""Backdoor"": 0.784, ""DDoS_HTTP"": 0.607, ""DDoS_ICMP"": 0.997, ""DDoS_TCP"": 0.999, ""DDoS_UDP"": 0.995, ""Fingerprinting"": 0.0, ""MITM"": 1.0, ""Normal"": 1.0, ""Password"": 0.104, ""Port_Scanning"": 0.54, ""Ransomware"": 0.601, ""SQL_injection"": 0.982, ""Uploading"": 0.447, ""Vulnerability_scanner"": 0.358, ""XSS"": 0.922}","[0.2853, 0.3795, 0.4302, 0.4644, 0.4942, 0.5329, 0.5636, 0.5719, 0.5989, 0.6018, 0.6064, 0.6142, 0.6198, 0.6601, 0.6687, 0.674, 0.659, 0.6703, 0.6554, 0.6587, 0.6755, 0.6606, 0.6583, 0.6733, 0.6775, 0.6854, 0.6793, 0.6766, 0.6823, 0.6708]","[0.5099, 0.5453, 0.2592, 0.2317, 0.2262, 0.3365, 0.2715, 0.3308, 0.2122, 0.2688]",2.9,,,,,[],[],,,,,,,,,,,,,,,,
trimmed_mean,trimmed,,backdoor,0,2,30,0.6893058381639995,0.7063886046773521,0.8428536186054857,1.0,0.0,0.06862146202402769,0.6896000000000001,"{""Backdoor"": 0.864, ""DDoS_HTTP"": 0.607, ""DDoS_ICMP"": 0.981, ""DDoS_TCP"": 1.0, ""DDoS_UDP"": 0.996, ""Fingerprinting"": 0.0, ""MITM"": 0.996, ""Normal"": 1.0, ""Password"": 0.124, ""Port_Scanning"": 0.54, ""Ransomware"": 0.455, ""SQL_injection"": 0.983, ""Uploading"": 0.427, ""Vulnerability_scanner"": 0.773, ""XSS"": 0.85}","[0.1969, 0.3959, 0.4628, 0.5028, 0.5282, 0.6068, 0.6186, 0.6275, 0.6357, 0.6403, 0.64, 0.6365, 0.6394, 0.6447, 0.641, 0.6407, 0.6428, 0.6448, 0.6511, 0.6556, 0.6512, 0.6563, 0.6574, 0.6947, 0.6896, 0.689, 0.6875, 0.6892, 0.6903, 0.6893]","[0.5099, 0.5453, 0.2592, 0.2317, 0.2262, 0.3365, 0.2715, 0.3308, 0.2122, 0.2688]",3.1,,,,,[],[],,,,,,,,,,,,,,,,
trimmed_mean,trimmed,,backdoor_boost,0,2,30,0.6958371303138656,0.7125578580270521,0.8468232075175491,1.0,0.0,0.09183465689268988,0.6937000000000001,"{""Backdoor"": 0.833, ""DDoS_HTTP"": 0.607, ""DDoS_ICMP"": 0.984, ""DDoS_TCP"": 1.0, ""DDoS_UDP"": 0.996, ""Fingerprinting"": 0.0, ""MITM"": 1.0, ""Normal"": 1.0, ""Password"": 0.104, ""Port_Scanning"": 0.54, ""Ransomware"": 0.572, ""SQL_injection"": 0.983, ""Uploading"": 0.446, ""Vulnerability_scanner"": 0.774, ""XSS"": 0.85}","[0.218, 0.4084, 0.4731, 0.5505, 0.5977, 0.6257, 0.6275, 0.6391, 0.6372, 0.6358, 0.6426, 0.637, 0.643, 0.6497, 0.6494, 0.6458, 0.6566, 0.6536, 0.6971, 0.6836, 0.6964, 0.6915, 0.6892, 0.6885, 0.6891, 0.6956, 0.6943, 0.6953, 0.69, 0.6958]","[0.5099, 0.5453, 0.2592, 0.2317, 0.2262, 0.3365, 0.2715, 0.3308, 0.2122, 0.2688]",2.7,,,,,[],[],,,,,,,,,,,,,,,,
trimmed_mean,trimmed,,adaptive,0,2,30,0.6187773254126707,0.6317186750540452,0.8200901567651214,1.0,0.0,0.00012217470983506414,0.6178,"{""Backdoor"": 0.463, ""DDoS_HTTP"": 0.607, ""DDoS_ICMP"": 0.992, ""DDoS_TCP"": 1.0, ""DDoS_UDP"": 0.996, ""Fingerprinting"": 0.0, ""MITM"": 0.3, ""Normal"": 1.0, ""Password"": 0.07, ""Port_Scanning"": 0.46, ""Ransomware"": 0.882, ""SQL_injection"": 0.982, ""Uploading"": 0.441, ""Vulnerability_scanner"": 0.361, ""XSS"": 0.922}","[0.2727, 0.3222, 0.3966, 0.4617, 0.4638, 0.4707, 0.4855, 0.4997, 0.5201, 0.538, 0.5387, 0.5601, 0.5671, 0.598, 0.6002, 0.6008, 0.6, 0.6015, 0.6043, 0.604, 0.6048, 0.6106, 0.6127, 0.6203, 0.6195, 0.6232, 0.6175, 0.6178, 0.6168, 0.6188]","[0.5099, 0.5453, 0.2592, 0.2317, 0.2262, 0.3365, 0.2715, 0.3308, 0.2122, 0.2688]",2.9,,,,,[],[],,,,,,,,,,,,,,,,
trimmed_mean,trimmed,,adaptive_f30,0,3,30,0.563289771165298,0.5986977812948886,0.8090560452129449,1.0,0.0,0.0,0.5682666666666667,"{""Backdoor"": 0.531, ""DDoS_HTTP"": 0.607, ""DDoS_ICMP"": 0.997, ""DDoS_TCP"": 1.0, ""DDoS_UDP"": 0.883, ""Fingerprinting"": 0.0, ""MITM"": 0.0, ""Normal"": 1.0, ""Password"": 0.0, ""Port_Scanning"": 0.351, ""Ransomware"": 0.895, ""SQL_injection"": 0.104, ""Uploading"": 0.991, ""Vulnerability_scanner"": 0.767, ""XSS"": 0.856}","[0.2366, 0.3582, 0.4197, 0.447, 0.4625, 0.4624, 0.4597, 0.474, 0.4893, 0.504, 0.5061, 0.5091, 0.5063, 0.5125, 0.5122, 0.5386, 0.5382, 0.5347, 0.5464, 0.5501, 0.558, 0.5609, 0.5606, 0.5642, 0.5634, 0.5578, 0.5608, 0.5794, 0.5621, 0.5633]","[0.5099, 0.5453, 0.2592, 0.2317, 0.2262, 0.3365, 0.2715, 0.3308, 0.2122, 0.2688]",3.0,,,,,[],[],,,,,,,,,,,,,,,,
multi_krum,krum,,none,0,0,30,0.6714606917676371,0.6797114530065542,0.824687703245195,1.0,0.0,0.0,0.6837,"{""Backdoor"": 0.454, ""DDoS_HTTP"": 0.85, ""DDoS_ICMP"": 0.988, ""DDoS_TCP"": 1.0, ""DDoS_UDP"": 0.997, ""Fingerprinting"": 0.0, ""MITM"": 1.0, ""Normal"": 1.0, ""Password"": 0.595, ""Port_Scanning"": 0.46, ""Ransomware"": 0.882, ""SQL_injection"": 0.49, ""Uploading"": 0.459, ""Vulnerability_scanner"": 0.373, ""XSS"": 0.649}","[0.3594, 0.5008, 0.5307, 0.5274, 0.5374, 0.5617, 0.58, 0.6015, 0.6125, 0.6253, 0.6334, 0.6436, 0.6356, 0.6523, 0.6497, 0.6385, 0.6489, 0.6834, 0.689, 0.6772, 0.6949, 0.6817, 0.6818, 0.6942, 0.688, 0.6928, 0.6812, 0.6962, 0.6834, 0.6715]","[0.5099, 0.5453, 0.2592, 0.2317, 0.2262, 0.3365, 0.2715, 0.3308, 0.2122, 0.2688]",3.7,90,300,0,0,"[3, 3, 3, 3, 3, 3, 3, 3, 3, 3, 3, 3, 3, 3, 3, 3, 3, 3, 3, 3, 3, 3, 3, 3, 3, 3, 3, 3, 3, 3]","[0, 13, 30, 30, 30, 30, 30, 0, 30, 17]",,,,,,-0.19512516469038205,0.3945981554677206,0.8014285714285713,0.8,0.4,,,,,,
multi_krum,krum,,signflip,0,2,30,0.6813231993563101,0.7010131957948069,0.8391083002534258,1.0,0.0,0.0,0.682,"{""Backdoor"": 0.455, ""DDoS_HTTP"": 0.876, ""DDoS_ICMP"": 0.99, ""DDoS_TCP"": 1.0, ""DDoS_UDP"": 0.997, ""Fingerprinting"": 0.0, ""MITM"": 1.0, ""Normal"": 1.0, ""Password"": 0.104, ""Port_Scanning"": 0.46, ""Ransomware"": 0.882, ""SQL_injection"": 0.982, ""Uploading"": 0.449, ""Vulnerability_scanner"": 0.763, ""XSS"": 0.558}","[0.3594, 0.5008, 0.5307, 0.5274, 0.5374, 0.5617, 0.58, 0.6015, 0.6125, 0.6253, 0.6334, 0.6436, 0.6356, 0.6438, 0.6349, 0.6357, 0.6447, 0.6456, 0.6817, 0.6837, 0.6812, 0.6823, 0.6824, 0.682, 0.6813, 0.6814, 0.6816, 0.6825, 0.6822, 0.6813]","[0.5099, 0.5453, 0.2592, 0.2317, 0.2262, 0.3365, 0.2715, 0.3308, 0.2122, 0.2688]",3.0,30,240,60,60,"[1, 1, 1, 1, 1, 1, 1, 1, 1, 1, 1, 1, 1, 1, 1, 1, 1, 1, 1, 1, 1, 1, 1, 1, 1, 1, 1, 1, 1, 1]","[0, 0, 30, 30, 30, 30, 30, 0, 30, 30]",,,,,,,,,,,,,,,,
multi_krum,krum,,labelflip,0,2,30,0.6813231993563101,0.7010131957948069,0.8391083002534258,1.0,0.0,0.0,0.682,"{""Backdoor"": 0.455, ""DDoS_HTTP"": 0.876, ""DDoS_ICMP"": 0.99, ""DDoS_TCP"": 1.0, ""DDoS_UDP"": 0.997, ""Fingerprinting"": 0.0, ""MITM"": 1.0, ""Normal"": 1.0, ""Password"": 0.104, ""Port_Scanning"": 0.46, ""Ransomware"": 0.882, ""SQL_injection"": 0.982, ""Uploading"": 0.449, ""Vulnerability_scanner"": 0.763, ""XSS"": 0.558}","[0.3594, 0.5008, 0.5307, 0.5274, 0.5374, 0.5617, 0.58, 0.6015, 0.6125, 0.6253, 0.6334, 0.6436, 0.6356, 0.6438, 0.6349, 0.6357, 0.6447, 0.6456, 0.6817, 0.6837, 0.6812, 0.6823, 0.6824, 0.682, 0.6813, 0.6814, 0.6816, 0.6825, 0.6822, 0.6813]","[0.5099, 0.5453, 0.2592, 0.2317, 0.2262, 0.3365, 0.2715, 0.3308, 0.2122, 0.2688]",2.5,30,240,60,60,"[1, 1, 1, 1, 1, 1, 1, 1, 1, 1, 1, 1, 1, 1, 1, 1, 1, 1, 1, 1, 1, 1, 1, 1, 1, 1, 1, 1, 1, 1]","[0, 0, 30, 30, 30, 30, 30, 0, 30, 30]",,,,,,,,,,,,,,,,
multi_krum,krum,,targeted_flip,0,2,30,0.6813231993563101,0.7010131957948069,0.8391083002534258,1.0,0.0,0.0,0.682,"{""Backdoor"": 0.455, ""DDoS_HTTP"": 0.876, ""DDoS_ICMP"": 0.99, ""DDoS_TCP"": 1.0, ""DDoS_UDP"": 0.997, ""Fingerprinting"": 0.0, ""MITM"": 1.0, ""Normal"": 1.0, ""Password"": 0.104, ""Port_Scanning"": 0.46, ""Ransomware"": 0.882, ""SQL_injection"": 0.982, ""Uploading"": 0.449, ""Vulnerability_scanner"": 0.763, ""XSS"": 0.558}","[0.3594, 0.5008, 0.5307, 0.5274, 0.5374, 0.5617, 0.58, 0.6015, 0.6125, 0.6253, 0.6334, 0.6436, 0.6356, 0.6438, 0.6349, 0.6357, 0.6447, 0.6456, 0.6817, 0.6837, 0.6812, 0.6823, 0.6824, 0.682, 0.6813, 0.6814, 0.6816, 0.6825, 0.6822, 0.6813]","[0.5099, 0.5453, 0.2592, 0.2317, 0.2262, 0.3365, 0.2715, 0.3308, 0.2122, 0.2688]",2.7,30,240,60,60,"[1, 1, 1, 1, 1, 1, 1, 1, 1, 1, 1, 1, 1, 1, 1, 1, 1, 1, 1, 1, 1, 1, 1, 1, 1, 1, 1, 1, 1, 1]","[0, 0, 30, 30, 30, 30, 30, 0, 30, 30]",,,,,,,,,,,,,,,,
multi_krum,krum,,backdoor,0,2,30,0.685582121545249,0.7029886324167538,0.8403866424454461,1.0,0.0,0.009081653431073101,0.6848666666666666,"{""Backdoor"": 0.441, ""DDoS_HTTP"": 0.609, ""DDoS_ICMP"": 0.994, ""DDoS_TCP"": 1.0, ""DDoS_UDP"": 0.997, ""Fingerprinting"": 0.0, ""MITM"": 1.0, ""Normal"": 1.0, ""Password"": 0.116, ""Port_Scanning"": 0.54, ""Ransomware"": 0.831, ""SQL_injection"": 0.965, ""Uploading"": 0.44, ""Vulnerability_scanner"": 0.777, ""XSS"": 0.836}","[0.2557, 0.4515, 0.4837, 0.5226, 0.5325, 0.5489, 0.5679, 0.5963, 0.6064, 0.6208, 0.6323, 0.6386, 0.6439, 0.6412, 0.6427, 0.6449, 0.6475, 0.6467, 0.6446, 0.6464, 0.6432, 0.6461, 0.6475, 0.6469, 0.648, 0.6824, 0.6836, 0.6862, 0.6828, 0.6856]","[0.5099, 0.5453, 0.2592, 0.2317, 0.2262, 0.3365, 0.2715, 0.3308, 0.2122, 0.2688]",2.9,31,240,59,60,"[2, 1, 1, 1, 1, 1, 1, 1, 1, 1, 1, 1, 1, 1, 1, 1, 1, 1, 1, 1, 1, 1, 1, 1, 1, 1, 1, 1, 1, 1]","[0, 1, 30, 30, 30, 29, 30, 0, 30, 30]",,,,,,,,,,,,,,,,
multi_krum,krum,,backdoor_boost,0,2,30,0.6850866479174373,0.7018188758313042,0.8402520801094441,1.0,0.0,0.0018326206475259622,0.6843666666666666,"{""Backdoor"": 0.441, ""DDoS_HTTP"": 0.609, ""DDoS_ICMP"": 0.996, ""DDoS_TCP"": 1.0, ""DDoS_UDP"": 0.997, ""Fingerprinting"": 0.0, ""MITM"": 0.984, ""Normal"": 1.0, ""Password"": 0.12, ""Port_Scanning"": 0.54, ""Ransomware"": 0.831, ""SQL_injection"": 0.965, ""Uploading"": 0.432, ""Vulnerability_scanner"": 0.776, ""XSS"": 0.837}","[0.2349, 0.4325, 0.4842, 0.5198, 0.5315, 0.5471, 0.5792, 0.5975, 0.6029, 0.6173, 0.6329, 0.6384, 0.6435, 0.642, 0.6429, 0.6451, 0.6476, 0.6469, 0.6446, 0.6462, 0.6432, 0.6463, 0.6461, 0.6836, 0.6849, 0.6821, 0.6831, 0.6857, 0.6823, 0.6851]","[0.5099, 0.5453, 0.2592, 0.2317, 0.2262, 0.3365, 0.2715, 0.3308, 0.2122, 0.2688]",3.1,30,240,60,60,"[1, 1, 1, 1, 1, 1, 1, 1, 1, 1, 1, 1, 1, 1, 1, 1, 1, 1, 1, 1, 1, 1, 1, 1, 1, 1, 1, 1, 1, 1]","[0, 0, 30, 30, 30, 30, 30, 0, 30, 30]",,,,,,,,,,,,,,,,
multi_krum,krum,,adaptive,0,2,30,0.6813231993563101,0.7010131957948069,0.8391083002534258,1.0,0.0,0.0,0.682,"{""Backdoor"": 0.455, ""DDoS_HTTP"": 0.876, ""DDoS_ICMP"": 0.99, ""DDoS_TCP"": 1.0, ""DDoS_UDP"": 0.997, ""Fingerprinting"": 0.0, ""MITM"": 1.0, ""Normal"": 1.0, ""Password"": 0.104, ""Port_Scanning"": 0.46, ""Ransomware"": 0.882, ""SQL_injection"": 0.982, ""Uploading"": 0.449, ""Vulnerability_scanner"": 0.763, ""XSS"": 0.558}","[0.3594, 0.5008, 0.5307, 0.5274, 0.5374, 0.5617, 0.58, 0.6015, 0.6125, 0.6253, 0.6334, 0.6436, 0.6356, 0.6438, 0.6349, 0.6357, 0.6447, 0.6456, 0.6817, 0.6837, 0.6812, 0.6823, 0.6824, 0.682, 0.6813, 0.6814, 0.6816, 0.6825, 0.6822, 0.6813]","[0.5099, 0.5453, 0.2592, 0.2317, 0.2262, 0.3365, 0.2715, 0.3308, 0.2122, 0.2688]",3.7,30,240,60,60,"[1, 1, 1, 1, 1, 1, 1, 1, 1, 1, 1, 1, 1, 1, 1, 1, 1, 1, 1, 1, 1, 1, 1, 1, 1, 1, 1, 1, 1, 1]","[0, 0, 30, 30, 30, 30, 30, 0, 30, 30]",,,,,,,,,,,,,,,,
multi_krum,krum,,adaptive_f30,0,3,30,0.6936415404692756,0.709989148996786,0.8451636053735226,1.0,0.0,0.0,0.6942333333333334,"{""Backdoor"": 0.733, ""DDoS_HTTP"": 0.897, ""DDoS_ICMP"": 0.991, ""DDoS_TCP"": 0.997, ""DDoS_UDP"": 0.973, ""Fingerprinting"": 0.0, ""MITM"": 1.0, ""Normal"": 1.0, ""Password"": 0.104, ""Port_Scanning"": 0.54, ""Ransomware"": 0.679, ""SQL_injection"": 0.983, ""Uploading"": 0.448, ""Vulnerability_scanner"": 0.763, ""XSS"": 0.543}","[0.3795, 0.4871, 0.5248, 0.56, 0.6036, 0.6105, 0.613, 0.6222, 0.6187, 0.6371, 0.6443, 0.6432, 0.6447, 0.6839, 0.6891, 0.6733, 0.6907, 0.6912, 0.6927, 0.6921, 0.6919, 0.6929, 0.692, 0.6938, 0.6926, 0.6929, 0.6946, 0.694, 0.6951, 0.6936]","[0.5099, 0.5453, 0.2592, 0.2317, 0.2262, 0.3365, 0.2715, 0.3308, 0.2122, 0.2688]",3.5,0,210,90,90,"[0, 0, 0, 0, 0, 0, 0, 0, 0, 0, 0, 0, 0, 0, 0, 0, 0, 0, 0, 0, 0, 0, 0, 0, 0, 0, 0, 0, 0, 0]","[0, 0, 0, 30, 30, 30, 30, 30, 30, 30]",,,,,,,,,,,,,,,,
secure_norm_only,norm_only,,none,0,0,30,0.7215031165613276,0.7269979486348267,0.8484828096615757,1.0,0.0,0.0,0.7192,"{""Backdoor"": 0.832, ""DDoS_HTTP"": 0.615, ""DDoS_ICMP"": 0.991, ""DDoS_TCP"": 0.824, ""DDoS_UDP"": 0.997, ""Fingerprinting"": 0.2, ""MITM"": 1.0, ""Normal"": 1.0, ""Password"": 0.104, ""Port_Scanning"": 0.726, ""Ransomware"": 0.573, ""SQL_injection"": 0.983, ""Uploading"": 0.448, ""Vulnerability_scanner"": 0.772, ""XSS"": 0.841}","[0.4244, 0.5387, 0.6165, 0.6249, 0.6306, 0.6404, 0.6399, 0.6471, 0.6459, 0.6505, 0.6868, 0.6881, 0.6883, 0.6902, 0.6904, 0.6901, 0.6945, 0.7096, 0.7145, 0.719, 0.7193, 0.7197, 0.7194, 0.7241, 0.721, 0.7227, 0.7189, 0.72, 0.7161, 0.7215]","[0.5099, 0.5453, 0.2592, 0.2317, 0.2262, 0.3365, 0.2715, 0.3308, 0.2122, 0.2688]",6.4,0,300,0,0,"[0, 0, 0, 0, 0, 0, 0, 0, 0, 0, 0, 0, 0, 0, 0, 0, 0, 0, 0, 0, 0, 0, 0, 0, 0, 0, 0, 0, 0, 0]","[30, 30, 30, 30, 30, 30, 30, 30, 30, 30]",3.5,,,,,-0.01976284584980237,-0.05006587615283267,-0.04535714285714286,0.3,0.3,0.14229249011857706,0.31581027667984185,0.8214285714285712,0.8,0.4,
secure_norm_only,norm_only,,signflip,0,2,30,0.6900967368974853,0.7060326383254861,0.8424499315974792,1.0,0.0,0.0,0.6910666666666666,"{""Backdoor"": 0.68, ""DDoS_HTTP"": 0.637, ""DDoS_ICMP"": 0.994, ""DDoS_TCP"": 0.997, ""DDoS_UDP"": 0.997, ""Fingerprinting"": 0.0, ""MITM"": 1.0, ""Normal"": 1.0, ""Password"": 0.104, ""Port_Scanning"": 0.54, ""Ransomware"": 0.647, ""SQL_injection"": 0.983, ""Uploading"": 0.448, ""Vulnerability_scanner"": 0.762, ""XSS"": 0.803}","[0.3707, 0.493, 0.5262, 0.5861, 0.6222, 0.6232, 0.6297, 0.6357, 0.6373, 0.6404, 0.6439, 0.6502, 0.6508, 0.6876, 0.6876, 0.6838, 0.6877, 0.6883, 0.6878, 0.6896, 0.6879, 0.6887, 0.6889, 0.6897, 0.6895, 0.6893, 0.6902, 0.6918, 0.6913, 0.6901]","[0.5099, 0.5453, 0.2592, 0.2317, 0.2262, 0.3365, 0.2715, 0.3308, 0.2122, 0.2688]",7.2,0,240,60,60,"[0, 0, 0, 0, 0, 0, 0, 0, 0, 0, 0, 0, 0, 0, 0, 0, 0, 0, 0, 0, 0, 0, 0, 0, 0, 0, 0, 0, 0, 0]","[0, 0, 30, 30, 30, 30, 30, 30, 30, 30]",3.5,,,,,,,,,,,,,,,
secure_norm_only,norm_only,,labelflip,0,2,30,0.6282741673226998,0.6561563045348333,0.8092578887169481,0.9998371003868866,0.0,0.02801873345550804,0.6311333333333332,"{""Backdoor"": 0.609, ""DDoS_HTTP"": 0.607, ""DDoS_ICMP"": 0.989, ""DDoS_TCP"": 0.997, ""DDoS_UDP"": 0.997, ""Fingerprinting"": 0.0, ""MITM"": 0.984, ""Normal"": 1.0, ""Password"": 0.104, ""Port_Scanning"": 0.46, ""Ransomware"": 0.769, ""SQL_injection"": 0.157, ""Uploading"": 0.954, ""Vulnerability_scanner"": 0.295, ""XSS"": 0.922}","[0.2862, 0.4528, 0.4803, 0.5087, 0.5268, 0.554, 0.5673, 0.5824, 0.5803, 0.5802, 0.5843, 0.6244, 0.6308, 0.6286, 0.6324, 0.6526, 0.6268, 0.6274, 0.6258, 0.6252, 0.6242, 0.6345, 0.629, 0.6441, 0.627, 0.625, 0.6507, 0.6318, 0.6333, 0.6283]","[0.5099, 0.5453, 0.2592, 0.2317, 0.2262, 0.3365, 0.2715, 0.3308, 0.2122, 0.2688]",5.5,0,240,0,60,"[0, 0, 0, 0, 0, 0, 0, 0, 0, 0, 0, 0, 0, 0, 0, 0, 0, 0, 0, 0, 0, 0, 0, 0, 0, 0, 0, 0, 0, 0]","[30, 30, 30, 30, 30, 30, 30, 30, 30, 30]",3.5,,,,,,,,,,,,,,,
secure_norm_only,norm_only,,targeted_flip,0,2,30,0.6885001775143405,0.7023776004555311,0.84000538249344,0.992873141926288,0.0,0.4581144369782122,0.6903,"{""Backdoor"": 0.714, ""DDoS_HTTP"": 0.669, ""DDoS_ICMP"": 0.986, ""DDoS_TCP"": 0.997, ""DDoS_UDP"": 0.996, ""Fingerprinting"": 0.0, ""MITM"": 1.0, ""Normal"": 1.0, ""Password"": 0.104, ""Port_Scanning"": 0.54, ""Ransomware"": 0.618, ""SQL_injection"": 0.982, ""Uploading"": 0.439, ""Vulnerability_scanner"": 0.728, ""XSS"": 0.763}","[0.3015, 0.3953, 0.495, 0.5635, 0.5886, 0.6033, 0.6212, 0.632, 0.6354, 0.6415, 0.6446, 0.6456, 0.6446, 0.6456, 0.6477, 0.6446, 0.6862, 0.6874, 0.6871, 0.6869, 0.6868, 0.6841, 0.6903, 0.6888, 0.6889, 0.6909, 0.6913, 0.6892, 0.6932, 0.6885]","[0.5099, 0.5453, 0.2592, 0.2317, 0.2262, 0.3365, 0.2715, 0.3308, 0.2122, 0.2688]",6.7,0,240,0,60,"[0, 0, 0, 0, 0, 0, 0, 0, 0, 0, 0, 0, 0, 0, 0, 0, 0, 0, 0, 0, 0, 0, 0, 0, 0, 0, 0, 0, 0, 0]","[30, 30, 30, 30, 30, 30, 30, 30, 30, 30]",3.5,,,,,,,,,,,,,,,
secure_norm_only,norm_only,,backdoor,0,2,30,0.7083141113149656,0.7183229861389023,0.844872053645518,1.0,0.0,1.0,0.6977333333333333,"{""Backdoor"": 0.881, ""DDoS_HTTP"": 0.607, ""DDoS_ICMP"": 0.993, ""DDoS_TCP"": 1.0, ""DDoS_UDP"": 0.997, ""Fingerprinting"": 0.145, ""MITM"": 1.0, ""Normal"": 1.0, ""Password"": 0.122, ""Port_Scanning"": 0.54, ""Ransomware"": 0.455, ""SQL_injection"": 0.982, ""Uploading"": 0.423, ""Vulnerability_scanner"": 0.776, ""XSS"": 0.854}","[0.237, 0.473, 0.5234, 0.5769, 0.6066, 0.6159, 0.6328, 0.6355, 0.6418, 0.6418, 0.6426, 0.6446, 0.6462, 0.6441, 0.6464, 0.6444, 0.6869, 0.6901, 0.6892, 0.6902, 0.6907, 0.692, 0.6987, 0.6927, 0.6918, 0.6918, 0.6912, 0.6931, 0.6918, 0.7083]","[0.5099, 0.5453, 0.2592, 0.2317, 0.2262, 0.3365, 0.2715, 0.3308, 0.2122, 0.2688]",6.9,0,240,0,60,"[0, 0, 0, 0, 0, 0, 0, 0, 0, 0, 0, 0, 0, 0, 0, 0, 0, 0, 0, 0, 0, 0, 0, 0, 0, 0, 0, 0, 0, 0]","[30, 30, 30, 30, 30, 30, 30, 30, 30, 30]",3.5,,,,,,,,,,,,,,,
secure_norm_only,norm_only,,backdoor_boost,0,2,30,0.6913268626768494,0.7079987115300423,0.8437731279015004,1.0,0.0,0.7951537365098758,0.6951,"{""Backdoor"": 0.745, ""DDoS_HTTP"": 0.607, ""DDoS_ICMP"": 0.997, ""DDoS_TCP"": 1.0, ""DDoS_UDP"": 0.996, ""Fingerprinting"": 0.0, ""MITM"": 1.0, ""Normal"": 1.0, ""Password"": 0.104, ""Port_Scanning"": 0.54, ""Ransomware"": 0.573, ""SQL_injection"": 0.982, ""Uploading"": 0.448, ""Vulnerability_scanner"": 0.775, ""XSS"": 0.854}","[0.2592, 0.5063, 0.5723, 0.5788, 0.5897, 0.5965, 0.6086, 0.6413, 0.6473, 0.6483, 0.6447, 0.6442, 0.6464, 0.656, 0.651, 0.6573, 0.6604, 0.6875, 0.6872, 0.7002, 0.689, 0.685, 0.6869, 0.6933, 0.6955, 0.6981, 0.6974, 0.696, 0.698, 0.6913]","[0.5099, 0.5453, 0.2592, 0.2317, 0.2262, 0.3365, 0.2715, 0.3308, 0.2122, 0.2688]",4.8,0,240,50,60,"[0, 0, 0, 0, 0, 0, 0, 0, 0, 0, 0, 0, 0, 0, 0, 0, 0, 0, 0, 0, 0, 0, 0, 0, 0, 0, 0, 0, 0, 0]","[3, 7, 30, 30, 30, 30, 30, 30, 30, 30]",3.5,,,,,,,,,,,,,,,
secure_norm_only,norm_only,,adaptive,0,2,30,0.39837599910151833,0.47371935972369505,0.7251340016596022,0.9993891264508247,4.99151442547669e-05,0.026226837711260435,0.3942333333333334,"{""Backdoor"": 0.0, ""DDoS_HTTP"": 0.607, ""DDoS_ICMP"": 1.0, ""DDoS_TCP"": 1.0, ""DDoS_UDP"": 0.443, ""Fingerprinting"": 0.0, ""MITM"": 0.0, ""Normal"": 1.0, ""Password"": 0.0, ""Port_Scanning"": 0.138, ""Ransomware"": 0.761, ""SQL_injection"": 0.926, ""Uploading"": 0.358, ""Vulnerability_scanner"": 0.0, ""XSS"": 0.874}","[0.1225, 0.1653, 0.1879, 0.1902, 0.1865, 0.2255, 0.2288, 0.2346, 0.2492, 0.2885, 0.2923, 0.2925, 0.2991, 0.3072, 0.3301, 0.3377, 0.3484, 0.3605, 0.3696, 0.381, 0.3755, 0.3708, 0.3743, 0.3811, 0.3708, 0.404, 0.3842, 0.3889, 0.3954, 0.3984]","[0.5099, 0.5453, 0.2592, 0.2317, 0.2262, 0.3365, 0.2715, 0.3308, 0.2122, 0.2688]",5.7,0,240,0,60,"[0, 0, 0, 0, 0, 0, 0, 0, 0, 0, 0, 0, 0, 0, 0, 0, 0, 0, 0, 0, 0, 0, 0, 0, 0, 0, 0, 0, 0, 0]","[30, 30, 30, 30, 30, 30, 30, 30, 30, 30]",3.5,,,,,,,,,,,,,,,
secure_norm_only,norm_only,,adaptive_f30,0,3,30,0.09528121111037494,0.18853505416960542,0.46814236695149025,0.9463653023824068,0.15868024358590396,0.05778863775198534,0.09193333333333333,"{""Backdoor"": 0.0, ""DDoS_HTTP"": 0.987, ""DDoS_ICMP"": 0.0, ""DDoS_TCP"": 1.0, ""DDoS_UDP"": 0.0, ""Fingerprinting"": 0.0, ""MITM"": 0.0, ""Normal"": 0.841, ""Password"": 0.0, ""Port_Scanning"": 0.0, ""Ransomware"": 0.0, ""SQL_injection"": 0.0, ""Uploading"": 0.0, ""Vulnerability_scanner"": 0.0, ""XSS"": 0.0}","[0.0108, 0.0236, 0.0357, 0.0577, 0.0702, 0.0704, 0.0729, 0.0794, 0.0788, 0.0757, 0.0707, 0.0704, 0.071, 0.0709, 0.0698, 0.07, 0.0807, 0.0886, 0.0693, 0.068, 0.0872, 0.0851, 0.0778, 0.0738, 0.071, 0.0663, 0.0552, 0.091, 0.0895, 0.0953]","[0.5099, 0.5453, 0.2592, 0.2317, 0.2262, 0.3365, 0.2715, 0.3308, 0.2122, 0.2688]",5.4,0,210,0,90,"[0, 0, 0, 0, 0, 0, 0, 0, 0, 0, 0, 0, 0, 0, 0, 0, 0, 0, 0, 0, 0, 0, 0, 0, 0, 0, 0, 0, 0, 0]","[30, 30, 30, 30, 30, 30, 30, 30, 30, 30]",3.5,,,,,,,,,,,,,,,
faithful_prev_t0.0,faithful_prev,0.0,none,0,0,30,0.6856835885761898,0.7050461086112638,0.8417546928614681,1.0,0.0,0.0,0.6999666666666666,"{""Backdoor"": 0.939, ""DDoS_HTTP"": 0.644, ""DDoS_ICMP"": 0.999, ""DDoS_TCP"": 0.591, ""DDoS_UDP"": 0.948, ""Fingerprinting"": 0.0, ""MITM"": 1.0, ""Normal"": 1.0, ""Password"": 0.074, ""Port_Scanning"": 1.0, ""Ransomware"": 0.399, ""SQL_injection"": 0.983, ""Uploading"": 0.445, ""Vulnerability_scanner"": 0.834, ""XSS"": 0.723}","[0.4244, 0.5387, 0.6165, 0.6249, 0.6306, 0.6404, 0.6399, 0.6471, 0.6459, 0.6505, 0.6868, 0.6881, 0.6883, 0.6902, 0.6904, 0.6901, 0.6938, 0.718, 0.7167, 0.7201, 0.6795, 0.6984, 0.6908, 0.6899, 0.7176, 0.6982, 0.694, 0.7019, 0.7123, 0.6857]","[0.5099, 0.5453, 0.2592, 0.2317, 0.2262, 0.3365, 0.2715, 0.3308, 0.2122, 0.2688]",5.3,64,300,0,0,"[0, 0, 0, 0, 0, 0, 0, 0, 0, 0, 0, 0, 0, 0, 0, 0, 1, 2, 2, 0, 5, 6, 7, 7, 3, 5, 5, 6, 7, 8]","[23, 25, 23, 22, 25, 22, 22, 27, 23, 24]",3.5,,,,,-0.007905138339920948,0.09828722002635044,0.07857142857142854,0.2,0.1,0.14229249011857706,0.31581027667984185,0.8214285714285712,0.8,0.4,0.10596065886762515
faithful_prev_t0.0,faithful_prev,0.0,adaptive,0,2,30,0.005764884273166824,0.06666666666666667,0.045190517840723046,1.0,1.0,0.0,0.0058,"{""Backdoor"": 0.0, ""DDoS_HTTP"": 0.0, ""DDoS_ICMP"": 0.0, ""DDoS_TCP"": 1.0, ""DDoS_UDP"": 0.0, ""Fingerprinting"": 0.0, ""MITM"": 0.0, ""Normal"": 0.0, ""Password"": 0.0, ""Port_Scanning"": 0.0, ""Ransomware"": 0.0, ""SQL_injection"": 0.0, ""Uploading"": 0.0, ""Vulnerability_scanner"": 0.0, ""XSS"": 0.0}","[0.1225, 0.1611, 0.176, 0.1509, 0.0892, 0.0203, 0.0264, 0.006, 0.0059, 0.0058, 0.0101, 0.0058, 0.0101, 0.0058, 0.0101, 0.0058, 0.0125, 0.0058, 0.0676, 0.0058, 0.0058, 0.0058, 0.0058, 0.0058, 0.0058, 0.0058, 0.0058, 0.0058, 0.0058, 0.0058]","[0.5099, 0.5453, 0.2592, 0.2317, 0.2262, 0.3365, 0.2715, 0.3308, 0.2122, 0.2688]",7.0,213,240,20,60,"[0, 0, 1, 4, 8, 8, 8, 8, 8, 8, 8, 8, 8, 8, 8, 8, 8, 8, 8, 8, 8, 8, 8, 8, 8, 8, 8, 8, 8, 8]","[20, 20, 4, 3, 4, 4, 3, 2, 4, 3]",3.5,,,,,,,,,,,,,,,
faithful_prev_t0.0,faithful_prev,0.0,adaptive_f30,0,3,30,0.07648783176425246,0.13293068450301154,0.49135436991186165,1.0,0.006039732454826794,0.0,0.0765,"{""Backdoor"": 0.0, ""DDoS_HTTP"": 0.0, ""DDoS_ICMP"": 0.0, ""DDoS_TCP"": 0.0, ""DDoS_UDP"": 0.0, ""Fingerprinting"": 0.0, ""MITM"": 0.0, ""Normal"": 0.994, ""Password"": 1.0, ""Port_Scanning"": 0.0, ""Ransomware"": 0.0, ""SQL_injection"": 0.0, ""Uploading"": 0.0, ""Vulnerability_scanner"": 0.0, ""XSS"": 0.0}","[0.0108, 0.0105, 0.01, 0.0185, 0.0162, 0.0147, 0.01, 0.01, 0.01, 0.01, 0.0057, 0.0057, 0.0057, 0.0097, 0.0057, 0.0764, 0.0057, 0.0765, 0.0765, 0.0765, 0.0765, 0.0765, 0.0765, 0.0765, 0.0765, 0.0765, 0.0765, 0.0765, 0.0765, 0.0765]","[0.5099, 0.5453, 0.2592, 0.2317, 0.2262, 0.3365, 0.2715, 0.3308, 0.2122, 0.2688]",6.7,203,210,37,90,"[0, 7, 7, 7, 7, 7, 7, 7, 7, 7, 7, 7, 7, 7, 7, 7, 7, 7, 7, 7, 7, 7, 7, 7, 7, 7, 7, 7, 7, 7]","[18, 18, 17, 1, 1, 1, 1, 1, 1, 1]",3.5,,,,,,,,,,,,,,,
faithful_root_t-0.3,faithful_root,-0.3,none,0,0,30,0.7237837493558703,0.7268155562088504,0.848370674381574,1.0,0.0,0.0,0.7200333333333333,"{""Backdoor"": 0.575, ""DDoS_HTTP"": 0.663, ""DDoS_ICMP"": 0.993, ""DDoS_TCP"": 0.591, ""DDoS_UDP"": 0.997, ""Fingerprinting"": 0.2, ""MITM"": 1.0, ""Normal"": 1.0, ""Password"": 0.139, ""Port_Scanning"": 0.966, ""Ransomware"": 0.825, ""SQL_injection"": 0.983, ""Uploading"": 0.422, ""Vulnerability_scanner"": 0.782, ""XSS"": 0.768}","[0.4244, 0.5387, 0.6165, 0.6249, 0.6306, 0.6404, 0.6399, 0.6471, 0.6459, 0.6505, 0.6868, 0.6881, 0.6883, 0.6902, 0.6904, 0.6901, 0.6945, 0.7096, 0.7145, 0.719, 0.7193, 0.7197, 0.7213, 0.7244, 0.7215, 0.7227, 0.719, 0.7201, 0.7162, 0.7238]","[0.5099, 0.5453, 0.2592, 0.2317, 0.2262, 0.3365, 0.2715, 0.3308, 0.2122, 0.2688]",6.1,2,300,0,0,"[0, 0, 0, 0, 0, 0, 0, 0, 0, 0, 0, 0, 0, 0, 0, 0, 0, 0, 0, 0, 0, 1, 0, 0, 0, 0, 0, 0, 0, 1]","[30, 30, 30, 30, 29, 29, 30, 30, 30, 30]",3.5,,,,,-0.03504611330698287,-0.08616600790513831,0.11999999999999997,0.4,0.1,0.14229249011857706,0.31581027667984185,0.8214285714285712,0.8,0.4,0.08703882797784891
faithful_root_t-0.3,faithful_root,-0.3,signflip,0,2,30,0.689983768302866,0.7058663895478028,0.8423377963174774,1.0,0.0,0.0,0.6899666666666667,"{""Backdoor"": 0.643, ""DDoS_HTTP"": 0.643, ""DDoS_ICMP"": 0.994, ""DDoS_TCP"": 0.997, ""DDoS_UDP"": 0.996, ""Fingerprinting"": 0.0, ""MITM"": 1.0, ""Normal"": 1.0, ""Password"": 0.104, ""Port_Scanning"": 0.54, ""Ransomware"": 0.683, ""SQL_injection"": 0.983, ""Uploading"": 0.448, ""Vulnerability_scanner"": 0.762, ""XSS"": 0.795}","[0.3707, 0.493, 0.5262, 0.5861, 0.6222, 0.6232, 0.6297, 0.6357, 0.6373, 0.6404, 0.6439, 0.6502, 0.6508, 0.6875, 0.6879, 0.6838, 0.6876, 0.6882, 0.6878, 0.6896, 0.6878, 0.688, 0.6888, 0.6898, 0.6895, 0.6891, 0.6902, 0.6917, 0.6882, 0.69]","[0.5099, 0.5453, 0.2592, 0.2317, 0.2262, 0.3365, 0.2715, 0.3308, 0.2122, 0.2688]",9.9,3,240,60,60,"[0, 0, 0, 0, 0, 0, 0, 0, 0, 0, 0, 0, 0, 1, 0, 0, 0, 0, 0, 0, 0, 1, 0, 0, 0, 0, 0, 0, 1, 0]","[0, 0, 30, 30, 29, 28, 30, 30, 30, 30]",3.5,,,,,,,,,,,,,,,
faithful_root_t-0.3,faithful_root,-0.3,labelflip,0,2,30,0.6903876473095812,0.7062354286036394,0.8425844939334813,1.0,0.0,0.0,0.6904666666666667,"{""Backdoor"": 0.648, ""DDoS_HTTP"": 0.644, ""DDoS_ICMP"": 0.994, ""DDoS_TCP"": 0.997, ""DDoS_UDP"": 0.997, ""Fingerprinting"": 0.0, ""MITM"": 1.0, ""Normal"": 1.0, ""Password"": 0.104, ""Port_Scanning"": 0.54, ""Ransomware"": 0.683, ""SQL_injection"": 0.982, ""Uploading"": 0.449, ""Vulnerability_scanner"": 0.764, ""XSS"": 0.792}","[0.2862, 0.4528, 0.5, 0.5557, 0.5966, 0.6236, 0.6303, 0.636, 0.6389, 0.6459, 0.6465, 0.6467, 0.6479, 0.686, 0.6884, 0.6842, 0.6875, 0.688, 0.6881, 0.6896, 0.6878, 0.6884, 0.6888, 0.6898, 0.6897, 0.6898, 0.6904, 0.6923, 0.6887, 0.6904]","[0.5099, 0.5453, 0.2592, 0.2317, 0.2262, 0.3365, 0.2715, 0.3308, 0.2122, 0.2688]",7.0,2,240,55,60,"[0, 0, 0, 0, 0, 0, 0, 0, 0, 0, 0, 0, 0, 0, 0, 0, 0, 0, 0, 0, 0, 1, 0, 0, 0, 0, 0, 0, 1, 0]","[2, 3, 30, 30, 29, 29, 30, 30, 30, 30]",3.5,,,,,,,,,,,,,,,
faithful_root_t-0.3,faithful_root,-0.3,targeted_flip,0,2,30,0.6899603263028353,0.7057970250165504,0.8422929422054767,1.0,0.0,0.0,0.6901333333333334,"{""Backdoor"": 0.645, ""DDoS_HTTP"": 0.646, ""DDoS_ICMP"": 0.994, ""DDoS_TCP"": 0.997, ""DDoS_UDP"": 0.996, ""Fingerprinting"": 0.0, ""MITM"": 1.0, ""Normal"": 1.0, ""Password"": 0.104, ""Port_Scanning"": 0.54, ""Ransomware"": 0.679, ""SQL_injection"": 0.983, ""Uploading"": 0.448, ""Vulnerability_scanner"": 0.762, ""XSS"": 0.793}","[0.3015, 0.3953, 0.5054, 0.5757, 0.5946, 0.6229, 0.6258, 0.6344, 0.6303, 0.6399, 0.643, 0.6419, 0.6506, 0.6877, 0.6878, 0.6834, 0.6876, 0.6881, 0.688, 0.6893, 0.688, 0.6882, 0.689, 0.6895, 0.6894, 0.6895, 0.6897, 0.6921, 0.6883, 0.69]","[0.5099, 0.5453, 0.2592, 0.2317, 0.2262, 0.3365, 0.2715, 0.3308, 0.2122, 0.2688]",6.2,2,240,53,60,"[0, 0, 0, 0, 0, 0, 0, 0, 0, 0, 0, 0, 0, 0, 0, 0, 0, 0, 0, 0, 0, 1, 0, 0, 0, 0, 0, 0, 1, 0]","[3, 4, 30, 30, 29, 29, 30, 30, 30, 30]",3.5,,,,,,,,,,,,,,,
faithful_root_t-0.3,faithful_root,-0.3,backdoor,0,2,30,0.708267106248004,0.7182894516152702,0.8448496265895176,1.0,0.0,1.0,0.7000333333333333,"{""Backdoor"": 0.881, ""DDoS_HTTP"": 0.607, ""DDoS_ICMP"": 0.993, ""DDoS_TCP"": 1.0, ""DDoS_UDP"": 0.997, ""Fingerprinting"": 0.145, ""MITM"": 1.0, ""Normal"": 1.0, ""Password"": 0.122, ""Port_Scanning"": 0.54, ""Ransomware"": 0.455, ""SQL_injection"": 0.982, ""Uploading"": 0.422, ""Vulnerability_scanner"": 0.777, ""XSS"": 0.854}","[0.237, 0.473, 0.5234, 0.5769, 0.6066, 0.6159, 0.6328, 0.6355, 0.6418, 0.6418, 0.6426, 0.6446, 0.6462, 0.6441, 0.6464, 0.6444, 0.6869, 0.6901, 0.6892, 0.6902, 0.6907, 0.692, 0.6987, 0.6927, 0.6918, 0.6918, 0.6912, 0.6986, 0.6932, 0.7083]","[0.5099, 0.5453, 0.2592, 0.2317, 0.2262, 0.3365, 0.2715, 0.3308, 0.2122, 0.2688]",6.3,1,240,0,60,"[0, 0, 0, 0, 0, 0, 0, 0, 0, 0, 0, 0, 0, 0, 0, 0, 0, 0, 0, 0, 0, 0, 0, 0, 0, 0, 0, 1, 0, 0]","[30, 30, 30, 30, 30, 29, 30, 30, 30, 30]",3.5,,,,,,,,,,,,,,,
faithful_root_t-0.3,faithful_root,-0.3,backdoor_boost,0,2,30,0.6898433376972447,0.7064272637196773,0.8427190562694835,1.0,0.0,0.7946650376705355,0.6919333333333334,"{""Backdoor"": 0.721, ""DDoS_HTTP"": 0.607, ""DDoS_ICMP"": 0.997, ""DDoS_TCP"": 1.0, ""DDoS_UDP"": 0.996, ""Fingerprinting"": 0.0, ""MITM"": 1.0, ""Normal"": 1.0, ""Password"": 0.105, ""Port_Scanning"": 0.54, ""Ransomware"": 0.573, ""SQL_injection"": 0.982, ""Uploading"": 0.448, ""Vulnerability_scanner"": 0.775, ""XSS"": 0.854}","[0.2592, 0.5063, 0.5723, 0.5788, 0.5897, 0.5965, 0.6086, 0.6413, 0.6473, 0.6483, 0.6447, 0.6442, 0.6464, 0.656, 0.651, 0.6509, 0.6535, 0.6873, 0.6872, 0.7004, 0.689, 0.685, 0.6868, 0.6906, 0.6986, 0.6909, 0.698, 0.6904, 0.6956, 0.6898]","[0.5099, 0.5453, 0.2592, 0.2317, 0.2262, 0.3365, 0.2715, 0.3308, 0.2122, 0.2688]",6.3,4,240,50,60,"[0, 0, 0, 0, 0, 0, 0, 0, 0, 0, 0, 0, 0, 0, 0, 1, 0, 0, 0, 0, 0, 0, 0, 1, 0, 1, 0, 1, 0, 0]","[3, 7, 30, 30, 27, 29, 30, 30, 30, 30]",3.5,,,,,,,,,,,,,,,
faithful_root_t-0.3,faithful_root,-0.3,adaptive,0,2,30,0.6832260009387576,0.6868971239011766,0.8407454753414519,1.0,0.0,0.0,0.6814333333333332,"{""Backdoor"": 0.607, ""DDoS_HTTP"": 0.731, ""DDoS_ICMP"": 0.992, ""DDoS_TCP"": 0.997, ""DDoS_UDP"": 0.997, ""Fingerprinting"": 0.0, ""MITM"": 0.716, ""Normal"": 1.0, ""Password"": 0.204, ""Port_Scanning"": 0.54, ""Ransomware"": 0.709, ""SQL_injection"": 0.923, ""Uploading"": 0.416, ""Vulnerability_scanner"": 0.814, ""XSS"": 0.659}","[0.1848, 0.3559, 0.405, 0.4449, 0.503, 0.4979, 0.5272, 0.5575, 0.5933, 0.5955, 0.6021, 0.6163, 0.6002, 0.6201, 0.6157, 0.6098, 0.6109, 0.6143, 0.6086, 0.6126, 0.6142, 0.6207, 0.6718, 0.6842, 0.675, 0.6581, 0.6801, 0.6834, 0.6777, 0.6832]","[0.5099, 0.5453, 0.2592, 0.2317, 0.2262, 0.3365, 0.2715, 0.3308, 0.2122, 0.2688]",5.7,2,240,0,60,"[0, 0, 0, 0, 0, 0, 0, 0, 0, 0, 0, 0, 0, 0, 0, 0, 0, 0, 0, 0, 0, 1, 0, 0, 0, 0, 1, 0, 0, 0]","[30, 30, 30, 30, 28, 30, 30, 30, 30, 30]",3.5,,,,,,,,,,,,,,,
faithful_root_t-0.3,faithful_root,-0.3,adaptive_f30,0,3,30,0.5815652468812721,0.6009827728779559,0.8107156473569714,1.0,0.0,0.04675218896355121,0.5846666666666667,"{""Backdoor"": 0.631, ""DDoS_HTTP"": 0.936, ""DDoS_ICMP"": 0.998, ""DDoS_TCP"": 0.997, ""DDoS_UDP"": 0.533, ""Fingerprinting"": 0.0, ""MITM"": 0.0, ""Normal"": 1.0, ""Password"": 0.119, ""Port_Scanning"": 0.54, ""Ransomware"": 0.734, ""SQL_injection"": 0.815, ""Uploading"": 0.52, ""Vulnerability_scanner"": 0.818, ""XSS"": 0.374}","[0.2622, 0.334, 0.3557, 0.369, 0.414, 0.3969, 0.4172, 0.432, 0.443, 0.4449, 0.4824, 0.4748, 0.4781, 0.5025, 0.5092, 0.5128, 0.5044, 0.5212, 0.531, 0.5183, 0.5104, 0.5278, 0.5273, 0.5249, 0.5733, 0.553, 0.5799, 0.5901, 0.5823, 0.5816]","[0.5099, 0.5453, 0.2592, 0.2317, 0.2262, 0.3365, 0.2715, 0.3308, 0.2122, 0.2688]",7.1,0,210,0,90,"[0, 0, 0, 0, 0, 0, 0, 0, 0, 0, 0, 0, 0, 0, 0, 0, 0, 0, 0, 0, 0, 0, 0, 0, 0, 0, 0, 0, 0, 0]","[30, 30, 30, 30, 30, 30, 30, 30, 30, 30]",3.5,,,,,,,,,,,,,,,
faithful_root_t0.0,faithful_root,0.0,none,0,0,30,0.7158596103070033,0.7239148187182337,0.843997398461504,1.0,0.0,0.0,0.7216999999999999,"{""Backdoor"": 0.444, ""DDoS_HTTP"": 0.917, ""DDoS_ICMP"": 0.983, ""DDoS_TCP"": 0.997, ""DDoS_UDP"": 0.987, ""Fingerprinting"": 0.26, ""MITM"": 1.0, ""Normal"": 1.0, ""Password"": 0.138, ""Port_Scanning"": 0.46, ""Ransomware"": 0.946, ""SQL_injection"": 0.983, ""Uploading"": 0.422, ""Vulnerability_scanner"": 0.819, ""XSS"": 0.503}","[0.4244, 0.5387, 0.6165, 0.6249, 0.6306, 0.6404, 0.6399, 0.6471, 0.6465, 0.6867, 0.691, 0.6905, 0.6946, 0.6885, 0.6904, 0.7143, 0.6953, 0.7146, 0.6993, 0.7196, 0.7195, 0.7224, 0.7079, 0.7205, 0.7203, 0.7104, 0.7303, 0.7231, 0.7261, 0.7159]","[0.5099, 0.5453, 0.2592, 0.2317, 0.2262, 0.3365, 0.2715, 0.3308, 0.2122, 0.2688]",7.7,44,300,0,0,"[0, 0, 0, 0, 0, 0, 0, 0, 1, 0, 1, 1, 2, 3, 1, 2, 2, 2, 3, 3, 1, 3, 2, 2, 3, 2, 3, 1, 2, 4]","[28, 28, 29, 28, 22, 20, 30, 21, 23, 27]",3.5,,,,,-0.03504611330698287,-0.08616600790513831,0.11999999999999997,0.4,0.1,0.1413702239789196,0.31581027667984185,0.8214285714285712,0.8,0.4,0.05521888072258639
faithful_root_t0.0,faithful_root,0.0,signflip,0,2,30,0.6874189516617051,0.7071397925058982,0.8432348785574918,1.0,0.0,0.0,0.6929333333333334,"{""Backdoor"": 0.934, ""DDoS_HTTP"": 0.806, ""DDoS_ICMP"": 0.994, ""DDoS_TCP"": 0.891, ""DDoS_UDP"": 0.997, ""Fingerprinting"": 0.0, ""MITM"": 1.0, ""Normal"": 1.0, ""Password"": 0.104, ""Port_Scanning"": 0.644, ""Ransomware"": 0.399, ""SQL_injection"": 0.983, ""Uploading"": 0.448, ""Vulnerability_scanner"": 0.824, ""XSS"": 0.585}","[0.3707, 0.493, 0.5262, 0.5861, 0.6222, 0.6232, 0.6297, 0.6357, 0.6491, 0.6418, 0.6508, 0.6595, 0.6828, 0.6879, 0.6799, 0.6828, 0.6874, 0.693, 0.6884, 0.6973, 0.665, 0.696, 0.6945, 0.689, 0.6875, 0.6786, 0.6931, 0.6935, 0.6979, 0.6874]","[0.5099, 0.5453, 0.2592, 0.2317, 0.2262, 0.3365, 0.2715, 0.3308, 0.2122, 0.2688]",6.6,46,240,60,60,"[0, 0, 0, 0, 0, 0, 0, 0, 3, 0, 1, 3, 1, 3, 1, 2, 1, 2, 0, 2, 2, 2, 3, 3, 2, 3, 3, 3, 3, 3]","[0, 0, 26, 30, 18, 18, 30, 24, 21, 27]",3.5,,,,,,,,,,,,,,,
faithful_root_t0.0,faithful_root,0.0,labelflip,0,2,30,0.6713200548270878,0.6862317775446929,0.8292179685572675,1.0,0.0,0.0,0.6859000000000001,"{""Backdoor"": 0.443, ""DDoS_HTTP"": 0.638, ""DDoS_ICMP"": 0.988, ""DDoS_TCP"": 1.0, ""DDoS_UDP"": 0.997, ""Fingerprinting"": 0.0, ""MITM"": 1.0, ""Normal"": 1.0, ""Password"": 0.159, ""Port_Scanning"": 0.54, ""Ransomware"": 0.831, ""SQL_injection"": 0.962, ""Uploading"": 0.423, ""Vulnerability_scanner"": 0.441, ""XSS"": 0.872}","[0.2862, 0.4915, 0.5104, 0.5788, 0.6046, 0.623, 0.6302, 0.6364, 0.6307, 0.6418, 0.6467, 0.6614, 0.6505, 0.6946, 0.6795, 0.6852, 0.688, 0.6942, 0.6885, 0.6973, 0.6655, 0.6969, 0.6942, 0.6935, 0.6889, 0.6907, 0.6954, 0.6947, 0.6917, 0.6713]","[0.5099, 0.5453, 0.2592, 0.2317, 0.2262, 0.3365, 0.2715, 0.3308, 0.2122, 0.2688]",6.4,41,240,58,60,"[0, 0, 0, 0, 0, 0, 0, 0, 1, 1, 0, 2, 2, 2, 1, 2, 1, 2, 0, 2, 2, 2, 3, 3, 2, 2, 3, 2, 4, 2]","[1, 1, 26, 30, 20, 19, 30, 23, 24, 27]",3.5,,,,,,,,,,,,,,,
faithful_root_t0.0,faithful_root,0.0,targeted_flip,0,2,30,0.6866298406603152,0.7070187806738629,0.8431451703334903,1.0,0.0,0.0,0.6925666666666667,"{""Backdoor"": 0.935, ""DDoS_HTTP"": 0.8, ""DDoS_ICMP"": 0.994, ""DDoS_TCP"": 0.941, ""DDoS_UDP"": 0.997, ""Fingerprinting"": 0.0, ""MITM"": 1.0, ""Normal"": 1.0, ""Password"": 0.104, ""Port_Scanning"": 0.597, ""Ransomware"": 0.399, ""SQL_injection"": 0.983, ""Uploading"": 0.448, ""Vulnerability_scanner"": 0.829, ""XSS"": 0.579}","[0.3015, 0.4753, 0.5137, 0.5742, 0.6182, 0.6227, 0.6298, 0.6359, 0.6273, 0.6416, 0.6436, 0.6568, 0.647, 0.6905, 0.6825, 0.6848, 0.6878, 0.6949, 0.6887, 0.6966, 0.6665, 0.6967, 0.6939, 0.694, 0.6872, 0.6833, 0.6936, 0.6931, 0.698, 0.6866]","[0.5099, 0.5453, 0.2592, 0.2317, 0.2262, 0.3365, 0.2715, 0.3308, 0.2122, 0.2688]",6.1,43,240,58,60,"[0, 0, 0, 0, 0, 0, 0, 0, 1, 1, 0, 2, 2, 2, 1, 2, 1, 2, 0, 2, 2, 2, 3, 3, 2, 3, 3, 3, 3, 3]","[1, 1, 25, 30, 19, 19, 30, 24, 23, 27]",3.5,,,,,,,,,,,,,,,
faithful_root_t0.0,faithful_root,0.0,backdoor,0,2,30,0.7133353354345454,0.7216382113880929,0.8471820404135549,1.0,0.0,1.0,0.7019666666666667,"{""Backdoor"": 0.886, ""DDoS_HTTP"": 0.903, ""DDoS_ICMP"": 0.994, ""DDoS_TCP"": 0.593, ""DDoS_UDP"": 0.996, ""Fingerprinting"": 0.145, ""MITM"": 1.0, ""Normal"": 1.0, ""Password"": 0.14, ""Port_Scanning"": 0.966, ""Ransomware"": 0.519, ""SQL_injection"": 0.982, ""Uploading"": 0.407, ""Vulnerability_scanner"": 0.814, ""XSS"": 0.481}","[0.237, 0.473, 0.5234, 0.5769, 0.6066, 0.6159, 0.629, 0.6373, 0.6421, 0.6483, 0.6433, 0.6488, 0.6449, 0.6492, 0.6516, 0.6876, 0.6989, 0.6867, 0.6946, 0.693, 0.6885, 0.6946, 0.6836, 0.6936, 0.6879, 0.6883, 0.7039, 0.6955, 0.6971, 0.7133]","[0.5099, 0.5453, 0.2592, 0.2317, 0.2262, 0.3365, 0.2715, 0.3308, 0.2122, 0.2688]",6.4,36,240,5,60,"[0, 0, 0, 0, 0, 0, 1, 0, 0, 1, 0, 1, 0, 2, 1, 2, 3, 3, 2, 1, 0, 2, 1, 3, 1, 4, 1, 2, 2, 3]","[27, 28, 28, 29, 21, 20, 30, 22, 26, 28]",3.5,,,,,,,,,,,,,,,
faithful_root_t0.0,faithful_root,0.0,backdoor_boost,0,2,30,0.6688877621916689,0.6913836405887286,0.8324026105093184,1.0,0.0,0.7822439421706373,0.6692,"{""Backdoor"": 0.936, ""DDoS_HTTP"": 0.917, ""DDoS_ICMP"": 0.995, ""DDoS_TCP"": 1.0, ""DDoS_UDP"": 0.997, ""Fingerprinting"": 0.0, ""MITM"": 1.0, ""Normal"": 1.0, ""Password"": 0.104, ""Port_Scanning"": 0.54, ""Ransomware"": 0.399, ""SQL_injection"": 0.39, ""Uploading"": 0.813, ""Vulnerability_scanner"": 0.819, ""XSS"": 0.462}","[0.2592, 0.5063, 0.5723, 0.5788, 0.5897, 0.5965, 0.6258, 0.6433, 0.6385, 0.64, 0.6514, 0.6303, 0.6532, 0.6559, 0.6539, 0.6466, 0.6993, 0.687, 0.6525, 0.6922, 0.6862, 0.6917, 0.6674, 0.6952, 0.6912, 0.6932, 0.6481, 0.6382, 0.7005, 0.6689]","[0.5099, 0.5453, 0.2592, 0.2317, 0.2262, 0.3365, 0.2715, 0.3308, 0.2122, 0.2688]",5.1,47,240,50,60,"[0, 0, 0, 0, 0, 0, 1, 0, 1, 1, 2, 2, 2, 0, 3, 1, 2, 1, 3, 2, 1, 2, 3, 3, 2, 2, 4, 3, 2, 4]","[3, 7, 24, 29, 19, 17, 30, 23, 23, 28]",3.5,,,,,,,,,,,,,,,
faithful_root_t0.0,faithful_root,0.0,adaptive,0,2,30,0.6822576544433008,0.6819036264602253,0.8373365628293974,1.0,0.0,0.0,0.6750333333333334,"{""Backdoor"": 0.553, ""DDoS_HTTP"": 0.632, ""DDoS_ICMP"": 0.988, ""DDoS_TCP"": 0.997, ""DDoS_UDP"": 0.997, ""Fingerprinting"": 0.0, ""MITM"": 0.716, ""Normal"": 1.0, ""Password"": 0.289, ""Port_Scanning"": 0.54, ""Ransomware"": 0.756, ""SQL_injection"": 0.826, ""Uploading"": 0.418, ""Vulnerability_scanner"": 0.742, ""XSS"": 0.776}","[0.1848, 0.3559, 0.405, 0.4449, 0.503, 0.4979, 0.5272, 0.5575, 0.6035, 0.5954, 0.6106, 0.6213, 0.5756, 0.626, 0.6134, 0.6204, 0.6097, 0.6195, 0.6051, 0.6151, 0.6065, 0.6298, 0.6002, 0.6774, 0.6696, 0.6603, 0.6862, 0.6739, 0.6689, 0.6823]","[0.5099, 0.5453, 0.2592, 0.2317, 0.2262, 0.3365, 0.2715, 0.3308, 0.2122, 0.2688]",5.3,31,240,0,60,"[0, 0, 0, 0, 0, 0, 0, 0, 1, 0, 1, 1, 1, 2, 0, 2, 0, 2, 0, 1, 2, 2, 2, 2, 3, 1, 3, 1, 3, 1]","[30, 30, 24, 30, 19, 22, 30, 30, 27, 27]",3.5,,,,,,,,,,,,,,,
faithful_root_t0.0,faithful_root,0.0,adaptive_f30,0,3,30,0.5845826213048287,0.6028305994348149,0.8119715624929915,1.0,0.0,0.04646711464060273,0.5816333333333333,"{""Backdoor"": 0.643, ""DDoS_HTTP"": 0.93, ""DDoS_ICMP"": 0.998, ""DDoS_TCP"": 0.997, ""DDoS_UDP"": 0.546, ""Fingerprinting"": 0.0, ""MITM"": 0.0, ""Normal"": 1.0, ""Password"": 0.119, ""Port_Scanning"": 0.54, ""Ransomware"": 0.722, ""SQL_injection"": 0.799, ""Uploading"": 0.526, ""Vulnerability_scanner"": 0.818, ""XSS"": 0.405}","[0.2622, 0.334, 0.3557, 0.369, 0.414, 0.3969, 0.4172, 0.432, 0.443, 0.4544, 0.4861, 0.4846, 0.4807, 0.515, 0.5113, 0.5079, 0.5087, 0.5208, 0.5347, 0.5037, 0.5054, 0.5274, 0.5209, 0.5385, 0.5735, 0.5359, 0.5859, 0.5843, 0.576, 0.5846]","[0.5099, 0.5453, 0.2592, 0.2317, 0.2262, 0.3365, 0.2715, 0.3308, 0.2122, 0.2688]",5.0,16,210,0,90,"[0, 0, 0, 0, 0, 0, 0, 0, 0, 1, 0, 1, 0, 1, 0, 1, 1, 0, 1, 1, 1, 0, 1, 2, 0, 2, 1, 1, 1, 0]","[30, 30, 30, 30, 30, 21, 30, 30, 26, 27]",3.5,,,,,,,,,,,,,,,
faithful_root_t-0.3_kappa1.5,faithful_root,-0.3,none,0,0,30,0.6929322176952699,0.7010504264576806,0.8388840296934221,1.0,0.0,0.0,0.6923666666666667,"{""Backdoor"": 0.443, ""DDoS_HTTP"": 0.809, ""DDoS_ICMP"": 0.988, ""DDoS_TCP"": 1.0, ""DDoS_UDP"": 0.997, ""Fingerprinting"": 0.0, ""MITM"": 1.0, ""Normal"": 1.0, ""Password"": 0.797, ""Port_Scanning"": 0.46, ""Ransomware"": 0.946, ""SQL_injection"": 0.338, ""Uploading"": 0.407, ""Vulnerability_scanner"": 0.687, ""XSS"": 0.644}","[0.4244, 0.5387, 0.5786, 0.5704, 0.5871, 0.6045, 0.6136, 0.6225, 0.6212, 0.6429, 0.6427, 0.6562, 0.6557, 0.6516, 0.6485, 0.6515, 0.6409, 0.6581, 0.6536, 0.6862, 0.6911, 0.6902, 0.6837, 0.692, 0.6853, 0.685, 0.6898, 0.685, 0.6992, 0.6929]","[0.5099, 0.5453, 0.2592, 0.2317, 0.2262, 0.3365, 0.2715, 0.3308, 0.2122, 0.2688]",4.8,123,300,0,0,"[0, 0, 1, 3, 3, 3, 3, 3, 3, 4, 4, 5, 4, 5, 5, 5, 4, 5, 6, 5, 4, 5, 4, 6, 5, 6, 6, 5, 6, 5]","[2, 3, 30, 30, 21, 20, 30, 3, 29, 9]",1.5,,,,,-0.03504611330698287,-0.08616600790513831,0.11999999999999997,0.4,0.1,-0.11146245059288536,0.3521739130434782,0.8196428571428569,0.8,0.4,-0.67700320038633
faithful_root_t-0.3_kappa1.5,faithful_root,-0.3,signflip,0,2,30,0.6873818207486654,0.6960616512847003,0.8355423983493687,1.0,0.0,0.0,0.6905000000000001,"{""Backdoor"": 0.443, ""DDoS_HTTP"": 0.813, ""DDoS_ICMP"": 0.988, ""DDoS_TCP"": 0.999, ""DDoS_UDP"": 0.997, ""Fingerprinting"": 0.0, ""MITM"": 1.0, ""Normal"": 1.0, ""Password"": 0.797, ""Port_Scanning"": 0.46, ""Ransomware"": 0.882, ""SQL_injection"": 0.338, ""Uploading"": 0.407, ""Vulnerability_scanner"": 0.677, ""XSS"": 0.64}","[0.3707, 0.493, 0.5262, 0.5461, 0.5664, 0.5981, 0.6, 0.6203, 0.6209, 0.6414, 0.6384, 0.6558, 0.6545, 0.6511, 0.6487, 0.6517, 0.6397, 0.6581, 0.6521, 0.6491, 0.6552, 0.6904, 0.6823, 0.692, 0.6852, 0.685, 0.6899, 0.6852, 0.6989, 0.6874]","[0.5099, 0.5453, 0.2592, 0.2317, 0.2262, 0.3365, 0.2715, 0.3308, 0.2122, 0.2688]",4.8,68,240,60,60,"[0, 0, 0, 1, 1, 1, 1, 1, 1, 2, 2, 3, 2, 3, 3, 3, 2, 3, 4, 3, 2, 3, 2, 4, 3, 4, 4, 3, 4, 3]","[0, 0, 30, 30, 21, 20, 30, 3, 29, 9]",1.5,,,,,,,,,,,,,,,
faithful_root_t-0.3_kappa1.5,faithful_root,-0.3,adaptive_f30,0,3,30,0.5946595997658307,0.6155777553875093,0.8207181143331315,1.0,0.0,0.0,0.5982,"{""Backdoor"": 0.443, ""DDoS_HTTP"": 0.973, ""DDoS_ICMP"": 0.962, ""DDoS_TCP"": 1.0, ""DDoS_UDP"": 0.963, ""Fingerprinting"": 0.0, ""MITM"": 0.0, ""Normal"": 1.0, ""Password"": 0.556, ""Port_Scanning"": 0.46, ""Ransomware"": 0.946, ""SQL_injection"": 0.561, ""Uploading"": 0.431, ""Vulnerability_scanner"": 0.818, ""XSS"": 0.121}","[0.1857, 0.4289, 0.4409, 0.4491, 0.465, 0.4599, 0.464, 0.4652, 0.4654, 0.4735, 0.4848, 0.488, 0.4862, 0.4998, 0.505, 0.5155, 0.5254, 0.5458, 0.5686, 0.5706, 0.562, 0.576, 0.5812, 0.574, 0.5875, 0.5692, 0.5886, 0.607, 0.5929, 0.5947]","[0.5099, 0.5453, 0.2592, 0.2317, 0.2262, 0.3365, 0.2715, 0.3308, 0.2122, 0.2688]",4.9,50,210,0,90,"[0, 0, 1, 1, 1, 1, 1, 1, 1, 1, 1, 1, 1, 1, 2, 1, 1, 2, 2, 2, 3, 1, 1, 5, 3, 3, 3, 2, 4, 3]","[30, 30, 30, 30, 27, 24, 30, 2, 29, 18]",1.5,,,,,,,,,,,,,,,
faithful_root_t-0.3_kappa2.5,faithful_root,-0.3,none,0,0,30,0.7010078016564283,0.7148397182182367,0.8484603826055753,1.0,0.0,0.0,0.6930666666666667,"{""Backdoor"": 0.692, ""DDoS_HTTP"": 0.894, ""DDoS_ICMP"": 0.997, ""DDoS_TCP"": 0.694, ""DDoS_UDP"": 0.992, ""Fingerprinting"": 0.0, ""MITM"": 1.0, ""Normal"": 1.0, ""Password"": 0.112, ""Port_Scanning"": 0.861, ""Ransomware"": 0.746, ""SQL_injection"": 0.983, ""Uploading"": 0.443, ""Vulnerability_scanner"": 0.764, ""XSS"": 0.546}","[0.4244, 0.5387, 0.6165, 0.6249, 0.6306, 0.6404, 0.6399, 0.6471, 0.6459, 0.6429, 0.6761, 0.6834, 0.6829, 0.6945, 0.6889, 0.682, 0.691, 0.6931, 0.6934, 0.691, 0.6964, 0.6872, 0.694, 0.6886, 0.6933, 0.6927, 0.6864, 0.6892, 0.689, 0.701]","[0.5099, 0.5453, 0.2592, 0.2317, 0.2262, 0.3365, 0.2715, 0.3308, 0.2122, 0.2688]",4.9,24,300,0,0,"[0, 0, 0, 0, 0, 0, 0, 0, 0, 1, 2, 1, 1, 2, 1, 1, 1, 1, 1, 1, 0, 2, 1, 1, 1, 1, 1, 1, 1, 2]","[10, 30, 30, 30, 29, 28, 30, 29, 30, 30]",2.5,,,,,-0.03504611330698287,-0.08616600790513831,0.11999999999999997,0.4,0.1,0.14229249011857706,0.31581027667984185,0.8214285714285712,0.8,0.4,-0.3906951575475158
faithful_root_t-0.3_kappa2.5,faithful_root,-0.3,signflip,0,2,30,0.689983768302866,0.7058663895478028,0.8423377963174774,1.0,0.0,0.0,0.6899666666666667,"{""Backdoor"": 0.643, ""DDoS_HTTP"": 0.643, ""DDoS_ICMP"": 0.994, ""DDoS_TCP"": 0.997, ""DDoS_UDP"": 0.996, ""Fingerprinting"": 0.0, ""MITM"": 1.0, ""Normal"": 1.0, ""Password"": 0.104, ""Port_Scanning"": 0.54, ""Ransomware"": 0.683, ""SQL_injection"": 0.983, ""Uploading"": 0.448, ""Vulnerability_scanner"": 0.762, ""XSS"": 0.795}","[0.3707, 0.493, 0.5262, 0.5861, 0.6222, 0.6232, 0.6297, 0.6357, 0.6373, 0.6404, 0.6439, 0.6502, 0.6508, 0.6875, 0.6879, 0.6838, 0.6876, 0.6882, 0.6878, 0.6896, 0.6878, 0.688, 0.6888, 0.6898, 0.6895, 0.6891, 0.6902, 0.6917, 0.6882, 0.69]","[0.5099, 0.5453, 0.2592, 0.2317, 0.2262, 0.3365, 0.2715, 0.3308, 0.2122, 0.2688]",4.8,3,240,60,60,"[0, 0, 0, 0, 0, 0, 0, 0, 0, 0, 0, 0, 0, 1, 0, 0, 0, 0, 0, 0, 0, 1, 0, 0, 0, 0, 0, 0, 1, 0]","[0, 0, 30, 30, 29, 28, 30, 30, 30, 30]",2.5,,,,,,,,,,,,,,,
faithful_root_t-0.3_kappa2.5,faithful_root,-0.3,adaptive_f30,0,3,30,0.5787145065279194,0.6048930201329438,0.813496602301016,1.0,0.0,0.0,0.5876,"{""Backdoor"": 0.522, ""DDoS_HTTP"": 0.96, ""DDoS_ICMP"": 0.945, ""DDoS_TCP"": 1.0, ""DDoS_UDP"": 0.965, ""Fingerprinting"": 0.0, ""MITM"": 0.0, ""Normal"": 1.0, ""Password"": 0.117, ""Port_Scanning"": 0.46, ""Ransomware"": 0.837, ""SQL_injection"": 0.471, ""Uploading"": 0.75, ""Vulnerability_scanner"": 0.818, ""XSS"": 0.229}","[0.2463, 0.3386, 0.3627, 0.3743, 0.4284, 0.4193, 0.4743, 0.4902, 0.502, 0.5101, 0.5492, 0.5458, 0.5081, 0.5546, 0.5326, 0.5705, 0.5658, 0.5674, 0.5853, 0.5642, 0.5707, 0.5906, 0.5941, 0.5769, 0.5774, 0.5493, 0.5697, 0.6026, 0.5815, 0.5787]","[0.5099, 0.5453, 0.2592, 0.2317, 0.2262, 0.3365, 0.2715, 0.3308, 0.2122, 0.2688]",4.9,11,210,0,90,"[0, 0, 0, 0, 0, 0, 0, 0, 0, 0, 0, 0, 1, 0, 1, 0, 0, 1, 1, 1, 0, 0, 0, 1, 1, 1, 1, 0, 1, 1]","[30, 30, 30, 30, 30, 30, 30, 19, 30, 30]",2.5,,,,,,,,,,,,,,,
faithful_root_t-0.3_kappa5.0,faithful_root,-0.3,none,0,0,30,0.7237837493558703,0.7268155562088504,0.848370674381574,1.0,0.0,0.0,0.7200333333333333,"{""Backdoor"": 0.575, ""DDoS_HTTP"": 0.663, ""DDoS_ICMP"": 0.993, ""DDoS_TCP"": 0.591, ""DDoS_UDP"": 0.997, ""Fingerprinting"": 0.2, ""MITM"": 1.0, ""Normal"": 1.0, ""Password"": 0.139, ""Port_Scanning"": 0.966, ""Ransomware"": 0.825, ""SQL_injection"": 0.983, ""Uploading"": 0.422, ""Vulnerability_scanner"": 0.782, ""XSS"": 0.768}","[0.4244, 0.5387, 0.6165, 0.6249, 0.6306, 0.6404, 0.6399, 0.6471, 0.6459, 0.6505, 0.6868, 0.6881, 0.6883, 0.6902, 0.6904, 0.6901, 0.6945, 0.7096, 0.7145, 0.719, 0.7193, 0.7197, 0.7213, 0.7244, 0.7215, 0.7227, 0.719, 0.7201, 0.7162, 0.7238]","[0.5099, 0.5453, 0.2592, 0.2317, 0.2262, 0.3365, 0.2715, 0.3308, 0.2122, 0.2688]",5.7,2,300,0,0,"[0, 0, 0, 0, 0, 0, 0, 0, 0, 0, 0, 0, 0, 0, 0, 0, 0, 0, 0, 0, 0, 1, 0, 0, 0, 0, 0, 0, 0, 1]","[30, 30, 30, 30, 29, 29, 30, 30, 30, 30]",5.0,,,,,-0.03504611330698287,-0.08616600790513831,0.11999999999999997,0.4,0.1,0.14229249011857706,0.31581027667984185,0.8214285714285712,0.8,0.4,0.08703882797784891
faithful_root_t-0.3_kappa5.0,faithful_root,-0.3,signflip,0,2,30,0.689983768302866,0.7058663895478028,0.8423377963174774,1.0,0.0,0.0,0.6899666666666667,"{""Backdoor"": 0.643, ""DDoS_HTTP"": 0.643, ""DDoS_ICMP"": 0.994, ""DDoS_TCP"": 0.997, ""DDoS_UDP"": 0.996, ""Fingerprinting"": 0.0, ""MITM"": 1.0, ""Normal"": 1.0, ""Password"": 0.104, ""Port_Scanning"": 0.54, ""Ransomware"": 0.683, ""SQL_injection"": 0.983, ""Uploading"": 0.448, ""Vulnerability_scanner"": 0.762, ""XSS"": 0.795}","[0.3707, 0.493, 0.5262, 0.5861, 0.6222, 0.6232, 0.6297, 0.6357, 0.6373, 0.6404, 0.6439, 0.6502, 0.6508, 0.6875, 0.6879, 0.6838, 0.6876, 0.6882, 0.6878, 0.6896, 0.6878, 0.688, 0.6888, 0.6898, 0.6895, 0.6891, 0.6902, 0.6917, 0.6882, 0.69]","[0.5099, 0.5453, 0.2592, 0.2317, 0.2262, 0.3365, 0.2715, 0.3308, 0.2122, 0.2688]",5.7,3,240,60,60,"[0, 0, 0, 0, 0, 0, 0, 0, 0, 0, 0, 0, 0, 1, 0, 0, 0, 0, 0, 0, 0, 1, 0, 0, 0, 0, 0, 0, 1, 0]","[0, 0, 30, 30, 29, 28, 30, 30, 30, 30]",5.0,,,,,,,,,,,,,,,
faithful_root_t-0.3_kappa5.0,faithful_root,-0.3,adaptive_f30,0,3,30,0.532666396652656,0.5677484114561894,0.7878400502366054,1.0,0.0,0.04675218896355121,0.5270333333333334,"{""Backdoor"": 0.673, ""DDoS_HTTP"": 0.93, ""DDoS_ICMP"": 0.996, ""DDoS_TCP"": 0.997, ""DDoS_UDP"": 0.0, ""Fingerprinting"": 0.0, ""MITM"": 0.0, ""Normal"": 1.0, ""Password"": 0.217, ""Port_Scanning"": 0.542, ""Ransomware"": 0.698, ""SQL_injection"": 0.76, ""Uploading"": 0.509, ""Vulnerability_scanner"": 0.818, ""XSS"": 0.376}","[0.2478, 0.3351, 0.3442, 0.3637, 0.4027, 0.3771, 0.4156, 0.4209, 0.4549, 0.4531, 0.4818, 0.4666, 0.4741, 0.4997, 0.5099, 0.512, 0.4892, 0.5208, 0.5297, 0.5054, 0.4984, 0.5288, 0.5242, 0.519, 0.5227, 0.4853, 0.5242, 0.5298, 0.5186, 0.5327]","[0.5099, 0.5453, 0.2592, 0.2317, 0.2262, 0.3365, 0.2715, 0.3308, 0.2122, 0.2688]",5.7,0,210,0,90,"[0, 0, 0, 0, 0, 0, 0, 0, 0, 0, 0, 0, 0, 0, 0, 0, 0, 0, 0, 0, 0, 0, 0, 0, 0, 0, 0, 0, 0, 0]","[30, 30, 30, 30, 30, 30, 30, 30, 30, 30]",5.0,,,,,,,,,,,,,,,
faithful_root_t-0.3_clip,faithful_root,-0.3,none,0,0,30,0.6930164026510225,0.7084735921207707,0.8440871066855054,1.0,0.0,0.0,0.6930333333333333,"{""Backdoor"": 0.687, ""DDoS_HTTP"": 0.62, ""DDoS_ICMP"": 0.984, ""DDoS_TCP"": 0.997, ""DDoS_UDP"": 0.997, ""Fingerprinting"": 0.0, ""MITM"": 1.0, ""Normal"": 1.0, ""Password"": 0.108, ""Port_Scanning"": 0.54, ""Ransomware"": 0.681, ""SQL_injection"": 0.982, ""Uploading"": 0.43, ""Vulnerability_scanner"": 0.762, ""XSS"": 0.841}","[0.4139, 0.5262, 0.577, 0.6105, 0.6234, 0.6281, 0.6286, 0.6373, 0.6361, 0.6382, 0.64, 0.6519, 0.6531, 0.6521, 0.6506, 0.6864, 0.6861, 0.6897, 0.6891, 0.6907, 0.6892, 0.6892, 0.6871, 0.6899, 0.6933, 0.6904, 0.6905, 0.6927, 0.6934, 0.693]","[0.5099, 0.5453, 0.2592, 0.2317, 0.2262, 0.3365, 0.2715, 0.3308, 0.2122, 0.2688]",5.3,1,300,0,0,"[0, 0, 0, 0, 0, 0, 0, 0, 0, 0, 0, 0, 0, 0, 0, 0, 0, 0, 0, 0, 0, 1, 0, 0, 0, 0, 0, 0, 0, 0]","[30, 30, 30, 30, 29, 30, 30, 30, 30, 30]",3.5,1.0,,,,-0.03504611330698287,-0.08616600790513831,0.11999999999999997,0.4,0.1,0.07285902503293806,0.3267457180500658,0.824642857142857,0.8,0.4,0.40618119722996154
faithful_root_t-0.3_clip,faithful_root,-0.3,backdoor,0,2,30,0.6946054892866884,0.7095121207201421,0.8454327300455269,1.0,0.0,0.9899409488902464,0.6932666666666667,"{""Backdoor"": 0.851, ""DDoS_HTTP"": 0.607, ""DDoS_ICMP"": 0.99, ""DDoS_TCP"": 1.0, ""DDoS_UDP"": 0.997, ""Fingerprinting"": 0.0, ""MITM"": 0.984, ""Normal"": 1.0, ""Password"": 0.14, ""Port_Scanning"": 0.54, ""Ransomware"": 0.528, ""SQL_injection"": 0.966, ""Uploading"": 0.412, ""Vulnerability_scanner"": 0.775, ""XSS"": 0.854}","[0.2413, 0.4684, 0.5134, 0.5577, 0.5899, 0.6016, 0.6186, 0.6247, 0.6361, 0.6394, 0.6455, 0.6454, 0.646, 0.6472, 0.6473, 0.649, 0.6508, 0.6499, 0.6497, 0.6499, 0.6514, 0.6554, 0.6527, 0.6912, 0.696, 0.6973, 0.6953, 0.6946, 0.6906, 0.6946]","[0.5099, 0.5453, 0.2592, 0.2317, 0.2262, 0.3365, 0.2715, 0.3308, 0.2122, 0.2688]",5.5,0,240,0,60,"[0, 0, 0, 0, 0, 0, 0, 0, 0, 0, 0, 0, 0, 0, 0, 0, 0, 0, 0, 0, 0, 0, 0, 0, 0, 0, 0, 0, 0, 0]","[30, 30, 30, 30, 30, 30, 30, 30, 30, 30]",3.5,1.0,,,,,,,,,,,,,,
faithful_root_t-0.3_clip,faithful_root,-0.3,backdoor_boost,0,2,30,0.6876392493863438,0.7033650761762996,0.841306151741461,1.0,0.0,0.12901649358582773,0.6891999999999999,"{""Backdoor"": 0.441, ""DDoS_HTTP"": 0.607, ""DDoS_ICMP"": 0.996, ""DDoS_TCP"": 1.0, ""DDoS_UDP"": 0.997, ""Fingerprinting"": 0.0, ""MITM"": 0.984, ""Normal"": 1.0, ""Password"": 0.14, ""Port_Scanning"": 0.54, ""Ransomware"": 0.831, ""SQL_injection"": 0.982, ""Uploading"": 0.407, ""Vulnerability_scanner"": 0.773, ""XSS"": 0.854}","[0.2448, 0.4655, 0.515, 0.546, 0.5719, 0.5851, 0.5938, 0.6067, 0.6195, 0.6321, 0.6372, 0.6384, 0.6404, 0.6411, 0.6422, 0.6499, 0.6442, 0.6445, 0.6474, 0.648, 0.6488, 0.6491, 0.6494, 0.6876, 0.6876, 0.6926, 0.6872, 0.6924, 0.6876, 0.6876]","[0.5099, 0.5453, 0.2592, 0.2317, 0.2262, 0.3365, 0.2715, 0.3308, 0.2122, 0.2688]",5.4,4,240,54,60,"[0, 0, 0, 0, 0, 0, 0, 0, 0, 0, 0, 0, 0, 0, 0, 1, 0, 0, 0, 0, 0, 0, 0, 1, 0, 1, 0, 1, 0, 0]","[3, 3, 30, 30, 26, 30, 30, 30, 30, 30]",3.5,1.0,,,,,,,,,,,,,,
faithful_root_t-0.3_clip,faithful_root,-0.3,adaptive_f30,0,3,30,0.601645193408125,0.621321078048876,0.8215703424611451,1.0,0.0,0.0,0.6,"{""Backdoor"": 0.501, ""DDoS_HTTP"": 0.948, ""DDoS_ICMP"": 0.975, ""DDoS_TCP"": 1.0, ""DDoS_UDP"": 0.992, ""Fingerprinting"": 0.0, ""MITM"": 0.078, ""Normal"": 1.0, ""Password"": 0.104, ""Port_Scanning"": 0.46, ""Ransomware"": 0.908, ""SQL_injection"": 0.606, ""Uploading"": 0.652, ""Vulnerability_scanner"": 0.817, ""XSS"": 0.279}","[0.2283, 0.4299, 0.4659, 0.4726, 0.4921, 0.4853, 0.4896, 0.4936, 0.4904, 0.4983, 0.5172, 0.523, 0.5217, 0.5402, 0.5479, 0.5533, 0.5612, 0.5649, 0.5797, 0.5793, 0.577, 0.5825, 0.5894, 0.5883, 0.585, 0.5767, 0.5836, 0.6002, 0.5982, 0.6016]","[0.5099, 0.5453, 0.2592, 0.2317, 0.2262, 0.3365, 0.2715, 0.3308, 0.2122, 0.2688]",12.8,0,210,0,90,"[0, 0, 0, 0, 0, 0, 0, 0, 0, 0, 0, 0, 0, 0, 0, 0, 0, 0, 0, 0, 0, 0, 0, 0, 0, 0, 0, 0, 0, 0]","[30, 30, 30, 30, 30, 30, 30, 30, 30, 30]",3.5,1.0,,,,,,,,,,,,,,
faithful_root_t-0.3_clip,faithful_root,-0.3,signflip,0,2,30,0.6880396896241439,0.7045703429913316,0.8414631411334634,1.0,0.0,0.0,0.6882333333333334,"{""Backdoor"": 0.524, ""DDoS_HTTP"": 0.613, ""DDoS_ICMP"": 0.988, ""DDoS_TCP"": 0.998, ""DDoS_UDP"": 0.997, ""Fingerprinting"": 0.0, ""MITM"": 1.0, ""Normal"": 1.0, ""Password"": 0.104, ""Port_Scanning"": 0.54, ""Ransomware"": 0.779, ""SQL_injection"": 0.983, ""Uploading"": 0.436, ""Vulnerability_scanner"": 0.762, ""XSS"": 0.847}","[0.3708, 0.5007, 0.5106, 0.553, 0.5848, 0.6144, 0.617, 0.6286, 0.6269, 0.6342, 0.636, 0.6397, 0.6395, 0.6404, 0.642, 0.645, 0.6465, 0.6496, 0.648, 0.6849, 0.6824, 0.6837, 0.685, 0.6853, 0.6869, 0.6869, 0.686, 0.6884, 0.6883, 0.688]","[0.5099, 0.5453, 0.2592, 0.2317, 0.2262, 0.3365, 0.2715, 0.3308, 0.2122, 0.2688]",6.6,4,240,60,60,"[0, 0, 0, 0, 0, 0, 0, 0, 0, 0, 0, 0, 0, 0, 0, 0, 0, 1, 0, 0, 0, 1, 0, 0, 1, 0, 0, 1, 0, 0]","[0, 0, 30, 30, 26, 30, 30, 30, 30, 30]",3.5,1.0,,,,,,,,,,,,,,
faithful_root_t-0.3_clipnoise_z0.5,faithful_root,-0.3,none,0,0,30,0.7031471330890585,0.7111012201236293,0.8399605283814394,1.0,0.0,0.0,0.7086,"{""Backdoor"": 0.452, ""DDoS_HTTP"": 0.632, ""DDoS_ICMP"": 0.986, ""DDoS_TCP"": 0.786, ""DDoS_UDP"": 0.999, ""Fingerprinting"": 0.145, ""MITM"": 1.0, ""Normal"": 1.0, ""Password"": 0.104, ""Port_Scanning"": 0.766, ""Ransomware"": 0.831, ""SQL_injection"": 0.844, ""Uploading"": 0.526, ""Vulnerability_scanner"": 0.772, ""XSS"": 0.824}","[0.1953, 0.3986, 0.4412, 0.533, 0.5626, 0.5685, 0.5649, 0.615, 0.6444, 0.617, 0.6355, 0.6321, 0.6376, 0.6292, 0.6384, 0.6444, 0.6419, 0.683, 0.6891, 0.6806, 0.6827, 0.6855, 0.6829, 0.6856, 0.7044, 0.7071, 0.7016, 0.7083, 0.7144, 0.7031]","[0.5099, 0.5453, 0.2592, 0.2317, 0.2262, 0.3365, 0.2715, 0.3308, 0.2122, 0.2688]",5.0,0,300,0,0,"[0, 0, 0, 0, 0, 0, 0, 0, 0, 0, 0, 0, 0, 0, 0, 0, 0, 0, 0, 0, 0, 0, 0, 0, 0, 0, 0, 0, 0, 0]","[30, 30, 30, 30, 30, 30, 30, 30, 30, 30]",3.5,1.0,0.5,,112.56537912599764,-0.11567852437417656,0.17140974967061923,-0.02607142857142858,0.1,0.4,0.1129117259552042,0.3467720685111989,0.8124999999999998,0.7,0.4,
faithful_root_t-0.3_clipnoise_z0.5,faithful_root,-0.3,backdoor,0,2,30,0.6749591046997397,0.6880313552326743,0.8301150507972819,1.0,0.0,0.9748727346772551,0.6782333333333334,"{""Backdoor"": 0.494, ""DDoS_HTTP"": 0.607, ""DDoS_ICMP"": 0.99, ""DDoS_TCP"": 0.857, ""DDoS_UDP"": 0.998, ""Fingerprinting"": 0.0, ""MITM"": 1.0, ""Normal"": 1.0, ""Password"": 0.126, ""Port_Scanning"": 0.69, ""Ransomware"": 0.761, ""SQL_injection"": 0.437, ""Uploading"": 0.756, ""Vulnerability_scanner"": 0.752, ""XSS"": 0.854}","[0.1686, 0.2979, 0.4872, 0.505, 0.5046, 0.5625, 0.5545, 0.577, 0.6018, 0.5936, 0.6078, 0.6262, 0.6356, 0.6393, 0.6375, 0.6407, 0.642, 0.6809, 0.6772, 0.6784, 0.6838, 0.6845, 0.6753, 0.6725, 0.6864, 0.6814, 0.6812, 0.6804, 0.6793, 0.675]","[0.5099, 0.5453, 0.2592, 0.2317, 0.2262, 0.3365, 0.2715, 0.3308, 0.2122, 0.2688]",5.5,0,240,0,60,"[0, 0, 0, 0, 0, 0, 0, 0, 0, 0, 0, 0, 0, 0, 0, 0, 0, 0, 0, 0, 0, 0, 0, 0, 0, 0, 0, 0, 0, 0]","[30, 30, 30, 30, 30, 30, 30, 30, 30, 30]",3.5,1.0,0.5,,112.56537912599764,,,,,,,,,,,
faithful_root_t-0.3_clipnoise_z0.5,faithful_root,-0.3,backdoor_boost,0,2,30,0.6583337101380113,0.6763904836046122,0.8228486846531656,1.0,0.0,0.11818366931378538,0.6673333333333334,"{""Backdoor"": 0.477, ""DDoS_HTTP"": 0.607, ""DDoS_ICMP"": 0.996, ""DDoS_TCP"": 1.0, ""DDoS_UDP"": 0.998, ""Fingerprinting"": 0.0, ""MITM"": 0.984, ""Normal"": 1.0, ""Password"": 0.124, ""Port_Scanning"": 0.54, ""Ransomware"": 0.775, ""SQL_injection"": 0.215, ""Uploading"": 0.892, ""Vulnerability_scanner"": 0.673, ""XSS"": 0.866}","[0.1735, 0.3363, 0.4906, 0.4908, 0.4939, 0.5559, 0.5225, 0.5588, 0.5661, 0.5664, 0.5844, 0.6167, 0.6256, 0.6359, 0.6284, 0.6343, 0.638, 0.6462, 0.6664, 0.6706, 0.6765, 0.6767, 0.672, 0.6751, 0.6876, 0.6782, 0.6776, 0.6749, 0.6688, 0.6583]","[0.5099, 0.5453, 0.2592, 0.2317, 0.2262, 0.3365, 0.2715, 0.3308, 0.2122, 0.2688]",14.9,0,240,54,60,"[0, 0, 0, 0, 0, 0, 0, 0, 0, 0, 0, 0, 0, 0, 0, 0, 0, 0, 0, 0, 0, 0, 0, 0, 0, 0, 0, 0, 0, 0]","[3, 3, 30, 30, 30, 30, 30, 30, 30, 30]",3.5,1.0,0.5,,112.56537912599764,,,,,,,,,,,
faithful_root_t-0.3_clipnoise_z0.5,faithful_root,-0.3,adaptive_f30,0,3,30,0.6326692630425943,0.6542047571467026,0.8171297853730741,0.9997556505803299,0.0,0.000570148645896966,0.5976666666666667,"{""Backdoor"": 0.445, ""DDoS_HTTP"": 0.934, ""DDoS_ICMP"": 0.982, ""DDoS_TCP"": 0.997, ""DDoS_UDP"": 0.997, ""Fingerprinting"": 0.0, ""MITM"": 0.749, ""Normal"": 1.0, ""Password"": 0.101, ""Port_Scanning"": 0.54, ""Ransomware"": 0.826, ""SQL_injection"": 0.19, ""Uploading"": 0.938, ""Vulnerability_scanner"": 0.813, ""XSS"": 0.302}","[0.1356, 0.3058, 0.3624, 0.4539, 0.4836, 0.4525, 0.4732, 0.5061, 0.4916, 0.4711, 0.4916, 0.5294, 0.5193, 0.5593, 0.5348, 0.5673, 0.5518, 0.594, 0.6005, 0.5831, 0.5964, 0.596, 0.5756, 0.5789, 0.5974, 0.5773, 0.5732, 0.5878, 0.5725, 0.6327]","[0.5099, 0.5453, 0.2592, 0.2317, 0.2262, 0.3365, 0.2715, 0.3308, 0.2122, 0.2688]",11.4,0,210,0,90,"[0, 0, 0, 0, 0, 0, 0, 0, 0, 0, 0, 0, 0, 0, 0, 0, 0, 0, 0, 0, 0, 0, 0, 0, 0, 0, 0, 0, 0, 0]","[30, 30, 30, 30, 30, 30, 30, 30, 30, 30]",3.5,1.0,0.5,,112.56537912599764,,,,,,,,,,,
faithful_root_t-0.3_clipnoise_z0.5,faithful_root,-0.3,signflip,0,2,30,0.6843303260457108,0.7014175311774073,0.8392877167014287,1.0,0.0,8.144980655670943e-05,0.6838333333333333,"{""Backdoor"": 0.444, ""DDoS_HTTP"": 0.607, ""DDoS_ICMP"": 0.99, ""DDoS_TCP"": 0.958, ""DDoS_UDP"": 0.999, ""Fingerprinting"": 0.0, ""MITM"": 1.0, ""Normal"": 1.0, ""Password"": 0.104, ""Port_Scanning"": 0.581, ""Ransomware"": 0.831, ""SQL_injection"": 0.861, ""Uploading"": 0.52, ""Vulnerability_scanner"": 0.774, ""XSS"": 0.854}","[0.2027, 0.3522, 0.352, 0.4957, 0.4759, 0.5047, 0.5118, 0.5734, 0.6035, 0.5735, 0.6049, 0.6167, 0.6219, 0.6101, 0.6346, 0.6416, 0.6395, 0.617, 0.6292, 0.6682, 0.6715, 0.6832, 0.6818, 0.6853, 0.6998, 0.6837, 0.6965, 0.6731, 0.6941, 0.6843]","[0.5099, 0.5453, 0.2592, 0.2317, 0.2262, 0.3365, 0.2715, 0.3308, 0.2122, 0.2688]",6.4,1,240,60,60,"[0, 0, 0, 0, 0, 0, 0, 0, 0, 0, 0, 0, 0, 0, 0, 0, 0, 0, 0, 0, 0, 0, 0, 0, 0, 0, 0, 0, 1, 0]","[0, 0, 30, 30, 29, 30, 30, 30, 30, 30]",3.5,1.0,0.5,,112.56537912599764,,,,,,,,,,,
faithful_root_t-0.3_all_z0.5,faithful_root,-0.3,none,0,0,30,0.6948393146953387,0.7039282933339419,0.8409697459014556,1.0,0.0,0.0,0.6948333333333333,"{""Backdoor"": 0.459, ""DDoS_HTTP"": 0.618, ""DDoS_ICMP"": 0.989, ""DDoS_TCP"": 0.774, ""DDoS_UDP"": 0.997, ""Fingerprinting"": 0.0, ""MITM"": 1.0, ""Normal"": 1.0, ""Password"": 0.218, ""Port_Scanning"": 0.777, ""Ransomware"": 0.831, ""SQL_injection"": 0.795, ""Uploading"": 0.494, ""Vulnerability_scanner"": 0.763, ""XSS"": 0.844}","[0.1981, 0.477, 0.5167, 0.5559, 0.5862, 0.568, 0.558, 0.6043, 0.6025, 0.5765, 0.5967, 0.6125, 0.6174, 0.6302, 0.6284, 0.6371, 0.6441, 0.6466, 0.6474, 0.6512, 0.6493, 0.656, 0.6467, 0.6829, 0.6954, 0.6895, 0.6882, 0.6947, 0.695, 0.6948]","[0.5099, 0.5453, 0.2592, 0.2317, 0.2262, 0.3365, 0.2715, 0.3308, 0.2122, 0.2688]",6.1,0,300,0,0,"[0, 0, 0, 0, 0, 0, 0, 0, 0, 0, 0, 0, 0, 0, 0, 0, 0, 0, 0, 0, 0, 0, 0, 0, 0, 0, 0, 0, 0, 0]","[30, 30, 30, 30, 30, 30, 30, 30, 30, 30]",3.5,1.0,0.5,3.0,112.56537912599764,-0.11567852437417656,0.17140974967061923,-0.02607142857142858,0.1,0.4,0.15612648221343875,0.3355731225296442,0.8217857142857141,0.7,0.4,
faithful_root_t-0.3_all_z0.5,faithful_root,-0.3,backdoor,0,2,30,0.6792198914653867,0.6920184260595689,0.832873578685326,1.0,0.0,0.440643453471798,0.6814,"{""Backdoor"": 0.518, ""DDoS_HTTP"": 0.607, ""DDoS_ICMP"": 0.991, ""DDoS_TCP"": 0.959, ""DDoS_UDP"": 0.997, ""Fingerprinting"": 0.0, ""MITM"": 1.0, ""Normal"": 1.0, ""Password"": 0.132, ""Port_Scanning"": 0.588, ""Ransomware"": 0.751, ""SQL_injection"": 0.612, ""Uploading"": 0.612, ""Vulnerability_scanner"": 0.764, ""XSS"": 0.852}","[0.2184, 0.3174, 0.5031, 0.5385, 0.5142, 0.5565, 0.5492, 0.5439, 0.5537, 0.5671, 0.5635, 0.591, 0.5931, 0.6045, 0.6244, 0.6662, 0.6701, 0.6749, 0.665, 0.6661, 0.6695, 0.6699, 0.6687, 0.6727, 0.6818, 0.6814, 0.6813, 0.6818, 0.6832, 0.6792]","[0.5099, 0.5453, 0.2592, 0.2317, 0.2262, 0.3365, 0.2715, 0.3308, 0.2122, 0.2688]",6.0,0,240,0,60,"[0, 0, 0, 0, 0, 0, 0, 0, 0, 0, 0, 0, 0, 0, 0, 0, 0, 0, 0, 0, 0, 0, 0, 0, 0, 0, 0, 0, 0, 0]","[30, 30, 30, 30, 30, 30, 30, 30, 30, 30]",3.5,1.0,0.5,3.0,112.56537912599764,,,,,,,,,,,
faithful_root_t-0.3_all_z0.5,faithful_root,-0.3,backdoor_boost,0,2,30,0.6713785946289228,0.6865784690485651,0.8292403956132679,1.0,0.0,0.003502341681938505,0.6742333333333334,"{""Backdoor"": 0.53, ""DDoS_HTTP"": 0.607, ""DDoS_ICMP"": 0.994, ""DDoS_TCP"": 1.0, ""DDoS_UDP"": 0.996, ""Fingerprinting"": 0.0, ""MITM"": 1.0, ""Normal"": 1.0, ""Password"": 0.092, ""Port_Scanning"": 0.54, ""Ransomware"": 0.753, ""SQL_injection"": 0.634, ""Uploading"": 0.606, ""Vulnerability_scanner"": 0.686, ""XSS"": 0.862}","[0.2247, 0.3197, 0.4803, 0.5241, 0.4872, 0.5536, 0.5326, 0.5287, 0.5224, 0.5313, 0.5392, 0.579, 0.5842, 0.5966, 0.6295, 0.6252, 0.6282, 0.6296, 0.6544, 0.6659, 0.6634, 0.6689, 0.666, 0.6694, 0.6849, 0.6767, 0.6763, 0.6765, 0.6748, 0.6714]","[0.5099, 0.5453, 0.2592, 0.2317, 0.2262, 0.3365, 0.2715, 0.3308, 0.2122, 0.2688]",5.6,0,240,56,60,"[0, 0, 0, 0, 0, 0, 0, 0, 0, 0, 0, 0, 0, 0, 0, 0, 0, 0, 0, 0, 0, 0, 0, 0, 0, 0, 0, 0, 0, 0]","[2, 2, 30, 30, 30, 30, 30, 30, 30, 30]",3.5,1.0,0.5,3.0,112.56537912599764,,,,,,,,,,,
faithful_root_t-0.3_all_z0.5,faithful_root,-0.3,adaptive_f30,0,3,30,0.5618395787885612,0.596585624956982,0.8078001300769247,1.0,0.0,0.0,0.5631666666666666,"{""Backdoor"": 0.443, ""DDoS_HTTP"": 0.943, ""DDoS_ICMP"": 0.97, ""DDoS_TCP"": 1.0, ""DDoS_UDP"": 0.996, ""Fingerprinting"": 0.0, ""MITM"": 0.0, ""Normal"": 1.0, ""Password"": 0.104, ""Port_Scanning"": 0.46, ""Ransomware"": 0.882, ""SQL_injection"": 0.162, ""Uploading"": 0.953, ""Vulnerability_scanner"": 0.807, ""XSS"": 0.229}","[0.1398, 0.3179, 0.3651, 0.4445, 0.4902, 0.4698, 0.4801, 0.5044, 0.493, 0.5008, 0.5218, 0.5428, 0.5352, 0.5452, 0.543, 0.5481, 0.5695, 0.5748, 0.5818, 0.5726, 0.5779, 0.587, 0.571, 0.5897, 0.5943, 0.5751, 0.5563, 0.5715, 0.5562, 0.5618]","[0.5099, 0.5453, 0.2592, 0.2317, 0.2262, 0.3365, 0.2715, 0.3308, 0.2122, 0.2688]",5.4,0,210,0,90,"[0, 0, 0, 0, 0, 0, 0, 0, 0, 0, 0, 0, 0, 0, 0, 0, 0, 0, 0, 0, 0, 0, 0, 0, 0, 0, 0, 0, 0, 0]","[30, 30, 30, 30, 30, 30, 30, 30, 30, 30]",3.5,1.0,0.5,3.0,112.56537912599764,,,,,,,,,,,
faithful_root_t-0.3_all_z0.5,faithful_root,-0.3,signflip,0,2,30,0.6468312501692495,0.6547685035972405,0.8348247325573572,1.0,0.0,0.0,0.6361333333333333,"{""Backdoor"": 0.443, ""DDoS_HTTP"": 0.61, ""DDoS_ICMP"": 0.99, ""DDoS_TCP"": 0.997, ""DDoS_UDP"": 0.997, ""Fingerprinting"": 0.0, ""MITM"": 0.317, ""Normal"": 1.0, ""Password"": 0.109, ""Port_Scanning"": 0.54, ""Ransomware"": 0.831, ""SQL_injection"": 0.866, ""Uploading"": 0.51, ""Vulnerability_scanner"": 0.759, ""XSS"": 0.852}","[0.1655, 0.3678, 0.4472, 0.4918, 0.5409, 0.5362, 0.546, 0.5937, 0.5815, 0.555, 0.5918, 0.6009, 0.5996, 0.5884, 0.5921, 0.5948, 0.6046, 0.611, 0.6129, 0.6099, 0.6098, 0.6121, 0.6241, 0.6293, 0.6453, 0.6295, 0.6282, 0.6284, 0.6332, 0.6468]","[0.5099, 0.5453, 0.2592, 0.2317, 0.2262, 0.3365, 0.2715, 0.3308, 0.2122, 0.2688]",5.2,1,240,60,60,"[0, 0, 0, 0, 0, 0, 0, 0, 0, 0, 0, 0, 0, 0, 0, 0, 0, 0, 0, 0, 0, 1, 0, 0, 0, 0, 0, 0, 0, 0]","[0, 0, 30, 30, 29, 30, 30, 30, 30, 30]",3.5,1.0,0.5,3.0,112.56537912599764,,,,,,,,,,,
faithful_root_t-0.3_all_z1.0,faithful_root,-0.3,none,0,0,30,0.6907161607265362,0.6950295400240516,0.8348920137253583,1.0,0.0,0.0,0.6745666666666666,"{""Backdoor"": 0.478, ""DDoS_HTTP"": 0.667, ""DDoS_ICMP"": 0.994, ""DDoS_TCP"": 0.665, ""DDoS_UDP"": 0.997, ""Fingerprinting"": 0.0, ""MITM"": 1.0, ""Normal"": 1.0, ""Password"": 0.342, ""Port_Scanning"": 0.814, ""Ransomware"": 0.825, ""SQL_injection"": 0.598, ""Uploading"": 0.521, ""Vulnerability_scanner"": 0.759, ""XSS"": 0.765}","[0.1067, 0.3148, 0.3687, 0.4528, 0.4402, 0.4582, 0.4656, 0.5494, 0.5701, 0.5372, 0.5753, 0.5798, 0.5837, 0.579, 0.5823, 0.587, 0.5892, 0.6077, 0.5969, 0.6109, 0.6054, 0.628, 0.6255, 0.6346, 0.6406, 0.6565, 0.6552, 0.6653, 0.6677, 0.6907]","[0.5099, 0.5453, 0.2592, 0.2317, 0.2262, 0.3365, 0.2715, 0.3308, 0.2122, 0.2688]",5.5,0,300,0,0,"[0, 0, 0, 0, 0, 0, 0, 0, 0, 0, 0, 0, 0, 0, 0, 0, 0, 0, 0, 0, 0, 0, 0, 0, 0, 0, 0, 0, 0, 0]","[30, 30, 30, 30, 30, 30, 30, 30, 30, 30]",3.5,1.0,1.0,3.0,41.285057226388886,-0.11567852437417656,0.17140974967061923,-0.02607142857142858,0.1,0.4,0.2380764163372859,0.3590250329380764,0.8167857142857141,0.6,0.5,
faithful_root_t-0.3_all_z1.0,faithful_root,-0.3,backdoor,0,2,30,0.6620511833115957,0.673959797460755,0.8213460719011415,0.9999592750967217,0.0,0.20623091020158826,0.6660666666666667,"{""Backdoor"": 0.55, ""DDoS_HTTP"": 0.607, ""DDoS_ICMP"": 0.994, ""DDoS_TCP"": 0.804, ""DDoS_UDP"": 0.993, ""Fingerprinting"": 0.0, ""MITM"": 0.984, ""Normal"": 1.0, ""Password"": 0.105, ""Port_Scanning"": 0.737, ""Ransomware"": 0.718, ""SQL_injection"": 0.437, ""Uploading"": 0.721, ""Vulnerability_scanner"": 0.59, ""XSS"": 0.869}","[0.1414, 0.2128, 0.261, 0.3843, 0.4163, 0.4594, 0.4732, 0.488, 0.4671, 0.4978, 0.5244, 0.5477, 0.5507, 0.581, 0.6122, 0.606, 0.6522, 0.6059, 0.648, 0.6468, 0.6643, 0.6265, 0.6559, 0.6444, 0.6863, 0.6729, 0.6753, 0.6664, 0.6697, 0.6621]","[0.5099, 0.5453, 0.2592, 0.2317, 0.2262, 0.3365, 0.2715, 0.3308, 0.2122, 0.2688]",5.2,0,240,0,60,"[0, 0, 0, 0, 0, 0, 0, 0, 0, 0, 0, 0, 0, 0, 0, 0, 0, 0, 0, 0, 0, 0, 0, 0, 0, 0, 0, 0, 0, 0]","[30, 30, 30, 30, 30, 30, 30, 30, 30, 30]",3.5,1.0,1.0,3.0,41.285057226388886,,,,,,,,,,,
faithful_root_t-0.3_all_z1.0,faithful_root,-0.3,backdoor_boost,0,2,30,0.6385342917644107,0.6570655414531804,0.8099755545089596,1.0,0.0,0.004276114844227245,0.6558,"{""Backdoor"": 0.47, ""DDoS_HTTP"": 0.607, ""DDoS_ICMP"": 0.994, ""DDoS_TCP"": 0.81, ""DDoS_UDP"": 0.988, ""Fingerprinting"": 0.0, ""MITM"": 0.984, ""Normal"": 1.0, ""Password"": 0.06, ""Port_Scanning"": 0.729, ""Ransomware"": 0.785, ""SQL_injection"": 0.321, ""Uploading"": 0.779, ""Vulnerability_scanner"": 0.431, ""XSS"": 0.899}","[0.1436, 0.2159, 0.26, 0.3657, 0.4113, 0.4411, 0.4675, 0.4799, 0.4585, 0.5033, 0.5199, 0.5363, 0.5405, 0.5835, 0.6148, 0.628, 0.6065, 0.5954, 0.5925, 0.587, 0.617, 0.6156, 0.6036, 0.5997, 0.6439, 0.6721, 0.676, 0.6667, 0.6622, 0.6385]","[0.5099, 0.5453, 0.2592, 0.2317, 0.2262, 0.3365, 0.2715, 0.3308, 0.2122, 0.2688]",5.1,0,240,53,60,"[0, 0, 0, 0, 0, 0, 0, 0, 0, 0, 0, 0, 0, 0, 0, 0, 0, 0, 0, 0, 0, 0, 0, 0, 0, 0, 0, 0, 0, 0]","[4, 3, 30, 30, 30, 30, 30, 30, 30, 30]",3.5,1.0,1.0,3.0,41.285057226388886,,,,,,,,,,,
faithful_root_t-0.3_all_z1.0,faithful_root,-0.3,adaptive_f30,0,3,30,0.5559835602445291,0.590342255679975,0.8035389894368566,1.0,0.0,0.0,0.5531333333333334,"{""Backdoor"": 0.477, ""DDoS_HTTP"": 0.902, ""DDoS_ICMP"": 0.977, ""DDoS_TCP"": 1.0, ""DDoS_UDP"": 0.923, ""Fingerprinting"": 0.0, ""MITM"": 0.0, ""Normal"": 1.0, ""Password"": 0.065, ""Port_Scanning"": 0.46, ""Ransomware"": 0.825, ""SQL_injection"": 0.162, ""Uploading"": 0.958, ""Vulnerability_scanner"": 0.808, ""XSS"": 0.297}","[0.0922, 0.22, 0.2502, 0.3486, 0.3486, 0.3798, 0.3983, 0.4468, 0.4263, 0.3854, 0.4853, 0.5108, 0.5202, 0.5307, 0.5337, 0.5473, 0.5641, 0.5817, 0.5707, 0.5545, 0.5679, 0.5903, 0.5656, 0.5779, 0.5862, 0.5455, 0.5572, 0.5599, 0.5435, 0.556]","[0.5099, 0.5453, 0.2592, 0.2317, 0.2262, 0.3365, 0.2715, 0.3308, 0.2122, 0.2688]",5.6,0,210,0,90,"[0, 0, 0, 0, 0, 0, 0, 0, 0, 0, 0, 0, 0, 0, 0, 0, 0, 0, 0, 0, 0, 0, 0, 0, 0, 0, 0, 0, 0, 0]","[30, 30, 30, 30, 30, 30, 30, 30, 30, 30]",3.5,1.0,1.0,3.0,41.285057226388886,,,,,,,,,,,
faithful_root_t-0.3_all_z1.0,faithful_root,-0.3,signflip,0,2,30,0.6142837407956936,0.6234071958467097,0.8241943080131872,0.9999185501934433,0.0,0.0,0.5965666666666666,"{""Backdoor"": 0.46, ""DDoS_HTTP"": 0.671, ""DDoS_ICMP"": 0.986, ""DDoS_TCP"": 0.994, ""DDoS_UDP"": 0.998, ""Fingerprinting"": 0.0, ""MITM"": 0.049, ""Normal"": 1.0, ""Password"": 0.268, ""Port_Scanning"": 0.464, ""Ransomware"": 0.802, ""SQL_injection"": 0.689, ""Uploading"": 0.5, ""Vulnerability_scanner"": 0.709, ""XSS"": 0.763}","[0.096, 0.2914, 0.3003, 0.3591, 0.3811, 0.4156, 0.4349, 0.5201, 0.5195, 0.4892, 0.5669, 0.5668, 0.5641, 0.5727, 0.5781, 0.5702, 0.5825, 0.5734, 0.5566, 0.586, 0.575, 0.6176, 0.5993, 0.616, 0.6225, 0.6147, 0.6275, 0.5909, 0.5845, 0.6143]","[0.5099, 0.5453, 0.2592, 0.2317, 0.2262, 0.3365, 0.2715, 0.3308, 0.2122, 0.2688]",5.4,0,240,60,60,"[0, 0, 0, 0, 0, 0, 0, 0, 0, 0, 0, 0, 0, 0, 0, 0, 0, 0, 0, 0, 0, 0, 0, 0, 0, 0, 0, 0, 0, 0]","[0, 0, 30, 30, 30, 30, 30, 30, 30, 30]",3.5,1.0,1.0,3.0,41.285057226388886,,,,,,,,,,,
faithful_root_t-0.3_all_z2.0,faithful_root,-0.3,none,0,0,30,0.6598331460037653,0.6629439665318974,0.8207405413891319,0.9994705762573813,0.0,0.0,0.6286999999999999,"{""Backdoor"": 0.441, ""DDoS_HTTP"": 0.644, ""DDoS_ICMP"": 0.994, ""DDoS_TCP"": 0.591, ""DDoS_UDP"": 0.996, ""Fingerprinting"": 0.0, ""MITM"": 0.811, ""Normal"": 1.0, ""Password"": 0.624, ""Port_Scanning"": 0.966, ""Ransomware"": 0.831, ""SQL_injection"": 0.273, ""Uploading"": 0.537, ""Vulnerability_scanner"": 0.443, ""XSS"": 0.794}","[0.0754, 0.2014, 0.2046, 0.2308, 0.2629, 0.3102, 0.3589, 0.3811, 0.3656, 0.4537, 0.5238, 0.5199, 0.5719, 0.5541, 0.5496, 0.5528, 0.5777, 0.5333, 0.5338, 0.5642, 0.5709, 0.5986, 0.5944, 0.597, 0.6231, 0.6522, 0.6085, 0.6233, 0.603, 0.6598]","[0.5099, 0.5453, 0.2592, 0.2317, 0.2262, 0.3365, 0.2715, 0.3308, 0.2122, 0.2688]",5.4,0,300,0,0,"[0, 0, 0, 0, 0, 0, 0, 0, 0, 0, 0, 0, 0, 0, 0, 0, 0, 0, 0, 0, 0, 0, 0, 0, 0, 0, 0, 0, 0, 0]","[30, 30, 30, 30, 30, 30, 30, 30, 30, 30]",3.5,1.0,2.0,3.0,16.891338818048375,-0.11567852437417656,0.17140974967061923,-0.02607142857142858,0.1,0.4,0.3765480895915678,0.3816864295125164,0.8103571428571428,0.8,0.4,
faithful_root_t-0.3_all_z2.0,faithful_root,-0.3,backdoor,0,2,30,0.5977521348261566,0.6195614174006958,0.7921908991006751,0.9979637548360822,0.0,0.10653634697617594,0.6321666666666667,"{""Backdoor"": 0.918, ""DDoS_HTTP"": 0.613, ""DDoS_ICMP"": 0.997, ""DDoS_TCP"": 0.637, ""DDoS_UDP"": 0.917, ""Fingerprinting"": 0.0, ""MITM"": 0.794, ""Normal"": 1.0, ""Password"": 0.147, ""Port_Scanning"": 0.924, ""Ransomware"": 0.399, ""SQL_injection"": 0.187, ""Uploading"": 0.786, ""Vulnerability_scanner"": 0.087, ""XSS"": 0.887}","[0.1026, 0.1442, 0.1242, 0.1695, 0.2146, 0.2379, 0.3551, 0.3299, 0.3961, 0.3758, 0.4627, 0.5162, 0.5338, 0.562, 0.5645, 0.5569, 0.5654, 0.4943, 0.4963, 0.5053, 0.5348, 0.5251, 0.5335, 0.5443, 0.5915, 0.5998, 0.6008, 0.6531, 0.6456, 0.5978]","[0.5099, 0.5453, 0.2592, 0.2317, 0.2262, 0.3365, 0.2715, 0.3308, 0.2122, 0.2688]",4.9,0,240,0,60,"[0, 0, 0, 0, 0, 0, 0, 0, 0, 0, 0, 0, 0, 0, 0, 0, 0, 0, 0, 0, 0, 0, 0, 0, 0, 0, 0, 0, 0, 0]","[30, 30, 30, 30, 30, 30, 30, 30, 30, 30]",3.5,1.0,2.0,3.0,16.891338818048375,,,,,,,,,,,
faithful_root_t-0.3_all_z2.0,faithful_root,-0.3,backdoor_boost,0,2,30,0.5933786943031378,0.6247939838928385,0.7875484985086008,0.9919364691508857,0.0,0.07338627570759519,0.6223666666666667,"{""Backdoor"": 0.83, ""DDoS_HTTP"": 0.529, ""DDoS_ICMP"": 0.998, ""DDoS_TCP"": 0.692, ""DDoS_UDP"": 0.911, ""Fingerprinting"": 0.0, ""MITM"": 1.0, ""Normal"": 1.0, ""Password"": 0.122, ""Port_Scanning"": 0.864, ""Ransomware"": 0.399, ""SQL_injection"": 0.17, ""Uploading"": 0.84, ""Vulnerability_scanner"": 0.084, ""XSS"": 0.932}","[0.1028, 0.1444, 0.1247, 0.1722, 0.2169, 0.2346, 0.3456, 0.3321, 0.3804, 0.3287, 0.444, 0.498, 0.5136, 0.5163, 0.5123, 0.5345, 0.5537, 0.4599, 0.4886, 0.4613, 0.4611, 0.4497, 0.522, 0.4948, 0.5678, 0.5891, 0.6072, 0.6487, 0.625, 0.5934]","[0.5099, 0.5453, 0.2592, 0.2317, 0.2262, 0.3365, 0.2715, 0.3308, 0.2122, 0.2688]",4.9,0,240,45,60,"[0, 0, 0, 0, 0, 0, 0, 0, 0, 0, 0, 0, 0, 0, 0, 0, 0, 0, 0, 0, 0, 0, 0, 0, 0, 0, 0, 0, 0, 0]","[9, 6, 30, 30, 30, 30, 30, 30, 30, 30]",3.5,1.0,2.0,3.0,16.891338818048375,,,,,,,,,,,
faithful_root_t-0.3_all_z2.0,faithful_root,-0.3,adaptive_f30,0,3,30,0.477206634063331,0.5081222473559849,0.7475162035479602,0.9948279372836489,0.0,0.004886988393402566,0.4673333333333334,"{""Backdoor"": 0.441, ""DDoS_HTTP"": 0.601, ""DDoS_ICMP"": 1.0, ""DDoS_TCP"": 0.591, ""DDoS_UDP"": 0.185, ""Fingerprinting"": 0.0, ""MITM"": 0.0, ""Normal"": 1.0, ""Password"": 0.166, ""Port_Scanning"": 0.775, ""Ransomware"": 0.831, ""SQL_injection"": 0.053, ""Uploading"": 0.91, ""Vulnerability_scanner"": 0.413, ""XSS"": 0.657}","[0.0703, 0.1733, 0.1737, 0.1812, 0.1148, 0.27, 0.2419, 0.2949, 0.2905, 0.2869, 0.3245, 0.3518, 0.3977, 0.456, 0.4718, 0.4497, 0.4629, 0.423, 0.4192, 0.4389, 0.4422, 0.442, 0.4496, 0.4572, 0.4716, 0.4327, 0.4471, 0.4668, 0.458, 0.4772]","[0.5099, 0.5453, 0.2592, 0.2317, 0.2262, 0.3365, 0.2715, 0.3308, 0.2122, 0.2688]",4.8,0,210,0,90,"[0, 0, 0, 0, 0, 0, 0, 0, 0, 0, 0, 0, 0, 0, 0, 0, 0, 0, 0, 0, 0, 0, 0, 0, 0, 0, 0, 0, 0, 0]","[30, 30, 30, 30, 30, 30, 30, 30, 30, 30]",3.5,1.0,2.0,3.0,16.891338818048375,,,,,,,,,,,
faithful_root_t-0.3_all_z2.0,faithful_root,-0.3,signflip,0,2,30,0.5301431271823293,0.5543751360119126,0.7791383525084662,1.0,0.0,0.0,0.5423,"{""Backdoor"": 0.295, ""DDoS_HTTP"": 0.215, ""DDoS_ICMP"": 0.985, ""DDoS_TCP"": 0.591, ""DDoS_UDP"": 0.996, ""Fingerprinting"": 0.0, ""MITM"": 0.004, ""Normal"": 1.0, ""Password"": 0.435, ""Port_Scanning"": 0.886, ""Ransomware"": 0.831, ""SQL_injection"": 0.144, ""Uploading"": 0.675, ""Vulnerability_scanner"": 0.408, ""XSS"": 0.852}","[0.0694, 0.1958, 0.1928, 0.2148, 0.1376, 0.2854, 0.3263, 0.3428, 0.3068, 0.3464, 0.3961, 0.4444, 0.5352, 0.5038, 0.4889, 0.4769, 0.5395, 0.5076, 0.5114, 0.4771, 0.4972, 0.5377, 0.5517, 0.5543, 0.5755, 0.5419, 0.5755, 0.5599, 0.5369, 0.5301]","[0.5099, 0.5453, 0.2592, 0.2317, 0.2262, 0.3365, 0.2715, 0.3308, 0.2122, 0.2688]",4.8,0,240,60,60,"[0, 0, 0, 0, 0, 0, 0, 0, 0, 0, 0, 0, 0, 0, 0, 0, 0, 0, 0, 0, 0, 0, 0, 0, 0, 0, 0, 0, 0, 0]","[0, 0, 30, 30, 30, 30, 30, 30, 30, 30]",3.5,1.0,2.0,3.0,16.891338818048375,,,,,,,,,,,
local_only,local_only,,none,1,0,30,0.48701911845823187,0.5615603637821707,0.7476485231783625,0.9999592750967217,4.9915144254766895e-06,0.0009488902463856648,0.48701911845823187,"{""Backdoor"": 0.955, ""DDoS_HTTP"": 0.62, ""DDoS_ICMP"": 0.0, ""DDoS_TCP"": 0.001, ""DDoS_UDP"": 1.0, ""Fingerprinting"": 0.385, ""MITM"": 0.0, ""Normal"": 1.0, ""Password"": 0.368, ""Port_Scanning"": 0.96, ""Ransomware"": 0.392, ""SQL_injection"": 0.764, ""Uploading"": 0.0, ""Vulnerability_scanner"": 0.795, ""XSS"": 0.852}",[],"[0.4825, 0.3112, 0.4403, 0.4513, 0.3486, 0.5037, 0.3106, 0.2992, 0.3024, 0.4606]",1.7,,,,,[],[],,,,,,,,,,,,,,,,
centralized,centralized,,none,1,0,30,0.7126714337992514,0.718577779179187,0.8465765099015452,1.0,0.0,0.07827326410099776,0.7139000000000001,"{""Backdoor"": 0.836, ""DDoS_HTTP"": 0.632, ""DDoS_ICMP"": 0.996, ""DDoS_TCP"": 0.574, ""DDoS_UDP"": 0.996, ""Fingerprinting"": 0.1, ""MITM"": 1.0, ""Normal"": 1.0, ""Password"": 0.904, ""Port_Scanning"": 0.962, ""Ransomware"": 0.552, ""SQL_injection"": 0.179, ""Uploading"": 0.424, ""Vulnerability_scanner"": 0.779, ""XSS"": 0.846}","[0.4037, 0.5274, 0.5483, 0.583, 0.592, 0.6315, 0.6314, 0.6306, 0.6389, 0.6646, 0.684, 0.6923, 0.6939, 0.6923, 0.6959, 0.7005, 0.7006, 0.7084, 0.707, 0.7138, 0.7018, 0.7013, 0.7064, 0.7011, 0.7114, 0.708, 0.7018, 0.7184, 0.7106, 0.7127]","[0.4825, 0.3112, 0.4403, 0.4513, 0.3486, 0.5037, 0.3106, 0.2992, 0.3024, 0.4606]",1.5,,,,,[],[],,,,,,,,,,,,,,,,
fedavg,fedavg,,none,1,0,30,0.6976080068959755,0.7106813545609145,0.8455672923815291,1.0,0.0,0.0,0.6988,"{""Backdoor"": 0.827, ""DDoS_HTTP"": 0.62, ""DDoS_ICMP"": 0.994, ""DDoS_TCP"": 0.587, ""DDoS_UDP"": 0.996, ""Fingerprinting"": 0.0, ""MITM"": 1.0, ""Normal"": 1.0, ""Password"": 0.161, ""Port_Scanning"": 0.949, ""Ransomware"": 0.532, ""SQL_injection"": 0.978, ""Uploading"": 0.414, ""Vulnerability_scanner"": 0.817, ""XSS"": 0.785}","[0.4152, 0.542, 0.5825, 0.6054, 0.6197, 0.6389, 0.6911, 0.7002, 0.6995, 0.6947, 0.6961, 0.6991, 0.6982, 0.6976, 0.7037, 0.6898, 0.6974, 0.699, 0.6982, 0.6988, 0.6984, 0.6969, 0.6976, 0.6984, 0.699, 0.6987, 0.6987, 0.7009, 0.6979, 0.6976]","[0.4825, 0.3112, 0.4403, 0.4513, 0.3486, 0.5037, 0.3106, 0.2992, 0.3024, 0.4606]",2.3,,,,,[],[],,,,,,0.1276679841897233,0.2855072463768116,0.8374999999999998,0.5,0.6,,,,,,
fedavg,fedavg,,signflip,1,2,30,0.09324443271054145,0.17847685186686993,0.12043329072192693,1.0,1.0,0.0,0.0781,"{""Backdoor"": 0.0, ""DDoS_HTTP"": 0.016, ""DDoS_ICMP"": 0.555, ""DDoS_TCP"": 0.0, ""DDoS_UDP"": 0.037, ""Fingerprinting"": 0.0, ""MITM"": 0.0, ""Normal"": 0.0, ""Password"": 0.0, ""Port_Scanning"": 0.0, ""Ransomware"": 1.0, ""SQL_injection"": 0.978, ""Uploading"": 0.092, ""Vulnerability_scanner"": 0.0, ""XSS"": 0.0}","[0.1261, 0.1157, 0.1331, 0.1432, 0.1481, 0.1447, 0.1313, 0.1169, 0.1141, 0.1269, 0.1042, 0.0859, 0.0511, 0.0403, 0.0343, 0.0233, 0.0483, 0.0297, 0.0472, 0.0566, 0.079, 0.0777, 0.0804, 0.0716, 0.0826, 0.0953, 0.039, 0.0863, 0.0548, 0.0932]","[0.4825, 0.3112, 0.4403, 0.4513, 0.3486, 0.5037, 0.3106, 0.2992, 0.3024, 0.4606]",2.4,,,,,[],[],,,,,,,,,,,,,,,,
fedavg,fedavg,,labelflip,1,2,30,0.6571763222309204,0.6773417366098669,0.8145058198210321,1.0,0.0,0.0,0.6571666666666667,"{""Backdoor"": 0.447, ""DDoS_HTTP"": 0.62, ""DDoS_ICMP"": 0.992, ""DDoS_TCP"": 0.974, ""DDoS_UDP"": 0.992, ""Fingerprinting"": 0.205, ""MITM"": 1.0, ""Normal"": 1.0, ""Password"": 0.116, ""Port_Scanning"": 0.471, ""Ransomware"": 0.891, ""SQL_injection"": 0.077, ""Uploading"": 0.999, ""Vulnerability_scanner"": 0.476, ""XSS"": 0.9}","[0.4261, 0.4649, 0.5274, 0.5466, 0.562, 0.573, 0.6253, 0.642, 0.6472, 0.6403, 0.6445, 0.6414, 0.6471, 0.6531, 0.6348, 0.6502, 0.631, 0.6526, 0.6497, 0.6378, 0.6293, 0.6557, 0.6411, 0.6511, 0.6515, 0.6422, 0.6715, 0.6539, 0.6604, 0.6572]","[0.4825, 0.3112, 0.4403, 0.4513, 0.3486, 0.5037, 0.3106, 0.2992, 0.3024, 0.4606]",2.4,,,,,[],[],,,,,,,,,,,,,,,,
fedavg,fedavg,,targeted_flip,1,2,30,0.6750000628614227,0.6867129015981489,0.8293076767812689,0.9912848706984321,0.0,0.07403787416004887,0.6791,"{""Backdoor"": 0.447, ""DDoS_HTTP"": 0.838, ""DDoS_ICMP"": 0.997, ""DDoS_TCP"": 0.996, ""DDoS_UDP"": 0.993, ""Fingerprinting"": 0.0, ""MITM"": 1.0, ""Normal"": 1.0, ""Password"": 0.161, ""Port_Scanning"": 0.524, ""Ransomware"": 0.776, ""SQL_injection"": 0.49, ""Uploading"": 0.678, ""Vulnerability_scanner"": 0.793, ""XSS"": 0.608}","[0.3582, 0.4492, 0.5059, 0.5701, 0.5772, 0.6476, 0.6598, 0.6675, 0.6684, 0.6615, 0.6597, 0.6712, 0.6705, 0.6746, 0.6806, 0.6728, 0.679, 0.681, 0.6644, 0.6814, 0.6883, 0.6809, 0.6633, 0.6872, 0.6772, 0.6766, 0.6862, 0.6849, 0.6774, 0.675]","[0.4825, 0.3112, 0.4403, 0.4513, 0.3486, 0.5037, 0.3106, 0.2992, 0.3024, 0.4606]",2.4,,,,,[],[],,,,,,,,,,,,,,,,
fedavg,fedavg,,backdoor,1,2,30,0.7033898323065749,0.7117268343173428,0.8416425575814663,1.0,0.0,1.0,0.7051999999999999,"{""Backdoor"": 0.731, ""DDoS_HTTP"": 0.62, ""DDoS_ICMP"": 0.989, ""DDoS_TCP"": 0.788, ""DDoS_UDP"": 0.996, ""Fingerprinting"": 0.115, ""MITM"": 1.0, ""Normal"": 1.0, ""Password"": 0.116, ""Port_Scanning"": 0.726, ""Ransomware"": 0.567, ""SQL_injection"": 0.978, ""Uploading"": 0.428, ""Vulnerability_scanner"": 0.784, ""XSS"": 0.837}","[0.3519, 0.5035, 0.5346, 0.6043, 0.6331, 0.6296, 0.6847, 0.6883, 0.6965, 0.7008, 0.699, 0.7, 0.7042, 0.7032, 0.7013, 0.7042, 0.7063, 0.707, 0.7066, 0.7076, 0.7009, 0.7068, 0.7094, 0.7085, 0.7034, 0.7038, 0.7044, 0.7048, 0.7074, 0.7034]","[0.4825, 0.3112, 0.4403, 0.4513, 0.3486, 0.5037, 0.3106, 0.2992, 0.3024, 0.4606]",2.7,,,,,[],[],,,,,,,,,,,,,,,,
fedavg,fedavg,,backdoor_boost,1,2,30,0.7042072435893215,0.7154968565756796,0.8441768149095068,1.0,0.0,1.0,0.7045,"{""Backdoor"": 0.914, ""DDoS_HTTP"": 0.62, ""DDoS_ICMP"": 0.987, ""DDoS_TCP"": 0.594, ""DDoS_UDP"": 0.998, ""Fingerprinting"": 0.115, ""MITM"": 1.0, ""Normal"": 1.0, ""Password"": 0.116, ""Port_Scanning"": 0.935, ""Ransomware"": 0.427, ""SQL_injection"": 0.978, ""Uploading"": 0.428, ""Vulnerability_scanner"": 0.815, ""XSS"": 0.808}","[0.3846, 0.5268, 0.5615, 0.6077, 0.6376, 0.643, 0.6889, 0.6986, 0.6967, 0.6965, 0.6973, 0.6999, 0.6974, 0.7008, 0.7028, 0.702, 0.7032, 0.7042, 0.7056, 0.704, 0.705, 0.7051, 0.7051, 0.7104, 0.705, 0.7058, 0.7043, 0.7056, 0.7037, 0.7042]","[0.4825, 0.3112, 0.4403, 0.4513, 0.3486, 0.5037, 0.3106, 0.2992, 0.3024, 0.4606]",2.4,,,,,[],[],,,,,,,,,,,,,,,,
fedavg,fedavg,,adaptive,1,2,30,0.322221384354492,0.386248109626581,0.6163627800578618,0.9999185501934433,0.08081261854846761,8.144980655670943e-05,0.32486666666666664,"{""Backdoor"": 0.0, ""DDoS_HTTP"": 0.966, ""DDoS_ICMP"": 0.824, ""DDoS_TCP"": 0.0, ""DDoS_UDP"": 0.465, ""Fingerprinting"": 0.41, ""MITM"": 0.0, ""Normal"": 0.919, ""Password"": 0.096, ""Port_Scanning"": 0.424, ""Ransomware"": 1.0, ""SQL_injection"": 0.0, ""Uploading"": 0.621, ""Vulnerability_scanner"": 0.0, ""XSS"": 0.068}","[0.1757, 0.2276, 0.2935, 0.3174, 0.3234, 0.3821, 0.4082, 0.4209, 0.4384, 0.4341, 0.436, 0.4355, 0.4331, 0.4314, 0.4111, 0.4045, 0.3981, 0.3851, 0.3802, 0.3669, 0.3855, 0.398, 0.3725, 0.3508, 0.3486, 0.3389, 0.338, 0.3301, 0.3223, 0.3222]","[0.4825, 0.3112, 0.4403, 0.4513, 0.3486, 0.5037, 0.3106, 0.2992, 0.3024, 0.4606]",2.4,,,,,[],[],,,,,,,,,,,,,,,,
fedavg,fedavg,,adaptive_f30,1,3,30,0.04604537528094984,0.09460976370510087,0.04543721545672699,1.0,1.0,0.0,0.0329,"{""Backdoor"": 0.0, ""DDoS_HTTP"": 0.0, ""DDoS_ICMP"": 0.0, ""DDoS_TCP"": 0.0, ""DDoS_UDP"": 0.833, ""Fingerprinting"": 0.47, ""MITM"": 0.0, ""Normal"": 0.0, ""Password"": 0.116, ""Port_Scanning"": 0.0, ""Ransomware"": 0.0, ""SQL_injection"": 0.0, ""Uploading"": 0.0, ""Vulnerability_scanner"": 0.0, ""XSS"": 0.0}","[0.0505, 0.0504, 0.0549, 0.0672, 0.019, 0.0199, 0.0198, 0.0198, 0.0198, 0.0198, 0.0197, 0.0197, 0.0197, 0.0197, 0.0197, 0.0201, 0.0143, 0.0141, 0.0139, 0.0134, 0.0136, 0.0071, 0.0044, 0.005, 0.0057, 0.0074, 0.0074, 0.0074, 0.0453, 0.046]","[0.4825, 0.3112, 0.4403, 0.4513, 0.3486, 0.5037, 0.3106, 0.2992, 0.3024, 0.4606]",2.8,,,,,[],[],,,,,,,,,,,,,,,,
trimmed_mean,trimmed,,none,1,0,30,0.6994925793934522,0.7128443611963048,0.8470474780775528,1.0,0.0,0.0,0.6974,"{""Backdoor"": 0.854, ""DDoS_HTTP"": 0.62, ""DDoS_ICMP"": 0.994, ""DDoS_TCP"": 0.574, ""DDoS_UDP"": 0.995, ""Fingerprinting"": 0.0, ""MITM"": 1.0, ""Normal"": 1.0, ""Password"": 0.157, ""Port_Scanning"": 0.962, ""Ransomware"": 0.523, ""SQL_injection"": 0.978, ""Uploading"": 0.414, ""Vulnerability_scanner"": 0.783, ""XSS"": 0.838}","[0.3374, 0.4903, 0.5506, 0.5882, 0.5996, 0.6165, 0.6709, 0.6837, 0.6854, 0.6951, 0.6978, 0.6979, 0.6983, 0.6898, 0.6987, 0.6906, 0.6918, 0.6996, 0.7031, 0.6969, 0.6908, 0.6946, 0.7058, 0.7055, 0.7037, 0.7015, 0.7038, 0.6968, 0.6959, 0.6995]","[0.4825, 0.3112, 0.4403, 0.4513, 0.3486, 0.5037, 0.3106, 0.2992, 0.3024, 0.4606]",2.5,,,,,[],[],,,,,,0.09499341238471673,0.2824769433465085,0.834642857142857,0.5,0.6,,,,,,
trimmed_mean,trimmed,,signflip,1,2,30,0.648689184274606,0.6784353922490667,0.823499069277176,1.0,0.0,0.0,0.6472666666666667,"{""Backdoor"": 0.447, ""DDoS_HTTP"": 0.818, ""DDoS_ICMP"": 0.996, ""DDoS_TCP"": 0.997, ""DDoS_UDP"": 0.992, ""Fingerprinting"": 0.0, ""MITM"": 1.0, ""Normal"": 1.0, ""Password"": 0.113, ""Port_Scanning"": 0.444, ""Ransomware"": 0.874, ""SQL_injection"": 0.077, ""Uploading"": 1.0, ""Vulnerability_scanner"": 0.773, ""XSS"": 0.647}","[0.3805, 0.4132, 0.4456, 0.4517, 0.4959, 0.5045, 0.5483, 0.5626, 0.5614, 0.5626, 0.5734, 0.5743, 0.5816, 0.5968, 0.6213, 0.6164, 0.6271, 0.6359, 0.6367, 0.6462, 0.6491, 0.6447, 0.6391, 0.6332, 0.6425, 0.6487, 0.638, 0.6451, 0.648, 0.6487]","[0.4825, 0.3112, 0.4403, 0.4513, 0.3486, 0.5037, 0.3106, 0.2992, 0.3024, 0.4606]",3.1,,,,,[],[],,,,,,,,,,,,,,,,
trimmed_mean,trimmed,,labelflip,1,2,30,0.6500351807606489,0.679461895004636,0.824127026845186,1.0,0.0,0.0,0.6471666666666667,"{""Backdoor"": 0.447, ""DDoS_HTTP"": 0.62, ""DDoS_ICMP"": 0.995, ""DDoS_TCP"": 0.996, ""DDoS_UDP"": 0.993, ""Fingerprinting"": 0.0, ""MITM"": 1.0, ""Normal"": 1.0, ""Password"": 0.116, ""Port_Scanning"": 0.444, ""Ransomware"": 0.875, ""SQL_injection"": 0.077, ""Uploading"": 1.0, ""Vulnerability_scanner"": 0.773, ""XSS"": 0.857}","[0.3408, 0.4643, 0.4426, 0.4748, 0.4851, 0.5454, 0.5875, 0.6328, 0.6521, 0.6405, 0.6506, 0.6515, 0.6474, 0.674, 0.6463, 0.6545, 0.6338, 0.6535, 0.6538, 0.6394, 0.6319, 0.6527, 0.6541, 0.6552, 0.6544, 0.65, 0.6636, 0.6498, 0.6417, 0.65]","[0.4825, 0.3112, 0.4403, 0.4513, 0.3486, 0.5037, 0.3106, 0.2992, 0.3024, 0.4606]",2.8,,,,,[],[],,,,,,,,,,,,,,,,
trimmed_mean,trimmed,,targeted_flip,1,2,30,0.6537376709308479,0.68090423697101,0.8251586714212026,1.0,0.0,4.0724903278354713e-05,0.6631333333333334,"{""Backdoor"": 0.448, ""DDoS_HTTP"": 0.665, ""DDoS_ICMP"": 0.998, ""DDoS_TCP"": 0.996, ""DDoS_UDP"": 0.991, ""Fingerprinting"": 0.0, ""MITM"": 1.0, ""Normal"": 1.0, ""Password"": 0.116, ""Port_Scanning"": 0.524, ""Ransomware"": 0.834, ""SQL_injection"": 0.078, ""Uploading"": 0.971, ""Vulnerability_scanner"": 0.775, ""XSS"": 0.817}","[0.2988, 0.4282, 0.4649, 0.5049, 0.5819, 0.5987, 0.6042, 0.6444, 0.6587, 0.6433, 0.6575, 0.6632, 0.6637, 0.6761, 0.6707, 0.6736, 0.6721, 0.6756, 0.6556, 0.6691, 0.6857, 0.6812, 0.6593, 0.6757, 0.6709, 0.6658, 0.6874, 0.6755, 0.6602, 0.6537]","[0.4825, 0.3112, 0.4403, 0.4513, 0.3486, 0.5037, 0.3106, 0.2992, 0.3024, 0.4606]",2.6,,,,,[],[],,,,,,,,,,,,,,,,
trimmed_mean,trimmed,,backdoor,1,2,30,0.7106493090241256,0.7196761010867014,0.847002623965552,1.0,0.0,0.0009366727754021584,0.7094999999999999,"{""Backdoor"": 0.838, ""DDoS_HTTP"": 0.62, ""DDoS_ICMP"": 0.988, ""DDoS_TCP"": 0.574, ""DDoS_UDP"": 0.995, ""Fingerprinting"": 0.115, ""MITM"": 1.0, ""Normal"": 1.0, ""Password"": 0.116, ""Port_Scanning"": 0.962, ""Ransomware"": 0.551, ""SQL_injection"": 0.978, ""Uploading"": 0.428, ""Vulnerability_scanner"": 0.779, ""XSS"": 0.852}","[0.2968, 0.4627, 0.4838, 0.5047, 0.5105, 0.569, 0.6084, 0.6653, 0.67, 0.6696, 0.6824, 0.6843, 0.6842, 0.6959, 0.6986, 0.6976, 0.7008, 0.7012, 0.7047, 0.7066, 0.7042, 0.7078, 0.7082, 0.7093, 0.711, 0.7102, 0.7112, 0.7081, 0.7098, 0.7106]","[0.4825, 0.3112, 0.4403, 0.4513, 0.3486, 0.5037, 0.3106, 0.2992, 0.3024, 0.4606]",2.5,,,,,[],[],,,,,,,,,,,,,,,,
trimmed_mean,trimmed,,backdoor_boost,1,2,30,0.7149250243598615,0.7239521924482162,0.849873287133598,1.0,0.0,0.0009366727754021584,0.7103,"{""Backdoor"": 0.89, ""DDoS_HTTP"": 0.62, ""DDoS_ICMP"": 0.992, ""DDoS_TCP"": 0.574, ""DDoS_UDP"": 0.996, ""Fingerprinting"": 0.115, ""MITM"": 1.0, ""Normal"": 1.0, ""Password"": 0.116, ""Port_Scanning"": 0.962, ""Ransomware"": 0.559, ""SQL_injection"": 0.978, ""Uploading"": 0.428, ""Vulnerability_scanner"": 0.779, ""XSS"": 0.852}","[0.3333, 0.4739, 0.5221, 0.5501, 0.5699, 0.61, 0.6687, 0.6721, 0.6776, 0.6824, 0.6911, 0.6967, 0.7031, 0.7047, 0.7053, 0.7053, 0.7064, 0.7076, 0.7101, 0.7096, 0.7147, 0.7123, 0.7081, 0.7046, 0.7081, 0.713, 0.7137, 0.7097, 0.7063, 0.7149]","[0.4825, 0.3112, 0.4403, 0.4513, 0.3486, 0.5037, 0.3106, 0.2992, 0.3024, 0.4606]",2.5,,,,,[],[],,,,,,,,,,,,,,,,
trimmed_mean,trimmed,,adaptive,1,2,30,0.6467883423288405,0.6766456131684244,0.8222880082531566,1.0,0.0,0.0,0.6459,"{""Backdoor"": 0.447, ""DDoS_HTTP"": 0.827, ""DDoS_ICMP"": 0.996, ""DDoS_TCP"": 0.997, ""DDoS_UDP"": 0.992, ""Fingerprinting"": 0.0, ""MITM"": 1.0, ""Normal"": 1.0, ""Password"": 0.113, ""Port_Scanning"": 0.444, ""Ransomware"": 0.874, ""SQL_injection"": 0.077, ""Uploading"": 1.0, ""Vulnerability_scanner"": 0.773, ""XSS"": 0.611}","[0.3862, 0.4193, 0.4472, 0.4514, 0.4967, 0.5039, 0.5428, 0.5605, 0.5617, 0.5635, 0.5719, 0.5725, 0.5814, 0.585, 0.6181, 0.6156, 0.6231, 0.6338, 0.6359, 0.6448, 0.6481, 0.6439, 0.6386, 0.6325, 0.6411, 0.6477, 0.638, 0.6445, 0.6464, 0.6468]","[0.4825, 0.3112, 0.4403, 0.4513, 0.3486, 0.5037, 0.3106, 0.2992, 0.3024, 0.4606]",2.7,,,,,[],[],,,,,,,,,,,,,,,,
trimmed_mean,trimmed,,adaptive_f30,1,3,30,0.5658819132895073,0.6145563745380255,0.7805961111484896,1.0,0.0,0.0,0.5724999999999999,"{""Backdoor"": 0.001, ""DDoS_HTTP"": 0.357, ""DDoS_ICMP"": 0.981, ""DDoS_TCP"": 0.996, ""DDoS_UDP"": 0.996, ""Fingerprinting"": 0.0, ""MITM"": 0.996, ""Normal"": 1.0, ""Password"": 0.781, ""Port_Scanning"": 0.238, ""Ransomware"": 0.888, ""SQL_injection"": 0.077, ""Uploading"": 0.578, ""Vulnerability_scanner"": 0.353, ""XSS"": 0.977}","[0.212, 0.3666, 0.3852, 0.3975, 0.3918, 0.4038, 0.441, 0.4727, 0.4741, 0.52, 0.5204, 0.5319, 0.5427, 0.5583, 0.5705, 0.5734, 0.5693, 0.5767, 0.5797, 0.5714, 0.5823, 0.5845, 0.5842, 0.5857, 0.5828, 0.5796, 0.5838, 0.5817, 0.5699, 0.5659]","[0.4825, 0.3112, 0.4403, 0.4513, 0.3486, 0.5037, 0.3106, 0.2992, 0.3024, 0.4606]",2.8,,,,,[],[],,,,,,,,,,,,,,,,
multi_krum,krum,,none,1,0,30,0.7193803934067893,0.7263737492544116,0.8504788176456076,1.0,0.0,0.0,0.7219000000000001,"{""Backdoor"": 0.66, ""DDoS_HTTP"": 0.704, ""DDoS_ICMP"": 0.995, ""DDoS_TCP"": 0.574, ""DDoS_UDP"": 0.995, ""Fingerprinting"": 0.14, ""MITM"": 1.0, ""Normal"": 1.0, ""Password"": 0.116, ""Port_Scanning"": 0.962, ""Ransomware"": 0.81, ""SQL_injection"": 0.978, ""Uploading"": 0.427, ""Vulnerability_scanner"": 0.821, ""XSS"": 0.714}","[0.3162, 0.4564, 0.4908, 0.5607, 0.5978, 0.6104, 0.6022, 0.6059, 0.6244, 0.6224, 0.6631, 0.664, 0.6675, 0.665, 0.6886, 0.6964, 0.6906, 0.698, 0.6722, 0.7058, 0.7088, 0.6971, 0.7039, 0.7035, 0.705, 0.7078, 0.7055, 0.7228, 0.7235, 0.7194]","[0.4825, 0.3112, 0.4403, 0.4513, 0.3486, 0.5037, 0.3106, 0.2992, 0.3024, 0.4606]",2.9,90,300,0,0,"[3, 3, 3, 3, 3, 3, 3, 3, 3, 3, 3, 3, 3, 3, 3, 3, 3, 3, 3, 3, 3, 3, 3, 3, 3, 3, 3, 3, 3, 3]","[30, 30, 14, 30, 16, 24, 29, 30, 7, 0]",,,,,,0.024110671936758893,0.28194993412384717,0.837142857142857,0.5,0.6,,,,,,
multi_krum,krum,,signflip,1,2,30,0.6882255533513205,0.6987609065700962,0.8327390163493238,1.0,0.0,0.0,0.6924666666666667,"{""Backdoor"": 0.447, ""DDoS_HTTP"": 0.921, ""DDoS_ICMP"": 0.998, ""DDoS_TCP"": 0.574, ""DDoS_UDP"": 0.986, ""Fingerprinting"": 0.115, ""MITM"": 1.0, ""Normal"": 1.0, ""Password"": 0.116, ""Port_Scanning"": 0.962, ""Ransomware"": 0.907, ""SQL_injection"": 0.437, ""Uploading"": 0.741, ""Vulnerability_scanner"": 0.819, ""XSS"": 0.46}","[0.43, 0.4874, 0.5555, 0.594, 0.664, 0.6777, 0.678, 0.6823, 0.6493, 0.6426, 0.6437, 0.6508, 0.6433, 0.6818, 0.6759, 0.6609, 0.6687, 0.6584, 0.6392, 0.6734, 0.6854, 0.6885, 0.6456, 0.6813, 0.6872, 0.7022, 0.693, 0.7023, 0.6869, 0.6882]","[0.4825, 0.3112, 0.4403, 0.4513, 0.3486, 0.5037, 0.3106, 0.2992, 0.3024, 0.4606]",2.8,30,240,60,60,"[1, 1, 1, 1, 1, 1, 1, 1, 1, 1, 1, 1, 1, 1, 1, 1, 1, 1, 1, 1, 1, 1, 1, 1, 1, 1, 1, 1, 1, 1]","[0, 0, 30, 30, 30, 27, 30, 30, 21, 12]",,,,,,,,,,,,,,,,
multi_krum,krum,,labelflip,1,2,30,0.6882255533513205,0.6987609065700962,0.8327390163493238,1.0,0.0,0.0,0.6924666666666667,"{""Backdoor"": 0.447, ""DDoS_HTTP"": 0.921, ""DDoS_ICMP"": 0.998, ""DDoS_TCP"": 0.574, ""DDoS_UDP"": 0.986, ""Fingerprinting"": 0.115, ""MITM"": 1.0, ""Normal"": 1.0, ""Password"": 0.116, ""Port_Scanning"": 0.962, ""Ransomware"": 0.907, ""SQL_injection"": 0.437, ""Uploading"": 0.741, ""Vulnerability_scanner"": 0.819, ""XSS"": 0.46}","[0.43, 0.4874, 0.5555, 0.594, 0.664, 0.6777, 0.678, 0.6823, 0.6493, 0.6426, 0.6437, 0.6508, 0.6433, 0.6818, 0.6759, 0.6609, 0.6687, 0.6584, 0.6392, 0.6734, 0.6854, 0.6885, 0.6456, 0.6813, 0.6872, 0.7022, 0.693, 0.7023, 0.6869, 0.6882]","[0.4825, 0.3112, 0.4403, 0.4513, 0.3486, 0.5037, 0.3106, 0.2992, 0.3024, 0.4606]",2.4,30,240,60,60,"[1, 1, 1, 1, 1, 1, 1, 1, 1, 1, 1, 1, 1, 1, 1, 1, 1, 1, 1, 1, 1, 1, 1, 1, 1, 1, 1, 1, 1, 1]","[0, 0, 30, 30, 30, 27, 30, 30, 21, 12]",,,,,,,,,,,,,,,,
multi_krum,krum,,targeted_flip,1,2,30,0.7038040133424716,0.7134205254851378,0.8427863374374845,1.0,0.0,0.0,0.7029666666666667,"{""Backdoor"": 0.447, ""DDoS_HTTP"": 0.744, ""DDoS_ICMP"": 0.995, ""DDoS_TCP"": 0.996, ""DDoS_UDP"": 0.995, ""Fingerprinting"": 0.115, ""MITM"": 1.0, ""Normal"": 1.0, ""Password"": 0.161, ""Port_Scanning"": 0.524, ""Ransomware"": 0.837, ""SQL_injection"": 0.978, ""Uploading"": 0.414, ""Vulnerability_scanner"": 0.819, ""XSS"": 0.676}","[0.3654, 0.4507, 0.543, 0.5604, 0.6608, 0.6764, 0.6777, 0.6818, 0.6816, 0.6747, 0.6801, 0.6833, 0.6871, 0.681, 0.6863, 0.6855, 0.6908, 0.6599, 0.6367, 0.6701, 0.6812, 0.6892, 0.6435, 0.6764, 0.6855, 0.7027, 0.7008, 0.7024, 0.7027, 0.7038]","[0.4825, 0.3112, 0.4403, 0.4513, 0.3486, 0.5037, 0.3106, 0.2992, 0.3024, 0.4606]",2.4,31,240,59,60,"[2, 1, 1, 1, 1, 1, 1, 1, 1, 1, 1, 1, 1, 1, 1, 1, 1, 1, 1, 1, 1, 1, 1, 1, 1, 1, 1, 1, 1, 1]","[0, 1, 30, 30, 29, 27, 30, 30, 10, 23]",,,,,,,,,,,,,,,,
multi_krum,krum,,backdoor,1,2,30,0.7059957995041198,0.7145954110652016,0.8435488573414968,1.0,0.0,1.0,0.7051333333333334,"{""Backdoor"": 0.507, ""DDoS_HTTP"": 0.62, ""DDoS_ICMP"": 0.993, ""DDoS_TCP"": 0.706, ""DDoS_UDP"": 0.995, ""Fingerprinting"": 0.115, ""MITM"": 1.0, ""Normal"": 1.0, ""Password"": 0.116, ""Port_Scanning"": 0.808, ""Ransomware"": 0.836, ""SQL_injection"": 0.978, ""Uploading"": 0.428, ""Vulnerability_scanner"": 0.799, ""XSS"": 0.818}","[0.2961, 0.4797, 0.5206, 0.5393, 0.5559, 0.553, 0.5837, 0.6016, 0.6291, 0.6406, 0.6554, 0.6581, 0.6971, 0.6996, 0.7016, 0.7045, 0.7002, 0.7007, 0.7026, 0.704, 0.6961, 0.7025, 0.7037, 0.7042, 0.703, 0.7062, 0.7092, 0.7022, 0.7072, 0.706]","[0.4825, 0.3112, 0.4403, 0.4513, 0.3486, 0.5037, 0.3106, 0.2992, 0.3024, 0.4606]",2.4,90,240,0,60,"[3, 3, 3, 3, 3, 3, 3, 3, 3, 3, 3, 3, 3, 3, 3, 3, 3, 3, 3, 3, 3, 3, 3, 3, 3, 3, 3, 3, 3, 3]","[30, 30, 15, 30, 12, 25, 30, 30, 8, 0]",,,,,,,,,,,,,,,,
multi_krum,krum,,backdoor_boost,1,2,30,0.6974373570442629,0.7091967589442921,0.8398932472134383,1.0,0.0,0.0,0.6902333333333334,"{""Backdoor"": 0.449, ""DDoS_HTTP"": 0.62, ""DDoS_ICMP"": 0.993, ""DDoS_TCP"": 0.996, ""DDoS_UDP"": 0.997, ""Fingerprinting"": 0.115, ""MITM"": 1.0, ""Normal"": 1.0, ""Password"": 0.116, ""Port_Scanning"": 0.524, ""Ransomware"": 0.835, ""SQL_injection"": 0.978, ""Uploading"": 0.428, ""Vulnerability_scanner"": 0.819, ""XSS"": 0.77}","[0.3736, 0.5296, 0.5711, 0.5801, 0.5959, 0.6311, 0.6335, 0.6556, 0.6901, 0.695, 0.6888, 0.6801, 0.6975, 0.6979, 0.6954, 0.6981, 0.6962, 0.6971, 0.6948, 0.6832, 0.688, 0.6984, 0.6975, 0.6699, 0.6833, 0.667, 0.6828, 0.6726, 0.7007, 0.6974]","[0.4825, 0.3112, 0.4403, 0.4513, 0.3486, 0.5037, 0.3106, 0.2992, 0.3024, 0.4606]",2.5,30,240,60,60,"[1, 1, 1, 1, 1, 1, 1, 1, 1, 1, 1, 1, 1, 1, 1, 1, 1, 1, 1, 1, 1, 1, 1, 1, 1, 1, 1, 1, 1, 1]","[0, 0, 30, 30, 30, 28, 30, 30, 13, 19]",,,,,,,,,,,,,,,,
multi_krum,krum,,adaptive,1,2,30,0.6882255533513205,0.6987609065700962,0.8327390163493238,1.0,0.0,0.0,0.6924666666666667,"{""Backdoor"": 0.447, ""DDoS_HTTP"": 0.921, ""DDoS_ICMP"": 0.998, ""DDoS_TCP"": 0.574, ""DDoS_UDP"": 0.986, ""Fingerprinting"": 0.115, ""MITM"": 1.0, ""Normal"": 1.0, ""Password"": 0.116, ""Port_Scanning"": 0.962, ""Ransomware"": 0.907, ""SQL_injection"": 0.437, ""Uploading"": 0.741, ""Vulnerability_scanner"": 0.819, ""XSS"": 0.46}","[0.43, 0.4874, 0.5555, 0.594, 0.664, 0.6777, 0.678, 0.6823, 0.6493, 0.6426, 0.6437, 0.6508, 0.6433, 0.6818, 0.6759, 0.6609, 0.6687, 0.6584, 0.6392, 0.6734, 0.6854, 0.6885, 0.6456, 0.6813, 0.6872, 0.7022, 0.693, 0.7023, 0.6869, 0.6882]","[0.4825, 0.3112, 0.4403, 0.4513, 0.3486, 0.5037, 0.3106, 0.2992, 0.3024, 0.4606]",2.5,30,240,60,60,"[1, 1, 1, 1, 1, 1, 1, 1, 1, 1, 1, 1, 1, 1, 1, 1, 1, 1, 1, 1, 1, 1, 1, 1, 1, 1, 1, 1, 1, 1]","[0, 0, 30, 30, 30, 27, 30, 30, 21, 12]",,,,,,,,,,,,,,,,
multi_krum,krum,,adaptive_f30,1,3,30,0.6756710218743489,0.691395013331686,0.8265042947812241,1.0,0.0,0.0,0.6870666666666666,"{""Backdoor"": 0.447, ""DDoS_HTTP"": 0.63, ""DDoS_ICMP"": 0.992, ""DDoS_TCP"": 0.996, ""DDoS_UDP"": 0.997, ""Fingerprinting"": 0.14, ""MITM"": 1.0, ""Normal"": 1.0, ""Password"": 0.164, ""Port_Scanning"": 0.444, ""Ransomware"": 0.884, ""SQL_injection"": 0.138, ""Uploading"": 0.943, ""Vulnerability_scanner"": 0.814, ""XSS"": 0.783}","[0.3787, 0.5069, 0.5518, 0.5927, 0.6086, 0.615, 0.6538, 0.6629, 0.6714, 0.6496, 0.6495, 0.6574, 0.671, 0.6756, 0.6797, 0.6749, 0.6565, 0.6594, 0.6534, 0.6766, 0.6931, 0.6702, 0.6603, 0.7014, 0.6828, 0.6713, 0.6999, 0.6851, 0.7004, 0.6757]","[0.4825, 0.3112, 0.4403, 0.4513, 0.3486, 0.5037, 0.3106, 0.2992, 0.3024, 0.4606]",2.8,0,210,90,90,"[0, 0, 0, 0, 0, 0, 0, 0, 0, 0, 0, 0, 0, 0, 0, 0, 0, 0, 0, 0, 0, 0, 0, 0, 0, 0, 0, 0, 0, 0]","[0, 0, 0, 30, 30, 30, 30, 30, 30, 30]",,,,,,,,,,,,,,,,
secure_norm_only,norm_only,,none,1,0,30,0.6976774885308396,0.7107483226005774,0.8456121464935298,1.0,0.0,0.0,0.6989000000000001,"{""Backdoor"": 0.827, ""DDoS_HTTP"": 0.62, ""DDoS_ICMP"": 0.994, ""DDoS_TCP"": 0.587, ""DDoS_UDP"": 0.996, ""Fingerprinting"": 0.0, ""MITM"": 1.0, ""Normal"": 1.0, ""Password"": 0.161, ""Port_Scanning"": 0.949, ""Ransomware"": 0.533, ""SQL_injection"": 0.978, ""Uploading"": 0.414, ""Vulnerability_scanner"": 0.817, ""XSS"": 0.785}","[0.4152, 0.542, 0.5825, 0.6054, 0.6197, 0.6388, 0.6911, 0.6978, 0.6995, 0.6946, 0.6961, 0.6991, 0.6983, 0.6975, 0.7021, 0.6898, 0.6975, 0.6989, 0.6982, 0.6988, 0.6985, 0.6969, 0.6977, 0.6984, 0.699, 0.6987, 0.6986, 0.701, 0.698, 0.6977]","[0.4825, 0.3112, 0.4403, 0.4513, 0.3486, 0.5037, 0.3106, 0.2992, 0.3024, 0.4606]",6.5,0,300,0,0,"[0, 0, 0, 0, 0, 0, 0, 0, 0, 0, 0, 0, 0, 0, 0, 0, 0, 0, 0, 0, 0, 0, 0, 0, 0, 0, 0, 0, 0, 0]","[30, 30, 30, 30, 30, 30, 30, 30, 30, 30]",3.5,,,,,-0.054018445322793145,0.07799736495388668,-0.0032142857142857086,0.2,0.4,0.1276679841897233,0.2855072463768116,0.8374999999999998,0.5,0.6,
secure_norm_only,norm_only,,signflip,1,2,30,0.6898782363599951,0.6993405130556424,0.8331427033573303,1.0,0.0,0.0,0.6949,"{""Backdoor"": 0.447, ""DDoS_HTTP"": 0.751, ""DDoS_ICMP"": 0.995, ""DDoS_TCP"": 0.996, ""DDoS_UDP"": 0.995, ""Fingerprinting"": 0.115, ""MITM"": 1.0, ""Normal"": 1.0, ""Password"": 0.118, ""Port_Scanning"": 0.524, ""Ransomware"": 0.834, ""SQL_injection"": 0.53, ""Uploading"": 0.682, ""Vulnerability_scanner"": 0.794, ""XSS"": 0.708}","[0.45, 0.4563, 0.5364, 0.5967, 0.6068, 0.6567, 0.667, 0.6728, 0.6749, 0.6636, 0.6686, 0.6769, 0.6765, 0.683, 0.6802, 0.6809, 0.684, 0.6843, 0.6671, 0.6855, 0.6917, 0.6815, 0.6652, 0.6906, 0.6779, 0.6774, 0.6876, 0.6984, 0.6964, 0.6899]","[0.4825, 0.3112, 0.4403, 0.4513, 0.3486, 0.5037, 0.3106, 0.2992, 0.3024, 0.4606]",9.7,0,240,59,60,"[0, 0, 0, 0, 0, 0, 0, 0, 0, 0, 0, 0, 0, 0, 0, 0, 0, 0, 0, 0, 0, 0, 0, 0, 0, 0, 0, 0, 0, 0]","[0, 1, 30, 30, 30, 30, 30, 30, 30, 30]",3.5,,,,,,,,,,,,,,,
secure_norm_only,norm_only,,labelflip,1,2,30,0.6571380142799211,0.677308235772346,0.8144833927650318,1.0,0.0,0.0,0.6571333333333333,"{""Backdoor"": 0.447, ""DDoS_HTTP"": 0.62, ""DDoS_ICMP"": 0.992, ""DDoS_TCP"": 0.974, ""DDoS_UDP"": 0.992, ""Fingerprinting"": 0.205, ""MITM"": 1.0, ""Normal"": 1.0, ""Password"": 0.116, ""Port_Scanning"": 0.471, ""Ransomware"": 0.891, ""SQL_injection"": 0.077, ""Uploading"": 0.999, ""Vulnerability_scanner"": 0.475, ""XSS"": 0.9}","[0.4261, 0.4649, 0.5274, 0.5466, 0.5619, 0.573, 0.6254, 0.642, 0.6471, 0.6403, 0.6445, 0.6414, 0.6471, 0.6531, 0.6348, 0.6502, 0.6311, 0.6527, 0.6497, 0.6378, 0.6293, 0.6557, 0.6411, 0.651, 0.6515, 0.6428, 0.6715, 0.654, 0.6603, 0.6571]","[0.4825, 0.3112, 0.4403, 0.4513, 0.3486, 0.5037, 0.3106, 0.2992, 0.3024, 0.4606]",14.8,0,240,0,60,"[0, 0, 0, 0, 0, 0, 0, 0, 0, 0, 0, 0, 0, 0, 0, 0, 0, 0, 0, 0, 0, 0, 0, 0, 0, 0, 0, 0, 0, 0]","[30, 30, 30, 30, 30, 30, 30, 30, 30, 30]",3.5,,,,,,,,,,,,,,,
secure_norm_only,norm_only,,targeted_flip,1,2,30,0.6752828239776997,0.687113046136069,0.8295768014532733,0.9917735695377723,0.0,0.07407859906332723,0.6793333333333335,"{""Backdoor"": 0.447, ""DDoS_HTTP"": 0.836, ""DDoS_ICMP"": 0.997, ""DDoS_TCP"": 0.996, ""DDoS_UDP"": 0.993, ""Fingerprinting"": 0.0, ""MITM"": 1.0, ""Normal"": 1.0, ""Password"": 0.161, ""Port_Scanning"": 0.524, ""Ransomware"": 0.78, ""SQL_injection"": 0.493, ""Uploading"": 0.678, ""Vulnerability_scanner"": 0.793, ""XSS"": 0.61}","[0.3582, 0.4491, 0.5059, 0.5701, 0.5772, 0.6477, 0.6598, 0.6675, 0.6684, 0.6615, 0.6597, 0.6713, 0.6706, 0.6746, 0.6805, 0.6727, 0.679, 0.6811, 0.6643, 0.6814, 0.6883, 0.681, 0.6633, 0.6871, 0.6772, 0.6767, 0.6862, 0.6852, 0.6775, 0.6753]","[0.4825, 0.3112, 0.4403, 0.4513, 0.3486, 0.5037, 0.3106, 0.2992, 0.3024, 0.4606]",7.5,0,240,0,60,"[0, 0, 0, 0, 0, 0, 0, 0, 0, 0, 0, 0, 0, 0, 0, 0, 0, 0, 0, 0, 0, 0, 0, 0, 0, 0, 0, 0, 0, 0]","[30, 30, 30, 30, 30, 30, 30, 30, 30, 30]",3.5,,,,,,,,,,,,,,,
secure_norm_only,norm_only,,backdoor,1,2,30,0.7033913970749329,0.7117268179060361,0.8416425575814663,1.0,0.0,1.0,0.7052333333333335,"{""Backdoor"": 0.731, ""DDoS_HTTP"": 0.62, ""DDoS_ICMP"": 0.989, ""DDoS_TCP"": 0.787, ""DDoS_UDP"": 0.996, ""Fingerprinting"": 0.115, ""MITM"": 1.0, ""Normal"": 1.0, ""Password"": 0.116, ""Port_Scanning"": 0.726, ""Ransomware"": 0.567, ""SQL_injection"": 0.978, ""Uploading"": 0.428, ""Vulnerability_scanner"": 0.784, ""XSS"": 0.838}","[0.3519, 0.5035, 0.5346, 0.6043, 0.6331, 0.6296, 0.6848, 0.6883, 0.6965, 0.7008, 0.6989, 0.7, 0.7042, 0.7032, 0.702, 0.7042, 0.7063, 0.707, 0.7066, 0.7076, 0.7009, 0.7068, 0.7093, 0.7085, 0.7034, 0.7038, 0.7043, 0.7049, 0.7074, 0.7034]","[0.4825, 0.3112, 0.4403, 0.4513, 0.3486, 0.5037, 0.3106, 0.2992, 0.3024, 0.4606]",7.5,0,240,0,60,"[0, 0, 0, 0, 0, 0, 0, 0, 0, 0, 0, 0, 0, 0, 0, 0, 0, 0, 0, 0, 0, 0, 0, 0, 0, 0, 0, 0, 0, 0]","[30, 30, 30, 30, 30, 30, 30, 30, 30, 30]",3.5,,,,,,,,,,,,,,,
secure_norm_only,norm_only,,backdoor_boost,1,2,30,0.6997018725107502,0.7105563319205057,0.840812756509453,1.0,0.0,1.0,0.6911666666666667,"{""Backdoor"": 0.449, ""DDoS_HTTP"": 0.62, ""DDoS_ICMP"": 0.993, ""DDoS_TCP"": 0.969, ""DDoS_UDP"": 0.996, ""Fingerprinting"": 0.115, ""MITM"": 1.0, ""Normal"": 1.0, ""Password"": 0.116, ""Port_Scanning"": 0.548, ""Ransomware"": 0.838, ""SQL_injection"": 0.907, ""Uploading"": 0.477, ""Vulnerability_scanner"": 0.779, ""XSS"": 0.852}","[0.3846, 0.5268, 0.5615, 0.6077, 0.6376, 0.643, 0.6889, 0.6986, 0.6967, 0.6965, 0.6973, 0.7046, 0.7083, 0.7047, 0.6988, 0.6915, 0.6941, 0.6938, 0.7028, 0.7025, 0.6898, 0.6997, 0.6992, 0.6804, 0.6899, 0.685, 0.6982, 0.682, 0.6918, 0.6997]","[0.4825, 0.3112, 0.4403, 0.4513, 0.3486, 0.5037, 0.3106, 0.2992, 0.3024, 0.4606]",7.4,0,240,35,60,"[0, 0, 0, 0, 0, 0, 0, 0, 0, 0, 0, 0, 0, 0, 0, 0, 0, 0, 0, 0, 0, 0, 0, 0, 0, 0, 0, 0, 0, 0]","[14, 11, 30, 30, 30, 30, 30, 30, 30, 30]",3.5,,,,,,,,,,,,,,,
secure_norm_only,norm_only,,adaptive,1,2,30,0.3210478764914642,0.37614233438961325,0.6142322097378277,0.9999185501934433,0.07681940700808626,8.144980655670943e-05,0.3259,"{""Backdoor"": 0.0, ""DDoS_HTTP"": 0.968, ""DDoS_ICMP"": 0.84, ""DDoS_TCP"": 0.0, ""DDoS_UDP"": 0.474, ""Fingerprinting"": 0.335, ""MITM"": 0.0, ""Normal"": 0.923, ""Password"": 0.0, ""Port_Scanning"": 0.416, ""Ransomware"": 1.0, ""SQL_injection"": 0.006, ""Uploading"": 0.611, ""Vulnerability_scanner"": 0.0, ""XSS"": 0.069}","[0.1757, 0.2276, 0.2935, 0.3174, 0.3235, 0.3821, 0.4081, 0.4206, 0.4386, 0.4342, 0.4359, 0.4354, 0.4331, 0.4314, 0.4111, 0.4045, 0.3981, 0.3849, 0.3802, 0.3634, 0.3785, 0.403, 0.3925, 0.3481, 0.3854, 0.3375, 0.3266, 0.3185, 0.3382, 0.321]","[0.4825, 0.3112, 0.4403, 0.4513, 0.3486, 0.5037, 0.3106, 0.2992, 0.3024, 0.4606]",7.2,0,240,0,60,"[0, 0, 0, 0, 0, 0, 0, 0, 0, 0, 0, 0, 0, 0, 0, 0, 0, 0, 0, 0, 0, 0, 0, 0, 0, 0, 0, 0, 0, 0]","[30, 30, 30, 30, 30, 30, 30, 30, 30, 30]",3.5,,,,,,,,,,,,,,,
secure_norm_only,norm_only,,adaptive_f30,1,3,30,0.04466051611075454,0.08738209752839012,0.05182892641682926,1.0,1.0,0.0,0.04463333333333333,"{""Backdoor"": 0.0, ""DDoS_HTTP"": 0.0, ""DDoS_ICMP"": 0.0, ""DDoS_TCP"": 0.0, ""DDoS_UDP"": 1.0, ""Fingerprinting"": 0.195, ""MITM"": 0.0, ""Normal"": 0.0, ""Password"": 0.116, ""Port_Scanning"": 0.0, ""Ransomware"": 0.0, ""SQL_injection"": 0.0, ""Uploading"": 0.0, ""Vulnerability_scanner"": 0.0, ""XSS"": 0.0}","[0.0505, 0.0504, 0.0549, 0.0672, 0.019, 0.0199, 0.0198, 0.0198, 0.0198, 0.0198, 0.0197, 0.0197, 0.0197, 0.0197, 0.0197, 0.0201, 0.0152, 0.0142, 0.0046, 0.0058, 0.007, 0.0032, 0.0074, 0.0073, 0.0075, 0.0477, 0.0463, 0.0447, 0.0445, 0.0447]","[0.4825, 0.3112, 0.4403, 0.4513, 0.3486, 0.5037, 0.3106, 0.2992, 0.3024, 0.4606]",6.4,0,210,0,90,"[0, 0, 0, 0, 0, 0, 0, 0, 0, 0, 0, 0, 0, 0, 0, 0, 0, 0, 0, 0, 0, 0, 0, 0, 0, 0, 0, 0, 0, 0]","[30, 30, 30, 30, 30, 30, 30, 30, 30, 30]",3.5,,,,,,,,,,,,,,,
faithful_prev_t0.0,faithful_prev,0.0,none,1,0,30,0.5966019599363689,0.6270843269315437,0.7843862836125501,1.0,0.0,0.0,0.6152333333333333,"{""Backdoor"": 0.979, ""DDoS_HTTP"": 0.741, ""DDoS_ICMP"": 0.999, ""DDoS_TCP"": 0.703, ""DDoS_UDP"": 0.994, ""Fingerprinting"": 0.115, ""MITM"": 1.0, ""Normal"": 1.0, ""Password"": 0.087, ""Port_Scanning"": 0.444, ""Ransomware"": 0.28, ""SQL_injection"": 0.077, ""Uploading"": 1.0, ""Vulnerability_scanner"": 0.179, ""XSS"": 0.809}","[0.4152, 0.542, 0.5825, 0.6054, 0.6197, 0.6388, 0.6911, 0.6978, 0.6995, 0.6946, 0.6961, 0.6991, 0.6983, 0.6975, 0.7021, 0.6898, 0.6975, 0.6989, 0.6982, 0.6911, 0.691, 0.689, 0.6871, 0.6448, 0.6449, 0.6305, 0.6279, 0.6274, 0.6217, 0.5966]","[0.4825, 0.3112, 0.4403, 0.4513, 0.3486, 0.5037, 0.3106, 0.2992, 0.3024, 0.4606]",5.7,63,300,0,0,"[0, 0, 0, 0, 0, 0, 0, 0, 0, 0, 0, 0, 0, 0, 0, 0, 0, 0, 0, 1, 2, 3, 3, 6, 7, 7, 8, 8, 9, 9]","[23, 20, 24, 28, 21, 23, 22, 23, 27, 26]",3.5,,,,,-0.012911725955204217,-0.01515151515151515,-0.3203571428571428,0.0,0.2,0.1276679841897233,0.2855072463768116,0.8374999999999998,0.5,0.6,0.17792750455055614
faithful_prev_t0.0,faithful_prev,0.0,adaptive,1,2,30,0.005712854638474472,0.06666666666666667,0.04476440377671623,1.0,1.0,0.0,0.0057,"{""Backdoor"": 0.0, ""DDoS_HTTP"": 0.0, ""DDoS_ICMP"": 0.0, ""DDoS_TCP"": 0.0, ""DDoS_UDP"": 0.0, ""Fingerprinting"": 0.0, ""MITM"": 0.0, ""Normal"": 0.0, ""Password"": 1.0, ""Port_Scanning"": 0.0, ""Ransomware"": 0.0, ""SQL_injection"": 0.0, ""Uploading"": 0.0, ""Vulnerability_scanner"": 0.0, ""XSS"": 0.0}","[0.1757, 0.2181, 0.2003, 0.0741, 0.0611, 0.005, 0.0043, 0.0047, 0.0099, 0.0174, 0.0127, 0.0102, 0.0079, 0.0085, 0.0057, 0.0057, 0.0057, 0.0057, 0.0057, 0.0057, 0.0057, 0.0057, 0.0057, 0.0057, 0.0057, 0.0057, 0.0057, 0.0057, 0.0057, 0.0057]","[0.4825, 0.3112, 0.4403, 0.4513, 0.3486, 0.5037, 0.3106, 0.2992, 0.3024, 0.4606]",5.2,215,240,20,60,"[0, 0, 1, 6, 8, 8, 8, 8, 8, 8, 8, 8, 8, 8, 8, 8, 8, 8, 8, 8, 8, 8, 8, 8, 8, 8, 8, 8, 8, 8]","[20, 20, 3, 4, 2, 3, 3, 3, 3, 4]",3.5,,,,,,,,,,,,,,,
faithful_prev_t0.0,faithful_prev,0.0,adaptive_f30,1,3,30,0.06275274420339155,0.1242321386975475,0.3924510529502792,1.0,0.13651791953678746,0.0,0.0628,"{""Backdoor"": 0.0, ""DDoS_HTTP"": 0.0, ""DDoS_ICMP"": 0.0, ""DDoS_TCP"": 0.0, ""DDoS_UDP"": 0.0, ""Fingerprinting"": 1.0, ""MITM"": 0.0, ""Normal"": 0.863, ""Password"": 0.0, ""Port_Scanning"": 0.0, ""Ransomware"": 0.0, ""SQL_injection"": 0.0, ""Uploading"": 0.0, ""Vulnerability_scanner"": 0.0, ""XSS"": 0.0}","[0.0505, 0.0005, 0.0006, 0.0006, 0.0006, 0.0006, 0.0006, 0.0006, 0.0006, 0.0006, 0.0006, 0.0006, 0.0006, 0.0038, 0.0006, 0.0675, 0.0006, 0.0628, 0.0628, 0.0628, 0.0628, 0.0628, 0.0628, 0.0628, 0.0628, 0.0628, 0.0628, 0.0628, 0.0628, 0.0628]","[0.4825, 0.3112, 0.4403, 0.4513, 0.3486, 0.5037, 0.3106, 0.2992, 0.3024, 0.4606]",5.3,203,210,37,90,"[0, 7, 7, 7, 7, 7, 7, 7, 7, 7, 7, 7, 7, 7, 7, 7, 7, 7, 7, 7, 7, 7, 7, 7, 7, 7, 7, 7, 7, 7]","[18, 17, 18, 1, 1, 1, 1, 1, 1, 1]",3.5,,,,,,,,,,,,,,,
faithful_root_t-0.3,faithful_root,-0.3,none,1,0,30,0.6976223990064218,0.7106161472368593,0.8455224382695283,1.0,0.0,0.0,0.7002666666666667,"{""Backdoor"": 0.823, ""DDoS_HTTP"": 0.62, ""DDoS_ICMP"": 0.994, ""DDoS_TCP"": 0.59, ""DDoS_UDP"": 0.996, ""Fingerprinting"": 0.0, ""MITM"": 1.0, ""Normal"": 1.0, ""Password"": 0.161, ""Port_Scanning"": 0.946, ""Ransomware"": 0.536, ""SQL_injection"": 0.978, ""Uploading"": 0.414, ""Vulnerability_scanner"": 0.817, ""XSS"": 0.784}","[0.4152, 0.542, 0.5825, 0.6054, 0.6197, 0.6388, 0.6911, 0.6978, 0.6995, 0.6946, 0.6961, 0.6991, 0.6983, 0.6975, 0.7021, 0.6898, 0.6975, 0.6989, 0.6982, 0.6988, 0.6985, 0.6969, 0.6977, 0.6984, 0.699, 0.6987, 0.6986, 0.6959, 0.7073, 0.6976]","[0.4825, 0.3112, 0.4403, 0.4513, 0.3486, 0.5037, 0.3106, 0.2992, 0.3024, 0.4606]",6.2,1,300,0,0,"[0, 0, 0, 0, 0, 0, 0, 0, 0, 0, 0, 0, 0, 0, 0, 0, 0, 0, 0, 0, 0, 0, 0, 0, 0, 0, 0, 1, 0, 0]","[30, 29, 30, 30, 30, 30, 30, 30, 30, 30]",3.5,,,,,-0.08603425559947299,-0.006982872200263504,-0.027857142857142848,0.0,0.2,0.1276679841897233,0.2855072463768116,0.8374999999999998,0.5,0.6,0.1740776559556978
faithful_root_t-0.3,faithful_root,-0.3,signflip,1,2,30,0.6888086023385718,0.6983024895376939,0.8324250375653188,1.0,0.0,0.0,0.6967,"{""Backdoor"": 0.447, ""DDoS_HTTP"": 0.734, ""DDoS_ICMP"": 0.995, ""DDoS_TCP"": 0.996, ""DDoS_UDP"": 0.996, ""Fingerprinting"": 0.115, ""MITM"": 1.0, ""Normal"": 1.0, ""Password"": 0.118, ""Port_Scanning"": 0.524, ""Ransomware"": 0.834, ""SQL_injection"": 0.491, ""Uploading"": 0.703, ""Vulnerability_scanner"": 0.791, ""XSS"": 0.73}","[0.45, 0.5063, 0.5879, 0.5973, 0.6146, 0.6584, 0.6666, 0.6729, 0.6754, 0.6625, 0.6681, 0.6766, 0.6756, 0.683, 0.6806, 0.6817, 0.6844, 0.6839, 0.6664, 0.6856, 0.6916, 0.6823, 0.6658, 0.691, 0.678, 0.6767, 0.7017, 0.6993, 0.702, 0.6888]","[0.4825, 0.3112, 0.4403, 0.4513, 0.3486, 0.5037, 0.3106, 0.2992, 0.3024, 0.4606]",8.8,2,240,60,60,"[0, 0, 0, 0, 0, 0, 0, 0, 0, 0, 0, 0, 0, 0, 0, 0, 0, 0, 0, 0, 0, 0, 0, 0, 0, 0, 1, 0, 1, 0]","[0, 0, 28, 30, 30, 30, 30, 30, 30, 30]",3.5,,,,,,,,,,,,,,,
faithful_root_t-0.3,faithful_root,-0.3,labelflip,1,2,30,0.6921039396570824,0.7010912652534509,0.8343313373253493,1.0,0.0,0.0,0.6961666666666666,"{""Backdoor"": 0.447, ""DDoS_HTTP"": 0.761, ""DDoS_ICMP"": 0.995, ""DDoS_TCP"": 0.996, ""DDoS_UDP"": 0.995, ""Fingerprinting"": 0.115, ""MITM"": 1.0, ""Normal"": 1.0, ""Password"": 0.132, ""Port_Scanning"": 0.524, ""Ransomware"": 0.834, ""SQL_injection"": 0.566, ""Uploading"": 0.663, ""Vulnerability_scanner"": 0.802, ""XSS"": 0.686}","[0.4261, 0.4649, 0.5274, 0.5943, 0.5823, 0.6188, 0.6645, 0.6705, 0.6739, 0.6608, 0.6677, 0.6758, 0.6762, 0.6817, 0.6815, 0.6813, 0.6841, 0.6854, 0.6607, 0.6851, 0.6904, 0.6825, 0.6608, 0.6901, 0.6769, 0.6782, 0.6975, 0.699, 0.6974, 0.6921]","[0.4825, 0.3112, 0.4403, 0.4513, 0.3486, 0.5037, 0.3106, 0.2992, 0.3024, 0.4606]",5.0,1,240,52,60,"[0, 0, 0, 0, 0, 0, 0, 0, 0, 0, 0, 0, 0, 0, 0, 0, 0, 0, 0, 0, 0, 0, 0, 0, 0, 0, 1, 0, 0, 0]","[4, 4, 29, 30, 30, 30, 30, 30, 30, 30]",3.5,,,,,,,,,,,,,,,
faithful_root_t-0.3,faithful_root,-0.3,targeted_flip,1,2,30,0.6894265253359968,0.6987124813576392,0.8327165892933235,1.0,0.0,0.0,0.6947,"{""Backdoor"": 0.447, ""DDoS_HTTP"": 0.765, ""DDoS_ICMP"": 0.996, ""DDoS_TCP"": 0.996, ""DDoS_UDP"": 0.995, ""Fingerprinting"": 0.115, ""MITM"": 1.0, ""Normal"": 1.0, ""Password"": 0.124, ""Port_Scanning"": 0.524, ""Ransomware"": 0.834, ""SQL_injection"": 0.518, ""Uploading"": 0.681, ""Vulnerability_scanner"": 0.8, ""XSS"": 0.685}","[0.3582, 0.4491, 0.5751, 0.5899, 0.5961, 0.6529, 0.6644, 0.6717, 0.6705, 0.6604, 0.6662, 0.6744, 0.6734, 0.6812, 0.6791, 0.6801, 0.6836, 0.6839, 0.6601, 0.6849, 0.6914, 0.6815, 0.6594, 0.6907, 0.6767, 0.6778, 0.7, 0.6989, 0.6958, 0.6894]","[0.4825, 0.3112, 0.4403, 0.4513, 0.3486, 0.5037, 0.3106, 0.2992, 0.3024, 0.4606]",5.2,1,240,52,60,"[0, 0, 0, 0, 0, 0, 0, 0, 0, 0, 0, 0, 0, 0, 0, 0, 0, 0, 0, 0, 0, 0, 0, 0, 0, 0, 1, 0, 0, 0]","[4, 4, 29, 30, 30, 30, 30, 30, 30, 30]",3.5,,,,,,,,,,,,,,,
faithful_root_t-0.3,faithful_root,-0.3,backdoor,1,2,30,0.7034560982158635,0.711793320339614,0.841687411693467,1.0,0.0,1.0,0.7052666666666667,"{""Backdoor"": 0.732, ""DDoS_HTTP"": 0.62, ""DDoS_ICMP"": 0.989, ""DDoS_TCP"": 0.788, ""DDoS_UDP"": 0.996, ""Fingerprinting"": 0.115, ""MITM"": 1.0, ""Normal"": 1.0, ""Password"": 0.116, ""Port_Scanning"": 0.727, ""Ransomware"": 0.567, ""SQL_injection"": 0.978, ""Uploading"": 0.428, ""Vulnerability_scanner"": 0.784, ""XSS"": 0.837}","[0.3519, 0.5035, 0.5346, 0.6043, 0.6331, 0.6296, 0.6848, 0.6883, 0.6965, 0.7008, 0.6989, 0.7, 0.7042, 0.7032, 0.702, 0.7042, 0.7063, 0.707, 0.7066, 0.7076, 0.7009, 0.7068, 0.7093, 0.7161, 0.705, 0.7042, 0.7045, 0.7049, 0.7074, 0.7035]","[0.4825, 0.3112, 0.4403, 0.4513, 0.3486, 0.5037, 0.3106, 0.2992, 0.3024, 0.4606]",5.6,1,240,0,60,"[0, 0, 0, 0, 0, 0, 0, 0, 0, 0, 0, 0, 0, 0, 0, 0, 0, 0, 0, 0, 0, 0, 0, 1, 0, 0, 0, 0, 0, 0]","[30, 30, 30, 30, 30, 30, 30, 29, 30, 30]",3.5,,,,,,,,,,,,,,,
faithful_root_t-0.3,faithful_root,-0.3,backdoor_boost,1,2,30,0.6997392909090409,0.7105505074915721,0.840812756509453,1.0,0.0,1.0,0.6906,"{""Backdoor"": 0.449, ""DDoS_HTTP"": 0.62, ""DDoS_ICMP"": 0.992, ""DDoS_TCP"": 0.967, ""DDoS_UDP"": 0.996, ""Fingerprinting"": 0.115, ""MITM"": 1.0, ""Normal"": 1.0, ""Password"": 0.116, ""Port_Scanning"": 0.552, ""Ransomware"": 0.838, ""SQL_injection"": 0.913, ""Uploading"": 0.47, ""Vulnerability_scanner"": 0.779, ""XSS"": 0.852}","[0.3846, 0.5268, 0.5615, 0.6077, 0.6376, 0.643, 0.6889, 0.6986, 0.6967, 0.6965, 0.6973, 0.7046, 0.7083, 0.7047, 0.6988, 0.6915, 0.6941, 0.6938, 0.7028, 0.7025, 0.6898, 0.6997, 0.6992, 0.6774, 0.6892, 0.6852, 0.6982, 0.6795, 0.6926, 0.6997]","[0.4825, 0.3112, 0.4403, 0.4513, 0.3486, 0.5037, 0.3106, 0.2992, 0.3024, 0.4606]",5.7,2,240,35,60,"[0, 0, 0, 0, 0, 0, 0, 0, 0, 0, 0, 0, 0, 0, 0, 0, 0, 0, 0, 0, 0, 0, 0, 1, 0, 0, 0, 1, 0, 0]","[14, 11, 29, 30, 30, 30, 30, 29, 30, 30]",3.5,,,,,,,,,,,,,,,
faithful_root_t-0.3,faithful_root,-0.3,adaptive,1,2,30,0.6754853308484153,0.6840307354459945,0.8228038305411649,1.0,0.0,0.0,0.6590333333333334,"{""Backdoor"": 0.184, ""DDoS_HTTP"": 0.712, ""DDoS_ICMP"": 0.998, ""DDoS_TCP"": 1.0, ""DDoS_UDP"": 0.978, ""Fingerprinting"": 0.115, ""MITM"": 1.0, ""Normal"": 1.0, ""Password"": 0.397, ""Port_Scanning"": 0.444, ""Ransomware"": 0.944, ""SQL_injection"": 0.424, ""Uploading"": 0.6, ""Vulnerability_scanner"": 0.681, ""XSS"": 0.784}","[0.3245, 0.4282, 0.4886, 0.5144, 0.5501, 0.5849, 0.5932, 0.5921, 0.6181, 0.6033, 0.5964, 0.6303, 0.6042, 0.6172, 0.6209, 0.6396, 0.6197, 0.5953, 0.6189, 0.6441, 0.6468, 0.6447, 0.6558, 0.6389, 0.6638, 0.6502, 0.6602, 0.6504, 0.6512, 0.6755]","[0.4825, 0.3112, 0.4403, 0.4513, 0.3486, 0.5037, 0.3106, 0.2992, 0.3024, 0.4606]",6.0,0,240,0,60,"[0, 0, 0, 0, 0, 0, 0, 0, 0, 0, 0, 0, 0, 0, 0, 0, 0, 0, 0, 0, 0, 0, 0, 0, 0, 0, 0, 0, 0, 0]","[30, 30, 30, 30, 30, 30, 30, 30, 30, 30]",3.5,,,,,,,,,,,,,,,
faithful_root_t-0.3,faithful_root,-0.3,adaptive_f30,1,3,30,0.6840826743303433,0.6943757864465456,0.8289264168292628,1.0,0.0,0.021380574221136223,0.6784666666666667,"{""Backdoor"": 0.447, ""DDoS_HTTP"": 0.587, ""DDoS_ICMP"": 0.995, ""DDoS_TCP"": 0.996, ""DDoS_UDP"": 0.994, ""Fingerprinting"": 0.13, ""MITM"": 1.0, ""Normal"": 1.0, ""Password"": 0.967, ""Port_Scanning"": 0.444, ""Ransomware"": 0.874, ""SQL_injection"": 0.13, ""Uploading"": 0.415, ""Vulnerability_scanner"": 0.738, ""XSS"": 0.699}","[0.2938, 0.3182, 0.3971, 0.4671, 0.4802, 0.5308, 0.5402, 0.5249, 0.5474, 0.5421, 0.5848, 0.6207, 0.6043, 0.6147, 0.612, 0.6149, 0.6001, 0.591, 0.6372, 0.6564, 0.6718, 0.6673, 0.6725, 0.6635, 0.6807, 0.6678, 0.6768, 0.6724, 0.6789, 0.6841]","[0.4825, 0.3112, 0.4403, 0.4513, 0.3486, 0.5037, 0.3106, 0.2992, 0.3024, 0.4606]",5.2,0,210,0,90,"[0, 0, 0, 0, 0, 0, 0, 0, 0, 0, 0, 0, 0, 0, 0, 0, 0, 0, 0, 0, 0, 0, 0, 0, 0, 0, 0, 0, 0, 0]","[30, 30, 30, 30, 30, 30, 30, 30, 30, 30]",3.5,,,,,,,,,,,,,,,
faithful_root_t0.0,faithful_root,0.0,none,1,0,30,0.687423004756587,0.7011403076174734,0.8376505416134024,1.0,0.0,0.0,0.7011,"{""Backdoor"": 0.447, ""DDoS_HTTP"": 0.729, ""DDoS_ICMP"": 0.995, ""DDoS_TCP"": 0.574, ""DDoS_UDP"": 0.99, ""Fingerprinting"": 0.035, ""MITM"": 1.0, ""Normal"": 1.0, ""Password"": 0.161, ""Port_Scanning"": 0.962, ""Ransomware"": 0.905, ""SQL_injection"": 0.978, ""Uploading"": 0.413, ""Vulnerability_scanner"": 0.89, ""XSS"": 0.439}","[0.4152, 0.542, 0.5825, 0.6054, 0.6197, 0.6388, 0.6911, 0.6978, 0.6995, 0.6946, 0.6929, 0.6925, 0.6924, 0.69, 0.6969, 0.6881, 0.6838, 0.6894, 0.6892, 0.682, 0.692, 0.6876, 0.6905, 0.6882, 0.7021, 0.6791, 0.6933, 0.7034, 0.7125, 0.6874]","[0.4825, 0.3112, 0.4403, 0.4513, 0.3486, 0.5037, 0.3106, 0.2992, 0.3024, 0.4606]",5.1,52,300,0,0,"[0, 0, 0, 0, 0, 0, 0, 0, 0, 0, 2, 1, 2, 1, 3, 2, 3, 1, 3, 3, 3, 3, 4, 3, 2, 3, 3, 3, 3, 4]","[30, 22, 27, 27, 20, 26, 27, 24, 21, 24]",3.5,,,,,-0.08603425559947299,-0.006982872200263504,-0.027857142857142848,0.0,0.2,0.1276679841897233,0.2855072463768116,0.8374999999999998,0.5,0.6,0.4554385166235311
faithful_root_t0.0,faithful_root,0.0,signflip,1,2,30,0.6969282867204832,0.708418456121193,0.83937742492543,1.0,0.0,0.0,0.6806666666666666,"{""Backdoor"": 0.447, ""DDoS_HTTP"": 0.884, ""DDoS_ICMP"": 0.996, ""DDoS_TCP"": 0.574, ""DDoS_UDP"": 0.957, ""Fingerprinting"": 0.115, ""MITM"": 1.0, ""Normal"": 1.0, ""Password"": 0.116, ""Port_Scanning"": 0.882, ""Ransomware"": 0.953, ""SQL_injection"": 0.978, ""Uploading"": 0.429, ""Vulnerability_scanner"": 0.834, ""XSS"": 0.463}","[0.45, 0.5063, 0.5879, 0.5973, 0.6146, 0.6584, 0.6666, 0.6729, 0.6754, 0.6625, 0.6556, 0.6858, 0.6593, 0.6533, 0.6654, 0.6707, 0.6603, 0.6703, 0.699, 0.656, 0.6947, 0.6816, 0.6622, 0.6866, 0.6969, 0.6497, 0.6969, 0.7099, 0.6352, 0.6969]","[0.4825, 0.3112, 0.4403, 0.4513, 0.3486, 0.5037, 0.3106, 0.2992, 0.3024, 0.4606]",5.1,45,240,60,60,"[0, 0, 0, 0, 0, 0, 0, 0, 0, 0, 2, 1, 1, 2, 2, 3, 2, 2, 2, 2, 1, 3, 2, 3, 2, 4, 2, 2, 4, 3]","[0, 0, 21, 28, 21, 29, 23, 26, 23, 24]",3.5,,,,,,,,,,,,,,,
faithful_root_t0.0,faithful_root,0.0,labelflip,1,2,30,0.6826316576409786,0.6993560368314735,0.8366861782053869,1.0,0.0,0.0,0.6769,"{""Backdoor"": 0.447, ""DDoS_HTTP"": 0.871, ""DDoS_ICMP"": 0.996, ""DDoS_TCP"": 0.574, ""DDoS_UDP"": 0.956, ""Fingerprinting"": 0.03, ""MITM"": 1.0, ""Normal"": 1.0, ""Password"": 0.116, ""Port_Scanning"": 0.882, ""Ransomware"": 0.954, ""SQL_injection"": 0.978, ""Uploading"": 0.429, ""Vulnerability_scanner"": 0.837, ""XSS"": 0.42}","[0.4261, 0.4948, 0.5826, 0.5964, 0.6108, 0.6608, 0.6661, 0.6723, 0.6753, 0.6618, 0.6543, 0.6861, 0.6657, 0.6801, 0.6783, 0.6741, 0.6717, 0.6648, 0.6954, 0.6506, 0.6951, 0.678, 0.6642, 0.6832, 0.6953, 0.6545, 0.6867, 0.7104, 0.6377, 0.6826]","[0.4825, 0.3112, 0.4403, 0.4513, 0.3486, 0.5037, 0.3106, 0.2992, 0.3024, 0.4606]",5.4,45,240,58,60,"[0, 0, 0, 0, 0, 0, 0, 0, 0, 0, 2, 1, 2, 1, 2, 3, 2, 2, 2, 2, 1, 3, 2, 3, 2, 4, 2, 2, 4, 3]","[1, 1, 22, 27, 20, 29, 24, 26, 23, 24]",3.5,,,,,,,,,,,,,,,
faithful_root_t0.0,faithful_root,0.0,targeted_flip,1,2,30,0.6879565743160768,0.7028306727103494,0.8380318015654085,1.0,0.0,0.0,0.6778999999999998,"{""Backdoor"": 0.447, ""DDoS_HTTP"": 0.885, ""DDoS_ICMP"": 0.996, ""DDoS_TCP"": 0.574, ""DDoS_UDP"": 0.956, ""Fingerprinting"": 0.055, ""MITM"": 1.0, ""Normal"": 1.0, ""Password"": 0.116, ""Port_Scanning"": 0.882, ""Ransomware"": 0.952, ""SQL_injection"": 0.978, ""Uploading"": 0.429, ""Vulnerability_scanner"": 0.834, ""XSS"": 0.439}","[0.3582, 0.5017, 0.583, 0.5966, 0.6122, 0.6558, 0.6658, 0.6727, 0.6747, 0.6618, 0.655, 0.6857, 0.6692, 0.6802, 0.6794, 0.6741, 0.6781, 0.6669, 0.6999, 0.656, 0.6945, 0.6793, 0.6622, 0.6845, 0.6972, 0.6512, 0.6922, 0.7102, 0.6355, 0.688]","[0.4825, 0.3112, 0.4403, 0.4513, 0.3486, 0.5037, 0.3106, 0.2992, 0.3024, 0.4606]",5.0,45,240,58,60,"[0, 0, 0, 0, 0, 0, 0, 0, 0, 0, 2, 1, 2, 1, 2, 3, 2, 2, 2, 2, 1, 3, 2, 3, 2, 4, 2, 2, 4, 3]","[1, 1, 22, 27, 20, 29, 24, 26, 23, 24]",3.5,,,,,,,,,,,,,,,
faithful_root_t0.0,faithful_root,0.0,backdoor,1,2,30,0.6935680532304225,0.7035615584091331,0.8360357935813766,1.0,0.0,1.0,0.6807333333333333,"{""Backdoor"": 0.454, ""DDoS_HTTP"": 0.62, ""DDoS_ICMP"": 0.988, ""DDoS_TCP"": 0.574, ""DDoS_UDP"": 0.997, ""Fingerprinting"": 0.115, ""MITM"": 1.0, ""Normal"": 1.0, ""Password"": 0.116, ""Port_Scanning"": 0.882, ""Ransomware"": 0.884, ""SQL_injection"": 0.978, ""Uploading"": 0.428, ""Vulnerability_scanner"": 0.86, ""XSS"": 0.659}","[0.3519, 0.5035, 0.5346, 0.6043, 0.6331, 0.6296, 0.6848, 0.6833, 0.6974, 0.7043, 0.699, 0.6974, 0.7048, 0.7035, 0.7017, 0.7008, 0.699, 0.6997, 0.7038, 0.7109, 0.7028, 0.6967, 0.6725, 0.7078, 0.6623, 0.6979, 0.7062, 0.698, 0.6506, 0.6936]","[0.4825, 0.3112, 0.4403, 0.4513, 0.3486, 0.5037, 0.3106, 0.2992, 0.3024, 0.4606]",5.8,40,240,7,60,"[0, 0, 0, 0, 0, 0, 0, 0, 0, 1, 1, 1, 0, 0, 0, 1, 3, 1, 2, 1, 2, 3, 3, 2, 3, 2, 4, 3, 3, 4]","[30, 23, 26, 27, 23, 29, 24, 23, 23, 25]",3.5,,,,,,,,,,,,,,,
faithful_root_t0.0,faithful_root,0.0,backdoor_boost,1,2,30,0.6902252379209183,0.697501835921593,0.8310794142052973,1.0,0.0,0.967745876603543,0.6944666666666667,"{""Backdoor"": 0.718, ""DDoS_HTTP"": 0.62, ""DDoS_ICMP"": 0.983, ""DDoS_TCP"": 0.996, ""DDoS_UDP"": 0.998, ""Fingerprinting"": 0.13, ""MITM"": 1.0, ""Normal"": 1.0, ""Password"": 0.32, ""Port_Scanning"": 0.444, ""Ransomware"": 0.624, ""SQL_injection"": 0.182, ""Uploading"": 0.822, ""Vulnerability_scanner"": 0.774, ""XSS"": 0.852}","[0.3846, 0.5268, 0.5615, 0.6077, 0.6376, 0.643, 0.6957, 0.698, 0.7027, 0.7033, 0.6907, 0.6936, 0.6931, 0.7004, 0.6977, 0.6993, 0.6808, 0.6985, 0.6939, 0.6449, 0.6926, 0.6472, 0.6942, 0.6436, 0.7009, 0.6421, 0.6959, 0.7092, 0.684, 0.6902]","[0.4825, 0.3112, 0.4403, 0.4513, 0.3486, 0.5037, 0.3106, 0.2992, 0.3024, 0.4606]",5.3,40,240,43,60,"[0, 0, 0, 0, 0, 0, 0, 0, 0, 0, 2, 2, 1, 0, 0, 1, 2, 1, 2, 3, 2, 3, 2, 3, 1, 4, 2, 4, 2, 3]","[10, 7, 26, 28, 21, 28, 26, 22, 24, 25]",3.5,,,,,,,,,,,,,,,
faithful_root_t0.0,faithful_root,0.0,adaptive,1,2,30,0.6739534874928391,0.6829581847362822,0.822063737693153,1.0,0.0,0.0,0.645,"{""Backdoor"": 0.184, ""DDoS_HTTP"": 0.783, ""DDoS_ICMP"": 0.998, ""DDoS_TCP"": 0.977, ""DDoS_UDP"": 0.958, ""Fingerprinting"": 0.115, ""MITM"": 1.0, ""Normal"": 1.0, ""Password"": 0.333, ""Port_Scanning"": 0.463, ""Ransomware"": 0.944, ""SQL_injection"": 0.471, ""Uploading"": 0.608, ""Vulnerability_scanner"": 0.762, ""XSS"": 0.649}","[0.3245, 0.4282, 0.4886, 0.5144, 0.5501, 0.5849, 0.5932, 0.5921, 0.6181, 0.6033, 0.5964, 0.6303, 0.5844, 0.6174, 0.6055, 0.6411, 0.6211, 0.592, 0.6164, 0.6388, 0.6481, 0.6372, 0.6382, 0.6241, 0.6535, 0.64, 0.6661, 0.6177, 0.6433, 0.674]","[0.4825, 0.3112, 0.4403, 0.4513, 0.3486, 0.5037, 0.3106, 0.2992, 0.3024, 0.4606]",5.2,22,240,0,60,"[0, 0, 0, 0, 0, 0, 0, 0, 0, 0, 0, 0, 2, 0, 1, 1, 0, 2, 0, 1, 2, 1, 2, 1, 2, 1, 1, 3, 1, 1]","[30, 30, 26, 25, 28, 30, 28, 29, 30, 22]",3.5,,,,,,,,,,,,,,,
faithful_root_t0.0,faithful_root,0.0,adaptive_f30,1,3,30,0.6611605582370805,0.6727284044464052,0.8149543609410392,1.0,0.0,0.02133984931785787,0.6653333333333333,"{""Backdoor"": 0.447, ""DDoS_HTTP"": 0.442, ""DDoS_ICMP"": 0.996, ""DDoS_TCP"": 0.996, ""DDoS_UDP"": 0.993, ""Fingerprinting"": 0.115, ""MITM"": 1.0, ""Normal"": 1.0, ""Password"": 0.945, ""Port_Scanning"": 0.444, ""Ransomware"": 0.874, ""SQL_injection"": 0.124, ""Uploading"": 0.436, ""Vulnerability_scanner"": 0.481, ""XSS"": 0.799}","[0.2938, 0.3182, 0.3971, 0.4671, 0.4802, 0.5308, 0.5402, 0.5249, 0.5474, 0.5421, 0.5848, 0.6207, 0.6043, 0.6147, 0.612, 0.6149, 0.6001, 0.5929, 0.635, 0.6576, 0.6606, 0.6649, 0.6575, 0.6563, 0.6604, 0.6589, 0.6747, 0.6707, 0.6641, 0.6612]","[0.4825, 0.3112, 0.4403, 0.4513, 0.3486, 0.5037, 0.3106, 0.2992, 0.3024, 0.4606]",5.3,11,210,0,90,"[0, 0, 0, 0, 0, 0, 0, 0, 0, 0, 0, 0, 0, 0, 0, 0, 0, 1, 0, 0, 1, 1, 2, 1, 1, 2, 0, 0, 1, 1]","[30, 30, 30, 30, 28, 30, 24, 30, 30, 27]",3.5,,,,,,,,,,,,,,,
faithful_root_t-0.3_kappa1.5,faithful_root,-0.3,none,1,0,30,0.713446801169948,0.7214415426948856,0.8506806611496109,1.0,0.0,0.0,0.7031666666666667,"{""Backdoor"": 0.713, ""DDoS_HTTP"": 0.619, ""DDoS_ICMP"": 0.983, ""DDoS_TCP"": 0.574, ""DDoS_UDP"": 0.981, ""Fingerprinting"": 0.05, ""MITM"": 1.0, ""Normal"": 1.0, ""Password"": 0.161, ""Port_Scanning"": 0.882, ""Ransomware"": 0.877, ""SQL_injection"": 0.978, ""Uploading"": 0.399, ""Vulnerability_scanner"": 0.848, ""XSS"": 0.758}","[0.4152, 0.542, 0.5825, 0.604, 0.622, 0.6225, 0.6179, 0.6138, 0.6602, 0.6582, 0.6521, 0.6538, 0.6555, 0.681, 0.667, 0.6608, 0.6521, 0.6687, 0.6389, 0.6861, 0.6878, 0.692, 0.6843, 0.7029, 0.6972, 0.688, 0.6996, 0.6964, 0.6997, 0.7134]","[0.4825, 0.3112, 0.4403, 0.4513, 0.3486, 0.5037, 0.3106, 0.2992, 0.3024, 0.4606]",5.1,117,300,0,0,"[0, 0, 0, 2, 2, 3, 4, 4, 4, 4, 4, 4, 4, 5, 4, 4, 4, 4, 4, 5, 5, 5, 5, 5, 5, 5, 5, 6, 6, 5]","[30, 28, 3, 5, 18, 30, 30, 30, 6, 3]",1.5,,,,,-0.08603425559947299,-0.006982872200263504,-0.027857142857142848,0.0,0.2,0.07075098814229248,0.30237154150197626,0.8360714285714284,0.5,0.6,-0.10037317226797879
faithful_root_t-0.3_kappa1.5,faithful_root,-0.3,signflip,1,2,30,0.7026218919507926,0.7128006281335125,0.8423602233734777,1.0,0.0,0.0,0.7004333333333334,"{""Backdoor"": 0.447, ""DDoS_HTTP"": 0.62, ""DDoS_ICMP"": 0.995, ""DDoS_TCP"": 1.0, ""DDoS_UDP"": 0.997, ""Fingerprinting"": 0.115, ""MITM"": 1.0, ""Normal"": 1.0, ""Password"": 0.139, ""Port_Scanning"": 0.524, ""Ransomware"": 0.834, ""SQL_injection"": 0.978, ""Uploading"": 0.419, ""Vulnerability_scanner"": 0.773, ""XSS"": 0.852}","[0.45, 0.5063, 0.5847, 0.5971, 0.608, 0.6771, 0.6844, 0.6852, 0.6883, 0.6782, 0.688, 0.6812, 0.6908, 0.6765, 0.6868, 0.6826, 0.6787, 0.6677, 0.6657, 0.6978, 0.7076, 0.6915, 0.6929, 0.6942, 0.7083, 0.703, 0.7073, 0.6923, 0.7064, 0.7026]","[0.4825, 0.3112, 0.4403, 0.4513, 0.3486, 0.5037, 0.3106, 0.2992, 0.3024, 0.4606]",8.6,78,240,60,60,"[0, 0, 1, 1, 1, 2, 2, 2, 2, 2, 2, 2, 2, 2, 2, 2, 4, 3, 2, 3, 3, 5, 5, 6, 3, 4, 3, 5, 3, 4]","[0, 0, 29, 30, 18, 5, 24, 30, 5, 21]",1.5,,,,,,,,,,,,,,,
faithful_root_t-0.3_kappa1.5,faithful_root,-0.3,adaptive_f30,1,3,30,0.6209926785715884,0.6485791965053116,0.7963623315167419,1.0,0.0,0.0,0.6227,"{""Backdoor"": 0.0, ""DDoS_HTTP"": 0.36, ""DDoS_ICMP"": 0.99, ""DDoS_TCP"": 0.997, ""DDoS_UDP"": 0.995, ""Fingerprinting"": 0.17, ""MITM"": 1.0, ""Normal"": 1.0, ""Password"": 0.967, ""Port_Scanning"": 0.444, ""Ransomware"": 0.874, ""SQL_injection"": 0.155, ""Uploading"": 0.398, ""Vulnerability_scanner"": 0.788, ""XSS"": 0.591}","[0.3155, 0.392, 0.4292, 0.4865, 0.5026, 0.5534, 0.548, 0.5204, 0.5271, 0.5387, 0.543, 0.6129, 0.6204, 0.6172, 0.617, 0.6215, 0.6091, 0.6078, 0.6089, 0.6126, 0.6254, 0.626, 0.6123, 0.6156, 0.6165, 0.6113, 0.6151, 0.6292, 0.6179, 0.621]","[0.4825, 0.3112, 0.4403, 0.4513, 0.3486, 0.5037, 0.3106, 0.2992, 0.3024, 0.4606]",9.2,48,210,0,90,"[0, 0, 0, 0, 0, 0, 1, 2, 2, 2, 2, 2, 2, 2, 2, 2, 2, 2, 2, 2, 2, 2, 2, 3, 2, 2, 2, 2, 2, 2]","[30, 30, 30, 30, 29, 7, 30, 30, 6, 30]",1.5,,,,,,,,,,,,,,,
faithful_root_t-0.3_kappa2.5,faithful_root,-0.3,none,1,0,30,0.6914971521090698,0.7054572104220919,0.8420462445894727,1.0,0.0,0.0,0.6951999999999999,"{""Backdoor"": 0.449, ""DDoS_HTTP"": 0.619, ""DDoS_ICMP"": 0.994, ""DDoS_TCP"": 0.574, ""DDoS_UDP"": 0.995, ""Fingerprinting"": 0.0, ""MITM"": 1.0, ""Normal"": 1.0, ""Password"": 0.161, ""Port_Scanning"": 0.962, ""Ransomware"": 0.834, ""SQL_injection"": 0.978, ""Uploading"": 0.414, ""Vulnerability_scanner"": 0.821, ""XSS"": 0.781}","[0.4152, 0.542, 0.5825, 0.6054, 0.6197, 0.6388, 0.6911, 0.6978, 0.6995, 0.6946, 0.6961, 0.6991, 0.6983, 0.6975, 0.708, 0.6908, 0.6937, 0.6982, 0.6984, 0.6839, 0.6989, 0.697, 0.7071, 0.6988, 0.7038, 0.7063, 0.7046, 0.6887, 0.7054, 0.6915]","[0.4825, 0.3112, 0.4403, 0.4513, 0.3486, 0.5037, 0.3106, 0.2992, 0.3024, 0.4606]",5.8,20,300,0,0,"[0, 0, 0, 0, 0, 0, 0, 0, 0, 0, 0, 0, 0, 0, 1, 0, 2, 0, 0, 2, 0, 3, 1, 3, 0, 3, 1, 3, 0, 1]","[30, 29, 30, 30, 26, 30, 30, 30, 24, 21]",2.5,,,,,-0.08603425559947299,-0.006982872200263504,-0.027857142857142848,0.0,0.2,0.1276679841897233,0.2855072463768116,0.8374999999999998,0.5,0.6,0.14338563581977296
faithful_root_t-0.3_kappa2.5,faithful_root,-0.3,signflip,1,2,30,0.6909610522499098,0.7006889365823051,0.834062212653345,1.0,0.0,0.0,0.6955999999999999,"{""Backdoor"": 0.447, ""DDoS_HTTP"": 0.76, ""DDoS_ICMP"": 0.996, ""DDoS_TCP"": 0.996, ""DDoS_UDP"": 0.995, ""Fingerprinting"": 0.115, ""MITM"": 1.0, ""Normal"": 1.0, ""Password"": 0.117, ""Port_Scanning"": 0.524, ""Ransomware"": 0.834, ""SQL_injection"": 0.549, ""Uploading"": 0.678, ""Vulnerability_scanner"": 0.793, ""XSS"": 0.706}","[0.45, 0.5063, 0.5879, 0.5973, 0.6146, 0.6584, 0.6666, 0.6729, 0.6754, 0.6625, 0.6681, 0.6766, 0.6756, 0.683, 0.6806, 0.6817, 0.6838, 0.6849, 0.6669, 0.6852, 0.6917, 0.6894, 0.6805, 0.6926, 0.6785, 0.6761, 0.7019, 0.6962, 0.6996, 0.691]","[0.4825, 0.3112, 0.4403, 0.4513, 0.3486, 0.5037, 0.3106, 0.2992, 0.3024, 0.4606]",5.6,9,240,60,60,"[0, 0, 0, 0, 0, 0, 0, 0, 0, 0, 0, 0, 0, 0, 0, 0, 2, 0, 0, 0, 0, 1, 1, 1, 0, 0, 1, 3, 0, 0]","[0, 0, 29, 30, 26, 30, 30, 30, 28, 28]",2.5,,,,,,,,,,,,,,,
faithful_root_t-0.3_kappa2.5,faithful_root,-0.3,adaptive_f30,1,3,30,0.677768658995682,0.6899915452803413,0.8259211913252147,1.0,0.0,0.0,0.6781,"{""Backdoor"": 0.447, ""DDoS_HTTP"": 0.58, ""DDoS_ICMP"": 0.994, ""DDoS_TCP"": 0.996, ""DDoS_UDP"": 0.995, ""Fingerprinting"": 0.13, ""MITM"": 1.0, ""Normal"": 1.0, ""Password"": 0.967, ""Port_Scanning"": 0.444, ""Ransomware"": 0.874, ""SQL_injection"": 0.1, ""Uploading"": 0.433, ""Vulnerability_scanner"": 0.773, ""XSS"": 0.617}","[0.3029, 0.3435, 0.4138, 0.4727, 0.4977, 0.5278, 0.5312, 0.5301, 0.5485, 0.599, 0.6322, 0.6577, 0.6464, 0.6661, 0.6682, 0.6687, 0.6694, 0.662, 0.6698, 0.6703, 0.683, 0.6722, 0.677, 0.6598, 0.6687, 0.6771, 0.6758, 0.677, 0.6795, 0.6778]","[0.4825, 0.3112, 0.4403, 0.4513, 0.3486, 0.5037, 0.3106, 0.2992, 0.3024, 0.4606]",5.3,13,210,0,90,"[0, 0, 0, 0, 0, 0, 0, 0, 0, 0, 0, 0, 0, 0, 0, 0, 2, 0, 0, 0, 2, 0, 2, 3, 0, 1, 1, 1, 1, 0]","[30, 30, 30, 30, 26, 30, 30, 30, 22, 29]",2.5,,,,,,,,,,,,,,,
faithful_root_t-0.3_kappa5.0,faithful_root,-0.3,none,1,0,30,0.6976223990064218,0.7106161472368593,0.8455224382695283,1.0,0.0,0.0,0.7002666666666667,"{""Backdoor"": 0.823, ""DDoS_HTTP"": 0.62, ""DDoS_ICMP"": 0.994, ""DDoS_TCP"": 0.59, ""DDoS_UDP"": 0.996, ""Fingerprinting"": 0.0, ""MITM"": 1.0, ""Normal"": 1.0, ""Password"": 0.161, ""Port_Scanning"": 0.946, ""Ransomware"": 0.536, ""SQL_injection"": 0.978, ""Uploading"": 0.414, ""Vulnerability_scanner"": 0.817, ""XSS"": 0.784}","[0.4152, 0.542, 0.5825, 0.6054, 0.6197, 0.6388, 0.6911, 0.6978, 0.6995, 0.6946, 0.6961, 0.6991, 0.6983, 0.6975, 0.7021, 0.6898, 0.6975, 0.6989, 0.6982, 0.6988, 0.6985, 0.6969, 0.6977, 0.6984, 0.699, 0.6987, 0.6986, 0.6959, 0.7073, 0.6976]","[0.4825, 0.3112, 0.4403, 0.4513, 0.3486, 0.5037, 0.3106, 0.2992, 0.3024, 0.4606]",6.1,1,300,0,0,"[0, 0, 0, 0, 0, 0, 0, 0, 0, 0, 0, 0, 0, 0, 0, 0, 0, 0, 0, 0, 0, 0, 0, 0, 0, 0, 0, 1, 0, 0]","[30, 29, 30, 30, 30, 30, 30, 30, 30, 30]",5.0,,,,,-0.08603425559947299,-0.006982872200263504,-0.027857142857142848,0.0,0.2,0.1276679841897233,0.2855072463768116,0.8374999999999998,0.5,0.6,0.1740776559556978
faithful_root_t-0.3_kappa5.0,faithful_root,-0.3,signflip,1,2,30,0.6888086023385718,0.6983024895376939,0.8324250375653188,1.0,0.0,0.0,0.6967,"{""Backdoor"": 0.447, ""DDoS_HTTP"": 0.734, ""DDoS_ICMP"": 0.995, ""DDoS_TCP"": 0.996, ""DDoS_UDP"": 0.996, ""Fingerprinting"": 0.115, ""MITM"": 1.0, ""Normal"": 1.0, ""Password"": 0.118, ""Port_Scanning"": 0.524, ""Ransomware"": 0.834, ""SQL_injection"": 0.491, ""Uploading"": 0.703, ""Vulnerability_scanner"": 0.791, ""XSS"": 0.73}","[0.45, 0.5063, 0.5879, 0.5973, 0.6146, 0.6584, 0.6666, 0.6729, 0.6754, 0.6625, 0.6681, 0.6766, 0.6756, 0.683, 0.6806, 0.6817, 0.6844, 0.6839, 0.6664, 0.6856, 0.6916, 0.6823, 0.6658, 0.691, 0.678, 0.6767, 0.7017, 0.6993, 0.702, 0.6888]","[0.4825, 0.3112, 0.4403, 0.4513, 0.3486, 0.5037, 0.3106, 0.2992, 0.3024, 0.4606]",5.6,2,240,60,60,"[0, 0, 0, 0, 0, 0, 0, 0, 0, 0, 0, 0, 0, 0, 0, 0, 0, 0, 0, 0, 0, 0, 0, 0, 0, 0, 1, 0, 1, 0]","[0, 0, 28, 30, 30, 30, 30, 30, 30, 30]",5.0,,,,,,,,,,,,,,,
faithful_root_t-0.3_kappa5.0,faithful_root,-0.3,adaptive_f30,1,3,30,0.632827119444902,0.6524365641968395,0.8012065756128193,1.0,0.0,0.0,0.6152000000000001,"{""Backdoor"": 0.123, ""DDoS_HTTP"": 0.387, ""DDoS_ICMP"": 0.996, ""DDoS_TCP"": 1.0, ""DDoS_UDP"": 0.976, ""Fingerprinting"": 0.12, ""MITM"": 0.996, ""Normal"": 1.0, ""Password"": 0.967, ""Port_Scanning"": 0.444, ""Ransomware"": 0.944, ""SQL_injection"": 0.145, ""Uploading"": 0.4, ""Vulnerability_scanner"": 0.567, ""XSS"": 0.721}","[0.2891, 0.2996, 0.3833, 0.4705, 0.4818, 0.5335, 0.5461, 0.5385, 0.5628, 0.5426, 0.5384, 0.6118, 0.5933, 0.6126, 0.6114, 0.6208, 0.5972, 0.5793, 0.6065, 0.6046, 0.6198, 0.6112, 0.6041, 0.6043, 0.6234, 0.6031, 0.6145, 0.6165, 0.5963, 0.6328]","[0.4825, 0.3112, 0.4403, 0.4513, 0.3486, 0.5037, 0.3106, 0.2992, 0.3024, 0.4606]",5.3,0,210,0,90,"[0, 0, 0, 0, 0, 0, 0, 0, 0, 0, 0, 0, 0, 0, 0, 0, 0, 0, 0, 0, 0, 0, 0, 0, 0, 0, 0, 0, 0, 0]","[30, 30, 30, 30, 30, 30, 30, 30, 30, 30]",5.0,,,,,,,,,,,,,,,
faithful_root_t-0.3_clip,faithful_root,-0.3,none,1,0,30,0.7079306854635561,0.7190349475820867,0.8511516293256184,1.0,0.0,0.0,0.7027333333333333,"{""Backdoor"": 0.698, ""DDoS_HTTP"": 0.62, ""DDoS_ICMP"": 0.992, ""DDoS_TCP"": 0.644, ""DDoS_UDP"": 0.994, ""Fingerprinting"": 0.0, ""MITM"": 1.0, ""Normal"": 1.0, ""Password"": 0.161, ""Port_Scanning"": 0.891, ""Ransomware"": 0.803, ""SQL_injection"": 0.978, ""Uploading"": 0.404, ""Vulnerability_scanner"": 0.82, ""XSS"": 0.781}","[0.4109, 0.5257, 0.5663, 0.5915, 0.6021, 0.6254, 0.6405, 0.6494, 0.6491, 0.6858, 0.6926, 0.6928, 0.6943, 0.7014, 0.7007, 0.6964, 0.6979, 0.6973, 0.6965, 0.698, 0.6988, 0.6996, 0.698, 0.697, 0.6963, 0.6986, 0.6978, 0.6978, 0.7025, 0.7079]","[0.4825, 0.3112, 0.4403, 0.4513, 0.3486, 0.5037, 0.3106, 0.2992, 0.3024, 0.4606]",5.1,1,300,0,0,"[0, 0, 0, 0, 0, 0, 0, 0, 0, 0, 0, 0, 0, 0, 0, 0, 0, 0, 0, 0, 0, 0, 0, 0, 0, 0, 0, 1, 0, 0]","[30, 29, 30, 30, 30, 30, 30, 30, 30, 30]",3.5,1.0,,,,-0.08603425559947299,-0.006982872200263504,-0.027857142857142848,0.0,0.2,0.07114624505928853,0.29459815546772067,0.8407142857142856,0.5,0.6,0.1740776559556978
faithful_root_t-0.3_clip,faithful_root,-0.3,backdoor,1,2,30,0.7053257621297006,0.7150057690887704,0.8438179820135011,1.0,0.0,1.0,0.7057666666666668,"{""Backdoor"": 0.891, ""DDoS_HTTP"": 0.62, ""DDoS_ICMP"": 0.987, ""DDoS_TCP"": 0.777, ""DDoS_UDP"": 0.995, ""Fingerprinting"": 0.115, ""MITM"": 1.0, ""Normal"": 1.0, ""Password"": 0.116, ""Port_Scanning"": 0.741, ""Ransomware"": 0.488, ""SQL_injection"": 0.978, ""Uploading"": 0.428, ""Vulnerability_scanner"": 0.805, ""XSS"": 0.786}","[0.3282, 0.4879, 0.5224, 0.5405, 0.6054, 0.6202, 0.6266, 0.6336, 0.6347, 0.6428, 0.684, 0.6854, 0.6936, 0.6956, 0.6967, 0.6974, 0.6984, 0.6988, 0.6983, 0.6985, 0.7006, 0.7016, 0.6998, 0.7037, 0.7018, 0.7026, 0.7027, 0.7058, 0.7062, 0.7053]","[0.4825, 0.3112, 0.4403, 0.4513, 0.3486, 0.5037, 0.3106, 0.2992, 0.3024, 0.4606]",5.2,0,240,0,60,"[0, 0, 0, 0, 0, 0, 0, 0, 0, 0, 0, 0, 0, 0, 0, 0, 0, 0, 0, 0, 0, 0, 0, 0, 0, 0, 0, 0, 0, 0]","[30, 30, 30, 30, 30, 30, 30, 30, 30, 30]",3.5,1.0,,,,,,,,,,,,,,
faithful_root_t-0.3_clip,faithful_root,-0.3,backdoor_boost,1,2,30,0.6987755260284395,0.7094949692475261,0.8401175177734419,1.0,0.0,0.0,0.6972333333333333,"{""Backdoor"": 0.449, ""DDoS_HTTP"": 0.62, ""DDoS_ICMP"": 0.992, ""DDoS_TCP"": 0.937, ""DDoS_UDP"": 0.995, ""Fingerprinting"": 0.115, ""MITM"": 1.0, ""Normal"": 1.0, ""Password"": 0.116, ""Port_Scanning"": 0.583, ""Ransomware"": 0.834, ""SQL_injection"": 0.978, ""Uploading"": 0.428, ""Vulnerability_scanner"": 0.784, ""XSS"": 0.812}","[0.3283, 0.477, 0.4837, 0.5511, 0.5668, 0.5972, 0.614, 0.6316, 0.6726, 0.6732, 0.6736, 0.6761, 0.6779, 0.6855, 0.6894, 0.6895, 0.69, 0.6909, 0.6943, 0.6939, 0.6942, 0.696, 0.6956, 0.6877, 0.6951, 0.6947, 0.6982, 0.696, 0.6969, 0.6988]","[0.4825, 0.3112, 0.4403, 0.4513, 0.3486, 0.5037, 0.3106, 0.2992, 0.3024, 0.4606]",5.8,1,240,55,60,"[0, 0, 0, 0, 0, 0, 0, 0, 0, 0, 0, 0, 0, 0, 0, 0, 0, 0, 0, 0, 0, 0, 0, 1, 0, 0, 0, 0, 0, 0]","[1, 4, 30, 30, 30, 30, 30, 29, 30, 30]",3.5,1.0,,,,,,,,,,,,,,
faithful_root_t-0.3_clip,faithful_root,-0.3,adaptive_f30,1,3,30,0.6804480719797721,0.6951215551921869,0.8300253425732804,1.0,0.0,4.0724903278354713e-05,0.6782666666666667,"{""Backdoor"": 0.447, ""DDoS_HTTP"": 0.667, ""DDoS_ICMP"": 0.986, ""DDoS_TCP"": 0.996, ""DDoS_UDP"": 0.995, ""Fingerprinting"": 0.115, ""MITM"": 1.0, ""Normal"": 1.0, ""Password"": 0.951, ""Port_Scanning"": 0.444, ""Ransomware"": 0.874, ""SQL_injection"": 0.077, ""Uploading"": 0.471, ""Vulnerability_scanner"": 0.775, ""XSS"": 0.628}","[0.3147, 0.3912, 0.4187, 0.452, 0.4915, 0.5165, 0.54, 0.5521, 0.5797, 0.5962, 0.5994, 0.6087, 0.6484, 0.649, 0.6513, 0.6525, 0.6575, 0.6525, 0.6558, 0.6587, 0.673, 0.6679, 0.673, 0.6692, 0.6709, 0.6649, 0.6732, 0.6757, 0.6787, 0.6804]","[0.4825, 0.3112, 0.4403, 0.4513, 0.3486, 0.5037, 0.3106, 0.2992, 0.3024, 0.4606]",5.6,0,210,0,90,"[0, 0, 0, 0, 0, 0, 0, 0, 0, 0, 0, 0, 0, 0, 0, 0, 0, 0, 0, 0, 0, 0, 0, 0, 0, 0, 0, 0, 0, 0]","[30, 30, 30, 30, 30, 30, 30, 30, 30, 30]",3.5,1.0,,,,,,,,,,,,,,
faithful_root_t-0.3_clip,faithful_root,-0.3,signflip,1,2,30,0.6899436600854263,0.705555063936366,0.8421359528134742,1.0,0.0,0.0,0.6899000000000001,"{""Backdoor"": 0.447, ""DDoS_HTTP"": 0.722, ""DDoS_ICMP"": 0.995, ""DDoS_TCP"": 0.996, ""DDoS_UDP"": 0.993, ""Fingerprinting"": 0.0, ""MITM"": 1.0, ""Normal"": 1.0, ""Password"": 0.161, ""Port_Scanning"": 0.524, ""Ransomware"": 0.834, ""SQL_injection"": 0.974, ""Uploading"": 0.414, ""Vulnerability_scanner"": 0.807, ""XSS"": 0.717}","[0.4313, 0.4932, 0.5715, 0.5969, 0.6015, 0.6144, 0.6637, 0.6733, 0.6727, 0.6704, 0.6699, 0.6754, 0.6767, 0.6799, 0.681, 0.6797, 0.6826, 0.6842, 0.6792, 0.6823, 0.6887, 0.6875, 0.6856, 0.6888, 0.6885, 0.6885, 0.6875, 0.6895, 0.6903, 0.6899]","[0.4825, 0.3112, 0.4403, 0.4513, 0.3486, 0.5037, 0.3106, 0.2992, 0.3024, 0.4606]",5.1,0,240,60,60,"[0, 0, 0, 0, 0, 0, 0, 0, 0, 0, 0, 0, 0, 0, 0, 0, 0, 0, 0, 0, 0, 0, 0, 0, 0, 0, 0, 0, 0, 0]","[0, 0, 30, 30, 30, 30, 30, 30, 30, 30]",3.5,1.0,,,,,,,,,,,,,,
faithful_root_t-0.3_clipnoise_z0.5,faithful_root,-0.3,none,1,0,30,0.6934263525551339,0.7062987259249444,0.8426069209894818,1.0,0.0,0.005375687232742822,0.6955666666666667,"{""Backdoor"": 0.584, ""DDoS_HTTP"": 0.62, ""DDoS_ICMP"": 0.996, ""DDoS_TCP"": 0.965, ""DDoS_UDP"": 0.997, ""Fingerprinting"": 0.0, ""MITM"": 1.0, ""Normal"": 1.0, ""Password"": 0.161, ""Port_Scanning"": 0.556, ""Ransomware"": 0.741, ""SQL_injection"": 0.931, ""Uploading"": 0.415, ""Vulnerability_scanner"": 0.785, ""XSS"": 0.844}","[0.2145, 0.379, 0.499, 0.5418, 0.5785, 0.5843, 0.6242, 0.6689, 0.6862, 0.678, 0.6778, 0.6799, 0.6838, 0.667, 0.6835, 0.6923, 0.6882, 0.6775, 0.6529, 0.6741, 0.6928, 0.6966, 0.6967, 0.6975, 0.6953, 0.697, 0.6955, 0.6968, 0.6965, 0.6934]","[0.4825, 0.3112, 0.4403, 0.4513, 0.3486, 0.5037, 0.3106, 0.2992, 0.3024, 0.4606]",5.3,0,300,0,0,"[0, 0, 0, 0, 0, 0, 0, 0, 0, 0, 0, 0, 0, 0, 0, 0, 0, 0, 0, 0, 0, 0, 0, 0, 0, 0, 0, 0, 0, 0]","[30, 30, 30, 30, 30, 30, 30, 30, 30, 30]",3.5,1.0,0.5,,112.56537912599764,0.013702239789196309,-0.11501976284584979,0.017857142857142856,0.1,0.4,0.04953886693017127,0.2949934123847167,0.8289285714285712,0.6,0.7,
faithful_root_t-0.3_clipnoise_z0.5,faithful_root,-0.3,backdoor,1,2,30,0.6789282385155955,0.6992785621816504,0.8378299580614053,1.0,0.0,0.9766239055182244,0.6819666666666667,"{""Backdoor"": 0.491, ""DDoS_HTTP"": 0.62, ""DDoS_ICMP"": 0.987, ""DDoS_TCP"": 0.969, ""DDoS_UDP"": 0.996, ""Fingerprinting"": 0.0, ""MITM"": 1.0, ""Normal"": 1.0, ""Password"": 0.085, ""Port_Scanning"": 0.469, ""Ransomware"": 0.876, ""SQL_injection"": 0.978, ""Uploading"": 0.427, ""Vulnerability_scanner"": 0.803, ""XSS"": 0.788}","[0.2366, 0.3618, 0.4558, 0.4722, 0.4998, 0.5515, 0.585, 0.6401, 0.6071, 0.6139, 0.6531, 0.6525, 0.6696, 0.6805, 0.6708, 0.6764, 0.6761, 0.6727, 0.671, 0.6762, 0.6814, 0.6817, 0.6796, 0.6817, 0.683, 0.6799, 0.6847, 0.6864, 0.6806, 0.6789]","[0.4825, 0.3112, 0.4403, 0.4513, 0.3486, 0.5037, 0.3106, 0.2992, 0.3024, 0.4606]",5.2,1,240,0,60,"[0, 0, 0, 0, 0, 0, 0, 0, 0, 0, 0, 0, 0, 0, 0, 0, 0, 0, 0, 0, 0, 0, 0, 1, 0, 0, 0, 0, 0, 0]","[30, 30, 30, 30, 30, 30, 30, 29, 30, 30]",3.5,1.0,0.5,,112.56537912599764,,,,,,,,,,,
faithful_root_t-0.3_clipnoise_z0.5,faithful_root,-0.3,backdoor_boost,1,2,30,0.6778383259594236,0.6977324284478731,0.8367758864293884,1.0,4.99151442547669e-05,0.000285074322948483,0.6817666666666667,"{""Backdoor"": 0.45, ""DDoS_HTTP"": 0.62, ""DDoS_ICMP"": 0.994, ""DDoS_TCP"": 0.996, ""DDoS_UDP"": 0.995, ""Fingerprinting"": 0.0, ""MITM"": 1.0, ""Normal"": 1.0, ""Password"": 0.102, ""Port_Scanning"": 0.444, ""Ransomware"": 0.884, ""SQL_injection"": 0.954, ""Uploading"": 0.43, ""Vulnerability_scanner"": 0.788, ""XSS"": 0.808}","[0.2364, 0.3629, 0.433, 0.5247, 0.4922, 0.6055, 0.5554, 0.6149, 0.569, 0.6307, 0.641, 0.6437, 0.6498, 0.6461, 0.6654, 0.6772, 0.6654, 0.6537, 0.6464, 0.6678, 0.6772, 0.6776, 0.6767, 0.6597, 0.6834, 0.6734, 0.6863, 0.6904, 0.6771, 0.6778]","[0.4825, 0.3112, 0.4403, 0.4513, 0.3486, 0.5037, 0.3106, 0.2992, 0.3024, 0.4606]",5.5,1,240,54,60,"[0, 0, 0, 0, 0, 0, 0, 0, 0, 0, 0, 0, 0, 0, 0, 0, 0, 0, 0, 0, 0, 0, 0, 1, 0, 0, 0, 0, 0, 0]","[2, 4, 30, 30, 30, 30, 30, 29, 30, 30]",3.5,1.0,0.5,,112.56537912599764,,,,,,,,,,,
faithful_root_t-0.3_clipnoise_z0.5,faithful_root,-0.3,adaptive_f30,1,3,30,0.6699615422033296,0.6775416721020731,0.8189463769091031,1.0,0.0,0.043005497861942577,0.6722666666666667,"{""Backdoor"": 0.447, ""DDoS_HTTP"": 0.387, ""DDoS_ICMP"": 0.992, ""DDoS_TCP"": 1.0, ""DDoS_UDP"": 0.997, ""Fingerprinting"": 0.115, ""MITM"": 0.979, ""Normal"": 1.0, ""Password"": 0.382, ""Port_Scanning"": 0.444, ""Ransomware"": 0.875, ""SQL_injection"": 0.218, ""Uploading"": 0.741, ""Vulnerability_scanner"": 0.712, ""XSS"": 0.874}","[0.1955, 0.3005, 0.3233, 0.4172, 0.435, 0.4427, 0.4939, 0.5161, 0.5517, 0.5631, 0.5994, 0.6094, 0.6029, 0.5946, 0.6264, 0.6415, 0.6349, 0.5976, 0.6153, 0.6366, 0.641, 0.649, 0.6657, 0.6627, 0.66, 0.6683, 0.664, 0.6753, 0.6715, 0.67]","[0.4825, 0.3112, 0.4403, 0.4513, 0.3486, 0.5037, 0.3106, 0.2992, 0.3024, 0.4606]",5.0,0,210,0,90,"[0, 0, 0, 0, 0, 0, 0, 0, 0, 0, 0, 0, 0, 0, 0, 0, 0, 0, 0, 0, 0, 0, 0, 0, 0, 0, 0, 0, 0, 0]","[30, 30, 30, 30, 30, 30, 30, 30, 30, 30]",3.5,1.0,0.5,,112.56537912599764,,,,,,,,,,,
faithful_root_t-0.3_clipnoise_z0.5,faithful_root,-0.3,signflip,1,2,30,0.680569787091162,0.695399939511174,0.8350938572293615,1.0,0.0,0.0328242720423539,0.6837,"{""Backdoor"": 0.447, ""DDoS_HTTP"": 0.627, ""DDoS_ICMP"": 0.997, ""DDoS_TCP"": 0.997, ""DDoS_UDP"": 0.997, ""Fingerprinting"": 0.0, ""MITM"": 1.0, ""Normal"": 1.0, ""Password"": 0.161, ""Port_Scanning"": 0.444, ""Ransomware"": 0.879, ""SQL_injection"": 0.641, ""Uploading"": 0.637, ""Vulnerability_scanner"": 0.784, ""XSS"": 0.821}","[0.2073, 0.3537, 0.4324, 0.5036, 0.5262, 0.6211, 0.6308, 0.6417, 0.6629, 0.6658, 0.6597, 0.6719, 0.6641, 0.6384, 0.6692, 0.6773, 0.6566, 0.6295, 0.6156, 0.6539, 0.6777, 0.6817, 0.6715, 0.6819, 0.677, 0.6839, 0.6717, 0.69, 0.6805, 0.6806]","[0.4825, 0.3112, 0.4403, 0.4513, 0.3486, 0.5037, 0.3106, 0.2992, 0.3024, 0.4606]",5.2,0,240,60,60,"[0, 0, 0, 0, 0, 0, 0, 0, 0, 0, 0, 0, 0, 0, 0, 0, 0, 0, 0, 0, 0, 0, 0, 0, 0, 0, 0, 0, 0, 0]","[0, 0, 30, 30, 30, 30, 30, 30, 30, 30]",3.5,1.0,0.5,,112.56537912599764,,,,,,,,,,,
faithful_root_t-0.3_all_z0.5,faithful_root,-0.3,none,1,0,30,0.6923293753247322,0.7046648991800389,0.8414855681894637,1.0,0.0,0.0,0.6963,"{""Backdoor"": 0.478, ""DDoS_HTTP"": 0.62, ""DDoS_ICMP"": 0.997, ""DDoS_TCP"": 0.674, ""DDoS_UDP"": 0.996, ""Fingerprinting"": 0.0, ""MITM"": 1.0, ""Normal"": 1.0, ""Password"": 0.161, ""Port_Scanning"": 0.855, ""Ransomware"": 0.834, ""SQL_injection"": 0.863, ""Uploading"": 0.474, ""Vulnerability_scanner"": 0.781, ""XSS"": 0.836}","[0.2016, 0.4021, 0.5116, 0.5575, 0.5902, 0.5772, 0.619, 0.6276, 0.633, 0.6751, 0.6791, 0.6707, 0.6775, 0.6637, 0.6737, 0.6878, 0.6871, 0.6651, 0.6501, 0.672, 0.6842, 0.6871, 0.6872, 0.693, 0.6901, 0.6948, 0.6993, 0.6994, 0.6972, 0.6923]","[0.4825, 0.3112, 0.4403, 0.4513, 0.3486, 0.5037, 0.3106, 0.2992, 0.3024, 0.4606]",5.0,0,300,0,0,"[0, 0, 0, 0, 0, 0, 0, 0, 0, 0, 0, 0, 0, 0, 0, 0, 0, 0, 0, 0, 0, 0, 0, 0, 0, 0, 0, 0, 0, 0]","[30, 30, 30, 30, 30, 30, 30, 30, 30, 30]",3.5,1.0,0.5,3.0,112.56537912599764,0.013702239789196309,-0.11501976284584979,0.017857142857142856,0.1,0.4,0.06600790513833991,0.2903820816864295,0.8285714285714285,0.6,0.7,
faithful_root_t-0.3_all_z0.5,faithful_root,-0.3,backdoor,1,2,30,0.6813880191184978,0.6973809729398407,0.8375159792774003,1.0,0.0,0.29664019547953574,0.6835666666666667,"{""Backdoor"": 0.471, ""DDoS_HTTP"": 0.62, ""DDoS_ICMP"": 0.986, ""DDoS_TCP"": 0.944, ""DDoS_UDP"": 0.994, ""Fingerprinting"": 0.0, ""MITM"": 0.975, ""Normal"": 1.0, ""Password"": 0.127, ""Port_Scanning"": 0.5, ""Ransomware"": 0.873, ""SQL_injection"": 0.959, ""Uploading"": 0.428, ""Vulnerability_scanner"": 0.806, ""XSS"": 0.778}","[0.2701, 0.374, 0.4042, 0.489, 0.532, 0.5829, 0.5921, 0.6002, 0.6004, 0.6052, 0.6084, 0.6076, 0.6108, 0.628, 0.6262, 0.6692, 0.6298, 0.6261, 0.6273, 0.6338, 0.6795, 0.6784, 0.6807, 0.6806, 0.6844, 0.681, 0.6765, 0.6846, 0.6847, 0.6814]","[0.4825, 0.3112, 0.4403, 0.4513, 0.3486, 0.5037, 0.3106, 0.2992, 0.3024, 0.4606]",5.1,1,240,0,60,"[0, 0, 0, 0, 0, 0, 0, 0, 0, 0, 0, 0, 0, 0, 0, 0, 0, 0, 0, 0, 0, 0, 0, 1, 0, 0, 0, 0, 0, 0]","[30, 30, 30, 30, 30, 30, 30, 29, 30, 30]",3.5,1.0,0.5,3.0,112.56537912599764,,,,,,,,,,,
faithful_root_t-0.3_all_z0.5,faithful_root,-0.3,backdoor_boost,1,2,30,0.6834261924497252,0.6971279850708839,0.8373589898853977,1.0,0.0,0.0,0.6852666666666666,"{""Backdoor"": 0.449, ""DDoS_HTTP"": 0.62, ""DDoS_ICMP"": 0.988, ""DDoS_TCP"": 0.985, ""DDoS_UDP"": 0.994, ""Fingerprinting"": 0.0, ""MITM"": 0.975, ""Normal"": 1.0, ""Password"": 0.16, ""Port_Scanning"": 0.53, ""Ransomware"": 0.834, ""SQL_injection"": 0.891, ""Uploading"": 0.444, ""Vulnerability_scanner"": 0.801, ""XSS"": 0.786}","[0.2704, 0.3771, 0.3829, 0.4743, 0.5391, 0.5463, 0.5428, 0.5661, 0.5523, 0.5826, 0.5947, 0.604, 0.6014, 0.6608, 0.6592, 0.6659, 0.6669, 0.6576, 0.6584, 0.6602, 0.6728, 0.6777, 0.6745, 0.6725, 0.6824, 0.6773, 0.6755, 0.6875, 0.6849, 0.6834]","[0.4825, 0.3112, 0.4403, 0.4513, 0.3486, 0.5037, 0.3106, 0.2992, 0.3024, 0.4606]",5.0,1,240,56,60,"[0, 0, 0, 0, 0, 0, 0, 0, 0, 0, 0, 0, 0, 0, 0, 0, 0, 0, 0, 0, 0, 0, 0, 1, 0, 0, 0, 0, 0, 0]","[1, 3, 30, 30, 30, 30, 30, 29, 30, 30]",3.5,1.0,0.5,3.0,112.56537912599764,,,,,,,,,,,
faithful_root_t-0.3_all_z0.5,faithful_root,-0.3,adaptive_f30,1,3,30,0.6662924475175951,0.6790499532350756,0.8240373186211846,1.0,0.0,0.0,0.6648999999999999,"{""Backdoor"": 0.447, ""DDoS_HTTP"": 0.544, ""DDoS_ICMP"": 0.997, ""DDoS_TCP"": 0.997, ""DDoS_UDP"": 0.996, ""Fingerprinting"": 0.0, ""MITM"": 0.996, ""Normal"": 1.0, ""Password"": 0.414, ""Port_Scanning"": 0.444, ""Ransomware"": 0.874, ""SQL_injection"": 0.207, ""Uploading"": 0.738, ""Vulnerability_scanner"": 0.716, ""XSS"": 0.816}","[0.1814, 0.3118, 0.3488, 0.4224, 0.4534, 0.4703, 0.5125, 0.5425, 0.5447, 0.5426, 0.5521, 0.5745, 0.5771, 0.6138, 0.6191, 0.6506, 0.6494, 0.6047, 0.6092, 0.636, 0.6517, 0.6412, 0.6407, 0.6548, 0.6631, 0.6614, 0.6496, 0.6632, 0.6652, 0.6663]","[0.4825, 0.3112, 0.4403, 0.4513, 0.3486, 0.5037, 0.3106, 0.2992, 0.3024, 0.4606]",5.5,0,210,0,90,"[0, 0, 0, 0, 0, 0, 0, 0, 0, 0, 0, 0, 0, 0, 0, 0, 0, 0, 0, 0, 0, 0, 0, 0, 0, 0, 0, 0, 0, 0]","[30, 30, 30, 30, 30, 30, 30, 30, 30, 30]",3.5,1.0,0.5,3.0,112.56537912599764,,,,,,,,,,,
faithful_root_t-0.3_all_z0.5,faithful_root,-0.3,signflip,1,2,30,0.6747933403910806,0.6893905976444626,0.8310121330372962,1.0,0.0,0.0,0.6774,"{""Backdoor"": 0.447, ""DDoS_HTTP"": 0.683, ""DDoS_ICMP"": 0.998, ""DDoS_TCP"": 0.996, ""DDoS_UDP"": 0.995, ""Fingerprinting"": 0.0, ""MITM"": 1.0, ""Normal"": 1.0, ""Password"": 0.161, ""Port_Scanning"": 0.444, ""Ransomware"": 0.874, ""SQL_injection"": 0.489, ""Uploading"": 0.703, ""Vulnerability_scanner"": 0.779, ""XSS"": 0.771}","[0.1985, 0.3423, 0.4202, 0.5121, 0.5757, 0.5804, 0.6025, 0.609, 0.6571, 0.669, 0.667, 0.6544, 0.6573, 0.6354, 0.6411, 0.6712, 0.6685, 0.6425, 0.6289, 0.6543, 0.6761, 0.6718, 0.6718, 0.6772, 0.6742, 0.6786, 0.6816, 0.6797, 0.6777, 0.6748]","[0.4825, 0.3112, 0.4403, 0.4513, 0.3486, 0.5037, 0.3106, 0.2992, 0.3024, 0.4606]",5.8,0,240,60,60,"[0, 0, 0, 0, 0, 0, 0, 0, 0, 0, 0, 0, 0, 0, 0, 0, 0, 0, 0, 0, 0, 0, 0, 0, 0, 0, 0, 0, 0, 0]","[0, 0, 30, 30, 30, 30, 30, 30, 30, 30]",3.5,1.0,0.5,3.0,112.56537912599764,,,,,,,,,,,
faithful_root_t-0.3_all_z1.0,faithful_root,-0.3,none,1,0,30,0.6722321966131448,0.6907061849176546,0.8319764964453116,1.0,0.0,0.0,0.6846333333333333,"{""Backdoor"": 0.447, ""DDoS_HTTP"": 0.604, ""DDoS_ICMP"": 0.998, ""DDoS_TCP"": 0.996, ""DDoS_UDP"": 0.996, ""Fingerprinting"": 0.0, ""MITM"": 1.0, ""Normal"": 1.0, ""Password"": 0.11, ""Port_Scanning"": 0.444, ""Ransomware"": 0.874, ""SQL_injection"": 0.753, ""Uploading"": 0.549, ""Vulnerability_scanner"": 0.779, ""XSS"": 0.811}","[0.1832, 0.3657, 0.3689, 0.5308, 0.5265, 0.5185, 0.5514, 0.5835, 0.5864, 0.5694, 0.5982, 0.6126, 0.664, 0.6434, 0.6564, 0.6719, 0.6774, 0.64, 0.6271, 0.6426, 0.6732, 0.6758, 0.6746, 0.6819, 0.6793, 0.686, 0.689, 0.693, 0.6887, 0.6722]","[0.4825, 0.3112, 0.4403, 0.4513, 0.3486, 0.5037, 0.3106, 0.2992, 0.3024, 0.4606]",5.5,0,300,0,0,"[0, 0, 0, 0, 0, 0, 0, 0, 0, 0, 0, 0, 0, 0, 0, 0, 0, 0, 0, 0, 0, 0, 0, 0, 0, 0, 0, 0, 0, 0]","[30, 30, 30, 30, 30, 30, 30, 30, 30, 30]",3.5,1.0,1.0,3.0,41.285057226388886,0.013702239789196309,-0.11501976284584979,0.017857142857142856,0.1,0.4,0.11897233201581027,0.27667984189723316,0.8314285714285713,0.6,0.6,
faithful_root_t-0.3_all_z1.0,faithful_root,-0.3,backdoor,1,2,30,0.6830245829106817,0.6949778360947833,0.8333894009733342,1.0,0.0,0.14726125025453066,0.6706333333333333,"{""Backdoor"": 0.474, ""DDoS_HTTP"": 0.633, ""DDoS_ICMP"": 0.987, ""DDoS_TCP"": 0.996, ""DDoS_UDP"": 0.992, ""Fingerprinting"": 0.065, ""MITM"": 0.971, ""Normal"": 1.0, ""Password"": 0.135, ""Port_Scanning"": 0.444, ""Ransomware"": 0.882, ""SQL_injection"": 0.889, ""Uploading"": 0.439, ""Vulnerability_scanner"": 0.81, ""XSS"": 0.709}","[0.1944, 0.3135, 0.365, 0.4277, 0.4659, 0.5332, 0.5391, 0.5587, 0.556, 0.5628, 0.5727, 0.5919, 0.5607, 0.5848, 0.5976, 0.6178, 0.61, 0.6063, 0.5837, 0.5855, 0.6154, 0.6231, 0.6691, 0.6494, 0.6805, 0.6725, 0.6739, 0.6859, 0.643, 0.683]","[0.4825, 0.3112, 0.4403, 0.4513, 0.3486, 0.5037, 0.3106, 0.2992, 0.3024, 0.4606]",5.2,0,240,0,60,"[0, 0, 0, 0, 0, 0, 0, 0, 0, 0, 0, 0, 0, 0, 0, 0, 0, 0, 0, 0, 0, 0, 0, 0, 0, 0, 0, 0, 0, 0]","[30, 30, 30, 30, 30, 30, 30, 30, 30, 30]",3.5,1.0,1.0,3.0,41.285057226388886,,,,,,,,,,,
faithful_root_t-0.3_all_z1.0,faithful_root,-0.3,backdoor_boost,1,2,30,0.6840141081137163,0.6914410748553358,0.8303617484132858,1.0,0.0,0.0,0.6828333333333334,"{""Backdoor"": 0.463, ""DDoS_HTTP"": 0.633, ""DDoS_ICMP"": 0.979, ""DDoS_TCP"": 0.953, ""DDoS_UDP"": 0.991, ""Fingerprinting"": 0.075, ""MITM"": 0.975, ""Normal"": 1.0, ""Password"": 0.179, ""Port_Scanning"": 0.486, ""Ransomware"": 0.885, ""SQL_injection"": 0.705, ""Uploading"": 0.531, ""Vulnerability_scanner"": 0.81, ""XSS"": 0.705}","[0.1946, 0.3141, 0.3638, 0.4179, 0.4673, 0.5069, 0.5052, 0.5268, 0.5281, 0.5298, 0.5595, 0.5683, 0.5543, 0.5926, 0.5965, 0.6177, 0.6, 0.5966, 0.5651, 0.5665, 0.6076, 0.6176, 0.6663, 0.6229, 0.6763, 0.6697, 0.6732, 0.684, 0.6805, 0.684]","[0.4825, 0.3112, 0.4403, 0.4513, 0.3486, 0.5037, 0.3106, 0.2992, 0.3024, 0.4606]",5.5,0,240,54,60,"[0, 0, 0, 0, 0, 0, 0, 0, 0, 0, 0, 0, 0, 0, 0, 0, 0, 0, 0, 0, 0, 0, 0, 0, 0, 0, 0, 0, 0, 0]","[2, 4, 30, 30, 30, 30, 30, 30, 30, 30]",3.5,1.0,1.0,3.0,41.285057226388886,,,,,,,,,,,
faithful_root_t-0.3_all_z1.0,faithful_root,-0.3,adaptive_f30,1,3,30,0.6126802424459529,0.638159257959758,0.8007356074368118,0.9990226023213195,0.0,0.008796579108124617,0.6320333333333333,"{""Backdoor"": 0.447, ""DDoS_HTTP"": 0.101, ""DDoS_ICMP"": 0.998, ""DDoS_TCP"": 1.0, ""DDoS_UDP"": 0.998, ""Fingerprinting"": 0.0, ""MITM"": 0.881, ""Normal"": 1.0, ""Password"": 0.229, ""Port_Scanning"": 0.444, ""Ransomware"": 0.878, ""SQL_injection"": 0.249, ""Uploading"": 0.814, ""Vulnerability_scanner"": 0.777, ""XSS"": 0.756}","[0.1595, 0.2709, 0.2793, 0.339, 0.4071, 0.3953, 0.4026, 0.5187, 0.5093, 0.5034, 0.5126, 0.4971, 0.5185, 0.5737, 0.5732, 0.6117, 0.6142, 0.5848, 0.5625, 0.574, 0.6288, 0.5977, 0.593, 0.5591, 0.6339, 0.6442, 0.6147, 0.6258, 0.6576, 0.6127]","[0.4825, 0.3112, 0.4403, 0.4513, 0.3486, 0.5037, 0.3106, 0.2992, 0.3024, 0.4606]",5.4,0,210,0,90,"[0, 0, 0, 0, 0, 0, 0, 0, 0, 0, 0, 0, 0, 0, 0, 0, 0, 0, 0, 0, 0, 0, 0, 0, 0, 0, 0, 0, 0, 0]","[30, 30, 30, 30, 30, 30, 30, 30, 30, 30]",3.5,1.0,1.0,3.0,41.285057226388886,,,,,,,,,,,
faithful_root_t-0.3_all_z1.0,faithful_root,-0.3,signflip,1,2,30,0.6704264179767274,0.6864711463619397,0.8298234990692772,1.0,0.0,8.144980655670943e-05,0.6730333333333333,"{""Backdoor"": 0.447, ""DDoS_HTTP"": 0.608, ""DDoS_ICMP"": 0.998, ""DDoS_TCP"": 0.998, ""DDoS_UDP"": 0.998, ""Fingerprinting"": 0.0, ""MITM"": 0.979, ""Normal"": 1.0, ""Password"": 0.136, ""Port_Scanning"": 0.444, ""Ransomware"": 0.878, ""SQL_injection"": 0.517, ""Uploading"": 0.711, ""Vulnerability_scanner"": 0.788, ""XSS"": 0.796}","[0.1673, 0.3042, 0.3138, 0.4557, 0.5011, 0.4921, 0.5028, 0.5966, 0.5559, 0.5689, 0.5755, 0.5876, 0.6244, 0.6297, 0.635, 0.6621, 0.6795, 0.5883, 0.601, 0.6516, 0.6766, 0.6719, 0.6726, 0.667, 0.6739, 0.6738, 0.6447, 0.6682, 0.6805, 0.6704]","[0.4825, 0.3112, 0.4403, 0.4513, 0.3486, 0.5037, 0.3106, 0.2992, 0.3024, 0.4606]",5.7,0,240,60,60,"[0, 0, 0, 0, 0, 0, 0, 0, 0, 0, 0, 0, 0, 0, 0, 0, 0, 0, 0, 0, 0, 0, 0, 0, 0, 0, 0, 0, 0, 0]","[0, 0, 30, 30, 30, 30, 30, 30, 30, 30]",3.5,1.0,1.0,3.0,41.285057226388886,,,,,,,,,,,
faithful_root_t-0.3_all_z2.0,faithful_root,-0.3,none,1,0,30,0.5675936062852561,0.5960106015180825,0.7722083922043553,1.0,0.0,0.09045001018122582,0.5986000000000001,"{""Backdoor"": 0.448, ""DDoS_HTTP"": 0.194, ""DDoS_ICMP"": 1.0, ""DDoS_TCP"": 0.574, ""DDoS_UDP"": 0.997, ""Fingerprinting"": 0.0, ""MITM"": 0.881, ""Normal"": 1.0, ""Password"": 0.04, ""Port_Scanning"": 0.656, ""Ransomware"": 0.834, ""SQL_injection"": 0.336, ""Uploading"": 0.801, ""Vulnerability_scanner"": 0.945, ""XSS"": 0.236}","[0.1524, 0.2397, 0.1693, 0.3141, 0.3494, 0.3593, 0.4504, 0.534, 0.4859, 0.4889, 0.504, 0.4961, 0.5402, 0.5794, 0.5715, 0.6337, 0.6132, 0.5312, 0.4779, 0.5163, 0.5747, 0.551, 0.5438, 0.5784, 0.5991, 0.5706, 0.5713, 0.5924, 0.6358, 0.5676]","[0.4825, 0.3112, 0.4403, 0.4513, 0.3486, 0.5037, 0.3106, 0.2992, 0.3024, 0.4606]",5.2,0,300,0,0,"[0, 0, 0, 0, 0, 0, 0, 0, 0, 0, 0, 0, 0, 0, 0, 0, 0, 0, 0, 0, 0, 0, 0, 0, 0, 0, 0, 0, 0, 0]","[30, 30, 30, 30, 30, 30, 30, 30, 30, 30]",3.5,1.0,2.0,3.0,16.891338818048375,0.013702239789196309,-0.11501976284584979,0.017857142857142856,0.1,0.4,0.1549407114624506,0.2700922266139657,0.8435714285714285,0.6,0.5,
faithful_root_t-0.3_all_z2.0,faithful_root,-0.3,backdoor,1,2,30,0.596530977061803,0.6153321680338134,0.8096615757249546,0.9997963754836082,4.99151442547669e-05,0.046670739156994503,0.6049333333333333,"{""Backdoor"": 0.813, ""DDoS_HTTP"": 0.097, ""DDoS_ICMP"": 0.988, ""DDoS_TCP"": 0.867, ""DDoS_UDP"": 0.949, ""Fingerprinting"": 0.0, ""MITM"": 0.272, ""Normal"": 1.0, ""Password"": 0.186, ""Port_Scanning"": 0.58, ""Ransomware"": 0.54, ""SQL_injection"": 0.841, ""Uploading"": 0.39, ""Vulnerability_scanner"": 0.785, ""XSS"": 0.924}","[0.1133, 0.1164, 0.2741, 0.3656, 0.4473, 0.4777, 0.5106, 0.4983, 0.4322, 0.4867, 0.5488, 0.5352, 0.4943, 0.5298, 0.5244, 0.586, 0.5507, 0.487, 0.5209, 0.4935, 0.5686, 0.5035, 0.5511, 0.5552, 0.5227, 0.4996, 0.5947, 0.6134, 0.6049, 0.5965]","[0.4825, 0.3112, 0.4403, 0.4513, 0.3486, 0.5037, 0.3106, 0.2992, 0.3024, 0.4606]",5.0,0,240,0,60,"[0, 0, 0, 0, 0, 0, 0, 0, 0, 0, 0, 0, 0, 0, 0, 0, 0, 0, 0, 0, 0, 0, 0, 0, 0, 0, 0, 0, 0, 0]","[30, 30, 30, 30, 30, 30, 30, 30, 30, 30]",3.5,1.0,2.0,3.0,16.891338818048375,,,,,,,,,,,
faithful_root_t-0.3_all_z2.0,faithful_root,-0.3,backdoor_boost,1,2,30,0.5815344938194948,0.6051075697291638,0.805938684428895,1.0,4.99151442547669e-05,0.02142129912441458,0.5780333333333334,"{""Backdoor"": 0.618, ""DDoS_HTTP"": 0.03, ""DDoS_ICMP"": 0.998, ""DDoS_TCP"": 0.897, ""DDoS_UDP"": 0.948, ""Fingerprinting"": 0.0, ""MITM"": 0.189, ""Normal"": 1.0, ""Password"": 0.205, ""Port_Scanning"": 0.55, ""Ransomware"": 0.679, ""SQL_injection"": 0.777, ""Uploading"": 0.478, ""Vulnerability_scanner"": 0.787, ""XSS"": 0.92}","[0.114, 0.1156, 0.2708, 0.3505, 0.4503, 0.4605, 0.5174, 0.5185, 0.4581, 0.512, 0.5344, 0.5148, 0.5099, 0.5448, 0.5541, 0.5877, 0.523, 0.4697, 0.5002, 0.482, 0.5581, 0.4841, 0.5549, 0.5478, 0.5036, 0.4586, 0.5339, 0.5693, 0.5833, 0.5815]","[0.4825, 0.3112, 0.4403, 0.4513, 0.3486, 0.5037, 0.3106, 0.2992, 0.3024, 0.4606]",6.3,0,240,53,60,"[0, 0, 0, 0, 0, 0, 0, 0, 0, 0, 0, 0, 0, 0, 0, 0, 0, 0, 0, 0, 0, 0, 0, 0, 0, 0, 0, 0, 0, 0]","[2, 5, 30, 30, 30, 30, 30, 30, 30, 30]",3.5,1.0,2.0,3.0,16.891338818048375,,,,,,,,,,,
faithful_root_t-0.3_all_z2.0,faithful_root,-0.3,adaptive_f30,1,3,30,0.44549881169137684,0.47847019057249274,0.716499585099464,0.9701079209936876,0.001946690625935909,0.24357564650783955,0.441,"{""Backdoor"": 0.028, ""DDoS_HTTP"": 0.0, ""DDoS_ICMP"": 0.611, ""DDoS_TCP"": 0.738, ""DDoS_UDP"": 1.0, ""Fingerprinting"": 0.26, ""MITM"": 0.0, ""Normal"": 0.998, ""Password"": 0.119, ""Port_Scanning"": 0.391, ""Ransomware"": 0.778, ""SQL_injection"": 0.59, ""Uploading"": 0.544, ""Vulnerability_scanner"": 0.747, ""XSS"": 0.372}","[0.117, 0.1796, 0.1168, 0.221, 0.2252, 0.2995, 0.271, 0.3275, 0.4118, 0.4023, 0.3372, 0.3433, 0.3306, 0.3384, 0.4302, 0.4703, 0.4751, 0.4737, 0.4229, 0.4717, 0.4395, 0.4752, 0.4886, 0.4404, 0.3795, 0.4401, 0.3478, 0.441, 0.4365, 0.4455]","[0.4825, 0.3112, 0.4403, 0.4513, 0.3486, 0.5037, 0.3106, 0.2992, 0.3024, 0.4606]",6.9,0,210,0,90,"[0, 0, 0, 0, 0, 0, 0, 0, 0, 0, 0, 0, 0, 0, 0, 0, 0, 0, 0, 0, 0, 0, 0, 0, 0, 0, 0, 0, 0, 0]","[30, 30, 30, 30, 30, 30, 30, 30, 30, 30]",3.5,1.0,2.0,3.0,16.891338818048375,,,,,,,,,,,
faithful_root_t-0.3_all_z2.0,faithful_root,-0.3,signflip,1,2,30,0.4834960304379663,0.5287198867268912,0.7532351028280517,0.9960904092852779,0.0016971149046620744,0.31146406027285684,0.5109666666666667,"{""Backdoor"": 0.448, ""DDoS_HTTP"": 0.0, ""DDoS_ICMP"": 0.968, ""DDoS_TCP"": 0.369, ""DDoS_UDP"": 1.0, ""Fingerprinting"": 0.0, ""MITM"": 0.193, ""Normal"": 0.998, ""Password"": 0.065, ""Port_Scanning"": 0.819, ""Ransomware"": 0.834, ""SQL_injection"": 0.673, ""Uploading"": 0.571, ""Vulnerability_scanner"": 0.991, ""XSS"": 0.002}","[0.1465, 0.2025, 0.1319, 0.2336, 0.2318, 0.2958, 0.3389, 0.4189, 0.4016, 0.4284, 0.3693, 0.4268, 0.4008, 0.4657, 0.5415, 0.5115, 0.5023, 0.4715, 0.4696, 0.4775, 0.5165, 0.5358, 0.5515, 0.5323, 0.5202, 0.5193, 0.5174, 0.5353, 0.5141, 0.4835]","[0.4825, 0.3112, 0.4403, 0.4513, 0.3486, 0.5037, 0.3106, 0.2992, 0.3024, 0.4606]",5.5,0,240,60,60,"[0, 0, 0, 0, 0, 0, 0, 0, 0, 0, 0, 0, 0, 0, 0, 0, 0, 0, 0, 0, 0, 0, 0, 0, 0, 0, 0, 0, 0, 0]","[0, 0, 30, 30, 30, 30, 30, 30, 30, 30]",3.5,1.0,2.0,3.0,16.891338818048375,,,,,,,,,,,
local_only,local_only,,none,2,0,30,0.5149001970553854,0.5813824756406011,0.7699455022539191,1.0,0.0,0.01457951537365099,0.5149001970553854,"{""Backdoor"": 0.942, ""DDoS_HTTP"": 0.614, ""DDoS_ICMP"": 0.996, ""DDoS_TCP"": 1.0, ""DDoS_UDP"": 0.9, ""Fingerprinting"": 0.0, ""MITM"": 1.0, ""Normal"": 1.0, ""Password"": 0.712, ""Port_Scanning"": 0.55, ""Ransomware"": 0.0, ""SQL_injection"": 0.0, ""Uploading"": 0.654, ""Vulnerability_scanner"": 0.847, ""XSS"": 0.788}",[],"[0.385, 0.4152, 0.4512, 0.3514, 0.2368, 0.3788, 0.2891, 0.5623, 0.2, 0.4003]",2.1,,,,,[],[],,,,,,,,,,,,,,,,
centralized,centralized,,none,2,0,30,0.7108174483815676,0.7148154614926348,0.8481912579335711,1.0,0.0,0.0,0.7055666666666666,"{""Backdoor"": 0.883, ""DDoS_HTTP"": 0.614, ""DDoS_ICMP"": 0.996, ""DDoS_TCP"": 0.564, ""DDoS_UDP"": 0.997, ""Fingerprinting"": 0.0, ""MITM"": 1.0, ""Normal"": 1.0, ""Password"": 0.619, ""Port_Scanning"": 0.965, ""Ransomware"": 0.504, ""SQL_injection"": 0.507, ""Uploading"": 0.437, ""Vulnerability_scanner"": 0.782, ""XSS"": 0.855}","[0.4595, 0.6087, 0.644, 0.6573, 0.6555, 0.6585, 0.6563, 0.6997, 0.7034, 0.6974, 0.7017, 0.7002, 0.6992, 0.6996, 0.6935, 0.7004, 0.7015, 0.7086, 0.6958, 0.6905, 0.6957, 0.6938, 0.6929, 0.6963, 0.7042, 0.705, 0.6959, 0.7059, 0.7, 0.7108]","[0.385, 0.4152, 0.4512, 0.3514, 0.2368, 0.3788, 0.2891, 0.5623, 0.2, 0.4003]",2.6,,,,,[],[],,,,,,,,,,,,,,,,
fedavg,fedavg,,none,2,0,30,0.7113966527729448,0.7205858632110654,0.8469129157415506,1.0,0.0,0.0,0.7053666666666668,"{""Backdoor"": 0.91, ""DDoS_HTTP"": 0.776, ""DDoS_ICMP"": 0.994, ""DDoS_TCP"": 0.996, ""DDoS_UDP"": 0.998, ""Fingerprinting"": 0.125, ""MITM"": 1.0, ""Normal"": 1.0, ""Password"": 0.979, ""Port_Scanning"": 0.516, ""Ransomware"": 0.488, ""SQL_injection"": 0.161, ""Uploading"": 0.417, ""Vulnerability_scanner"": 0.789, ""XSS"": 0.66}","[0.4309, 0.5336, 0.5772, 0.6014, 0.618, 0.6231, 0.6289, 0.6752, 0.6722, 0.6825, 0.685, 0.6904, 0.6823, 0.6886, 0.6914, 0.6904, 0.6938, 0.6909, 0.6934, 0.6938, 0.6941, 0.6922, 0.6968, 0.6909, 0.6928, 0.7003, 0.6996, 0.6976, 0.7071, 0.7114]","[0.385, 0.4152, 0.4512, 0.3514, 0.2368, 0.3788, 0.2891, 0.5623, 0.2, 0.4003]",3.1,,,,,[],[],,,,,,0.2077733860342556,0.19986824769433462,0.7696428571428571,0.7,0.7,,,,,,
fedavg,fedavg,,signflip,2,2,30,0.019121338228317245,0.09045193960133643,0.025611697952409786,1.0,0.9899670560047918,0.018937080024434942,0.019899999999999998,"{""Backdoor"": 0.0, ""DDoS_HTTP"": 0.0, ""DDoS_ICMP"": 0.0, ""DDoS_TCP"": 0.0, ""DDoS_UDP"": 0.0, ""Fingerprinting"": 0.0, ""MITM"": 1.0, ""Normal"": 0.01, ""Password"": 0.0, ""Port_Scanning"": 0.0, ""Ransomware"": 0.0, ""SQL_injection"": 0.347, ""Uploading"": 0.0, ""Vulnerability_scanner"": 0.0, ""XSS"": 0.0}","[0.0991, 0.0999, 0.1269, 0.1326, 0.0992, 0.1146, 0.1222, 0.1273, 0.1252, 0.1186, 0.1095, 0.1072, 0.1015, 0.1253, 0.1073, 0.0956, 0.0744, 0.0648, 0.0592, 0.0613, 0.0736, 0.064, 0.0598, 0.053, 0.0565, 0.0451, 0.0418, 0.0192, 0.0214, 0.0191]","[0.385, 0.4152, 0.4512, 0.3514, 0.2368, 0.3788, 0.2891, 0.5623, 0.2, 0.4003]",2.7,,,,,[],[],,,,,,,,,,,,,,,,
fedavg,fedavg,,labelflip,2,2,30,0.7039281588492601,0.7145235158821752,0.8421359528134742,1.0,0.0,0.0,0.7071666666666667,"{""Backdoor"": 0.46, ""DDoS_HTTP"": 0.614, ""DDoS_ICMP"": 0.983, ""DDoS_TCP"": 0.992, ""DDoS_UDP"": 0.997, ""Fingerprinting"": 0.14, ""MITM"": 1.0, ""Normal"": 1.0, ""Password"": 0.979, ""Port_Scanning"": 0.429, ""Ransomware"": 0.902, ""SQL_injection"": 0.157, ""Uploading"": 0.427, ""Vulnerability_scanner"": 0.774, ""XSS"": 0.864}","[0.3281, 0.5083, 0.5548, 0.5706, 0.5816, 0.6175, 0.6613, 0.6591, 0.6682, 0.6802, 0.6822, 0.686, 0.6896, 0.6944, 0.6954, 0.697, 0.7015, 0.7, 0.7013, 0.6994, 0.7064, 0.7049, 0.7, 0.703, 0.706, 0.7046, 0.7084, 0.7073, 0.7103, 0.7039]","[0.385, 0.4152, 0.4512, 0.3514, 0.2368, 0.3788, 0.2891, 0.5623, 0.2, 0.4003]",2.8,,,,,[],[],,,,,,,,,,,,,,,,
fedavg,fedavg,,targeted_flip,2,2,30,0.6893986717211674,0.7025117671339502,0.8402296530534437,0.9981266544491957,0.0,0.10242313174506211,0.6946,"{""Backdoor"": 0.47, ""DDoS_HTTP"": 0.685, ""DDoS_ICMP"": 0.996, ""DDoS_TCP"": 0.82, ""DDoS_UDP"": 0.996, ""Fingerprinting"": 0.0, ""MITM"": 0.988, ""Normal"": 1.0, ""Password"": 0.977, ""Port_Scanning"": 0.614, ""Ransomware"": 0.884, ""SQL_injection"": 0.166, ""Uploading"": 0.411, ""Vulnerability_scanner"": 0.774, ""XSS"": 0.758}","[0.2869, 0.4407, 0.5769, 0.5804, 0.5856, 0.6002, 0.6083, 0.6343, 0.6373, 0.6788, 0.6829, 0.6812, 0.6802, 0.683, 0.6901, 0.685, 0.687, 0.6856, 0.6867, 0.687, 0.6937, 0.6925, 0.692, 0.6873, 0.6882, 0.6901, 0.692, 0.6993, 0.6951, 0.6894]","[0.385, 0.4152, 0.4512, 0.3514, 0.2368, 0.3788, 0.2891, 0.5623, 0.2, 0.4003]",3.5,,,,,[],[],,,,,,,,,,,,,,,,
fedavg,fedavg,,backdoor,2,2,30,0.7048587336412975,0.713934526314394,0.843436722061495,1.0,0.0,1.0,0.7037999999999999,"{""Backdoor"": 0.91, ""DDoS_HTTP"": 0.694, ""DDoS_ICMP"": 0.991, ""DDoS_TCP"": 0.802, ""DDoS_UDP"": 0.998, ""Fingerprinting"": 0.1, ""MITM"": 1.0, ""Normal"": 1.0, ""Password"": 0.977, ""Port_Scanning"": 0.723, ""Ransomware"": 0.445, ""SQL_injection"": 0.167, ""Uploading"": 0.408, ""Vulnerability_scanner"": 0.78, ""XSS"": 0.715}","[0.2714, 0.5489, 0.5318, 0.5668, 0.5932, 0.6039, 0.6338, 0.6346, 0.6813, 0.6829, 0.6877, 0.6859, 0.6844, 0.6841, 0.6917, 0.6897, 0.6877, 0.6947, 0.6907, 0.6876, 0.6888, 0.6889, 0.692, 0.6987, 0.7007, 0.7017, 0.7025, 0.7018, 0.7047, 0.7049]","[0.385, 0.4152, 0.4512, 0.3514, 0.2368, 0.3788, 0.2891, 0.5623, 0.2, 0.4003]",2.8,,,,,[],[],,,,,,,,,,,,,,,,
fedavg,fedavg,,backdoor_boost,2,2,30,0.7078863867129193,0.7188138480428151,0.8445805019175133,1.0,0.0,1.0,0.7004999999999999,"{""Backdoor"": 0.94, ""DDoS_HTTP"": 0.925, ""DDoS_ICMP"": 0.99, ""DDoS_TCP"": 0.785, ""DDoS_UDP"": 0.999, ""Fingerprinting"": 0.155, ""MITM"": 1.0, ""Normal"": 1.0, ""Password"": 0.977, ""Port_Scanning"": 0.737, ""Ransomware"": 0.393, ""SQL_injection"": 0.149, ""Uploading"": 0.43, ""Vulnerability_scanner"": 0.788, ""XSS"": 0.514}","[0.3542, 0.4707, 0.5346, 0.6067, 0.5891, 0.6293, 0.644, 0.6759, 0.6796, 0.6833, 0.6845, 0.6847, 0.6802, 0.6829, 0.6861, 0.6862, 0.6864, 0.6867, 0.6937, 0.6971, 0.699, 0.6978, 0.7002, 0.699, 0.7011, 0.6978, 0.7005, 0.6939, 0.6997, 0.7079]","[0.385, 0.4152, 0.4512, 0.3514, 0.2368, 0.3788, 0.2891, 0.5623, 0.2, 0.4003]",2.9,,,,,[],[],,,,,,,,,,,,,,,,
fedavg,fedavg,,adaptive,2,2,30,0.2811596128888077,0.34151486174885254,0.6280921303460495,1.0,0.0021463512029549765,0.001995520260639381,0.3056333333333333,"{""Backdoor"": 0.0, ""DDoS_HTTP"": 0.0, ""DDoS_ICMP"": 0.661, ""DDoS_TCP"": 0.0, ""DDoS_UDP"": 0.817, ""Fingerprinting"": 0.0, ""MITM"": 0.165, ""Normal"": 0.998, ""Password"": 0.126, ""Port_Scanning"": 0.0, ""Ransomware"": 0.999, ""SQL_injection"": 1.0, ""Uploading"": 0.041, ""Vulnerability_scanner"": 0.0, ""XSS"": 0.316}","[0.1604, 0.2002, 0.2509, 0.245, 0.2446, 0.2455, 0.2522, 0.2603, 0.2626, 0.2669, 0.284, 0.3055, 0.3064, 0.311, 0.3144, 0.3169, 0.306, 0.3093, 0.3103, 0.3156, 0.3139, 0.3155, 0.3296, 0.3193, 0.3305, 0.3216, 0.3219, 0.3216, 0.3141, 0.2812]","[0.385, 0.4152, 0.4512, 0.3514, 0.2368, 0.3788, 0.2891, 0.5623, 0.2, 0.4003]",3.0,,,,,[],[],,,,,,,,,,,,,,,,
fedavg,fedavg,,adaptive_f30,2,3,30,0.11253460651403394,0.167548390537874,0.40550359954248805,1.0,0.27643006888289906,0.0,0.11336666666666667,"{""Backdoor"": 1.0, ""DDoS_HTTP"": 0.0, ""DDoS_ICMP"": 0.0, ""DDoS_TCP"": 0.0, ""DDoS_UDP"": 0.0, ""Fingerprinting"": 0.0, ""MITM"": 0.0, ""Normal"": 0.724, ""Password"": 0.0, ""Port_Scanning"": 0.0, ""Ransomware"": 0.0, ""SQL_injection"": 0.315, ""Uploading"": 0.0, ""Vulnerability_scanner"": 0.0, ""XSS"": 0.474}","[0.0558, 0.108, 0.1465, 0.1549, 0.1531, 0.0987, 0.0602, 0.0512, 0.0496, 0.04, 0.0447, 0.0382, 0.0278, 0.0282, 0.0284, 0.0273, 0.0276, 0.0273, 0.0282, 0.0433, 0.0537, 0.0601, 0.0604, 0.0602, 0.06, 0.0352, 0.0509, 0.1125, 0.1151, 0.1125]","[0.385, 0.4152, 0.4512, 0.3514, 0.2368, 0.3788, 0.2891, 0.5623, 0.2, 0.4003]",3.7,,,,,[],[],,,,,,,,,,,,,,,,
trimmed_mean,trimmed,,none,2,0,30,0.6913534849352511,0.709044268123315,0.8442440960775079,1.0,0.0,0.0,0.6910999999999999,"{""Backdoor"": 0.91, ""DDoS_HTTP"": 0.915, ""DDoS_ICMP"": 0.987, ""DDoS_TCP"": 0.996, ""DDoS_UDP"": 0.995, ""Fingerprinting"": 0.0, ""MITM"": 1.0, ""Normal"": 1.0, ""Password"": 0.979, ""Port_Scanning"": 0.516, ""Ransomware"": 0.461, ""SQL_injection"": 0.164, ""Uploading"": 0.412, ""Vulnerability_scanner"": 0.78, ""XSS"": 0.52}","[0.4098, 0.4649, 0.4964, 0.5431, 0.5653, 0.6017, 0.6053, 0.6153, 0.6106, 0.6632, 0.6668, 0.6722, 0.6613, 0.6655, 0.6713, 0.6676, 0.6796, 0.6703, 0.6791, 0.6789, 0.6853, 0.6832, 0.6836, 0.6827, 0.6789, 0.6879, 0.6862, 0.6931, 0.6888, 0.6914]","[0.385, 0.4152, 0.4512, 0.3514, 0.2368, 0.3788, 0.2891, 0.5623, 0.2, 0.4003]",2.8,,,,,[],[],,,,,,0.22938076416337283,0.1786561264822134,0.7596428571428571,0.7,0.7,,,,,,
trimmed_mean,trimmed,,signflip,2,2,30,0.6663600272252869,0.6835295057630371,0.8269079817892305,1.0,0.0,0.0,0.6642666666666667,"{""Backdoor"": 0.458, ""DDoS_HTTP"": 0.845, ""DDoS_ICMP"": 0.972, ""DDoS_TCP"": 0.574, ""DDoS_UDP"": 0.993, ""Fingerprinting"": 0.0, ""MITM"": 1.0, ""Normal"": 1.0, ""Password"": 0.98, ""Port_Scanning"": 0.836, ""Ransomware"": 0.906, ""SQL_injection"": 0.164, ""Uploading"": 0.408, ""Vulnerability_scanner"": 0.796, ""XSS"": 0.322}","[0.2181, 0.3433, 0.4424, 0.476, 0.5335, 0.5612, 0.5844, 0.5953, 0.6019, 0.6039, 0.6438, 0.6488, 0.6377, 0.6384, 0.6501, 0.6496, 0.6456, 0.6428, 0.6428, 0.6524, 0.6517, 0.6501, 0.6523, 0.6519, 0.6503, 0.6538, 0.6516, 0.6633, 0.6631, 0.6664]","[0.385, 0.4152, 0.4512, 0.3514, 0.2368, 0.3788, 0.2891, 0.5623, 0.2, 0.4003]",2.9,,,,,[],[],,,,,,,,,,,,,,,,
trimmed_mean,trimmed,,labelflip,2,2,30,0.6826202050944463,0.7009110615449269,0.8387046132454192,1.0,0.0,0.0,0.6834333333333333,"{""Backdoor"": 0.459, ""DDoS_HTTP"": 0.869, ""DDoS_ICMP"": 0.981, ""DDoS_TCP"": 0.996, ""DDoS_UDP"": 0.993, ""Fingerprinting"": 0.0, ""MITM"": 1.0, ""Normal"": 1.0, ""Password"": 0.977, ""Port_Scanning"": 0.429, ""Ransomware"": 0.884, ""SQL_injection"": 0.162, ""Uploading"": 0.417, ""Vulnerability_scanner"": 0.777, ""XSS"": 0.571}","[0.2953, 0.429, 0.5497, 0.5738, 0.5839, 0.5889, 0.6126, 0.6208, 0.613, 0.6214, 0.6623, 0.6653, 0.6529, 0.6591, 0.6737, 0.67, 0.679, 0.6738, 0.6762, 0.6805, 0.6818, 0.6878, 0.683, 0.6815, 0.6812, 0.684, 0.6852, 0.6827, 0.685, 0.6826]","[0.385, 0.4152, 0.4512, 0.3514, 0.2368, 0.3788, 0.2891, 0.5623, 0.2, 0.4003]",2.7,,,,,[],[],,,,,,,,,,,,,,,,
trimmed_mean,trimmed,,targeted_flip,2,2,30,0.6832995163511414,0.6983715980676538,0.8369777299333916,0.9999592750967217,0.0,4.0724903278354713e-05,0.6845333333333333,"{""Backdoor"": 0.597, ""DDoS_HTTP"": 0.867, ""DDoS_ICMP"": 0.98, ""DDoS_TCP"": 0.903, ""DDoS_UDP"": 0.991, ""Fingerprinting"": 0.0, ""MITM"": 1.0, ""Normal"": 1.0, ""Password"": 0.977, ""Port_Scanning"": 0.533, ""Ransomware"": 0.768, ""SQL_injection"": 0.167, ""Uploading"": 0.408, ""Vulnerability_scanner"": 0.788, ""XSS"": 0.497}","[0.2921, 0.3626, 0.4476, 0.5389, 0.5511, 0.5701, 0.5759, 0.5965, 0.6062, 0.6181, 0.6212, 0.6686, 0.6557, 0.6625, 0.6751, 0.6632, 0.6679, 0.6657, 0.6671, 0.6737, 0.6785, 0.6844, 0.6797, 0.6787, 0.6804, 0.6794, 0.6833, 0.6826, 0.6877, 0.6833]","[0.385, 0.4152, 0.4512, 0.3514, 0.2368, 0.3788, 0.2891, 0.5623, 0.2, 0.4003]",2.6,,,,,[],[],,,,,,,,,,,,,,,,
trimmed_mean,trimmed,,backdoor,2,2,30,0.6912933903170473,0.7090866343651838,0.8442889501895087,1.0,0.0,0.21828548157198127,0.6876000000000001,"{""Backdoor"": 0.91, ""DDoS_HTTP"": 0.936, ""DDoS_ICMP"": 0.99, ""DDoS_TCP"": 0.57, ""DDoS_UDP"": 0.994, ""Fingerprinting"": 0.0, ""MITM"": 1.0, ""Normal"": 1.0, ""Password"": 0.977, ""Port_Scanning"": 0.962, ""Ransomware"": 0.472, ""SQL_injection"": 0.167, ""Uploading"": 0.408, ""Vulnerability_scanner"": 0.794, ""XSS"": 0.456}","[0.2025, 0.4699, 0.4798, 0.4886, 0.5116, 0.5433, 0.5823, 0.5846, 0.5813, 0.5935, 0.6143, 0.6235, 0.6473, 0.6655, 0.6808, 0.6811, 0.6786, 0.6829, 0.6801, 0.6775, 0.6779, 0.6796, 0.6807, 0.6807, 0.6813, 0.6837, 0.6801, 0.6842, 0.6873, 0.6913]","[0.385, 0.4152, 0.4512, 0.3514, 0.2368, 0.3788, 0.2891, 0.5623, 0.2, 0.4003]",2.6,,,,,[],[],,,,,,,,,,,,,,,,
trimmed_mean,trimmed,,backdoor_boost,2,2,30,0.6917978776732399,0.7086499773268611,0.843997398461504,1.0,0.0,0.2358786397882305,0.6884333333333332,"{""Backdoor"": 0.91, ""DDoS_HTTP"": 0.936, ""DDoS_ICMP"": 0.991, ""DDoS_TCP"": 0.777, ""DDoS_UDP"": 0.995, ""Fingerprinting"": 0.0, ""MITM"": 1.0, ""Normal"": 1.0, ""Password"": 0.977, ""Port_Scanning"": 0.754, ""Ransomware"": 0.461, ""SQL_injection"": 0.167, ""Uploading"": 0.408, ""Vulnerability_scanner"": 0.781, ""XSS"": 0.473}","[0.2822, 0.4642, 0.4788, 0.502, 0.5419, 0.557, 0.6079, 0.6004, 0.594, 0.648, 0.6679, 0.6742, 0.6621, 0.6783, 0.6821, 0.6827, 0.6788, 0.6821, 0.6807, 0.6778, 0.6779, 0.6801, 0.6817, 0.6825, 0.6827, 0.6823, 0.682, 0.6846, 0.6889, 0.6918]","[0.385, 0.4152, 0.4512, 0.3514, 0.2368, 0.3788, 0.2891, 0.5623, 0.2, 0.4003]",3.0,,,,,[],[],,,,,,,,,,,,,,,,
trimmed_mean,trimmed,,adaptive,2,2,30,0.6648696132769819,0.6824285165076371,0.8261678889412187,0.9999592750967217,0.0,0.0,0.6638666666666667,"{""Backdoor"": 0.458, ""DDoS_HTTP"": 0.851, ""DDoS_ICMP"": 0.978, ""DDoS_TCP"": 0.584, ""DDoS_UDP"": 0.993, ""Fingerprinting"": 0.0, ""MITM"": 1.0, ""Normal"": 1.0, ""Password"": 0.98, ""Port_Scanning"": 0.822, ""Ransomware"": 0.9, ""SQL_injection"": 0.161, ""Uploading"": 0.408, ""Vulnerability_scanner"": 0.794, ""XSS"": 0.308}","[0.2204, 0.3363, 0.4352, 0.4849, 0.5332, 0.5635, 0.5826, 0.5989, 0.6007, 0.6028, 0.602, 0.6481, 0.6371, 0.6369, 0.6506, 0.6478, 0.6455, 0.6429, 0.6402, 0.6495, 0.6509, 0.6503, 0.6515, 0.6532, 0.6499, 0.6535, 0.6515, 0.6633, 0.6634, 0.6649]","[0.385, 0.4152, 0.4512, 0.3514, 0.2368, 0.3788, 0.2891, 0.5623, 0.2, 0.4003]",2.7,,,,,[],[],,,,,,,,,,,,,,,,
trimmed_mean,trimmed,,adaptive_f30,2,3,30,0.5436323521357008,0.6081825934046693,0.7757294399964116,1.0,0.0,0.0,0.5431,"{""Backdoor"": 0.458, ""DDoS_HTTP"": 0.001, ""DDoS_ICMP"": 0.985, ""DDoS_TCP"": 0.0, ""DDoS_UDP"": 0.993, ""Fingerprinting"": 0.0, ""MITM"": 1.0, ""Normal"": 1.0, ""Password"": 0.996, ""Port_Scanning"": 0.88, ""Ransomware"": 0.884, ""SQL_injection"": 0.083, ""Uploading"": 0.129, ""Vulnerability_scanner"": 0.775, ""XSS"": 0.937}","[0.2253, 0.3297, 0.3994, 0.4163, 0.4165, 0.4234, 0.4441, 0.4417, 0.4527, 0.4552, 0.4565, 0.457, 0.5007, 0.5214, 0.5212, 0.5211, 0.5245, 0.5286, 0.5307, 0.532, 0.5343, 0.5369, 0.5366, 0.5408, 0.5464, 0.5425, 0.541, 0.5413, 0.5444, 0.5436]","[0.385, 0.4152, 0.4512, 0.3514, 0.2368, 0.3788, 0.2891, 0.5623, 0.2, 0.4003]",2.6,,,,,[],[],,,,,,,,,,,,,,,,
multi_krum,krum,,none,2,0,30,0.7011474692719468,0.7086192187728984,0.8440422525735046,1.0,0.0,0.0,0.6992333333333333,"{""Backdoor"": 0.523, ""DDoS_HTTP"": 0.926, ""DDoS_ICMP"": 0.988, ""DDoS_TCP"": 0.564, ""DDoS_UDP"": 0.999, ""Fingerprinting"": 0.0, ""MITM"": 1.0, ""Normal"": 1.0, ""Password"": 0.793, ""Port_Scanning"": 0.966, ""Ransomware"": 0.833, ""SQL_injection"": 0.352, ""Uploading"": 0.408, ""Vulnerability_scanner"": 0.787, ""XSS"": 0.492}","[0.3907, 0.492, 0.5676, 0.5951, 0.611, 0.6221, 0.6627, 0.6706, 0.6647, 0.6709, 0.6728, 0.6788, 0.6717, 0.6845, 0.6755, 0.6817, 0.6869, 0.6827, 0.6903, 0.6888, 0.6957, 0.6958, 0.6921, 0.6899, 0.6891, 0.6943, 0.6935, 0.7011, 0.6955, 0.7011]","[0.385, 0.4152, 0.4512, 0.3514, 0.2368, 0.3788, 0.2891, 0.5623, 0.2, 0.4003]",2.6,90,300,0,0,"[3, 3, 3, 3, 3, 3, 3, 3, 3, 3, 3, 3, 3, 3, 3, 3, 3, 3, 3, 3, 3, 3, 3, 3, 3, 3, 3, 3, 3, 3]","[16, 14, 0, 30, 30, 30, 30, 23, 30, 7]",,,,,,-0.0009222661396574438,0.28089591567852434,0.7628571428571427,0.7,0.7,,,,,,
multi_krum,krum,,signflip,2,2,30,0.6794104197001045,0.6961252675017362,0.835497544237368,1.0,0.0,0.0,0.6910000000000002,"{""Backdoor"": 0.461, ""DDoS_HTTP"": 0.934, ""DDoS_ICMP"": 0.994, ""DDoS_TCP"": 0.564, ""DDoS_UDP"": 0.999, ""Fingerprinting"": 0.0, ""MITM"": 1.0, ""Normal"": 1.0, ""Password"": 0.973, ""Port_Scanning"": 0.879, ""Ransomware"": 0.884, ""SQL_injection"": 0.172, ""Uploading"": 0.408, ""Vulnerability_scanner"": 0.798, ""XSS"": 0.377}","[0.3823, 0.4778, 0.5361, 0.5861, 0.5927, 0.6088, 0.659, 0.6606, 0.6613, 0.6624, 0.6704, 0.6807, 0.6695, 0.6802, 0.6884, 0.682, 0.691, 0.6936, 0.6944, 0.6966, 0.6965, 0.6996, 0.6952, 0.6735, 0.7001, 0.6958, 0.6965, 0.6971, 0.6965, 0.6794]","[0.385, 0.4152, 0.4512, 0.3514, 0.2368, 0.3788, 0.2891, 0.5623, 0.2, 0.4003]",2.8,30,240,60,60,"[1, 1, 1, 1, 1, 1, 1, 1, 1, 1, 1, 1, 1, 1, 1, 1, 1, 1, 1, 1, 1, 1, 1, 1, 1, 1, 1, 1, 1, 1]","[0, 0, 2, 30, 30, 30, 30, 30, 30, 28]",,,,,,,,,,,,,,,,
multi_krum,krum,,labelflip,2,2,30,0.6794104197001045,0.6961252675017362,0.835497544237368,1.0,0.0,0.0,0.6910000000000002,"{""Backdoor"": 0.461, ""DDoS_HTTP"": 0.934, ""DDoS_ICMP"": 0.994, ""DDoS_TCP"": 0.564, ""DDoS_UDP"": 0.999, ""Fingerprinting"": 0.0, ""MITM"": 1.0, ""Normal"": 1.0, ""Password"": 0.973, ""Port_Scanning"": 0.879, ""Ransomware"": 0.884, ""SQL_injection"": 0.172, ""Uploading"": 0.408, ""Vulnerability_scanner"": 0.798, ""XSS"": 0.377}","[0.3823, 0.4778, 0.5361, 0.5861, 0.5927, 0.6088, 0.659, 0.6606, 0.6613, 0.6624, 0.6704, 0.6807, 0.6695, 0.6802, 0.6884, 0.682, 0.691, 0.6936, 0.6944, 0.6966, 0.6965, 0.6996, 0.6952, 0.6735, 0.7001, 0.6958, 0.6965, 0.6971, 0.6965, 0.6794]","[0.385, 0.4152, 0.4512, 0.3514, 0.2368, 0.3788, 0.2891, 0.5623, 0.2, 0.4003]",2.7,30,240,60,60,"[1, 1, 1, 1, 1, 1, 1, 1, 1, 1, 1, 1, 1, 1, 1, 1, 1, 1, 1, 1, 1, 1, 1, 1, 1, 1, 1, 1, 1, 1]","[0, 0, 2, 30, 30, 30, 30, 30, 30, 28]",,,,,,,,,,,,,,,,
multi_krum,krum,,targeted_flip,2,2,30,0.6794104197001045,0.6961252675017362,0.835497544237368,1.0,0.0,0.0,0.6910000000000002,"{""Backdoor"": 0.461, ""DDoS_HTTP"": 0.934, ""DDoS_ICMP"": 0.994, ""DDoS_TCP"": 0.564, ""DDoS_UDP"": 0.999, ""Fingerprinting"": 0.0, ""MITM"": 1.0, ""Normal"": 1.0, ""Password"": 0.973, ""Port_Scanning"": 0.879, ""Ransomware"": 0.884, ""SQL_injection"": 0.172, ""Uploading"": 0.408, ""Vulnerability_scanner"": 0.798, ""XSS"": 0.377}","[0.3823, 0.4778, 0.5361, 0.5861, 0.5927, 0.6088, 0.659, 0.6606, 0.6613, 0.6624, 0.6704, 0.6807, 0.6695, 0.6802, 0.6884, 0.682, 0.691, 0.6936, 0.6944, 0.6966, 0.6965, 0.6996, 0.6952, 0.6735, 0.7001, 0.6958, 0.6965, 0.6971, 0.6965, 0.6794]","[0.385, 0.4152, 0.4512, 0.3514, 0.2368, 0.3788, 0.2891, 0.5623, 0.2, 0.4003]",2.7,30,240,60,60,"[1, 1, 1, 1, 1, 1, 1, 1, 1, 1, 1, 1, 1, 1, 1, 1, 1, 1, 1, 1, 1, 1, 1, 1, 1, 1, 1, 1, 1, 1]","[0, 0, 2, 30, 30, 30, 30, 30, 30, 28]",,,,,,,,,,,,,,,,
multi_krum,krum,,backdoor,2,2,30,0.6895778789252281,0.7035667044299392,0.8405436318374487,0.9996334758704948,0.0,1.0,0.6900666666666666,"{""Backdoor"": 0.724, ""DDoS_HTTP"": 0.805, ""DDoS_ICMP"": 0.992, ""DDoS_TCP"": 0.564, ""DDoS_UDP"": 0.997, ""Fingerprinting"": 0.0, ""MITM"": 1.0, ""Normal"": 1.0, ""Password"": 0.977, ""Port_Scanning"": 0.965, ""Ransomware"": 0.566, ""SQL_injection"": 0.167, ""Uploading"": 0.41, ""Vulnerability_scanner"": 0.793, ""XSS"": 0.594}","[0.2009, 0.503, 0.5347, 0.5574, 0.575, 0.587, 0.6578, 0.6477, 0.6593, 0.6494, 0.6687, 0.6747, 0.6732, 0.6747, 0.686, 0.6872, 0.692, 0.6893, 0.6841, 0.6842, 0.6939, 0.6964, 0.6865, 0.6918, 0.6879, 0.6882, 0.6893, 0.6922, 0.6884, 0.6896]","[0.385, 0.4152, 0.4512, 0.3514, 0.2368, 0.3788, 0.2891, 0.5623, 0.2, 0.4003]",2.6,90,240,0,60,"[3, 3, 3, 3, 3, 3, 3, 3, 3, 3, 3, 3, 3, 3, 3, 3, 3, 3, 3, 3, 3, 3, 3, 3, 3, 3, 3, 3, 3, 3]","[30, 30, 0, 30, 30, 30, 30, 0, 30, 0]",,,,,,,,,,,,,,,,
multi_krum,krum,,backdoor_boost,2,2,30,0.711815532138362,0.7237820111539334,0.8540671466056651,1.0,0.0,0.03726328649969456,0.7027333333333333,"{""Backdoor"": 0.695, ""DDoS_HTTP"": 0.614, ""DDoS_ICMP"": 0.993, ""DDoS_TCP"": 0.564, ""DDoS_UDP"": 0.999, ""Fingerprinting"": 0.0, ""MITM"": 1.0, ""Normal"": 1.0, ""Password"": 0.977, ""Port_Scanning"": 0.965, ""Ransomware"": 0.838, ""SQL_injection"": 0.169, ""Uploading"": 0.408, ""Vulnerability_scanner"": 0.78, ""XSS"": 0.855}","[0.3266, 0.4821, 0.5375, 0.5685, 0.5845, 0.6027, 0.6021, 0.6733, 0.672, 0.6693, 0.6743, 0.6748, 0.6787, 0.6748, 0.6605, 0.6792, 0.6826, 0.6928, 0.6845, 0.689, 0.694, 0.6963, 0.7061, 0.7082, 0.7104, 0.6958, 0.7102, 0.6934, 0.703, 0.7118]","[0.385, 0.4152, 0.4512, 0.3514, 0.2368, 0.3788, 0.2891, 0.5623, 0.2, 0.4003]",2.7,30,240,60,60,"[1, 1, 1, 1, 1, 1, 1, 1, 1, 1, 1, 1, 1, 1, 1, 1, 1, 1, 1, 1, 1, 1, 1, 1, 1, 1, 1, 1, 1, 1]","[0, 0, 0, 30, 30, 30, 30, 30, 30, 30]",,,,,,,,,,,,,,,,
multi_krum,krum,,adaptive,2,2,30,0.6794104197001045,0.6961252675017362,0.835497544237368,1.0,0.0,0.0,0.6910000000000002,"{""Backdoor"": 0.461, ""DDoS_HTTP"": 0.934, ""DDoS_ICMP"": 0.994, ""DDoS_TCP"": 0.564, ""DDoS_UDP"": 0.999, ""Fingerprinting"": 0.0, ""MITM"": 1.0, ""Normal"": 1.0, ""Password"": 0.973, ""Port_Scanning"": 0.879, ""Ransomware"": 0.884, ""SQL_injection"": 0.172, ""Uploading"": 0.408, ""Vulnerability_scanner"": 0.798, ""XSS"": 0.377}","[0.3823, 0.4778, 0.5361, 0.5861, 0.5927, 0.6088, 0.659, 0.6606, 0.6613, 0.6624, 0.6704, 0.6807, 0.6695, 0.6802, 0.6884, 0.682, 0.691, 0.6936, 0.6944, 0.6966, 0.6965, 0.6996, 0.6952, 0.6735, 0.7001, 0.6958, 0.6965, 0.6971, 0.6965, 0.6794]","[0.385, 0.4152, 0.4512, 0.3514, 0.2368, 0.3788, 0.2891, 0.5623, 0.2, 0.4003]",3.6,30,240,60,60,"[1, 1, 1, 1, 1, 1, 1, 1, 1, 1, 1, 1, 1, 1, 1, 1, 1, 1, 1, 1, 1, 1, 1, 1, 1, 1, 1, 1, 1, 1]","[0, 0, 2, 30, 30, 30, 30, 30, 30, 28]",,,,,,,,,,,,,,,,
multi_krum,krum,,adaptive_f30,2,3,30,0.6967776439912795,0.7092402531326442,0.8442665231335083,1.0,0.0,0.0,0.6968333333333333,"{""Backdoor"": 0.519, ""DDoS_HTTP"": 0.614, ""DDoS_ICMP"": 0.995, ""DDoS_TCP"": 0.564, ""DDoS_UDP"": 0.999, ""Fingerprinting"": 0.0, ""MITM"": 1.0, ""Normal"": 1.0, ""Password"": 0.979, ""Port_Scanning"": 0.879, ""Ransomware"": 0.883, ""SQL_injection"": 0.167, ""Uploading"": 0.408, ""Vulnerability_scanner"": 0.777, ""XSS"": 0.855}","[0.3823, 0.4778, 0.5361, 0.5861, 0.5927, 0.6088, 0.659, 0.6606, 0.6613, 0.6624, 0.6704, 0.6807, 0.6695, 0.6802, 0.6884, 0.682, 0.691, 0.6936, 0.6944, 0.6966, 0.6965, 0.6996, 0.6952, 0.6993, 0.6993, 0.6956, 0.6966, 0.6972, 0.6965, 0.6968]","[0.385, 0.4152, 0.4512, 0.3514, 0.2368, 0.3788, 0.2891, 0.5623, 0.2, 0.4003]",2.7,0,210,90,90,"[0, 0, 0, 0, 0, 0, 0, 0, 0, 0, 0, 0, 0, 0, 0, 0, 0, 0, 0, 0, 0, 0, 0, 0, 0, 0, 0, 0, 0, 0]","[0, 0, 0, 30, 30, 30, 30, 30, 30, 30]",,,,,,,,,,,,,,,,
secure_norm_only,norm_only,,none,2,0,30,0.7114345406126319,0.720619086182904,0.846935342797551,1.0,0.0,0.0,0.7053666666666668,"{""Backdoor"": 0.91, ""DDoS_HTTP"": 0.776, ""DDoS_ICMP"": 0.994, ""DDoS_TCP"": 0.996, ""DDoS_UDP"": 0.998, ""Fingerprinting"": 0.125, ""MITM"": 1.0, ""Normal"": 1.0, ""Password"": 0.979, ""Port_Scanning"": 0.516, ""Ransomware"": 0.488, ""SQL_injection"": 0.161, ""Uploading"": 0.417, ""Vulnerability_scanner"": 0.789, ""XSS"": 0.659}","[0.4309, 0.5336, 0.5772, 0.6014, 0.618, 0.6231, 0.6289, 0.6752, 0.6722, 0.6825, 0.685, 0.6903, 0.6825, 0.6886, 0.6913, 0.6903, 0.6938, 0.6909, 0.6933, 0.6939, 0.694, 0.6922, 0.6968, 0.6908, 0.6928, 0.7003, 0.6993, 0.6976, 0.7071, 0.7114]","[0.385, 0.4152, 0.4512, 0.3514, 0.2368, 0.3788, 0.2891, 0.5623, 0.2, 0.4003]",4.8,0,300,0,0,"[0, 0, 0, 0, 0, 0, 0, 0, 0, 0, 0, 0, 0, 0, 0, 0, 0, 0, 0, 0, 0, 0, 0, 0, 0, 0, 0, 0, 0, 0]","[30, 30, 30, 30, 30, 30, 30, 30, 30, 30]",3.5,,,,,-0.05955204216073781,0.08155467720685111,-0.10249999999999997,0.1,0.4,0.2077733860342556,0.19986824769433462,0.7696428571428571,0.7,0.7,
secure_norm_only,norm_only,,signflip,2,2,30,0.6971240984542165,0.708371895615969,0.8416649846374666,1.0,0.0,0.0,0.6985333333333333,"{""Backdoor"": 0.479, ""DDoS_HTTP"": 0.68, ""DDoS_ICMP"": 0.996, ""DDoS_TCP"": 0.913, ""DDoS_UDP"": 0.998, ""Fingerprinting"": 0.05, ""MITM"": 1.0, ""Normal"": 1.0, ""Password"": 0.979, ""Port_Scanning"": 0.515, ""Ransomware"": 0.884, ""SQL_injection"": 0.167, ""Uploading"": 0.408, ""Vulnerability_scanner"": 0.779, ""XSS"": 0.778}","[0.3914, 0.5528, 0.5911, 0.6039, 0.6151, 0.6367, 0.6756, 0.678, 0.6785, 0.6828, 0.6833, 0.6901, 0.6816, 0.6866, 0.6929, 0.6877, 0.6911, 0.6875, 0.6884, 0.6923, 0.6981, 0.6966, 0.694, 0.6956, 0.6969, 0.6924, 0.6957, 0.6983, 0.7002, 0.6971]","[0.385, 0.4152, 0.4512, 0.3514, 0.2368, 0.3788, 0.2891, 0.5623, 0.2, 0.4003]",4.7,0,240,60,60,"[0, 0, 0, 0, 0, 0, 0, 0, 0, 0, 0, 0, 0, 0, 0, 0, 0, 0, 0, 0, 0, 0, 0, 0, 0, 0, 0, 0, 0, 0]","[0, 0, 30, 30, 30, 30, 30, 30, 30, 30]",3.5,,,,,,,,,,,,,,,
secure_norm_only,norm_only,,labelflip,2,2,30,0.7038707505357833,0.7144569798969643,0.8420910987014735,1.0,0.0,0.0,0.7071666666666667,"{""Backdoor"": 0.46, ""DDoS_HTTP"": 0.614, ""DDoS_ICMP"": 0.983, ""DDoS_TCP"": 0.992, ""DDoS_UDP"": 0.997, ""Fingerprinting"": 0.14, ""MITM"": 1.0, ""Normal"": 1.0, ""Password"": 0.979, ""Port_Scanning"": 0.429, ""Ransomware"": 0.901, ""SQL_injection"": 0.157, ""Uploading"": 0.427, ""Vulnerability_scanner"": 0.774, ""XSS"": 0.863}","[0.3281, 0.5083, 0.5548, 0.5706, 0.5817, 0.6175, 0.6613, 0.6591, 0.6682, 0.6803, 0.6822, 0.686, 0.6895, 0.6944, 0.6954, 0.697, 0.7015, 0.7001, 0.7015, 0.6994, 0.7064, 0.7048, 0.7, 0.703, 0.706, 0.7046, 0.7084, 0.7073, 0.7103, 0.7039]","[0.385, 0.4152, 0.4512, 0.3514, 0.2368, 0.3788, 0.2891, 0.5623, 0.2, 0.4003]",6.8,0,240,0,60,"[0, 0, 0, 0, 0, 0, 0, 0, 0, 0, 0, 0, 0, 0, 0, 0, 0, 0, 0, 0, 0, 0, 0, 0, 0, 0, 0, 0, 0, 0]","[30, 30, 30, 30, 30, 30, 30, 30, 30, 30]",3.5,,,,,,,,,,,,,,,
secure_norm_only,norm_only,,targeted_flip,2,2,30,0.6894306143720971,0.702544835917019,0.8402520801094441,0.9981266544491957,0.0,0.10242313174506211,0.6947000000000001,"{""Backdoor"": 0.47, ""DDoS_HTTP"": 0.685, ""DDoS_ICMP"": 0.996, ""DDoS_TCP"": 0.82, ""DDoS_UDP"": 0.996, ""Fingerprinting"": 0.0, ""MITM"": 0.988, ""Normal"": 1.0, ""Password"": 0.977, ""Port_Scanning"": 0.614, ""Ransomware"": 0.884, ""SQL_injection"": 0.166, ""Uploading"": 0.411, ""Vulnerability_scanner"": 0.774, ""XSS"": 0.759}","[0.2869, 0.4407, 0.5769, 0.5804, 0.5856, 0.6002, 0.6083, 0.6343, 0.6374, 0.6787, 0.6828, 0.6812, 0.6803, 0.6832, 0.69, 0.685, 0.687, 0.6856, 0.6867, 0.687, 0.6938, 0.6926, 0.692, 0.6873, 0.6882, 0.6902, 0.692, 0.6995, 0.6952, 0.6894]","[0.385, 0.4152, 0.4512, 0.3514, 0.2368, 0.3788, 0.2891, 0.5623, 0.2, 0.4003]",8.7,0,240,0,60,"[0, 0, 0, 0, 0, 0, 0, 0, 0, 0, 0, 0, 0, 0, 0, 0, 0, 0, 0, 0, 0, 0, 0, 0, 0, 0, 0, 0, 0, 0]","[30, 30, 30, 30, 30, 30, 30, 30, 30, 30]",3.5,,,,,,,,,,,,,,,
secure_norm_only,norm_only,,backdoor,2,2,30,0.7049504190584034,0.7140335212721834,0.843504003229496,1.0,0.0,1.0,0.7041333333333334,"{""Backdoor"": 0.91, ""DDoS_HTTP"": 0.694, ""DDoS_ICMP"": 0.991, ""DDoS_TCP"": 0.803, ""DDoS_UDP"": 0.998, ""Fingerprinting"": 0.1, ""MITM"": 1.0, ""Normal"": 1.0, ""Password"": 0.977, ""Port_Scanning"": 0.723, ""Ransomware"": 0.445, ""SQL_injection"": 0.167, ""Uploading"": 0.408, ""Vulnerability_scanner"": 0.78, ""XSS"": 0.714}","[0.2714, 0.5489, 0.5317, 0.5668, 0.5932, 0.6039, 0.6338, 0.6347, 0.6813, 0.6829, 0.6878, 0.6859, 0.6844, 0.6841, 0.6917, 0.6897, 0.6877, 0.6946, 0.6907, 0.6878, 0.6887, 0.6889, 0.692, 0.6987, 0.7006, 0.7017, 0.7026, 0.7019, 0.7055, 0.705]","[0.385, 0.4152, 0.4512, 0.3514, 0.2368, 0.3788, 0.2891, 0.5623, 0.2, 0.4003]",5.0,0,240,0,60,"[0, 0, 0, 0, 0, 0, 0, 0, 0, 0, 0, 0, 0, 0, 0, 0, 0, 0, 0, 0, 0, 0, 0, 0, 0, 0, 0, 0, 0, 0]","[30, 30, 30, 30, 30, 30, 30, 30, 30, 30]",3.5,,,,,,,,,,,,,,,
secure_norm_only,norm_only,,backdoor_boost,2,2,30,0.7110766698512241,0.7182615062791332,0.8463298122855413,1.0,0.0,0.8956627978008552,0.7085,"{""Backdoor"": 0.526, ""DDoS_HTTP"": 0.621, ""DDoS_ICMP"": 0.993, ""DDoS_TCP"": 0.671, ""DDoS_UDP"": 0.998, ""Fingerprinting"": 0.1, ""MITM"": 1.0, ""Normal"": 1.0, ""Password"": 0.977, ""Port_Scanning"": 0.857, ""Ransomware"": 0.839, ""SQL_injection"": 0.167, ""Uploading"": 0.408, ""Vulnerability_scanner"": 0.78, ""XSS"": 0.837}","[0.3542, 0.4707, 0.5346, 0.6067, 0.5891, 0.6293, 0.6393, 0.6668, 0.678, 0.6815, 0.6844, 0.6838, 0.6873, 0.686, 0.6935, 0.6902, 0.703, 0.6967, 0.6901, 0.6881, 0.703, 0.7221, 0.7078, 0.7079, 0.7065, 0.7145, 0.703, 0.7131, 0.7013, 0.7111]","[0.385, 0.4152, 0.4512, 0.3514, 0.2368, 0.3788, 0.2891, 0.5623, 0.2, 0.4003]",4.8,0,240,42,60,"[0, 0, 0, 0, 0, 0, 0, 0, 0, 0, 0, 0, 0, 0, 0, 0, 0, 0, 0, 0, 0, 0, 0, 0, 0, 0, 0, 0, 0, 0]","[6, 12, 30, 30, 30, 30, 30, 30, 30, 30]",3.5,,,,,,,,,,,,,,,
secure_norm_only,norm_only,,adaptive,2,2,30,0.28273345458912685,0.34045211821068044,0.6273520374980376,1.0,0.0021463512029549765,0.00016289961311341885,0.3075666666666667,"{""Backdoor"": 0.0, ""DDoS_HTTP"": 0.0, ""DDoS_ICMP"": 0.659, ""DDoS_TCP"": 0.0, ""DDoS_UDP"": 0.815, ""Fingerprinting"": 0.0, ""MITM"": 0.165, ""Normal"": 0.998, ""Password"": 0.135, ""Port_Scanning"": 0.0, ""Ransomware"": 0.999, ""SQL_injection"": 1.0, ""Uploading"": 0.065, ""Vulnerability_scanner"": 0.0, ""XSS"": 0.271}","[0.1604, 0.2002, 0.2509, 0.245, 0.2446, 0.2455, 0.2522, 0.2603, 0.2626, 0.267, 0.285, 0.3055, 0.306, 0.3101, 0.3129, 0.3186, 0.3069, 0.3103, 0.3115, 0.3163, 0.3144, 0.3159, 0.3322, 0.32, 0.333, 0.3247, 0.3239, 0.3246, 0.3154, 0.2827]","[0.385, 0.4152, 0.4512, 0.3514, 0.2368, 0.3788, 0.2891, 0.5623, 0.2, 0.4003]",4.6,0,240,0,60,"[0, 0, 0, 0, 0, 0, 0, 0, 0, 0, 0, 0, 0, 0, 0, 0, 0, 0, 0, 0, 0, 0, 0, 0, 0, 0, 0, 0, 0, 0]","[30, 30, 30, 30, 30, 30, 30, 30, 30, 30]",3.5,,,,,,,,,,,,,,,
secure_norm_only,norm_only,,adaptive_f30,2,3,30,0.09108965263198025,0.15281248414102172,0.3494135324855906,1.0,0.29325147249675554,0.0,0.08583333333333333,"{""Backdoor"": 0.0, ""DDoS_HTTP"": 0.0, ""DDoS_ICMP"": 0.0, ""DDoS_TCP"": 0.0, ""DDoS_UDP"": 0.0, ""Fingerprinting"": 0.0, ""MITM"": 1.0, ""Normal"": 0.707, ""Password"": 0.112, ""Port_Scanning"": 0.0, ""Ransomware"": 0.0, ""SQL_injection"": 0.0, ""Uploading"": 0.0, ""Vulnerability_scanner"": 0.0, ""XSS"": 0.473}","[0.0558, 0.108, 0.1464, 0.1549, 0.1531, 0.0988, 0.0602, 0.0515, 0.0491, 0.0399, 0.0498, 0.0464, 0.046, 0.0409, 0.0438, 0.0294, 0.0297, 0.0364, 0.037, 0.0366, 0.0401, 0.0315, 0.0488, 0.05, 0.0542, 0.0502, 0.0497, 0.0788, 0.0876, 0.0911]","[0.385, 0.4152, 0.4512, 0.3514, 0.2368, 0.3788, 0.2891, 0.5623, 0.2, 0.4003]",5.7,0,210,0,90,"[0, 0, 0, 0, 0, 0, 0, 0, 0, 0, 0, 0, 0, 0, 0, 0, 0, 0, 0, 0, 0, 0, 0, 0, 0, 0, 0, 0, 0, 0]","[30, 30, 30, 30, 30, 30, 30, 30, 30, 30]",3.5,,,,,,,,,,,,,,,
faithful_prev_t0.0,faithful_prev,0.0,none,2,0,30,0.7069789891674779,0.7169369883818297,0.8454775841575276,1.0,0.0,0.0,0.6866666666666666,"{""Backdoor"": 0.942, ""DDoS_HTTP"": 0.643, ""DDoS_ICMP"": 0.997, ""DDoS_TCP"": 0.564, ""DDoS_UDP"": 0.993, ""Fingerprinting"": 0.1, ""MITM"": 1.0, ""Normal"": 1.0, ""Password"": 0.982, ""Port_Scanning"": 0.965, ""Ransomware"": 0.393, ""SQL_injection"": 0.167, ""Uploading"": 0.407, ""Vulnerability_scanner"": 0.774, ""XSS"": 0.825}","[0.4309, 0.5336, 0.5772, 0.6014, 0.618, 0.6231, 0.6289, 0.6752, 0.6722, 0.6825, 0.685, 0.6903, 0.6825, 0.6886, 0.6913, 0.6943, 0.6967, 0.6949, 0.6931, 0.6937, 0.6937, 0.6924, 0.6967, 0.6765, 0.6865, 0.6797, 0.6691, 0.6713, 0.6817, 0.707]","[0.385, 0.4152, 0.4512, 0.3514, 0.2368, 0.3788, 0.2891, 0.5623, 0.2, 0.4003]",5.1,42,300,0,0,"[0, 0, 0, 0, 0, 0, 0, 0, 0, 0, 0, 0, 0, 0, 0, 1, 1, 1, 0, 0, 0, 0, 0, 2, 4, 5, 7, 7, 8, 6]","[24, 30, 28, 23, 26, 24, 24, 29, 26, 24]",3.5,,,,,-0.08563899868247693,0.010144927536231883,0.038214285714285694,0.0,0.1,0.2077733860342556,0.19986824769433462,0.7696428571428571,0.7,0.7,0.45795259847265324
faithful_prev_t0.0,faithful_prev,0.0,adaptive,2,2,30,0.006331725301015806,0.06666666666666667,0.04525779900872413,1.0,1.0,0.0,0.0063,"{""Backdoor"": 0.0, ""DDoS_HTTP"": 0.0, ""DDoS_ICMP"": 1.0, ""DDoS_TCP"": 0.0, ""DDoS_UDP"": 0.0, ""Fingerprinting"": 0.0, ""MITM"": 0.0, ""Normal"": 0.0, ""Password"": 0.0, ""Port_Scanning"": 0.0, ""Ransomware"": 0.0, ""SQL_injection"": 0.0, ""Uploading"": 0.0, ""Vulnerability_scanner"": 0.0, ""XSS"": 0.0}","[0.1604, 0.1954, 0.2535, 0.2429, 0.044, 0.0521, 0.0402, 0.0094, 0.0094, 0.0076, 0.0058, 0.0058, 0.0058, 0.0058, 0.0058, 0.0097, 0.0058, 0.0089, 0.0058, 0.0178, 0.0063, 0.0063, 0.0063, 0.0063, 0.0063, 0.0063, 0.0063, 0.0063, 0.0063, 0.0063]","[0.385, 0.4152, 0.4512, 0.3514, 0.2368, 0.3788, 0.2891, 0.5623, 0.2, 0.4003]",4.7,207,240,18,60,"[0, 0, 0, 1, 6, 8, 8, 8, 8, 8, 8, 8, 8, 8, 8, 8, 8, 8, 8, 8, 8, 8, 8, 8, 8, 8, 8, 8, 8, 8]","[21, 21, 3, 4, 4, 5, 5, 4, 4, 4]",3.5,,,,,,,,,,,,,,,
faithful_prev_t0.0,faithful_prev,0.0,adaptive_f30,2,3,30,0.005707375365834461,0.06666666666666667,0.044719549664715516,1.0,1.0,0.0,0.0057,"{""Backdoor"": 1.0, ""DDoS_HTTP"": 0.0, ""DDoS_ICMP"": 0.0, ""DDoS_TCP"": 0.0, ""DDoS_UDP"": 0.0, ""Fingerprinting"": 0.0, ""MITM"": 0.0, ""Normal"": 0.0, ""Password"": 0.0, ""Port_Scanning"": 0.0, ""Ransomware"": 0.0, ""SQL_injection"": 0.0, ""Uploading"": 0.0, ""Vulnerability_scanner"": 0.0, ""XSS"": 0.0}","[0.0558, 0.0063, 0.0057, 0.0057, 0.0057, 0.0057, 0.0057, 0.0057, 0.0057, 0.0057, 0.0057, 0.0057, 0.0057, 0.0057, 0.0057, 0.0102, 0.0057, 0.0057, 0.0057, 0.0057, 0.0057, 0.0057, 0.0057, 0.0057, 0.0057, 0.0057, 0.0057, 0.0057, 0.0057, 0.0057]","[0.385, 0.4152, 0.4512, 0.3514, 0.2368, 0.3788, 0.2891, 0.5623, 0.2, 0.4003]",5.5,203,210,39,90,"[0, 7, 7, 7, 7, 7, 7, 7, 7, 7, 7, 7, 7, 7, 7, 7, 7, 7, 7, 7, 7, 7, 7, 7, 7, 7, 7, 7, 7, 7]","[17, 17, 17, 1, 1, 1, 1, 1, 1, 1]",3.5,,,,,,,,,,,,,,,
faithful_root_t-0.3,faithful_root,-0.3,none,2,0,30,0.7121032362336785,0.7210867868502172,0.8470474780775528,1.0,0.0,0.0,0.7073333333333333,"{""Backdoor"": 0.91, ""DDoS_HTTP"": 0.778, ""DDoS_ICMP"": 0.994, ""DDoS_TCP"": 0.996, ""DDoS_UDP"": 0.998, ""Fingerprinting"": 0.13, ""MITM"": 1.0, ""Normal"": 1.0, ""Password"": 0.979, ""Port_Scanning"": 0.516, ""Ransomware"": 0.491, ""SQL_injection"": 0.16, ""Uploading"": 0.418, ""Vulnerability_scanner"": 0.789, ""XSS"": 0.657}","[0.4309, 0.5336, 0.5772, 0.6014, 0.618, 0.6231, 0.6289, 0.6752, 0.6722, 0.6825, 0.685, 0.6903, 0.6825, 0.6886, 0.6913, 0.6903, 0.6938, 0.6909, 0.6933, 0.6939, 0.694, 0.6922, 0.6968, 0.6908, 0.6928, 0.7003, 0.6993, 0.7006, 0.7093, 0.7121]","[0.385, 0.4152, 0.4512, 0.3514, 0.2368, 0.3788, 0.2891, 0.5623, 0.2, 0.4003]",5.1,1,300,0,0,"[0, 0, 0, 0, 0, 0, 0, 0, 0, 0, 0, 0, 0, 0, 0, 0, 0, 0, 0, 0, 0, 0, 0, 0, 0, 0, 0, 1, 0, 0]","[30, 30, 30, 30, 30, 30, 30, 30, 30, 29]",3.5,,,,,-0.05164690382081687,0.10948616600790513,0.05535714285714286,0.2,0.4,0.2077733860342556,0.19986824769433462,0.7696428571428571,0.7,0.7,-0.1740776559556978
faithful_root_t-0.3,faithful_root,-0.3,signflip,2,2,30,0.6971240984542165,0.708371895615969,0.8416649846374666,1.0,0.0,0.0,0.6985333333333333,"{""Backdoor"": 0.479, ""DDoS_HTTP"": 0.68, ""DDoS_ICMP"": 0.996, ""DDoS_TCP"": 0.913, ""DDoS_UDP"": 0.998, ""Fingerprinting"": 0.05, ""MITM"": 1.0, ""Normal"": 1.0, ""Password"": 0.979, ""Port_Scanning"": 0.515, ""Ransomware"": 0.884, ""SQL_injection"": 0.167, ""Uploading"": 0.408, ""Vulnerability_scanner"": 0.779, ""XSS"": 0.778}","[0.3914, 0.5528, 0.5911, 0.6039, 0.6151, 0.6367, 0.6756, 0.678, 0.6785, 0.6828, 0.6833, 0.6901, 0.6816, 0.6866, 0.6929, 0.6877, 0.6911, 0.6875, 0.6884, 0.6923, 0.6981, 0.6966, 0.694, 0.6956, 0.6969, 0.6924, 0.6957, 0.6983, 0.7002, 0.6971]","[0.385, 0.4152, 0.4512, 0.3514, 0.2368, 0.3788, 0.2891, 0.5623, 0.2, 0.4003]",5.1,0,240,60,60,"[0, 0, 0, 0, 0, 0, 0, 0, 0, 0, 0, 0, 0, 0, 0, 0, 0, 0, 0, 0, 0, 0, 0, 0, 0, 0, 0, 0, 0, 0]","[0, 0, 30, 30, 30, 30, 30, 30, 30, 30]",3.5,,,,,,,,,,,,,,,
faithful_root_t-0.3,faithful_root,-0.3,labelflip,2,2,30,0.6956368800942653,0.7080400036394443,0.8424499315974792,1.0,0.0,0.0,0.6978666666666667,"{""Backdoor"": 0.497, ""DDoS_HTTP"": 0.68, ""DDoS_ICMP"": 0.996, ""DDoS_TCP"": 0.911, ""DDoS_UDP"": 0.998, ""Fingerprinting"": 0.025, ""MITM"": 1.0, ""Normal"": 1.0, ""Password"": 0.979, ""Port_Scanning"": 0.519, ""Ransomware"": 0.884, ""SQL_injection"": 0.167, ""Uploading"": 0.408, ""Vulnerability_scanner"": 0.777, ""XSS"": 0.779}","[0.3281, 0.5083, 0.5548, 0.5751, 0.6105, 0.6191, 0.6225, 0.67, 0.6697, 0.6827, 0.6858, 0.6904, 0.6791, 0.6894, 0.6937, 0.6887, 0.6916, 0.6884, 0.6891, 0.6923, 0.698, 0.7002, 0.6965, 0.6965, 0.6981, 0.6923, 0.7, 0.6943, 0.7037, 0.6956]","[0.385, 0.4152, 0.4512, 0.3514, 0.2368, 0.3788, 0.2891, 0.5623, 0.2, 0.4003]",5.1,0,240,54,60,"[0, 0, 0, 0, 0, 0, 0, 0, 0, 0, 0, 0, 0, 0, 0, 0, 0, 0, 0, 0, 0, 0, 0, 0, 0, 0, 0, 0, 0, 0]","[3, 3, 30, 30, 30, 30, 30, 30, 30, 30]",3.5,,,,,,,,,,,,,,,
faithful_root_t-0.3,faithful_root,-0.3,targeted_flip,2,2,30,0.6947243629253544,0.7061260158889446,0.8407679023974522,1.0,0.0,0.0,0.6943666666666667,"{""Backdoor"": 0.461, ""DDoS_HTTP"": 0.69, ""DDoS_ICMP"": 0.996, ""DDoS_TCP"": 0.849, ""DDoS_UDP"": 0.998, ""Fingerprinting"": 0.035, ""MITM"": 1.0, ""Normal"": 1.0, ""Password"": 0.977, ""Port_Scanning"": 0.579, ""Ransomware"": 0.884, ""SQL_injection"": 0.167, ""Uploading"": 0.408, ""Vulnerability_scanner"": 0.781, ""XSS"": 0.769}","[0.2869, 0.4407, 0.5867, 0.5934, 0.6158, 0.6275, 0.6365, 0.6402, 0.6789, 0.6835, 0.6843, 0.6897, 0.6828, 0.6868, 0.6925, 0.6885, 0.6907, 0.6877, 0.6897, 0.6924, 0.6976, 0.6952, 0.6947, 0.6959, 0.6934, 0.6937, 0.6987, 0.6878, 0.7006, 0.6947]","[0.385, 0.4152, 0.4512, 0.3514, 0.2368, 0.3788, 0.2891, 0.5623, 0.2, 0.4003]",5.0,1,240,53,60,"[0, 0, 0, 0, 0, 0, 0, 0, 0, 0, 0, 0, 0, 0, 0, 0, 0, 0, 0, 0, 0, 0, 0, 0, 0, 0, 0, 1, 0, 0]","[4, 3, 30, 30, 30, 30, 30, 30, 30, 29]",3.5,,,,,,,,,,,,,,,
faithful_root_t-0.3,faithful_root,-0.3,backdoor,2,2,30,0.7049504190584034,0.7140335212721834,0.843504003229496,1.0,0.0,1.0,0.7041333333333334,"{""Backdoor"": 0.91, ""DDoS_HTTP"": 0.694, ""DDoS_ICMP"": 0.991, ""DDoS_TCP"": 0.803, ""DDoS_UDP"": 0.998, ""Fingerprinting"": 0.1, ""MITM"": 1.0, ""Normal"": 1.0, ""Password"": 0.977, ""Port_Scanning"": 0.723, ""Ransomware"": 0.445, ""SQL_injection"": 0.167, ""Uploading"": 0.408, ""Vulnerability_scanner"": 0.78, ""XSS"": 0.714}","[0.2714, 0.5489, 0.5317, 0.5668, 0.5932, 0.6039, 0.6338, 0.6347, 0.6813, 0.6829, 0.6878, 0.6859, 0.6844, 0.6841, 0.6917, 0.6897, 0.6877, 0.6946, 0.6907, 0.6878, 0.6887, 0.6889, 0.692, 0.6987, 0.7006, 0.7017, 0.7026, 0.7019, 0.7055, 0.705]","[0.385, 0.4152, 0.4512, 0.3514, 0.2368, 0.3788, 0.2891, 0.5623, 0.2, 0.4003]",5.1,0,240,0,60,"[0, 0, 0, 0, 0, 0, 0, 0, 0, 0, 0, 0, 0, 0, 0, 0, 0, 0, 0, 0, 0, 0, 0, 0, 0, 0, 0, 0, 0, 0]","[30, 30, 30, 30, 30, 30, 30, 30, 30, 30]",3.5,,,,,,,,,,,,,,,
faithful_root_t-0.3,faithful_root,-0.3,backdoor_boost,2,2,30,0.7110766698512241,0.7182615062791332,0.8463298122855413,1.0,0.0,0.8956627978008552,0.7085,"{""Backdoor"": 0.526, ""DDoS_HTTP"": 0.621, ""DDoS_ICMP"": 0.993, ""DDoS_TCP"": 0.671, ""DDoS_UDP"": 0.998, ""Fingerprinting"": 0.1, ""MITM"": 1.0, ""Normal"": 1.0, ""Password"": 0.977, ""Port_Scanning"": 0.857, ""Ransomware"": 0.839, ""SQL_injection"": 0.167, ""Uploading"": 0.408, ""Vulnerability_scanner"": 0.78, ""XSS"": 0.837}","[0.3542, 0.4707, 0.5346, 0.6067, 0.5891, 0.6293, 0.6393, 0.6668, 0.678, 0.6815, 0.6844, 0.6838, 0.6873, 0.686, 0.6935, 0.6902, 0.703, 0.6967, 0.6901, 0.6881, 0.703, 0.7221, 0.7078, 0.7079, 0.7065, 0.7145, 0.703, 0.7131, 0.7013, 0.7111]","[0.385, 0.4152, 0.4512, 0.3514, 0.2368, 0.3788, 0.2891, 0.5623, 0.2, 0.4003]",5.3,0,240,42,60,"[0, 0, 0, 0, 0, 0, 0, 0, 0, 0, 0, 0, 0, 0, 0, 0, 0, 0, 0, 0, 0, 0, 0, 0, 0, 0, 0, 0, 0, 0]","[6, 12, 30, 30, 30, 30, 30, 30, 30, 30]",3.5,,,,,,,,,,,,,,,
faithful_root_t-0.3,faithful_root,-0.3,adaptive,2,2,30,0.6820180970871114,0.6833323423515274,0.8269528359012313,1.0,0.0,0.0,0.6817000000000001,"{""Backdoor"": 0.467, ""DDoS_HTTP"": 0.629, ""DDoS_ICMP"": 0.998, ""DDoS_TCP"": 0.564, ""DDoS_UDP"": 0.997, ""Fingerprinting"": 0.0, ""MITM"": 1.0, ""Normal"": 1.0, ""Password"": 0.309, ""Port_Scanning"": 0.536, ""Ransomware"": 0.911, ""SQL_injection"": 0.845, ""Uploading"": 0.412, ""Vulnerability_scanner"": 0.782, ""XSS"": 0.8}","[0.268, 0.4079, 0.4469, 0.489, 0.515, 0.5731, 0.5756, 0.5794, 0.5745, 0.6007, 0.6297, 0.6246, 0.6379, 0.6345, 0.6463, 0.6465, 0.6482, 0.652, 0.6547, 0.6572, 0.6645, 0.6566, 0.6664, 0.6674, 0.6661, 0.6753, 0.6702, 0.684, 0.6791, 0.682]","[0.385, 0.4152, 0.4512, 0.3514, 0.2368, 0.3788, 0.2891, 0.5623, 0.2, 0.4003]",5.2,0,240,0,60,"[0, 0, 0, 0, 0, 0, 0, 0, 0, 0, 0, 0, 0, 0, 0, 0, 0, 0, 0, 0, 0, 0, 0, 0, 0, 0, 0, 0, 0, 0]","[30, 30, 30, 30, 30, 30, 30, 30, 30, 30]",3.5,,,,,,,,,,,,,,,
faithful_root_t-0.3,faithful_root,-0.3,adaptive_f30,2,3,30,0.6056902328933825,0.6430387150459643,0.7997263899167957,1.0,0.0,0.0013846467114640602,0.5860333333333334,"{""Backdoor"": 0.559, ""DDoS_HTTP"": 0.513, ""DDoS_ICMP"": 0.999, ""DDoS_TCP"": 0.0, ""DDoS_UDP"": 0.987, ""Fingerprinting"": 0.0, ""MITM"": 1.0, ""Normal"": 1.0, ""Password"": 0.479, ""Port_Scanning"": 0.872, ""Ransomware"": 0.885, ""SQL_injection"": 0.674, ""Uploading"": 0.051, ""Vulnerability_scanner"": 0.778, ""XSS"": 0.851}","[0.3086, 0.4203, 0.4572, 0.4653, 0.4697, 0.5146, 0.5208, 0.5169, 0.5175, 0.5259, 0.5425, 0.5166, 0.5313, 0.5611, 0.5497, 0.567, 0.5678, 0.5397, 0.5715, 0.5537, 0.5817, 0.5349, 0.5645, 0.5864, 0.6004, 0.5617, 0.5822, 0.5969, 0.5555, 0.6057]","[0.385, 0.4152, 0.4512, 0.3514, 0.2368, 0.3788, 0.2891, 0.5623, 0.2, 0.4003]",5.8,0,210,0,90,"[0, 0, 0, 0, 0, 0, 0, 0, 0, 0, 0, 0, 0, 0, 0, 0, 0, 0, 0, 0, 0, 0, 0, 0, 0, 0, 0, 0, 0, 0]","[30, 30, 30, 30, 30, 30, 30, 30, 30, 30]",3.5,,,,,,,,,,,,,,,
faithful_root_t0.0,faithful_root,0.0,none,2,0,30,0.6934909163522003,0.7077306333098314,0.8429657538854874,1.0,0.0,0.0,0.6996666666666668,"{""Backdoor"": 0.461, ""DDoS_HTTP"": 0.876, ""DDoS_ICMP"": 0.994, ""DDoS_TCP"": 0.564, ""DDoS_UDP"": 0.998, ""Fingerprinting"": 0.01, ""MITM"": 1.0, ""Normal"": 1.0, ""Password"": 0.979, ""Port_Scanning"": 0.965, ""Ransomware"": 0.841, ""SQL_injection"": 0.167, ""Uploading"": 0.408, ""Vulnerability_scanner"": 0.794, ""XSS"": 0.558}","[0.4309, 0.5336, 0.5772, 0.6014, 0.618, 0.6231, 0.6289, 0.6752, 0.6722, 0.6825, 0.6886, 0.6814, 0.6891, 0.6893, 0.6869, 0.6831, 0.6966, 0.6757, 0.6999, 0.6876, 0.6931, 0.7027, 0.6995, 0.6932, 0.6927, 0.7004, 0.6945, 0.6901, 0.7154, 0.6935]","[0.385, 0.4152, 0.4512, 0.3514, 0.2368, 0.3788, 0.2891, 0.5623, 0.2, 0.4003]",5.3,51,300,0,0,"[0, 0, 0, 0, 0, 0, 0, 0, 0, 0, 1, 1, 1, 0, 2, 3, 1, 4, 2, 4, 3, 3, 1, 5, 3, 3, 3, 3, 4, 4]","[24, 26, 25, 26, 27, 20, 27, 25, 29, 20]",3.5,,,,,-0.05164690382081687,0.10948616600790513,0.05535714285714286,0.2,0.4,0.2077733860342556,0.19986824769433462,0.7696428571428571,0.7,0.7,-0.6196785503312473
faithful_root_t0.0,faithful_root,0.0,signflip,2,2,30,0.7017872602255394,0.7058219323966914,0.8382112180134114,1.0,0.0,0.0,0.7043666666666667,"{""Backdoor"": 0.461, ""DDoS_HTTP"": 0.915, ""DDoS_ICMP"": 0.995, ""DDoS_TCP"": 0.944, ""DDoS_UDP"": 0.996, ""Fingerprinting"": 0.1, ""MITM"": 1.0, ""Normal"": 1.0, ""Password"": 0.349, ""Port_Scanning"": 0.481, ""Ransomware"": 0.884, ""SQL_injection"": 0.782, ""Uploading"": 0.422, ""Vulnerability_scanner"": 0.789, ""XSS"": 0.469}","[0.3914, 0.5528, 0.5911, 0.6039, 0.6151, 0.6367, 0.6756, 0.678, 0.6785, 0.6828, 0.6833, 0.6706, 0.6827, 0.6752, 0.6944, 0.6559, 0.7038, 0.6597, 0.6929, 0.6798, 0.6879, 0.6597, 0.6695, 0.6697, 0.6651, 0.6937, 0.6704, 0.7166, 0.6947, 0.7018]","[0.385, 0.4152, 0.4512, 0.3514, 0.2368, 0.3788, 0.2891, 0.5623, 0.2, 0.4003]",6.8,40,240,60,60,"[0, 0, 0, 0, 0, 0, 0, 0, 0, 0, 0, 1, 1, 1, 1, 2, 2, 3, 1, 3, 2, 4, 2, 3, 2, 3, 3, 1, 3, 2]","[0, 0, 29, 22, 29, 22, 27, 23, 26, 22]",3.5,,,,,,,,,,,,,,,
faithful_root_t0.0,faithful_root,0.0,labelflip,2,2,30,0.7033940834226063,0.7073350508174342,0.8392428625894279,1.0,0.0,0.0,0.7041000000000001,"{""Backdoor"": 0.461, ""DDoS_HTTP"": 0.914, ""DDoS_ICMP"": 0.995, ""DDoS_TCP"": 0.927, ""DDoS_UDP"": 0.995, ""Fingerprinting"": 0.1, ""MITM"": 1.0, ""Normal"": 1.0, ""Password"": 0.336, ""Port_Scanning"": 0.505, ""Ransomware"": 0.884, ""SQL_injection"": 0.805, ""Uploading"": 0.422, ""Vulnerability_scanner"": 0.788, ""XSS"": 0.478}","[0.3855, 0.5414, 0.5855, 0.6032, 0.6136, 0.6285, 0.6747, 0.677, 0.6785, 0.6831, 0.6846, 0.6698, 0.6838, 0.6745, 0.6944, 0.6571, 0.7028, 0.6594, 0.6938, 0.6806, 0.688, 0.6618, 0.671, 0.668, 0.6659, 0.6899, 0.6698, 0.7158, 0.6931, 0.7034]","[0.385, 0.4152, 0.4512, 0.3514, 0.2368, 0.3788, 0.2891, 0.5623, 0.2, 0.4003]",9.4,40,240,59,60,"[0, 0, 0, 0, 0, 0, 0, 0, 0, 0, 0, 1, 1, 1, 1, 2, 2, 3, 1, 3, 2, 4, 2, 3, 2, 3, 3, 1, 3, 2]","[1, 0, 29, 22, 29, 22, 27, 23, 26, 22]",3.5,,,,,,,,,,,,,,,
faithful_root_t0.0,faithful_root,0.0,targeted_flip,2,2,30,0.7037674941223885,0.7064341648335606,0.8386149050214179,1.0,0.0,0.0,0.7050000000000001,"{""Backdoor"": 0.461, ""DDoS_HTTP"": 0.911, ""DDoS_ICMP"": 0.995, ""DDoS_TCP"": 0.92, ""DDoS_UDP"": 0.996, ""Fingerprinting"": 0.1, ""MITM"": 1.0, ""Normal"": 1.0, ""Password"": 0.379, ""Port_Scanning"": 0.509, ""Ransomware"": 0.884, ""SQL_injection"": 0.75, ""Uploading"": 0.425, ""Vulnerability_scanner"": 0.786, ""XSS"": 0.48}","[0.2869, 0.5, 0.5891, 0.6006, 0.6156, 0.6287, 0.6385, 0.6785, 0.6787, 0.6826, 0.6832, 0.6699, 0.6833, 0.6743, 0.6943, 0.6559, 0.7038, 0.6603, 0.7006, 0.6783, 0.6898, 0.6635, 0.6695, 0.6695, 0.6645, 0.6969, 0.6712, 0.718, 0.6932, 0.7038]","[0.385, 0.4152, 0.4512, 0.3514, 0.2368, 0.3788, 0.2891, 0.5623, 0.2, 0.4003]",5.6,40,240,58,60,"[0, 0, 0, 0, 0, 0, 0, 0, 0, 0, 0, 1, 1, 1, 1, 2, 2, 3, 2, 2, 2, 4, 2, 3, 2, 3, 3, 1, 3, 2]","[1, 1, 29, 22, 29, 22, 27, 23, 26, 22]",3.5,,,,,,,,,,,,,,,
faithful_root_t0.0,faithful_root,0.0,backdoor,2,2,30,0.7015796410513546,0.7166055558127061,0.8441768149095068,1.0,0.0,1.0,0.6919666666666666,"{""Backdoor"": 0.927, ""DDoS_HTTP"": 0.614, ""DDoS_ICMP"": 0.988, ""DDoS_TCP"": 0.999, ""DDoS_UDP"": 0.999, ""Fingerprinting"": 0.125, ""MITM"": 1.0, ""Normal"": 1.0, ""Password"": 0.977, ""Port_Scanning"": 0.516, ""Ransomware"": 0.411, ""SQL_injection"": 0.097, ""Uploading"": 0.462, ""Vulnerability_scanner"": 0.779, ""XSS"": 0.855}","[0.2714, 0.5489, 0.5317, 0.5668, 0.5932, 0.6039, 0.6338, 0.6347, 0.6813, 0.6829, 0.6887, 0.6703, 0.6866, 0.6841, 0.6934, 0.692, 0.6933, 0.6557, 0.6957, 0.694, 0.6525, 0.6862, 0.685, 0.6971, 0.6803, 0.6895, 0.6674, 0.7052, 0.6691, 0.7016]","[0.385, 0.4152, 0.4512, 0.3514, 0.2368, 0.3788, 0.2891, 0.5623, 0.2, 0.4003]",6.1,36,240,9,60,"[0, 0, 0, 0, 0, 0, 0, 0, 0, 0, 1, 1, 0, 0, 1, 1, 1, 3, 1, 2, 2, 3, 1, 4, 2, 3, 2, 2, 4, 2]","[26, 25, 28, 25, 29, 21, 29, 24, 26, 22]",3.5,,,,,,,,,,,,,,,
faithful_root_t0.0,faithful_root,0.0,backdoor_boost,2,2,30,0.710582748382626,0.7151598326910613,0.842808764493485,1.0,0.0,0.7848096110771737,0.7039333333333334,"{""Backdoor"": 0.459, ""DDoS_HTTP"": 0.925, ""DDoS_ICMP"": 0.993, ""DDoS_TCP"": 0.576, ""DDoS_UDP"": 0.997, ""Fingerprinting"": 0.145, ""MITM"": 1.0, ""Normal"": 1.0, ""Password"": 0.234, ""Port_Scanning"": 0.955, ""Ransomware"": 0.839, ""SQL_injection"": 0.889, ""Uploading"": 0.421, ""Vulnerability_scanner"": 0.78, ""XSS"": 0.514}","[0.3542, 0.4707, 0.5346, 0.6067, 0.5891, 0.6293, 0.6393, 0.6846, 0.6913, 0.6851, 0.6876, 0.6784, 0.6892, 0.6898, 0.6866, 0.6758, 0.6854, 0.674, 0.6906, 0.6521, 0.6918, 0.6851, 0.7026, 0.6937, 0.7042, 0.664, 0.7039, 0.6994, 0.7018, 0.7106]","[0.385, 0.4152, 0.4512, 0.3514, 0.2368, 0.3788, 0.2891, 0.5623, 0.2, 0.4003]",6.3,38,240,47,60,"[0, 0, 0, 0, 0, 0, 0, 0, 0, 0, 1, 1, 0, 1, 1, 1, 2, 3, 2, 3, 2, 1, 2, 3, 2, 3, 2, 2, 4, 2]","[6, 7, 29, 25, 30, 22, 29, 23, 23, 21]",3.5,,,,,,,,,,,,,,,
faithful_root_t0.0,faithful_root,0.0,adaptive,2,2,30,0.6716810111202661,0.6810991729745337,0.8255175043172083,1.0,0.0,0.0,0.6766666666666666,"{""Backdoor"": 0.465, ""DDoS_HTTP"": 0.865, ""DDoS_ICMP"": 0.999, ""DDoS_TCP"": 0.562, ""DDoS_UDP"": 0.979, ""Fingerprinting"": 0.0, ""MITM"": 1.0, ""Normal"": 1.0, ""Password"": 0.161, ""Port_Scanning"": 0.593, ""Ransomware"": 0.98, ""SQL_injection"": 0.962, ""Uploading"": 0.427, ""Vulnerability_scanner"": 0.788, ""XSS"": 0.435}","[0.268, 0.4079, 0.4469, 0.489, 0.515, 0.5731, 0.5756, 0.5794, 0.5745, 0.6007, 0.6297, 0.6246, 0.6379, 0.6345, 0.6463, 0.6465, 0.6482, 0.652, 0.6466, 0.6571, 0.666, 0.6567, 0.6615, 0.6683, 0.6673, 0.6763, 0.6756, 0.6767, 0.6816, 0.6717]","[0.385, 0.4152, 0.4512, 0.3514, 0.2368, 0.3788, 0.2891, 0.5623, 0.2, 0.4003]",5.8,8,240,0,60,"[0, 0, 0, 0, 0, 0, 0, 0, 0, 0, 0, 0, 0, 0, 0, 0, 0, 0, 1, 0, 1, 0, 1, 0, 0, 1, 1, 1, 0, 2]","[30, 30, 30, 29, 30, 30, 27, 28, 30, 28]",3.5,,,,,,,,,,,,,,,
faithful_root_t0.0,faithful_root,0.0,adaptive_f30,2,3,30,0.6046630021846116,0.6421225474830986,0.7990984323487855,1.0,0.0,0.0012624720016289961,0.5832,"{""Backdoor"": 0.559, ""DDoS_HTTP"": 0.5, ""DDoS_ICMP"": 0.999, ""DDoS_TCP"": 0.0, ""DDoS_UDP"": 0.986, ""Fingerprinting"": 0.0, ""MITM"": 1.0, ""Normal"": 1.0, ""Password"": 0.483, ""Port_Scanning"": 0.871, ""Ransomware"": 0.885, ""SQL_injection"": 0.67, ""Uploading"": 0.051, ""Vulnerability_scanner"": 0.778, ""XSS"": 0.851}","[0.3086, 0.4203, 0.4572, 0.4653, 0.4697, 0.5146, 0.5208, 0.5169, 0.5175, 0.5259, 0.5425, 0.5166, 0.5313, 0.5611, 0.5497, 0.567, 0.5678, 0.5397, 0.5715, 0.5356, 0.5846, 0.5347, 0.5642, 0.5867, 0.6006, 0.5447, 0.5831, 0.5964, 0.5485, 0.6047]","[0.385, 0.4152, 0.4512, 0.3514, 0.2368, 0.3788, 0.2891, 0.5623, 0.2, 0.4003]",5.4,4,210,0,90,"[0, 0, 0, 0, 0, 0, 0, 0, 0, 0, 0, 0, 0, 0, 0, 0, 0, 0, 0, 1, 0, 0, 0, 0, 0, 2, 0, 0, 1, 0]","[30, 30, 30, 30, 28, 28, 30, 30, 30, 30]",3.5,,,,,,,,,,,,,,,
faithful_root_t-0.3_kappa1.5,faithful_root,-0.3,none,2,0,30,0.6898699643165579,0.7070533010237996,0.8428536186054857,1.0,0.0,0.0,0.691,"{""Backdoor"": 0.459, ""DDoS_HTTP"": 0.93, ""DDoS_ICMP"": 0.998, ""DDoS_TCP"": 0.564, ""DDoS_UDP"": 0.977, ""Fingerprinting"": 0.0, ""MITM"": 1.0, ""Normal"": 1.0, ""Password"": 0.979, ""Port_Scanning"": 0.966, ""Ransomware"": 0.913, ""SQL_injection"": 0.162, ""Uploading"": 0.414, ""Vulnerability_scanner"": 0.839, ""XSS"": 0.405}","[0.4309, 0.5336, 0.5772, 0.6014, 0.5997, 0.595, 0.5972, 0.6012, 0.6044, 0.6061, 0.6467, 0.6616, 0.654, 0.6571, 0.67, 0.6576, 0.6602, 0.6622, 0.6584, 0.6654, 0.664, 0.6714, 0.6712, 0.688, 0.6737, 0.6847, 0.6794, 0.6906, 0.6925, 0.6899]","[0.385, 0.4152, 0.4512, 0.3514, 0.2368, 0.3788, 0.2891, 0.5623, 0.2, 0.4003]",5.3,140,300,0,0,"[0, 0, 0, 0, 6, 5, 5, 5, 5, 5, 5, 5, 5, 5, 5, 5, 6, 5, 5, 5, 5, 5, 5, 7, 6, 6, 6, 7, 5, 6]","[4, 4, 4, 5, 30, 28, 30, 22, 29, 4]",1.5,,,,,-0.05164690382081687,0.10948616600790513,0.05535714285714286,0.2,0.4,0.12569169960474308,0.2534914361001317,0.7674999999999998,0.7,0.7,-0.7151588524093488
faithful_root_t-0.3_kappa1.5,faithful_root,-0.3,signflip,2,2,30,0.6950473054695208,0.7091575580070059,0.8441992419655072,1.0,0.0,0.0,0.6901666666666667,"{""Backdoor"": 0.461, ""DDoS_HTTP"": 0.723, ""DDoS_ICMP"": 0.997, ""DDoS_TCP"": 0.564, ""DDoS_UDP"": 0.983, ""Fingerprinting"": 0.0, ""MITM"": 1.0, ""Normal"": 1.0, ""Password"": 0.977, ""Port_Scanning"": 0.88, ""Ransomware"": 0.963, ""SQL_injection"": 0.149, ""Uploading"": 0.425, ""Vulnerability_scanner"": 0.805, ""XSS"": 0.711}","[0.3914, 0.5528, 0.5911, 0.6027, 0.6096, 0.6131, 0.6389, 0.665, 0.6416, 0.6492, 0.6715, 0.6594, 0.6652, 0.6718, 0.6847, 0.6703, 0.6661, 0.6912, 0.6711, 0.6752, 0.6739, 0.6963, 0.6903, 0.6711, 0.6693, 0.6824, 0.6936, 0.6818, 0.6937, 0.695]","[0.385, 0.4152, 0.4512, 0.3514, 0.2368, 0.3788, 0.2891, 0.5623, 0.2, 0.4003]",5.1,91,240,60,60,"[0, 0, 0, 1, 1, 2, 4, 2, 4, 4, 2, 4, 3, 3, 4, 4, 4, 4, 4, 4, 4, 3, 3, 4, 4, 4, 5, 4, 3, 3]","[0, 0, 3, 15, 30, 28, 30, 8, 30, 5]",1.5,,,,,,,,,,,,,,,
faithful_root_t-0.3_kappa1.5,faithful_root,-0.3,adaptive_f30,2,3,30,0.6744895268466713,0.6850189092255199,0.8280293345892484,1.0,0.0,0.0,0.6655000000000001,"{""Backdoor"": 0.462, ""DDoS_HTTP"": 0.602, ""DDoS_ICMP"": 0.998, ""DDoS_TCP"": 0.358, ""DDoS_UDP"": 0.979, ""Fingerprinting"": 0.0, ""MITM"": 1.0, ""Normal"": 1.0, ""Password"": 0.679, ""Port_Scanning"": 0.879, ""Ransomware"": 0.957, ""SQL_injection"": 0.484, ""Uploading"": 0.244, ""Vulnerability_scanner"": 0.778, ""XSS"": 0.855}","[0.2639, 0.4279, 0.4564, 0.4618, 0.4749, 0.4718, 0.5289, 0.5303, 0.5303, 0.5474, 0.5892, 0.589, 0.5849, 0.5858, 0.5955, 0.5903, 0.5961, 0.6059, 0.6062, 0.6313, 0.6452, 0.6476, 0.6501, 0.66, 0.6491, 0.6521, 0.6555, 0.6581, 0.6639, 0.6745]","[0.385, 0.4152, 0.4512, 0.3514, 0.2368, 0.3788, 0.2891, 0.5623, 0.2, 0.4003]",5.3,24,210,0,90,"[0, 0, 0, 0, 0, 0, 0, 0, 0, 0, 1, 1, 1, 1, 1, 1, 1, 1, 1, 1, 1, 1, 1, 1, 1, 2, 2, 2, 1, 2]","[30, 30, 30, 30, 30, 30, 30, 26, 30, 10]",1.5,,,,,,,,,,,,,,,
faithful_root_t-0.3_kappa2.5,faithful_root,-0.3,none,2,0,30,0.7141516180302965,0.72152441765776,0.8463970934535423,1.0,0.0,0.0,0.7108333333333333,"{""Backdoor"": 0.795, ""DDoS_HTTP"": 0.926, ""DDoS_ICMP"": 0.992, ""DDoS_TCP"": 0.564, ""DDoS_UDP"": 0.998, ""Fingerprinting"": 0.155, ""MITM"": 1.0, ""Normal"": 1.0, ""Password"": 0.979, ""Port_Scanning"": 0.965, ""Ransomware"": 0.59, ""SQL_injection"": 0.158, ""Uploading"": 0.42, ""Vulnerability_scanner"": 0.791, ""XSS"": 0.489}","[0.4309, 0.5336, 0.5772, 0.6014, 0.618, 0.6231, 0.6289, 0.6752, 0.6722, 0.6825, 0.685, 0.6903, 0.6825, 0.6886, 0.6866, 0.6802, 0.6882, 0.6805, 0.6861, 0.6944, 0.6988, 0.6987, 0.6959, 0.692, 0.6801, 0.7006, 0.6995, 0.7017, 0.7166, 0.7142]","[0.385, 0.4152, 0.4512, 0.3514, 0.2368, 0.3788, 0.2891, 0.5623, 0.2, 0.4003]",5.2,17,300,0,0,"[0, 0, 0, 0, 0, 0, 0, 0, 0, 0, 0, 0, 0, 0, 1, 1, 1, 1, 1, 0, 1, 1, 1, 1, 2, 1, 1, 1, 2, 1]","[29, 30, 30, 29, 30, 30, 30, 30, 30, 15]",2.5,,,,,-0.05164690382081687,0.10948616600790513,0.05535714285714286,0.2,0.4,0.2077733860342556,0.19986824769433462,0.7696428571428571,0.7,0.7,-0.06741998624632421
faithful_root_t-0.3_kappa2.5,faithful_root,-0.3,signflip,2,2,30,0.6815975059455202,0.6970849758463131,0.8357442418533719,1.0,0.0,0.0,0.6898333333333334,"{""Backdoor"": 0.461, ""DDoS_HTTP"": 0.934, ""DDoS_ICMP"": 0.996, ""DDoS_TCP"": 0.564, ""DDoS_UDP"": 0.998, ""Fingerprinting"": 0.01, ""MITM"": 1.0, ""Normal"": 1.0, ""Password"": 0.964, ""Port_Scanning"": 0.879, ""Ransomware"": 0.886, ""SQL_injection"": 0.181, ""Uploading"": 0.408, ""Vulnerability_scanner"": 0.796, ""XSS"": 0.38}","[0.3914, 0.5528, 0.5911, 0.6039, 0.6151, 0.6367, 0.6756, 0.678, 0.6785, 0.6828, 0.6833, 0.6901, 0.6816, 0.6866, 0.6929, 0.6877, 0.6943, 0.6881, 0.6887, 0.6926, 0.698, 0.6968, 0.694, 0.696, 0.6967, 0.6835, 0.674, 0.6873, 0.7006, 0.6816]","[0.385, 0.4152, 0.4512, 0.3514, 0.2368, 0.3788, 0.2891, 0.5623, 0.2, 0.4003]",5.5,6,240,60,60,"[0, 0, 0, 0, 0, 0, 0, 0, 0, 0, 0, 0, 0, 0, 0, 0, 1, 0, 0, 0, 0, 0, 0, 0, 0, 2, 1, 1, 0, 1]","[0, 0, 28, 30, 30, 30, 30, 30, 30, 26]",2.5,,,,,,,,,,,,,,,
faithful_root_t-0.3_kappa2.5,faithful_root,-0.3,adaptive_f30,2,3,30,0.6281297342396522,0.6575580913220923,0.8095270133889524,1.0,0.0,0.0,0.6114999999999999,"{""Backdoor"": 0.534, ""DDoS_HTTP"": 0.581, ""DDoS_ICMP"": 0.998, ""DDoS_TCP"": 0.0, ""DDoS_UDP"": 0.997, ""Fingerprinting"": 0.0, ""MITM"": 1.0, ""Normal"": 1.0, ""Password"": 0.486, ""Port_Scanning"": 0.877, ""Ransomware"": 0.913, ""SQL_injection"": 0.68, ""Uploading"": 0.164, ""Vulnerability_scanner"": 0.778, ""XSS"": 0.855}","[0.306, 0.4394, 0.4543, 0.4725, 0.4755, 0.478, 0.5297, 0.5195, 0.5299, 0.5444, 0.5444, 0.5398, 0.5462, 0.5637, 0.5581, 0.5571, 0.5838, 0.5747, 0.5964, 0.5858, 0.6146, 0.564, 0.5868, 0.611, 0.6217, 0.5977, 0.6059, 0.6204, 0.586, 0.6281]","[0.385, 0.4152, 0.4512, 0.3514, 0.2368, 0.3788, 0.2891, 0.5623, 0.2, 0.4003]",5.2,0,210,0,90,"[0, 0, 0, 0, 0, 0, 0, 0, 0, 0, 0, 0, 0, 0, 0, 0, 0, 0, 0, 0, 0, 0, 0, 0, 0, 0, 0, 0, 0, 0]","[30, 30, 30, 30, 30, 30, 30, 30, 30, 30]",2.5,,,,,,,,,,,,,,,
faithful_root_t-0.3_kappa5.0,faithful_root,-0.3,none,2,0,30,0.7121032362336785,0.7210867868502172,0.8470474780775528,1.0,0.0,0.0,0.7073333333333333,"{""Backdoor"": 0.91, ""DDoS_HTTP"": 0.778, ""DDoS_ICMP"": 0.994, ""DDoS_TCP"": 0.996, ""DDoS_UDP"": 0.998, ""Fingerprinting"": 0.13, ""MITM"": 1.0, ""Normal"": 1.0, ""Password"": 0.979, ""Port_Scanning"": 0.516, ""Ransomware"": 0.491, ""SQL_injection"": 0.16, ""Uploading"": 0.418, ""Vulnerability_scanner"": 0.789, ""XSS"": 0.657}","[0.4309, 0.5336, 0.5772, 0.6014, 0.618, 0.6231, 0.6289, 0.6752, 0.6722, 0.6825, 0.685, 0.6903, 0.6825, 0.6886, 0.6913, 0.6903, 0.6938, 0.6909, 0.6933, 0.6939, 0.694, 0.6922, 0.6968, 0.6908, 0.6928, 0.7003, 0.6993, 0.7006, 0.7093, 0.7121]","[0.385, 0.4152, 0.4512, 0.3514, 0.2368, 0.3788, 0.2891, 0.5623, 0.2, 0.4003]",5.5,1,300,0,0,"[0, 0, 0, 0, 0, 0, 0, 0, 0, 0, 0, 0, 0, 0, 0, 0, 0, 0, 0, 0, 0, 0, 0, 0, 0, 0, 0, 1, 0, 0]","[30, 30, 30, 30, 30, 30, 30, 30, 30, 29]",5.0,,,,,-0.05164690382081687,0.10948616600790513,0.05535714285714286,0.2,0.4,0.2077733860342556,0.19986824769433462,0.7696428571428571,0.7,0.7,-0.1740776559556978
faithful_root_t-0.3_kappa5.0,faithful_root,-0.3,signflip,2,2,30,0.6971240984542165,0.708371895615969,0.8416649846374666,1.0,0.0,0.0,0.6985333333333333,"{""Backdoor"": 0.479, ""DDoS_HTTP"": 0.68, ""DDoS_ICMP"": 0.996, ""DDoS_TCP"": 0.913, ""DDoS_UDP"": 0.998, ""Fingerprinting"": 0.05, ""MITM"": 1.0, ""Normal"": 1.0, ""Password"": 0.979, ""Port_Scanning"": 0.515, ""Ransomware"": 0.884, ""SQL_injection"": 0.167, ""Uploading"": 0.408, ""Vulnerability_scanner"": 0.779, ""XSS"": 0.778}","[0.3914, 0.5528, 0.5911, 0.6039, 0.6151, 0.6367, 0.6756, 0.678, 0.6785, 0.6828, 0.6833, 0.6901, 0.6816, 0.6866, 0.6929, 0.6877, 0.6911, 0.6875, 0.6884, 0.6923, 0.6981, 0.6966, 0.694, 0.6956, 0.6969, 0.6924, 0.6957, 0.6983, 0.7002, 0.6971]","[0.385, 0.4152, 0.4512, 0.3514, 0.2368, 0.3788, 0.2891, 0.5623, 0.2, 0.4003]",5.1,0,240,60,60,"[0, 0, 0, 0, 0, 0, 0, 0, 0, 0, 0, 0, 0, 0, 0, 0, 0, 0, 0, 0, 0, 0, 0, 0, 0, 0, 0, 0, 0, 0]","[0, 0, 30, 30, 30, 30, 30, 30, 30, 30]",5.0,,,,,,,,,,,,,,,
faithful_root_t-0.3_kappa5.0,faithful_root,-0.3,adaptive_f30,2,3,30,0.6061429066536577,0.6472359665139754,0.8026419071968423,0.9982895540623091,0.0,0.004439014457340663,0.5936333333333333,"{""Backdoor"": 0.625, ""DDoS_HTTP"": 0.613, ""DDoS_ICMP"": 0.999, ""DDoS_TCP"": 0.0, ""DDoS_UDP"": 0.976, ""Fingerprinting"": 0.0, ""MITM"": 1.0, ""Normal"": 1.0, ""Password"": 0.431, ""Port_Scanning"": 0.861, ""Ransomware"": 0.842, ""SQL_injection"": 0.739, ""Uploading"": 0.0, ""Vulnerability_scanner"": 0.772, ""XSS"": 0.851}","[0.2958, 0.4119, 0.4433, 0.4558, 0.4687, 0.5146, 0.5229, 0.5221, 0.5155, 0.5252, 0.5468, 0.5141, 0.5188, 0.5528, 0.5195, 0.5658, 0.5687, 0.566, 0.5765, 0.5712, 0.5748, 0.5473, 0.5735, 0.5881, 0.596, 0.5523, 0.5949, 0.6017, 0.5731, 0.6061]","[0.385, 0.4152, 0.4512, 0.3514, 0.2368, 0.3788, 0.2891, 0.5623, 0.2, 0.4003]",7.0,0,210,0,90,"[0, 0, 0, 0, 0, 0, 0, 0, 0, 0, 0, 0, 0, 0, 0, 0, 0, 0, 0, 0, 0, 0, 0, 0, 0, 0, 0, 0, 0, 0]","[30, 30, 30, 30, 30, 30, 30, 30, 30, 30]",5.0,,,,,,,,,,,,,,,
faithful_root_t-0.3_clip,faithful_root,-0.3,none,2,0,30,0.6950933964168095,0.7092278188956335,0.8443338043015094,1.0,0.0,0.0,0.6952666666666666,"{""Backdoor"": 0.873, ""DDoS_HTTP"": 0.768, ""DDoS_ICMP"": 0.99, ""DDoS_TCP"": 0.564, ""DDoS_UDP"": 0.998, ""Fingerprinting"": 0.0, ""MITM"": 1.0, ""Normal"": 1.0, ""Password"": 0.979, ""Port_Scanning"": 0.965, ""Ransomware"": 0.502, ""SQL_injection"": 0.164, ""Uploading"": 0.412, ""Vulnerability_scanner"": 0.785, ""XSS"": 0.638}","[0.4272, 0.4962, 0.5604, 0.5801, 0.6084, 0.6126, 0.6176, 0.6231, 0.6257, 0.6355, 0.6789, 0.6833, 0.6748, 0.6804, 0.6836, 0.6843, 0.6861, 0.6857, 0.6891, 0.6895, 0.6924, 0.6939, 0.6946, 0.6925, 0.6913, 0.6939, 0.6944, 0.6955, 0.6952, 0.6951]","[0.385, 0.4152, 0.4512, 0.3514, 0.2368, 0.3788, 0.2891, 0.5623, 0.2, 0.4003]",5.9,0,300,0,0,"[0, 0, 0, 0, 0, 0, 0, 0, 0, 0, 0, 0, 0, 0, 0, 0, 0, 0, 0, 0, 0, 0, 0, 0, 0, 0, 0, 0, 0, 0]","[30, 30, 30, 30, 30, 30, 30, 30, 30, 30]",3.5,1.0,,,,-0.05164690382081687,0.10948616600790513,0.05535714285714286,0.2,0.4,0.19288537549407114,0.23359683794466402,0.772142857142857,0.7,0.7,
faithful_root_t-0.3_clip,faithful_root,-0.3,backdoor,2,2,30,0.691415185478515,0.7074253199856141,0.8431451703334903,0.9996334758704948,0.0,0.9997556505803299,0.6914333333333333,"{""Backdoor"": 0.91, ""DDoS_HTTP"": 0.816, ""DDoS_ICMP"": 0.988, ""DDoS_TCP"": 0.565, ""DDoS_UDP"": 0.995, ""Fingerprinting"": 0.0, ""MITM"": 1.0, ""Normal"": 1.0, ""Password"": 0.977, ""Port_Scanning"": 0.965, ""Ransomware"": 0.445, ""SQL_injection"": 0.167, ""Uploading"": 0.408, ""Vulnerability_scanner"": 0.781, ""XSS"": 0.595}","[0.2647, 0.5445, 0.5331, 0.5549, 0.5659, 0.5893, 0.6199, 0.6285, 0.6295, 0.6366, 0.6428, 0.6823, 0.683, 0.6834, 0.6851, 0.686, 0.6865, 0.6879, 0.688, 0.6882, 0.6887, 0.689, 0.6904, 0.6911, 0.6909, 0.6911, 0.6909, 0.6911, 0.6918, 0.6914]","[0.385, 0.4152, 0.4512, 0.3514, 0.2368, 0.3788, 0.2891, 0.5623, 0.2, 0.4003]",5.7,0,240,0,60,"[0, 0, 0, 0, 0, 0, 0, 0, 0, 0, 0, 0, 0, 0, 0, 0, 0, 0, 0, 0, 0, 0, 0, 0, 0, 0, 0, 0, 0, 0]","[30, 30, 30, 30, 30, 30, 30, 30, 30, 30]",3.5,1.0,,,,,,,,,,,,,,
faithful_root_t-0.3_clip,faithful_root,-0.3,backdoor_boost,2,2,30,0.6921486209945902,0.7064467241483904,0.8424275045414789,1.0,0.0,0.1640399104052128,0.6920000000000001,"{""Backdoor"": 0.462, ""DDoS_HTTP"": 0.628, ""DDoS_ICMP"": 0.989, ""DDoS_TCP"": 0.564, ""DDoS_UDP"": 0.997, ""Fingerprinting"": 0.0, ""MITM"": 1.0, ""Normal"": 1.0, ""Password"": 0.977, ""Port_Scanning"": 0.965, ""Ransomware"": 0.839, ""SQL_injection"": 0.167, ""Uploading"": 0.408, ""Vulnerability_scanner"": 0.78, ""XSS"": 0.82}","[0.273, 0.5438, 0.5324, 0.5502, 0.5806, 0.5964, 0.6204, 0.6304, 0.637, 0.6683, 0.6761, 0.6825, 0.6823, 0.6808, 0.6871, 0.6867, 0.6899, 0.6941, 0.6901, 0.6875, 0.6911, 0.6972, 0.6924, 0.6931, 0.6931, 0.692, 0.6886, 0.6963, 0.6876, 0.6921]","[0.385, 0.4152, 0.4512, 0.3514, 0.2368, 0.3788, 0.2891, 0.5623, 0.2, 0.4003]",4.8,0,240,53,60,"[0, 0, 0, 0, 0, 0, 0, 0, 0, 0, 0, 0, 0, 0, 0, 0, 0, 0, 0, 0, 0, 0, 0, 0, 0, 0, 0, 0, 0, 0]","[3, 4, 30, 30, 30, 30, 30, 30, 30, 30]",3.5,1.0,,,,,,,,,,,,,,
faithful_root_t-0.3_clip,faithful_root,-0.3,adaptive_f30,2,3,30,0.6661868117948145,0.6864416052256627,0.8289712709412635,1.0,0.0,0.0,0.6658666666666666,"{""Backdoor"": 0.462, ""DDoS_HTTP"": 0.602, ""DDoS_ICMP"": 0.997, ""DDoS_TCP"": 0.522, ""DDoS_UDP"": 0.999, ""Fingerprinting"": 0.0, ""MITM"": 1.0, ""Normal"": 1.0, ""Password"": 0.98, ""Port_Scanning"": 0.879, ""Ransomware"": 0.884, ""SQL_injection"": 0.167, ""Uploading"": 0.171, ""Vulnerability_scanner"": 0.778, ""XSS"": 0.856}","[0.2514, 0.4163, 0.4527, 0.4612, 0.4708, 0.4773, 0.4906, 0.4913, 0.5379, 0.5436, 0.557, 0.5716, 0.6001, 0.6094, 0.6125, 0.619, 0.6257, 0.6249, 0.634, 0.6394, 0.6491, 0.6528, 0.6561, 0.6616, 0.6619, 0.6662, 0.665, 0.664, 0.6674, 0.6662]","[0.385, 0.4152, 0.4512, 0.3514, 0.2368, 0.3788, 0.2891, 0.5623, 0.2, 0.4003]",5.2,0,210,0,90,"[0, 0, 0, 0, 0, 0, 0, 0, 0, 0, 0, 0, 0, 0, 0, 0, 0, 0, 0, 0, 0, 0, 0, 0, 0, 0, 0, 0, 0, 0]","[30, 30, 30, 30, 30, 30, 30, 30, 30, 30]",3.5,1.0,,,,,,,,,,,,,,
faithful_root_t-0.3_clip,faithful_root,-0.3,signflip,2,2,30,0.6923687912947574,0.7043443089370259,0.8409921729574559,1.0,0.0,0.0,0.6917666666666666,"{""Backdoor"": 0.538, ""DDoS_HTTP"": 0.719, ""DDoS_ICMP"": 0.992, ""DDoS_TCP"": 0.564, ""DDoS_UDP"": 0.997, ""Fingerprinting"": 0.0, ""MITM"": 1.0, ""Normal"": 1.0, ""Password"": 0.979, ""Port_Scanning"": 0.879, ""Ransomware"": 0.842, ""SQL_injection"": 0.167, ""Uploading"": 0.408, ""Vulnerability_scanner"": 0.778, ""XSS"": 0.703}","[0.3846, 0.5064, 0.5793, 0.5931, 0.608, 0.6097, 0.6151, 0.6266, 0.6298, 0.6698, 0.6789, 0.681, 0.6722, 0.6755, 0.6846, 0.6821, 0.6823, 0.6845, 0.6841, 0.6859, 0.6873, 0.6902, 0.6901, 0.6887, 0.688, 0.688, 0.6898, 0.6914, 0.6915, 0.6924]","[0.385, 0.4152, 0.4512, 0.3514, 0.2368, 0.3788, 0.2891, 0.5623, 0.2, 0.4003]",5.0,0,240,60,60,"[0, 0, 0, 0, 0, 0, 0, 0, 0, 0, 0, 0, 0, 0, 0, 0, 0, 0, 0, 0, 0, 0, 0, 0, 0, 0, 0, 0, 0, 0]","[0, 0, 30, 30, 30, 30, 30, 30, 30, 30]",3.5,1.0,,,,,,,,,,,,,,
faithful_root_t-0.3_clipnoise_z0.5,faithful_root,-0.3,none,2,0,30,0.7066348906700501,0.7169153285988337,0.8457242817735315,1.0,0.0,0.010629199755650581,0.7034666666666666,"{""Backdoor"": 0.901, ""DDoS_HTTP"": 0.909, ""DDoS_ICMP"": 0.991, ""DDoS_TCP"": 0.564, ""DDoS_UDP"": 0.999, ""Fingerprinting"": 0.095, ""MITM"": 1.0, ""Normal"": 1.0, ""Password"": 0.979, ""Port_Scanning"": 0.965, ""Ransomware"": 0.495, ""SQL_injection"": 0.167, ""Uploading"": 0.408, ""Vulnerability_scanner"": 0.776, ""XSS"": 0.504}","[0.2806, 0.4486, 0.5358, 0.5208, 0.5792, 0.5927, 0.657, 0.6073, 0.6048, 0.6587, 0.6582, 0.6696, 0.6419, 0.6487, 0.6868, 0.6893, 0.688, 0.6908, 0.6973, 0.7008, 0.703, 0.7017, 0.6972, 0.7002, 0.7014, 0.7018, 0.7038, 0.7016, 0.7022, 0.7066]","[0.385, 0.4152, 0.4512, 0.3514, 0.2368, 0.3788, 0.2891, 0.5623, 0.2, 0.4003]",5.3,0,300,0,0,"[0, 0, 0, 0, 0, 0, 0, 0, 0, 0, 0, 0, 0, 0, 0, 0, 0, 0, 0, 0, 0, 0, 0, 0, 0, 0, 0, 0, 0, 0]","[30, 30, 30, 30, 30, 30, 30, 30, 30, 30]",3.5,1.0,0.5,,112.56537912599764,-0.1235836627140975,-0.006851119894598154,0.12321428571428568,0.3,0.3,0.15362318840579708,0.18194993412384713,0.7553571428571428,0.7,0.7,
faithful_root_t-0.3_clipnoise_z0.5,faithful_root,-0.3,backdoor,2,2,30,0.687103512151754,0.7026682673846542,0.839870820157438,1.0,0.0,1.0,0.6880333333333333,"{""Backdoor"": 0.922, ""DDoS_HTTP"": 0.747, ""DDoS_ICMP"": 0.996, ""DDoS_TCP"": 0.749, ""DDoS_UDP"": 0.999, ""Fingerprinting"": 0.0, ""MITM"": 1.0, ""Normal"": 1.0, ""Password"": 0.927, ""Port_Scanning"": 0.769, ""Ransomware"": 0.428, ""SQL_injection"": 0.136, ""Uploading"": 0.467, ""Vulnerability_scanner"": 0.799, ""XSS"": 0.602}","[0.1464, 0.4411, 0.5156, 0.5843, 0.5684, 0.6097, 0.6292, 0.6209, 0.6297, 0.6325, 0.6345, 0.6351, 0.6359, 0.6352, 0.6843, 0.6388, 0.6488, 0.6914, 0.6934, 0.6883, 0.6814, 0.69, 0.69, 0.6858, 0.6939, 0.6864, 0.6916, 0.6862, 0.6908, 0.6871]","[0.385, 0.4152, 0.4512, 0.3514, 0.2368, 0.3788, 0.2891, 0.5623, 0.2, 0.4003]",5.0,0,240,0,60,"[0, 0, 0, 0, 0, 0, 0, 0, 0, 0, 0, 0, 0, 0, 0, 0, 0, 0, 0, 0, 0, 0, 0, 0, 0, 0, 0, 0, 0, 0]","[30, 30, 30, 30, 30, 30, 30, 30, 30, 30]",3.5,1.0,0.5,,112.56537912599764,,,,,,,,,,,
faithful_root_t-0.3_clipnoise_z0.5,faithful_root,-0.3,backdoor_boost,2,2,30,0.7004593722116156,0.7120988134235919,0.8461952499495391,1.0,0.0,0.2782325391977194,0.6951,"{""Backdoor"": 0.863, ""DDoS_HTTP"": 0.624, ""DDoS_ICMP"": 0.996, ""DDoS_TCP"": 0.638, ""DDoS_UDP"": 0.999, ""Fingerprinting"": 0.0, ""MITM"": 1.0, ""Normal"": 1.0, ""Password"": 0.927, ""Port_Scanning"": 0.883, ""Ransomware"": 0.565, ""SQL_injection"": 0.161, ""Uploading"": 0.45, ""Vulnerability_scanner"": 0.797, ""XSS"": 0.779}","[0.1484, 0.445, 0.5167, 0.5783, 0.5602, 0.6012, 0.624, 0.6152, 0.6305, 0.6324, 0.6346, 0.6355, 0.643, 0.6353, 0.6873, 0.6378, 0.6867, 0.6956, 0.685, 0.6797, 0.6706, 0.6824, 0.6822, 0.6902, 0.6866, 0.6929, 0.6978, 0.6922, 0.6926, 0.7005]","[0.385, 0.4152, 0.4512, 0.3514, 0.2368, 0.3788, 0.2891, 0.5623, 0.2, 0.4003]",5.0,0,240,53,60,"[0, 0, 0, 0, 0, 0, 0, 0, 0, 0, 0, 0, 0, 0, 0, 0, 0, 0, 0, 0, 0, 0, 0, 0, 0, 0, 0, 0, 0, 0]","[3, 4, 30, 30, 30, 30, 30, 30, 30, 30]",3.5,1.0,0.5,,112.56537912599764,,,,,,,,,,,
faithful_root_t-0.3_clipnoise_z0.5,faithful_root,-0.3,adaptive_f30,2,3,30,0.6828296266526305,0.6939180433476643,0.834062212653345,1.0,0.0,0.058195886784768884,0.6809,"{""Backdoor"": 0.461, ""DDoS_HTTP"": 0.616, ""DDoS_ICMP"": 0.997, ""DDoS_TCP"": 0.562, ""DDoS_UDP"": 0.999, ""Fingerprinting"": 0.0, ""MITM"": 1.0, ""Normal"": 1.0, ""Password"": 0.854, ""Port_Scanning"": 0.88, ""Ransomware"": 0.884, ""SQL_injection"": 0.3, ""Uploading"": 0.23, ""Vulnerability_scanner"": 0.772, ""XSS"": 0.854}","[0.2367, 0.3474, 0.3962, 0.3962, 0.438, 0.5001, 0.5557, 0.5282, 0.5384, 0.5428, 0.5917, 0.5935, 0.592, 0.6175, 0.5787, 0.6329, 0.6264, 0.6664, 0.6553, 0.6624, 0.6769, 0.6495, 0.6512, 0.6658, 0.6518, 0.6499, 0.6717, 0.6826, 0.6773, 0.6828]","[0.385, 0.4152, 0.4512, 0.3514, 0.2368, 0.3788, 0.2891, 0.5623, 0.2, 0.4003]",5.4,0,210,0,90,"[0, 0, 0, 0, 0, 0, 0, 0, 0, 0, 0, 0, 0, 0, 0, 0, 0, 0, 0, 0, 0, 0, 0, 0, 0, 0, 0, 0, 0, 0]","[30, 30, 30, 30, 30, 30, 30, 30, 30, 30]",3.5,1.0,0.5,,112.56537912599764,,,,,,,,,,,
faithful_root_t-0.3_clipnoise_z0.5,faithful_root,-0.3,signflip,2,2,30,0.6876691980940102,0.7015986452808112,0.8391980084774272,1.0,0.0,0.07884341274689473,0.6976666666666667,"{""Backdoor"": 0.462, ""DDoS_HTTP"": 0.868, ""DDoS_ICMP"": 0.995, ""DDoS_TCP"": 0.564, ""DDoS_UDP"": 0.999, ""Fingerprinting"": 0.0, ""MITM"": 1.0, ""Normal"": 1.0, ""Password"": 0.977, ""Port_Scanning"": 0.879, ""Ransomware"": 0.884, ""SQL_injection"": 0.17, ""Uploading"": 0.41, ""Vulnerability_scanner"": 0.775, ""XSS"": 0.543}","[0.2394, 0.404, 0.4792, 0.4888, 0.5002, 0.5527, 0.6241, 0.6057, 0.6021, 0.6605, 0.664, 0.6676, 0.6279, 0.6358, 0.6735, 0.6341, 0.6808, 0.6911, 0.6766, 0.6822, 0.6875, 0.6828, 0.6737, 0.6785, 0.6855, 0.6885, 0.6891, 0.6964, 0.7089, 0.6877]","[0.385, 0.4152, 0.4512, 0.3514, 0.2368, 0.3788, 0.2891, 0.5623, 0.2, 0.4003]",8.2,0,240,60,60,"[0, 0, 0, 0, 0, 0, 0, 0, 0, 0, 0, 0, 0, 0, 0, 0, 0, 0, 0, 0, 0, 0, 0, 0, 0, 0, 0, 0, 0, 0]","[0, 0, 30, 30, 30, 30, 30, 30, 30, 30]",3.5,1.0,0.5,,112.56537912599764,,,,,,,,,,,
faithful_root_t-0.3_all_z0.5,faithful_root,-0.3,none,2,0,30,0.6932905899422358,0.7073987371563372,0.8431003162214896,1.0,0.0,0.004357564650783954,0.6927333333333333,"{""Backdoor"": 0.878, ""DDoS_HTTP"": 0.839, ""DDoS_ICMP"": 0.993, ""DDoS_TCP"": 0.564, ""DDoS_UDP"": 0.999, ""Fingerprinting"": 0.0, ""MITM"": 1.0, ""Normal"": 1.0, ""Password"": 0.979, ""Port_Scanning"": 0.879, ""Ransomware"": 0.523, ""SQL_injection"": 0.161, ""Uploading"": 0.42, ""Vulnerability_scanner"": 0.781, ""XSS"": 0.594}","[0.2677, 0.4797, 0.5248, 0.5343, 0.5571, 0.5962, 0.6116, 0.615, 0.6114, 0.6666, 0.668, 0.6706, 0.6751, 0.6768, 0.6829, 0.683, 0.6811, 0.6859, 0.6867, 0.6923, 0.694, 0.6941, 0.6912, 0.6866, 0.6871, 0.6915, 0.6941, 0.6927, 0.6922, 0.6933]","[0.385, 0.4152, 0.4512, 0.3514, 0.2368, 0.3788, 0.2891, 0.5623, 0.2, 0.4003]",10.1,0,300,0,0,"[0, 0, 0, 0, 0, 0, 0, 0, 0, 0, 0, 0, 0, 0, 0, 0, 0, 0, 0, 0, 0, 0, 0, 0, 0, 0, 0, 0, 0, 0]","[30, 30, 30, 30, 30, 30, 30, 30, 30, 30]",3.5,1.0,0.5,3.0,112.56537912599764,-0.1235836627140975,-0.006851119894598154,0.12321428571428568,0.3,0.3,0.18379446640316202,0.24664031620553356,0.7507142857142856,0.7,0.7,
faithful_root_t-0.3_all_z0.5,faithful_root,-0.3,backdoor,2,2,30,0.6867696273688012,0.7015744116403013,0.8391083002534258,1.0,0.0,0.7281612706169823,0.6866666666666666,"{""Backdoor"": 0.901, ""DDoS_HTTP"": 0.646, ""DDoS_ICMP"": 0.996, ""DDoS_TCP"": 0.7, ""DDoS_UDP"": 0.998, ""Fingerprinting"": 0.0, ""MITM"": 1.0, ""Normal"": 1.0, ""Password"": 0.928, ""Port_Scanning"": 0.826, ""Ransomware"": 0.475, ""SQL_injection"": 0.133, ""Uploading"": 0.407, ""Vulnerability_scanner"": 0.814, ""XSS"": 0.698}","[0.174, 0.434, 0.5312, 0.5428, 0.5669, 0.6057, 0.6142, 0.6156, 0.6231, 0.6237, 0.6209, 0.6289, 0.6362, 0.627, 0.6844, 0.6815, 0.6868, 0.6911, 0.6875, 0.6844, 0.6734, 0.6814, 0.6774, 0.6808, 0.6841, 0.6848, 0.689, 0.6862, 0.687, 0.6868]","[0.385, 0.4152, 0.4512, 0.3514, 0.2368, 0.3788, 0.2891, 0.5623, 0.2, 0.4003]",6.3,0,240,0,60,"[0, 0, 0, 0, 0, 0, 0, 0, 0, 0, 0, 0, 0, 0, 0, 0, 0, 0, 0, 0, 0, 0, 0, 0, 0, 0, 0, 0, 0, 0]","[30, 30, 30, 30, 30, 30, 30, 30, 30, 30]",3.5,1.0,0.5,3.0,112.56537912599764,,,,,,,,,,,
faithful_root_t-0.3_all_z0.5,faithful_root,-0.3,backdoor_boost,2,2,30,0.6911778637139587,0.7056050055001546,0.8418444010854695,1.0,0.0,0.07758094074526573,0.6886333333333333,"{""Backdoor"": 0.9, ""DDoS_HTTP"": 0.619, ""DDoS_ICMP"": 0.995, ""DDoS_TCP"": 0.564, ""DDoS_UDP"": 0.999, ""Fingerprinting"": 0.0, ""MITM"": 1.0, ""Normal"": 1.0, ""Password"": 0.927, ""Port_Scanning"": 0.965, ""Ransomware"": 0.482, ""SQL_injection"": 0.157, ""Uploading"": 0.391, ""Vulnerability_scanner"": 0.815, ""XSS"": 0.77}","[0.179, 0.4356, 0.5323, 0.5416, 0.5698, 0.6104, 0.6134, 0.6135, 0.6244, 0.6219, 0.6601, 0.6283, 0.6349, 0.626, 0.6838, 0.6779, 0.6881, 0.6925, 0.6875, 0.6868, 0.6752, 0.6853, 0.6735, 0.6856, 0.6865, 0.6881, 0.6923, 0.6912, 0.6835, 0.6912]","[0.385, 0.4152, 0.4512, 0.3514, 0.2368, 0.3788, 0.2891, 0.5623, 0.2, 0.4003]",6.0,0,240,54,60,"[0, 0, 0, 0, 0, 0, 0, 0, 0, 0, 0, 0, 0, 0, 0, 0, 0, 0, 0, 0, 0, 0, 0, 0, 0, 0, 0, 0, 0, 0]","[3, 3, 30, 30, 30, 30, 30, 30, 30, 30]",3.5,1.0,0.5,3.0,112.56537912599764,,,,,,,,,,,
faithful_root_t-0.3_all_z0.5,faithful_root,-0.3,adaptive_f30,2,3,30,0.685814465905508,0.6963728828295871,0.8357218147973715,1.0,0.0,0.013154143758908573,0.6816666666666666,"{""Backdoor"": 0.462, ""DDoS_HTTP"": 0.614, ""DDoS_ICMP"": 0.996, ""DDoS_TCP"": 0.564, ""DDoS_UDP"": 0.999, ""Fingerprinting"": 0.0, ""MITM"": 1.0, ""Normal"": 1.0, ""Password"": 0.842, ""Port_Scanning"": 0.88, ""Ransomware"": 0.884, ""SQL_injection"": 0.336, ""Uploading"": 0.236, ""Vulnerability_scanner"": 0.777, ""XSS"": 0.856}","[0.1838, 0.3472, 0.4148, 0.4159, 0.4591, 0.4868, 0.4861, 0.543, 0.5215, 0.595, 0.5754, 0.6023, 0.6405, 0.6386, 0.6314, 0.641, 0.6572, 0.6504, 0.6494, 0.6568, 0.6686, 0.6554, 0.6614, 0.6663, 0.67, 0.6716, 0.675, 0.6806, 0.6786, 0.6858]","[0.385, 0.4152, 0.4512, 0.3514, 0.2368, 0.3788, 0.2891, 0.5623, 0.2, 0.4003]",4.9,0,210,0,90,"[0, 0, 0, 0, 0, 0, 0, 0, 0, 0, 0, 0, 0, 0, 0, 0, 0, 0, 0, 0, 0, 0, 0, 0, 0, 0, 0, 0, 0, 0]","[30, 30, 30, 30, 30, 30, 30, 30, 30, 30]",3.5,1.0,0.5,3.0,112.56537912599764,,,,,,,,,,,
faithful_root_t-0.3_all_z0.5,faithful_root,-0.3,signflip,2,2,30,0.6924490072873706,0.7054368294048163,0.8417546928614681,1.0,0.0,0.011932396660557931,0.6920333333333334,"{""Backdoor"": 0.49, ""DDoS_HTTP"": 0.776, ""DDoS_ICMP"": 0.995, ""DDoS_TCP"": 0.564, ""DDoS_UDP"": 0.999, ""Fingerprinting"": 0.0, ""MITM"": 1.0, ""Normal"": 1.0, ""Password"": 0.977, ""Port_Scanning"": 0.879, ""Ransomware"": 0.883, ""SQL_injection"": 0.167, ""Uploading"": 0.408, ""Vulnerability_scanner"": 0.781, ""XSS"": 0.663}","[0.2561, 0.433, 0.5131, 0.5035, 0.5338, 0.5824, 0.5895, 0.6544, 0.6443, 0.6567, 0.6587, 0.6632, 0.6753, 0.6789, 0.6843, 0.677, 0.6807, 0.6885, 0.6829, 0.6939, 0.6949, 0.6934, 0.676, 0.6771, 0.6886, 0.6948, 0.6936, 0.6904, 0.6933, 0.6924]","[0.385, 0.4152, 0.4512, 0.3514, 0.2368, 0.3788, 0.2891, 0.5623, 0.2, 0.4003]",6.0,0,240,60,60,"[0, 0, 0, 0, 0, 0, 0, 0, 0, 0, 0, 0, 0, 0, 0, 0, 0, 0, 0, 0, 0, 0, 0, 0, 0, 0, 0, 0, 0, 0]","[0, 0, 30, 30, 30, 30, 30, 30, 30, 30]",3.5,1.0,0.5,3.0,112.56537912599764,,,,,,,,,,,
faithful_root_t-0.3_all_z1.0,faithful_root,-0.3,none,2,0,30,0.6945114300016401,0.7027235334738088,0.84000538249344,1.0,0.0,0.06487477092241906,0.6904333333333333,"{""Backdoor"": 0.936, ""DDoS_HTTP"": 0.845, ""DDoS_ICMP"": 0.993, ""DDoS_TCP"": 0.647, ""DDoS_UDP"": 0.999, ""Fingerprinting"": 0.0, ""MITM"": 1.0, ""Normal"": 1.0, ""Password"": 0.698, ""Port_Scanning"": 0.788, ""Ransomware"": 0.445, ""SQL_injection"": 0.355, ""Uploading"": 0.469, ""Vulnerability_scanner"": 0.815, ""XSS"": 0.552}","[0.2134, 0.4306, 0.5077, 0.455, 0.4584, 0.5091, 0.5493, 0.5988, 0.58, 0.6525, 0.6517, 0.6025, 0.6158, 0.6296, 0.6399, 0.6353, 0.6734, 0.6406, 0.6265, 0.6497, 0.6971, 0.688, 0.6677, 0.6688, 0.6807, 0.6862, 0.6839, 0.6901, 0.6867, 0.6945]","[0.385, 0.4152, 0.4512, 0.3514, 0.2368, 0.3788, 0.2891, 0.5623, 0.2, 0.4003]",5.5,0,300,0,0,"[0, 0, 0, 0, 0, 0, 0, 0, 0, 0, 0, 0, 0, 0, 0, 0, 0, 0, 0, 0, 0, 0, 0, 0, 0, 0, 0, 0, 0, 0]","[30, 30, 30, 30, 30, 30, 30, 30, 30, 30]",3.5,1.0,1.0,3.0,41.285057226388886,-0.1235836627140975,-0.006851119894598154,0.12321428571428568,0.3,0.3,0.1649538866930171,0.23175230566534913,0.7414285714285713,0.7,0.7,
faithful_root_t-0.3_all_z1.0,faithful_root,-0.3,backdoor,2,2,30,0.6837067741266409,0.7019383539569565,0.839310143757429,1.0,0.0,0.11215638362858889,0.6766,"{""Backdoor"": 0.913, ""DDoS_HTTP"": 0.608, ""DDoS_ICMP"": 0.997, ""DDoS_TCP"": 0.741, ""DDoS_UDP"": 0.999, ""Fingerprinting"": 0.0, ""MITM"": 1.0, ""Normal"": 1.0, ""Password"": 0.905, ""Port_Scanning"": 0.779, ""Ransomware"": 0.445, ""SQL_injection"": 0.083, ""Uploading"": 0.489, ""Vulnerability_scanner"": 0.824, ""XSS"": 0.746}","[0.0946, 0.2824, 0.3952, 0.5107, 0.5031, 0.5395, 0.5641, 0.5808, 0.5948, 0.5956, 0.5971, 0.619, 0.6111, 0.6094, 0.6669, 0.6289, 0.672, 0.6863, 0.6879, 0.6852, 0.6759, 0.6705, 0.6652, 0.6714, 0.6808, 0.6814, 0.6896, 0.6815, 0.6646, 0.6837]","[0.385, 0.4152, 0.4512, 0.3514, 0.2368, 0.3788, 0.2891, 0.5623, 0.2, 0.4003]",6.2,0,240,2,60,"[0, 0, 0, 0, 0, 0, 0, 0, 0, 0, 0, 0, 0, 0, 0, 0, 0, 0, 0, 0, 0, 0, 0, 0, 0, 0, 0, 0, 0, 0]","[28, 30, 30, 30, 30, 30, 30, 30, 30, 30]",3.5,1.0,1.0,3.0,41.285057226388886,,,,,,,,,,,
faithful_root_t-0.3_all_z1.0,faithful_root,-0.3,backdoor_boost,2,2,30,0.6828347267237987,0.6996026486962784,0.8377402498374038,1.0,0.0,0.002321319486866219,0.6765666666666666,"{""Backdoor"": 0.913, ""DDoS_HTTP"": 0.579, ""DDoS_ICMP"": 0.997, ""DDoS_TCP"": 0.75, ""DDoS_UDP"": 0.996, ""Fingerprinting"": 0.0, ""MITM"": 1.0, ""Normal"": 1.0, ""Password"": 0.834, ""Port_Scanning"": 0.808, ""Ransomware"": 0.445, ""SQL_injection"": 0.083, ""Uploading"": 0.5, ""Vulnerability_scanner"": 0.824, ""XSS"": 0.765}","[0.0962, 0.2878, 0.3977, 0.5011, 0.4944, 0.5292, 0.5389, 0.5587, 0.5834, 0.5936, 0.594, 0.61, 0.6023, 0.5939, 0.6608, 0.6575, 0.6682, 0.6789, 0.6662, 0.6705, 0.6689, 0.6699, 0.6659, 0.6716, 0.6856, 0.6885, 0.688, 0.683, 0.6639, 0.6828]","[0.385, 0.4152, 0.4512, 0.3514, 0.2368, 0.3788, 0.2891, 0.5623, 0.2, 0.4003]",6.1,0,240,54,60,"[0, 0, 0, 0, 0, 0, 0, 0, 0, 0, 0, 0, 0, 0, 0, 0, 0, 0, 0, 0, 0, 0, 0, 0, 0, 0, 0, 0, 0, 0]","[3, 3, 30, 30, 30, 30, 30, 30, 30, 30]",3.5,1.0,1.0,3.0,41.285057226388886,,,,,,,,,,,
faithful_root_t-0.3_all_z1.0,faithful_root,-0.3,adaptive_f30,2,3,30,0.6797372974435935,0.6874759379312959,0.8298683531812779,1.0,0.0,0.031154551007941355,0.6715333333333332,"{""Backdoor"": 0.473, ""DDoS_HTTP"": 0.679, ""DDoS_ICMP"": 0.998, ""DDoS_TCP"": 0.509, ""DDoS_UDP"": 0.999, ""Fingerprinting"": 0.0, ""MITM"": 1.0, ""Normal"": 1.0, ""Password"": 0.404, ""Port_Scanning"": 0.88, ""Ransomware"": 0.866, ""SQL_injection"": 0.708, ""Uploading"": 0.259, ""Vulnerability_scanner"": 0.784, ""XSS"": 0.753}","[0.159, 0.2941, 0.3358, 0.3748, 0.3826, 0.4574, 0.4443, 0.5378, 0.5648, 0.604, 0.5971, 0.5711, 0.58, 0.553, 0.5699, 0.566, 0.6056, 0.5839, 0.5656, 0.5916, 0.6504, 0.6067, 0.6101, 0.6403, 0.6582, 0.6651, 0.6387, 0.6722, 0.6627, 0.6797]","[0.385, 0.4152, 0.4512, 0.3514, 0.2368, 0.3788, 0.2891, 0.5623, 0.2, 0.4003]",6.1,0,210,0,90,"[0, 0, 0, 0, 0, 0, 0, 0, 0, 0, 0, 0, 0, 0, 0, 0, 0, 0, 0, 0, 0, 0, 0, 0, 0, 0, 0, 0, 0, 0]","[30, 30, 30, 30, 30, 30, 30, 30, 30, 30]",3.5,1.0,1.0,3.0,41.285057226388886,,,,,,,,,,,
faithful_root_t-0.3_all_z1.0,faithful_root,-0.3,signflip,2,2,30,0.6896769911067547,0.6960095622677546,0.8355423983493687,1.0,0.0,0.08287517817145185,0.6870333333333333,"{""Backdoor"": 0.462, ""DDoS_HTTP"": 0.805, ""DDoS_ICMP"": 0.997, ""DDoS_TCP"": 0.564, ""DDoS_UDP"": 0.997, ""Fingerprinting"": 0.0, ""MITM"": 1.0, ""Normal"": 1.0, ""Password"": 0.331, ""Port_Scanning"": 0.88, ""Ransomware"": 0.884, ""SQL_injection"": 0.59, ""Uploading"": 0.544, ""Vulnerability_scanner"": 0.815, ""XSS"": 0.573}","[0.1878, 0.3561, 0.4289, 0.4488, 0.4321, 0.4817, 0.5129, 0.5451, 0.5664, 0.6334, 0.6474, 0.5871, 0.6111, 0.6118, 0.6211, 0.6181, 0.6702, 0.637, 0.629, 0.6442, 0.6908, 0.68, 0.6603, 0.6659, 0.6641, 0.6799, 0.6818, 0.6885, 0.6829, 0.6897]","[0.385, 0.4152, 0.4512, 0.3514, 0.2368, 0.3788, 0.2891, 0.5623, 0.2, 0.4003]",5.2,0,240,60,60,"[0, 0, 0, 0, 0, 0, 0, 0, 0, 0, 0, 0, 0, 0, 0, 0, 0, 0, 0, 0, 0, 0, 0, 0, 0, 0, 0, 0, 0, 0]","[0, 0, 30, 30, 30, 30, 30, 30, 30, 30]",3.5,1.0,1.0,3.0,41.285057226388886,,,,,,,,,,,
faithful_root_t-0.3_all_z2.0,faithful_root,-0.3,none,2,0,30,0.5948466838004368,0.6175386790431581,0.8168830877570701,1.0,9.98302885095338e-05,0.08185705558949298,0.6471333333333333,"{""Backdoor"": 0.912, ""DDoS_HTTP"": 0.843, ""DDoS_ICMP"": 1.0, ""DDoS_TCP"": 0.996, ""DDoS_UDP"": 0.973, ""Fingerprinting"": 0.0, ""MITM"": 0.128, ""Normal"": 1.0, ""Password"": 0.072, ""Port_Scanning"": 0.429, ""Ransomware"": 0.489, ""SQL_injection"": 0.134, ""Uploading"": 0.926, ""Vulnerability_scanner"": 0.775, ""XSS"": 0.588}","[0.1499, 0.2667, 0.3397, 0.3694, 0.3778, 0.4002, 0.4094, 0.4522, 0.491, 0.4983, 0.5362, 0.5199, 0.5384, 0.5373, 0.5828, 0.5143, 0.5832, 0.5951, 0.5769, 0.5957, 0.6444, 0.6717, 0.6463, 0.6595, 0.6503, 0.6626, 0.6179, 0.6704, 0.6762, 0.5948]","[0.385, 0.4152, 0.4512, 0.3514, 0.2368, 0.3788, 0.2891, 0.5623, 0.2, 0.4003]",4.9,0,300,0,0,"[0, 0, 0, 0, 0, 0, 0, 0, 0, 0, 0, 0, 0, 0, 0, 0, 0, 0, 0, 0, 0, 0, 0, 0, 0, 0, 0, 0, 0, 0]","[30, 30, 30, 30, 30, 30, 30, 30, 30, 30]",3.5,1.0,2.0,3.0,16.891338818048375,-0.1235836627140975,-0.006851119894598154,0.12321428571428568,0.3,0.3,0.14637681159420288,0.19525691699604739,0.7560714285714283,0.7,0.6,
faithful_root_t-0.3_all_z2.0,faithful_root,-0.3,backdoor,2,2,30,0.59306801304578,0.6030453498486542,0.8038529682208616,1.0,0.0,0.06507839543881083,0.5833666666666667,"{""Backdoor"": 0.922, ""DDoS_HTTP"": 0.669, ""DDoS_ICMP"": 0.978, ""DDoS_TCP"": 0.574, ""DDoS_UDP"": 0.892, ""Fingerprinting"": 0.045, ""MITM"": 0.165, ""Normal"": 1.0, ""Password"": 0.207, ""Port_Scanning"": 0.985, ""Ransomware"": 0.312, ""SQL_injection"": 0.081, ""Uploading"": 0.83, ""Vulnerability_scanner"": 0.679, ""XSS"": 0.706}","[0.0886, 0.1787, 0.264, 0.3835, 0.3365, 0.3697, 0.3636, 0.4033, 0.4004, 0.4316, 0.5735, 0.5487, 0.5557, 0.5488, 0.5531, 0.5054, 0.5596, 0.5928, 0.6271, 0.5926, 0.5929, 0.5868, 0.5988, 0.6538, 0.6062, 0.6133, 0.6088, 0.5788, 0.5782, 0.5931]","[0.385, 0.4152, 0.4512, 0.3514, 0.2368, 0.3788, 0.2891, 0.5623, 0.2, 0.4003]",5.6,0,240,0,60,"[0, 0, 0, 0, 0, 0, 0, 0, 0, 0, 0, 0, 0, 0, 0, 0, 0, 0, 0, 0, 0, 0, 0, 0, 0, 0, 0, 0, 0, 0]","[30, 30, 30, 30, 30, 30, 30, 30, 30, 30]",3.5,1.0,2.0,3.0,16.891338818048375,,,,,,,,,,,
faithful_root_t-0.3_all_z2.0,faithful_root,-0.3,backdoor_boost,2,2,30,0.5522672987356161,0.5692032831773945,0.7797887371324767,0.9994705762573813,0.0,0.0009773976786805131,0.5491333333333334,"{""Backdoor"": 0.917, ""DDoS_HTTP"": 0.276, ""DDoS_ICMP"": 0.983, ""DDoS_TCP"": 0.579, ""DDoS_UDP"": 0.874, ""Fingerprinting"": 0.0, ""MITM"": 0.239, ""Normal"": 1.0, ""Password"": 0.108, ""Port_Scanning"": 0.944, ""Ransomware"": 0.334, ""SQL_injection"": 0.094, ""Uploading"": 0.876, ""Vulnerability_scanner"": 0.444, ""XSS"": 0.871}","[0.0898, 0.1817, 0.2669, 0.3817, 0.3336, 0.3657, 0.3499, 0.3722, 0.3901, 0.4037, 0.5569, 0.5193, 0.535, 0.5003, 0.5416, 0.4531, 0.5217, 0.5111, 0.5226, 0.5543, 0.5581, 0.5758, 0.5806, 0.5738, 0.5248, 0.5636, 0.561, 0.5444, 0.5507, 0.5523]","[0.385, 0.4152, 0.4512, 0.3514, 0.2368, 0.3788, 0.2891, 0.5623, 0.2, 0.4003]",4.9,0,240,48,60,"[0, 0, 0, 0, 0, 0, 0, 0, 0, 0, 0, 0, 0, 0, 0, 0, 0, 0, 0, 0, 0, 0, 0, 0, 0, 0, 0, 0, 0, 0]","[5, 7, 30, 30, 30, 30, 30, 30, 30, 30]",3.5,1.0,2.0,3.0,16.891338818048375,,,,,,,,,,,
faithful_root_t-0.3_all_z2.0,faithful_root,-0.3,adaptive_f30,2,3,30,0.4552496592375786,0.47081250555952603,0.7216353809235462,1.0,0.0,0.1200570148645897,0.468,"{""Backdoor"": 0.463, ""DDoS_HTTP"": 0.358, ""DDoS_ICMP"": 1.0, ""DDoS_TCP"": 0.348, ""DDoS_UDP"": 0.493, ""Fingerprinting"": 0.0, ""MITM"": 0.016, ""Normal"": 1.0, ""Password"": 0.112, ""Port_Scanning"": 0.152, ""Ransomware"": 0.896, ""SQL_injection"": 0.347, ""Uploading"": 0.703, ""Vulnerability_scanner"": 0.567, ""XSS"": 0.607}","[0.1339, 0.1546, 0.2533, 0.2633, 0.2482, 0.2963, 0.376, 0.3969, 0.4333, 0.3668, 0.3587, 0.3645, 0.4242, 0.3736, 0.3568, 0.3786, 0.3757, 0.3957, 0.4004, 0.4012, 0.5156, 0.5084, 0.4605, 0.5386, 0.5328, 0.5507, 0.5497, 0.5088, 0.44, 0.4552]","[0.385, 0.4152, 0.4512, 0.3514, 0.2368, 0.3788, 0.2891, 0.5623, 0.2, 0.4003]",6.7,0,210,0,90,"[0, 0, 0, 0, 0, 0, 0, 0, 0, 0, 0, 0, 0, 0, 0, 0, 0, 0, 0, 0, 0, 0, 0, 0, 0, 0, 0, 0, 0, 0]","[30, 30, 30, 30, 30, 30, 30, 30, 30, 30]",3.5,1.0,2.0,3.0,16.891338818048375,,,,,,,,,,,
faithful_root_t-0.3_all_z2.0,faithful_root,-0.3,signflip,2,2,30,0.5759045819673937,0.59943187477222,0.808248671196932,1.0,0.0011979634621144056,0.0859702708206068,0.5788666666666665,"{""Backdoor"": 0.929, ""DDoS_HTTP"": 0.904, ""DDoS_ICMP"": 0.974, ""DDoS_TCP"": 0.985, ""DDoS_UDP"": 0.889, ""Fingerprinting"": 0.0, ""MITM"": 0.025, ""Normal"": 0.999, ""Password"": 0.112, ""Port_Scanning"": 0.464, ""Ransomware"": 0.453, ""SQL_injection"": 0.161, ""Uploading"": 0.869, ""Vulnerability_scanner"": 0.775, ""XSS"": 0.45}","[0.142, 0.2218, 0.2989, 0.2999, 0.2594, 0.3418, 0.3587, 0.3935, 0.4281, 0.371, 0.3688, 0.3197, 0.4471, 0.4008, 0.4063, 0.3675, 0.4296, 0.3617, 0.4524, 0.4468, 0.546, 0.5424, 0.5259, 0.6037, 0.5857, 0.5764, 0.5574, 0.5902, 0.5705, 0.5759]","[0.385, 0.4152, 0.4512, 0.3514, 0.2368, 0.3788, 0.2891, 0.5623, 0.2, 0.4003]",5.8,0,240,60,60,"[0, 0, 0, 0, 0, 0, 0, 0, 0, 0, 0, 0, 0, 0, 0, 0, 0, 0, 0, 0, 0, 0, 0, 0, 0, 0, 0, 0, 0, 0]","[0, 0, 30, 30, 30, 30, 30, 30, 30, 30]",3.5,1.0,2.0,3.0,16.891338818048375,,,,,,,,,,,
local_only,local_only,,none,3,0,30,0.5240652935794501,0.5831166273497935,0.7722308192603557,0.9996864182447567,0.0,0.0045408267155365506,0.5240652935794501,"{""Backdoor"": 0.0, ""DDoS_HTTP"": 0.988, ""DDoS_ICMP"": 1.0, ""DDoS_TCP"": 0.996, ""DDoS_UDP"": 0.503, ""Fingerprinting"": 0.0, ""MITM"": 1.0, ""Normal"": 1.0, ""Password"": 0.105, ""Port_Scanning"": 0.515, ""Ransomware"": 0.841, ""SQL_injection"": 0.999, ""Uploading"": 0.421, ""Vulnerability_scanner"": 0.804, ""XSS"": 0.038}",[],"[0.2407, 0.3169, 0.3264, 0.4163, 0.2467, 0.2125, 0.2614, 0.311, 0.6478, 0.565]",1.8,,,,,[],[],,,,,,,,,,,,,,,,
centralized,centralized,,none,3,0,30,0.7161300815542515,0.7135144731109986,0.8418668281414698,1.0,0.0,0.0,0.7214,"{""Backdoor"": 0.905, ""DDoS_HTTP"": 0.644, ""DDoS_ICMP"": 0.993, ""DDoS_TCP"": 0.775, ""DDoS_UDP"": 0.992, ""Fingerprinting"": 0.135, ""MITM"": 1.0, ""Normal"": 1.0, ""Password"": 0.624, ""Port_Scanning"": 0.76, ""Ransomware"": 0.437, ""SQL_injection"": 0.496, ""Uploading"": 0.395, ""Vulnerability_scanner"": 0.766, ""XSS"": 0.781}","[0.4709, 0.5117, 0.5772, 0.6125, 0.6364, 0.6448, 0.6605, 0.6663, 0.6641, 0.7032, 0.7071, 0.709, 0.7087, 0.7039, 0.7218, 0.7167, 0.7208, 0.7269, 0.7223, 0.7276, 0.7269, 0.725, 0.7197, 0.7149, 0.7292, 0.7233, 0.7216, 0.7192, 0.7289, 0.7161]","[0.2407, 0.3169, 0.3264, 0.4163, 0.2467, 0.2125, 0.2614, 0.311, 0.6478, 0.565]",1.7,,,,,[],[],,,,,,,,,,,,,,,,
fedavg,fedavg,,none,3,0,30,0.7143548709843305,0.7200699317560191,0.8472268945255557,1.0,0.0,0.0,0.7056,"{""Backdoor"": 0.878, ""DDoS_HTTP"": 0.839, ""DDoS_ICMP"": 0.996, ""DDoS_TCP"": 0.968, ""DDoS_UDP"": 0.993, ""Fingerprinting"": 0.11, ""MITM"": 1.0, ""Normal"": 1.0, ""Password"": 0.867, ""Port_Scanning"": 0.556, ""Ransomware"": 0.55, ""SQL_injection"": 0.239, ""Uploading"": 0.42, ""Vulnerability_scanner"": 0.778, ""XSS"": 0.606}","[0.3316, 0.4646, 0.5128, 0.5705, 0.5881, 0.5852, 0.6373, 0.6424, 0.6763, 0.6814, 0.6879, 0.6916, 0.6877, 0.6919, 0.6925, 0.6939, 0.6918, 0.6888, 0.6902, 0.6942, 0.7023, 0.6994, 0.7068, 0.7084, 0.7019, 0.7093, 0.7066, 0.6991, 0.7033, 0.7144]","[0.2407, 0.3169, 0.3264, 0.4163, 0.2467, 0.2125, 0.2614, 0.311, 0.6478, 0.565]",2.4,,,,,[],[],,,,,,0.4249011857707509,0.28840579710144926,0.817142857142857,0.7,0.6,,,,,,
fedavg,fedavg,,signflip,3,2,30,0.1265870324288466,0.23786164115034303,0.16091412680257464,1.0,1.0,0.0,0.09173333333333333,"{""Backdoor"": 0.652, ""DDoS_HTTP"": 0.0, ""DDoS_ICMP"": 0.0, ""DDoS_TCP"": 0.0, ""DDoS_UDP"": 1.0, ""Fingerprinting"": 0.0, ""MITM"": 0.0, ""Normal"": 0.0, ""Password"": 0.965, ""Port_Scanning"": 0.439, ""Ransomware"": 0.0, ""SQL_injection"": 0.0, ""Uploading"": 0.0, ""Vulnerability_scanner"": 0.374, ""XSS"": 0.137}","[0.0563, 0.0699, 0.1244, 0.117, 0.1365, 0.1051, 0.0682, 0.0662, 0.0668, 0.0666, 0.0677, 0.0556, 0.0956, 0.0252, 0.0968, 0.1155, 0.1403, 0.0553, 0.0824, 0.048, 0.0802, 0.1169, 0.096, 0.131, 0.0482, 0.1018, 0.0933, 0.0874, 0.0612, 0.1266]","[0.2407, 0.3169, 0.3264, 0.4163, 0.2467, 0.2125, 0.2614, 0.311, 0.6478, 0.565]",2.5,,,,,[],[],,,,,,,,,,,,,,,,
fedavg,fedavg,,labelflip,3,2,30,0.6822533946444697,0.7014222406633516,0.827872345197246,1.0,0.0,0.0,0.6805,"{""Backdoor"": 0.916, ""DDoS_HTTP"": 0.629, ""DDoS_ICMP"": 0.977, ""DDoS_TCP"": 0.847, ""DDoS_UDP"": 0.996, ""Fingerprinting"": 0.275, ""MITM"": 1.0, ""Normal"": 1.0, ""Password"": 0.105, ""Port_Scanning"": 0.697, ""Ransomware"": 0.381, ""SQL_injection"": 0.075, ""Uploading"": 0.999, ""Vulnerability_scanner"": 0.775, ""XSS"": 0.85}","[0.3578, 0.4268, 0.5323, 0.5598, 0.577, 0.6343, 0.6275, 0.6314, 0.641, 0.647, 0.6507, 0.6503, 0.6504, 0.6505, 0.6525, 0.6532, 0.6509, 0.6497, 0.6563, 0.6507, 0.653, 0.6558, 0.6577, 0.6571, 0.6598, 0.6722, 0.676, 0.6788, 0.6804, 0.6823]","[0.2407, 0.3169, 0.3264, 0.4163, 0.2467, 0.2125, 0.2614, 0.311, 0.6478, 0.565]",2.4,,,,,[],[],,,,,,,,,,,,,,,,
fedavg,fedavg,,targeted_flip,3,2,30,0.7172531954648063,0.7271421182717188,0.842001390477472,0.9983302789655875,0.0,0.0,0.6953,"{""Backdoor"": 0.935, ""DDoS_HTTP"": 0.626, ""DDoS_ICMP"": 0.967, ""DDoS_TCP"": 0.81, ""DDoS_UDP"": 0.998, ""Fingerprinting"": 0.355, ""MITM"": 1.0, ""Normal"": 1.0, ""Password"": 0.938, ""Port_Scanning"": 0.728, ""Ransomware"": 0.381, ""SQL_injection"": 0.079, ""Uploading"": 0.468, ""Vulnerability_scanner"": 0.768, ""XSS"": 0.854}","[0.214, 0.4172, 0.5388, 0.5861, 0.5967, 0.5964, 0.6023, 0.623, 0.6337, 0.6763, 0.6776, 0.6761, 0.6759, 0.6782, 0.6796, 0.6804, 0.6823, 0.6804, 0.6859, 0.6814, 0.682, 0.6795, 0.6817, 0.6822, 0.6824, 0.6819, 0.6821, 0.6826, 0.686, 0.7173]","[0.2407, 0.3169, 0.3264, 0.4163, 0.2467, 0.2125, 0.2614, 0.311, 0.6478, 0.565]",2.6,,,,,[],[],,,,,,,,,,,,,,,,
fedavg,fedavg,,backdoor,3,2,30,0.6926783697149591,0.7098177516334464,0.839310143757429,1.0,0.0,0.9978823050295256,0.6950333333333333,"{""Backdoor"": 0.912, ""DDoS_HTTP"": 0.935, ""DDoS_ICMP"": 0.996, ""DDoS_TCP"": 0.996, ""DDoS_UDP"": 0.994, ""Fingerprinting"": 0.135, ""MITM"": 1.0, ""Normal"": 1.0, ""Password"": 0.966, ""Port_Scanning"": 0.515, ""Ransomware"": 0.406, ""SQL_injection"": 0.08, ""Uploading"": 0.428, ""Vulnerability_scanner"": 0.776, ""XSS"": 0.508}","[0.3579, 0.5401, 0.5687, 0.6348, 0.6471, 0.6533, 0.6641, 0.6488, 0.6579, 0.6484, 0.6698, 0.6583, 0.6709, 0.6677, 0.6911, 0.668, 0.6714, 0.6808, 0.6819, 0.681, 0.6996, 0.6943, 0.6952, 0.7071, 0.6969, 0.7082, 0.6953, 0.6934, 0.699, 0.6927]","[0.2407, 0.3169, 0.3264, 0.4163, 0.2467, 0.2125, 0.2614, 0.311, 0.6478, 0.565]",2.7,,,,,[],[],,,,,,,,,,,,,,,,
fedavg,fedavg,,backdoor_boost,3,2,30,0.6912057971299856,0.6991841026039295,0.8321783399493149,1.0,0.0,1.0,0.6922,"{""Backdoor"": 0.44, ""DDoS_HTTP"": 0.956, ""DDoS_ICMP"": 0.998, ""DDoS_TCP"": 0.996, ""DDoS_UDP"": 0.992, ""Fingerprinting"": 0.135, ""MITM"": 1.0, ""Normal"": 1.0, ""Password"": 0.753, ""Port_Scanning"": 0.515, ""Ransomware"": 0.841, ""SQL_injection"": 0.352, ""Uploading"": 0.404, ""Vulnerability_scanner"": 0.806, ""XSS"": 0.301}","[0.4032, 0.522, 0.5525, 0.6251, 0.6357, 0.6361, 0.6459, 0.6567, 0.6372, 0.6545, 0.6521, 0.6419, 0.6638, 0.6488, 0.6752, 0.6531, 0.6587, 0.6778, 0.6719, 0.6554, 0.6933, 0.6929, 0.6914, 0.6935, 0.6932, 0.6885, 0.6844, 0.6905, 0.6949, 0.6912]","[0.2407, 0.3169, 0.3264, 0.4163, 0.2467, 0.2125, 0.2614, 0.311, 0.6478, 0.565]",2.4,,,,,[],[],,,,,,,,,,,,,,,,
fedavg,fedavg,,adaptive,3,2,30,0.3614617926740254,0.4569083996050214,0.6893404202830294,1.0,0.016821403613856444,0.0003257992262268377,0.38423333333333337,"{""Backdoor"": 0.94, ""DDoS_HTTP"": 0.105, ""DDoS_ICMP"": 0.0, ""DDoS_TCP"": 0.826, ""DDoS_UDP"": 0.824, ""Fingerprinting"": 0.425, ""MITM"": 0.0, ""Normal"": 0.983, ""Password"": 1.0, ""Port_Scanning"": 0.621, ""Ransomware"": 0.179, ""SQL_injection"": 0.0, ""Uploading"": 0.0, ""Vulnerability_scanner"": 0.0, ""XSS"": 0.95}","[0.0744, 0.1461, 0.2049, 0.2419, 0.255, 0.2965, 0.3206, 0.3548, 0.3803, 0.3918, 0.3942, 0.3956, 0.391, 0.3939, 0.4049, 0.4197, 0.4423, 0.4941, 0.4487, 0.4687, 0.4562, 0.4401, 0.3843, 0.4246, 0.3719, 0.3893, 0.4411, 0.4365, 0.3547, 0.3615]","[0.2407, 0.3169, 0.3264, 0.4163, 0.2467, 0.2125, 0.2614, 0.311, 0.6478, 0.565]",2.6,,,,,[],[],,,,,,,,,,,,,,,,
fedavg,fedavg,,adaptive_f30,3,3,30,0.04326342016934794,0.15601322827103686,0.10572114198569153,1.0,1.0,0.0,0.04306666666666667,"{""Backdoor"": 0.0, ""DDoS_HTTP"": 0.0, ""DDoS_ICMP"": 0.0, ""DDoS_TCP"": 0.011, ""DDoS_UDP"": 1.0, ""Fingerprinting"": 0.0, ""MITM"": 0.0, ""Normal"": 0.0, ""Password"": 0.951, ""Port_Scanning"": 0.001, ""Ransomware"": 0.0, ""SQL_injection"": 0.0, ""Uploading"": 0.0, ""Vulnerability_scanner"": 0.377, ""XSS"": 0.0}","[0.0327, 0.0696, 0.0763, 0.0623, 0.0613, 0.0626, 0.0613, 0.0561, 0.0503, 0.0472, 0.0463, 0.0437, 0.0414, 0.039, 0.0387, 0.0382, 0.0379, 0.0378, 0.0377, 0.0376, 0.0376, 0.0373, 0.0373, 0.0374, 0.0397, 0.0421, 0.042, 0.0424, 0.0435, 0.0433]","[0.2407, 0.3169, 0.3264, 0.4163, 0.2467, 0.2125, 0.2614, 0.311, 0.6478, 0.565]",2.9,,,,,[],[],,,,,,,,,,,,,,,,
trimmed_mean,trimmed,,none,3,0,30,0.6914414430312447,0.702025991152526,0.8394895602054319,1.0,0.0,0.0,0.6896000000000001,"{""Backdoor"": 0.439, ""DDoS_HTTP"": 0.71, ""DDoS_ICMP"": 0.997, ""DDoS_TCP"": 0.978, ""DDoS_UDP"": 0.99, ""Fingerprinting"": 0.0, ""MITM"": 1.0, ""Normal"": 1.0, ""Password"": 0.841, ""Port_Scanning"": 0.546, ""Ransomware"": 0.841, ""SQL_injection"": 0.259, ""Uploading"": 0.422, ""Vulnerability_scanner"": 0.784, ""XSS"": 0.724}","[0.2535, 0.3989, 0.4793, 0.5336, 0.5855, 0.5767, 0.6117, 0.6147, 0.5943, 0.6068, 0.6173, 0.6231, 0.6175, 0.6274, 0.6832, 0.6847, 0.6873, 0.6922, 0.6911, 0.6937, 0.6917, 0.6961, 0.6899, 0.6939, 0.689, 0.6918, 0.6966, 0.6911, 0.6863, 0.6914]","[0.2407, 0.3169, 0.3264, 0.4163, 0.2467, 0.2125, 0.2614, 0.311, 0.6478, 0.565]",2.9,,,,,[],[],,,,,,0.31660079051383394,0.269828722002635,0.814642857142857,0.7,0.5,,,,,,
trimmed_mean,trimmed,,signflip,3,2,30,0.6770371463265121,0.6949790102755207,0.8392204355334275,1.0,0.0,0.0,0.6741,"{""Backdoor"": 0.936, ""DDoS_HTTP"": 0.626, ""DDoS_ICMP"": 0.936, ""DDoS_TCP"": 0.813, ""DDoS_UDP"": 0.997, ""Fingerprinting"": 0.0, ""MITM"": 0.885, ""Normal"": 1.0, ""Password"": 0.968, ""Port_Scanning"": 0.733, ""Ransomware"": 0.381, ""SQL_injection"": 0.075, ""Uploading"": 0.437, ""Vulnerability_scanner"": 0.786, ""XSS"": 0.852}","[0.2788, 0.4105, 0.4966, 0.5303, 0.5505, 0.5467, 0.5477, 0.5538, 0.5848, 0.5875, 0.5873, 0.5929, 0.5966, 0.6016, 0.602, 0.6019, 0.606, 0.6529, 0.6582, 0.6575, 0.6617, 0.6643, 0.6662, 0.67, 0.6673, 0.6702, 0.6658, 0.6726, 0.6727, 0.677]","[0.2407, 0.3169, 0.3264, 0.4163, 0.2467, 0.2125, 0.2614, 0.311, 0.6478, 0.565]",2.5,,,,,[],[],,,,,,,,,,,,,,,,
trimmed_mean,trimmed,,labelflip,3,2,30,0.6933375332520914,0.7102070066403134,0.8448944807015183,1.0,0.0,0.0,0.6881666666666666,"{""Backdoor"": 0.899, ""DDoS_HTTP"": 0.626, ""DDoS_ICMP"": 0.978, ""DDoS_TCP"": 0.826, ""DDoS_UDP"": 0.994, ""Fingerprinting"": 0.0, ""MITM"": 1.0, ""Normal"": 1.0, ""Password"": 0.73, ""Port_Scanning"": 0.719, ""Ransomware"": 0.553, ""SQL_injection"": 0.079, ""Uploading"": 0.621, ""Vulnerability_scanner"": 0.773, ""XSS"": 0.854}","[0.2509, 0.4086, 0.4868, 0.5145, 0.5801, 0.5949, 0.5939, 0.598, 0.5891, 0.606, 0.6098, 0.6655, 0.6651, 0.6664, 0.6717, 0.6705, 0.6695, 0.6676, 0.6804, 0.6839, 0.6854, 0.6837, 0.6879, 0.685, 0.6917, 0.685, 0.6806, 0.6856, 0.6856, 0.6933]","[0.2407, 0.3169, 0.3264, 0.4163, 0.2467, 0.2125, 0.2614, 0.311, 0.6478, 0.565]",2.4,,,,,[],[],,,,,,,,,,,,,,,,
trimmed_mean,trimmed,,targeted_flip,3,2,30,0.6833080195039359,0.7026542183786674,0.840498777725448,1.0,0.0,0.0,0.6731666666666666,"{""Backdoor"": 0.89, ""DDoS_HTTP"": 0.632, ""DDoS_ICMP"": 0.977, ""DDoS_TCP"": 0.88, ""DDoS_UDP"": 0.992, ""Fingerprinting"": 0.0, ""MITM"": 0.984, ""Normal"": 1.0, ""Password"": 0.926, ""Port_Scanning"": 0.649, ""Ransomware"": 0.437, ""SQL_injection"": 0.091, ""Uploading"": 0.467, ""Vulnerability_scanner"": 0.769, ""XSS"": 0.847}","[0.2045, 0.4179, 0.4766, 0.4986, 0.5791, 0.5832, 0.598, 0.6041, 0.5997, 0.6044, 0.6072, 0.6089, 0.6643, 0.6675, 0.6676, 0.6681, 0.667, 0.6641, 0.6679, 0.6688, 0.6674, 0.6693, 0.6688, 0.6689, 0.6745, 0.6841, 0.6775, 0.6739, 0.6623, 0.6833]","[0.2407, 0.3169, 0.3264, 0.4163, 0.2467, 0.2125, 0.2614, 0.311, 0.6478, 0.565]",2.4,,,,,[],[],,,,,,,,,,,,,,,,
trimmed_mean,trimmed,,backdoor,3,2,30,0.6775322263571725,0.6982020080331558,0.836932875821391,1.0,0.0,0.10315618000407249,0.6824666666666666,"{""Backdoor"": 0.44, ""DDoS_HTTP"": 0.93, ""DDoS_ICMP"": 0.996, ""DDoS_TCP"": 1.0, ""DDoS_UDP"": 0.992, ""Fingerprinting"": 0.0, ""MITM"": 1.0, ""Normal"": 1.0, ""Password"": 0.919, ""Port_Scanning"": 0.515, ""Ransomware"": 0.841, ""SQL_injection"": 0.098, ""Uploading"": 0.452, ""Vulnerability_scanner"": 0.775, ""XSS"": 0.515}","[0.2807, 0.4824, 0.5481, 0.5535, 0.5797, 0.6472, 0.644, 0.6545, 0.6547, 0.6585, 0.6623, 0.6572, 0.6673, 0.6771, 0.6791, 0.6571, 0.6617, 0.6824, 0.6878, 0.6793, 0.6811, 0.6881, 0.6812, 0.6766, 0.6858, 0.6787, 0.6791, 0.686, 0.6839, 0.6775]","[0.2407, 0.3169, 0.3264, 0.4163, 0.2467, 0.2125, 0.2614, 0.311, 0.6478, 0.565]",2.4,,,,,[],[],,,,,,,,,,,,,,,,
trimmed_mean,trimmed,,backdoor_boost,3,2,30,0.6827756831177327,0.698690887329957,0.8372917087173967,1.0,0.0,0.11411117898594991,0.6808666666666666,"{""Backdoor"": 0.44, ""DDoS_HTTP"": 0.935, ""DDoS_ICMP"": 0.997, ""DDoS_TCP"": 1.0, ""DDoS_UDP"": 0.993, ""Fingerprinting"": 0.0, ""MITM"": 1.0, ""Normal"": 1.0, ""Password"": 0.848, ""Port_Scanning"": 0.515, ""Ransomware"": 0.841, ""SQL_injection"": 0.171, ""Uploading"": 0.454, ""Vulnerability_scanner"": 0.776, ""XSS"": 0.511}","[0.3216, 0.4966, 0.557, 0.5645, 0.6365, 0.6529, 0.6496, 0.6667, 0.6496, 0.6632, 0.6661, 0.6491, 0.6703, 0.6811, 0.6774, 0.6685, 0.6599, 0.6794, 0.6869, 0.6757, 0.6799, 0.6787, 0.6764, 0.6789, 0.6931, 0.6787, 0.6768, 0.6816, 0.6782, 0.6828]","[0.2407, 0.3169, 0.3264, 0.4163, 0.2467, 0.2125, 0.2614, 0.311, 0.6478, 0.565]",2.4,,,,,[],[],,,,,,,,,,,,,,,,
trimmed_mean,trimmed,,adaptive,3,2,30,0.6749426079231228,0.6932518990682313,0.8380542286214089,1.0,0.0,0.0,0.6735333333333333,"{""Backdoor"": 0.937, ""DDoS_HTTP"": 0.626, ""DDoS_ICMP"": 0.942, ""DDoS_TCP"": 0.866, ""DDoS_UDP"": 0.996, ""Fingerprinting"": 0.0, ""MITM"": 0.885, ""Normal"": 1.0, ""Password"": 0.969, ""Port_Scanning"": 0.661, ""Ransomware"": 0.381, ""SQL_injection"": 0.075, ""Uploading"": 0.436, ""Vulnerability_scanner"": 0.772, ""XSS"": 0.854}","[0.279, 0.4115, 0.4835, 0.5282, 0.55, 0.5468, 0.5479, 0.5531, 0.5845, 0.5874, 0.5867, 0.5918, 0.5961, 0.5993, 0.6017, 0.6021, 0.6055, 0.6526, 0.6562, 0.6544, 0.6585, 0.664, 0.6652, 0.669, 0.6661, 0.6696, 0.6652, 0.6728, 0.6729, 0.6749]","[0.2407, 0.3169, 0.3264, 0.4163, 0.2467, 0.2125, 0.2614, 0.311, 0.6478, 0.565]",2.5,,,,,[],[],,,,,,,,,,,,,,,,
trimmed_mean,trimmed,,adaptive_f30,3,3,30,0.6034779744067872,0.6275052753707084,0.8286348651012582,1.0,0.0,0.0,0.6074999999999999,"{""Backdoor"": 0.914, ""DDoS_HTTP"": 0.563, ""DDoS_ICMP"": 0.894, ""DDoS_TCP"": 0.601, ""DDoS_UDP"": 1.0, ""Fingerprinting"": 0.0, ""MITM"": 0.0, ""Normal"": 1.0, ""Password"": 0.996, ""Port_Scanning"": 0.965, ""Ransomware"": 0.381, ""SQL_injection"": 0.075, ""Uploading"": 0.383, ""Vulnerability_scanner"": 0.832, ""XSS"": 0.809}","[0.237, 0.4072, 0.45, 0.5169, 0.5593, 0.5645, 0.5705, 0.5773, 0.5855, 0.5819, 0.5859, 0.5882, 0.5917, 0.5934, 0.5938, 0.5825, 0.5928, 0.5952, 0.5918, 0.5952, 0.5977, 0.5907, 0.5908, 0.5913, 0.5912, 0.6013, 0.5984, 0.61, 0.609, 0.6035]","[0.2407, 0.3169, 0.3264, 0.4163, 0.2467, 0.2125, 0.2614, 0.311, 0.6478, 0.565]",2.4,,,,,[],[],,,,,,,,,,,,,,,,
multi_krum,krum,,none,3,0,30,0.7031494551514696,0.7133873899164708,0.8418892551974703,1.0,0.0,0.0,0.7025333333333333,"{""Backdoor"": 0.437, ""DDoS_HTTP"": 0.626, ""DDoS_ICMP"": 0.998, ""DDoS_TCP"": 1.0, ""DDoS_UDP"": 0.976, ""Fingerprinting"": 0.135, ""MITM"": 1.0, ""Normal"": 1.0, ""Password"": 0.119, ""Port_Scanning"": 0.517, ""Ransomware"": 0.903, ""SQL_injection"": 0.967, ""Uploading"": 0.422, ""Vulnerability_scanner"": 0.809, ""XSS"": 0.791}","[0.2457, 0.4187, 0.5153, 0.5442, 0.5885, 0.5919, 0.5965, 0.5944, 0.5888, 0.6017, 0.6155, 0.6239, 0.649, 0.644, 0.6954, 0.6859, 0.698, 0.6908, 0.7089, 0.6972, 0.7051, 0.7016, 0.7026, 0.7016, 0.7162, 0.7022, 0.7059, 0.7026, 0.7019, 0.7031]","[0.2407, 0.3169, 0.3264, 0.4163, 0.2467, 0.2125, 0.2614, 0.311, 0.6478, 0.565]",2.4,90,300,0,0,"[3, 3, 3, 3, 3, 3, 3, 3, 3, 3, 3, 3, 3, 3, 3, 3, 3, 3, 3, 3, 3, 3, 3, 3, 3, 3, 3, 3, 3, 3]","[30, 30, 2, 30, 30, 30, 30, 28, 0, 0]",,,,,,0.07180500658761528,0.3105401844532279,0.8149999999999998,0.7,0.7,,,,,,
multi_krum,krum,,signflip,3,2,30,0.7130553085325683,0.7224334865753756,0.8414631411334634,1.0,0.0,0.0,0.7082333333333333,"{""Backdoor"": 0.933, ""DDoS_HTTP"": 0.626, ""DDoS_ICMP"": 0.991, ""DDoS_TCP"": 0.824, ""DDoS_UDP"": 0.994, ""Fingerprinting"": 0.29, ""MITM"": 1.0, ""Normal"": 1.0, ""Password"": 0.828, ""Port_Scanning"": 0.725, ""Ransomware"": 0.381, ""SQL_injection"": 0.088, ""Uploading"": 0.534, ""Vulnerability_scanner"": 0.769, ""XSS"": 0.854}","[0.3704, 0.45, 0.5761, 0.5899, 0.6072, 0.6043, 0.6368, 0.6857, 0.6779, 0.6826, 0.6847, 0.6831, 0.6819, 0.6849, 0.6855, 0.6878, 0.686, 0.6878, 0.6914, 0.6897, 0.6913, 0.6917, 0.695, 0.6982, 0.6954, 0.7009, 0.7028, 0.7051, 0.7065, 0.7131]","[0.2407, 0.3169, 0.3264, 0.4163, 0.2467, 0.2125, 0.2614, 0.311, 0.6478, 0.565]",2.4,30,240,60,60,"[1, 1, 1, 1, 1, 1, 1, 1, 1, 1, 1, 1, 1, 1, 1, 1, 1, 1, 1, 1, 1, 1, 1, 1, 1, 1, 1, 1, 1, 1]","[0, 0, 29, 30, 30, 30, 30, 30, 1, 30]",,,,,,,,,,,,,,,,
multi_krum,krum,,labelflip,3,2,30,0.7130553085325683,0.7224334865753756,0.8414631411334634,1.0,0.0,0.0,0.7082333333333333,"{""Backdoor"": 0.933, ""DDoS_HTTP"": 0.626, ""DDoS_ICMP"": 0.991, ""DDoS_TCP"": 0.824, ""DDoS_UDP"": 0.994, ""Fingerprinting"": 0.29, ""MITM"": 1.0, ""Normal"": 1.0, ""Password"": 0.828, ""Port_Scanning"": 0.725, ""Ransomware"": 0.381, ""SQL_injection"": 0.088, ""Uploading"": 0.534, ""Vulnerability_scanner"": 0.769, ""XSS"": 0.854}","[0.3704, 0.45, 0.5761, 0.5899, 0.6072, 0.6043, 0.6368, 0.6857, 0.6779, 0.6826, 0.6847, 0.6831, 0.6819, 0.6849, 0.6855, 0.6878, 0.686, 0.6878, 0.6914, 0.6897, 0.6913, 0.6917, 0.695, 0.6982, 0.6954, 0.7009, 0.7028, 0.7051, 0.7065, 0.7131]","[0.2407, 0.3169, 0.3264, 0.4163, 0.2467, 0.2125, 0.2614, 0.311, 0.6478, 0.565]",2.4,30,240,60,60,"[1, 1, 1, 1, 1, 1, 1, 1, 1, 1, 1, 1, 1, 1, 1, 1, 1, 1, 1, 1, 1, 1, 1, 1, 1, 1, 1, 1, 1, 1]","[0, 0, 29, 30, 30, 30, 30, 30, 1, 30]",,,,,,,,,,,,,,,,
multi_krum,krum,,targeted_flip,3,2,30,0.7128765223572116,0.7228647116052153,0.8417546928614681,1.0,0.0,0.0,0.7082,"{""Backdoor"": 0.933, ""DDoS_HTTP"": 0.626, ""DDoS_ICMP"": 0.991, ""DDoS_TCP"": 0.823, ""DDoS_UDP"": 0.994, ""Fingerprinting"": 0.29, ""MITM"": 1.0, ""Normal"": 1.0, ""Password"": 0.858, ""Port_Scanning"": 0.727, ""Ransomware"": 0.381, ""SQL_injection"": 0.084, ""Uploading"": 0.513, ""Vulnerability_scanner"": 0.769, ""XSS"": 0.854}","[0.268, 0.4316, 0.5501, 0.5883, 0.6055, 0.6048, 0.6359, 0.6847, 0.6788, 0.6828, 0.6828, 0.6825, 0.6812, 0.6839, 0.6856, 0.6856, 0.6828, 0.6872, 0.6911, 0.6892, 0.6903, 0.6908, 0.6946, 0.6973, 0.6946, 0.6999, 0.7024, 0.7062, 0.7055, 0.7129]","[0.2407, 0.3169, 0.3264, 0.4163, 0.2467, 0.2125, 0.2614, 0.311, 0.6478, 0.565]",2.7,31,240,59,60,"[2, 1, 1, 1, 1, 1, 1, 1, 1, 1, 1, 1, 1, 1, 1, 1, 1, 1, 1, 1, 1, 1, 1, 1, 1, 1, 1, 1, 1, 1]","[0, 1, 29, 29, 30, 30, 30, 30, 1, 30]",,,,,,,,,,,,,,,,
multi_krum,krum,,backdoor,3,2,30,0.7073729805244563,0.7061780838217457,0.8375832604454013,1.0,0.0,1.0,0.6989666666666666,"{""Backdoor"": 0.438, ""DDoS_HTTP"": 0.68, ""DDoS_ICMP"": 1.0, ""DDoS_TCP"": 0.997, ""DDoS_UDP"": 0.99, ""Fingerprinting"": 0.135, ""MITM"": 0.984, ""Normal"": 1.0, ""Password"": 0.447, ""Port_Scanning"": 0.515, ""Ransomware"": 0.841, ""SQL_injection"": 0.632, ""Uploading"": 0.43, ""Vulnerability_scanner"": 0.809, ""XSS"": 0.695}","[0.2945, 0.4705, 0.5031, 0.5071, 0.5417, 0.5712, 0.5915, 0.6131, 0.6256, 0.6375, 0.6733, 0.6666, 0.6827, 0.6744, 0.6863, 0.6928, 0.6919, 0.6735, 0.6935, 0.6859, 0.6936, 0.6963, 0.6935, 0.6858, 0.693, 0.6918, 0.6924, 0.6928, 0.6967, 0.7074]","[0.2407, 0.3169, 0.3264, 0.4163, 0.2467, 0.2125, 0.2614, 0.311, 0.6478, 0.565]",2.6,90,240,0,60,"[3, 3, 3, 3, 3, 3, 3, 3, 3, 3, 3, 3, 3, 3, 3, 3, 3, 3, 3, 3, 3, 3, 3, 3, 3, 3, 3, 3, 3, 3]","[30, 30, 0, 30, 30, 30, 30, 26, 0, 4]",,,,,,,,,,,,,,,,
multi_krum,krum,,backdoor_boost,3,2,30,0.6976024930738742,0.7131559619675506,0.8404539236134473,1.0,0.0,0.0,0.6978,"{""Backdoor"": 0.934, ""DDoS_HTTP"": 0.626, ""DDoS_ICMP"": 0.995, ""DDoS_TCP"": 0.996, ""DDoS_UDP"": 0.993, ""Fingerprinting"": 0.16, ""MITM"": 1.0, ""Normal"": 1.0, ""Password"": 0.938, ""Port_Scanning"": 0.515, ""Ransomware"": 0.381, ""SQL_injection"": 0.079, ""Uploading"": 0.452, ""Vulnerability_scanner"": 0.774, ""XSS"": 0.854}","[0.3502, 0.5307, 0.5848, 0.6529, 0.677, 0.6788, 0.6866, 0.6801, 0.679, 0.6806, 0.6793, 0.6806, 0.679, 0.6788, 0.6983, 0.7001, 0.6981, 0.6969, 0.6971, 0.696, 0.7021, 0.6957, 0.6918, 0.6949, 0.6982, 0.6981, 0.6961, 0.6969, 0.6989, 0.6976]","[0.2407, 0.3169, 0.3264, 0.4163, 0.2467, 0.2125, 0.2614, 0.311, 0.6478, 0.565]",2.4,30,240,60,60,"[1, 1, 1, 1, 1, 1, 1, 1, 1, 1, 1, 1, 1, 1, 1, 1, 1, 1, 1, 1, 1, 1, 1, 1, 1, 1, 1, 1, 1, 1]","[0, 0, 30, 30, 30, 30, 30, 30, 0, 30]",,,,,,,,,,,,,,,,
multi_krum,krum,,adaptive,3,2,30,0.689214218796137,0.7085190766883649,0.8290161250532643,1.0,0.0,0.0,0.7002666666666667,"{""Backdoor"": 0.934, ""DDoS_HTTP"": 0.648, ""DDoS_ICMP"": 0.983, ""DDoS_TCP"": 0.691, ""DDoS_UDP"": 0.995, ""Fingerprinting"": 0.365, ""MITM"": 1.0, ""Normal"": 1.0, ""Password"": 0.105, ""Port_Scanning"": 0.886, ""Ransomware"": 0.381, ""SQL_injection"": 0.079, ""Uploading"": 0.997, ""Vulnerability_scanner"": 0.792, ""XSS"": 0.772}","[0.3704, 0.45, 0.5761, 0.5899, 0.6072, 0.6043, 0.6368, 0.6857, 0.6779, 0.6826, 0.6847, 0.6831, 0.6819, 0.6849, 0.6855, 0.6878, 0.686, 0.6878, 0.6914, 0.6897, 0.6913, 0.6917, 0.695, 0.6982, 0.6954, 0.7009, 0.7028, 0.7051, 0.7065, 0.6892]","[0.2407, 0.3169, 0.3264, 0.4163, 0.2467, 0.2125, 0.2614, 0.311, 0.6478, 0.565]",2.9,31,240,59,60,"[1, 1, 1, 1, 1, 1, 1, 1, 1, 1, 1, 1, 1, 1, 1, 1, 1, 1, 1, 1, 1, 1, 1, 1, 1, 1, 1, 1, 1, 2]","[0, 1, 29, 30, 30, 30, 30, 29, 1, 30]",,,,,,,,,,,,,,,,
multi_krum,krum,,adaptive_f30,3,3,30,0.7131978661879684,0.7182379549719922,0.839870820157438,1.0,0.0,0.0,0.7181666666666667,"{""Backdoor"": 0.438, ""DDoS_HTTP"": 0.626, ""DDoS_ICMP"": 0.98, ""DDoS_TCP"": 0.792, ""DDoS_UDP"": 0.996, ""Fingerprinting"": 0.375, ""MITM"": 0.881, ""Normal"": 1.0, ""Password"": 0.966, ""Port_Scanning"": 0.759, ""Ransomware"": 0.841, ""SQL_injection"": 0.079, ""Uploading"": 0.441, ""Vulnerability_scanner"": 0.808, ""XSS"": 0.791}","[0.3656, 0.5029, 0.5867, 0.5843, 0.6039, 0.6088, 0.6108, 0.6147, 0.6141, 0.6139, 0.616, 0.6179, 0.6188, 0.6186, 0.6198, 0.6132, 0.6189, 0.6382, 0.6441, 0.6447, 0.6452, 0.6962, 0.7023, 0.7034, 0.6996, 0.7018, 0.7178, 0.7199, 0.7214, 0.7132]","[0.2407, 0.3169, 0.3264, 0.4163, 0.2467, 0.2125, 0.2614, 0.311, 0.6478, 0.565]",2.4,2,210,88,90,"[0, 0, 0, 0, 0, 0, 0, 0, 0, 0, 0, 0, 0, 0, 0, 0, 0, 0, 0, 0, 0, 0, 0, 0, 0, 0, 1, 0, 0, 1]","[0, 0, 2, 30, 30, 30, 30, 30, 28, 30]",,,,,,,,,,,,,,,,
secure_norm_only,norm_only,,none,3,0,30,0.7138846654890701,0.7199727773560143,0.8473614568615578,1.0,0.0,0.0,0.7054333333333332,"{""Backdoor"": 0.878, ""DDoS_HTTP"": 0.838, ""DDoS_ICMP"": 0.996, ""DDoS_TCP"": 0.968, ""DDoS_UDP"": 0.993, ""Fingerprinting"": 0.105, ""MITM"": 1.0, ""Normal"": 1.0, ""Password"": 0.874, ""Port_Scanning"": 0.556, ""Ransomware"": 0.55, ""SQL_injection"": 0.238, ""Uploading"": 0.42, ""Vulnerability_scanner"": 0.778, ""XSS"": 0.605}","[0.3316, 0.4646, 0.5128, 0.5705, 0.5881, 0.5852, 0.6374, 0.6425, 0.6764, 0.6812, 0.6879, 0.6914, 0.6877, 0.6919, 0.6925, 0.694, 0.6917, 0.6887, 0.6903, 0.6942, 0.7023, 0.6993, 0.7068, 0.7083, 0.702, 0.7092, 0.7069, 0.6991, 0.7033, 0.7139]","[0.2407, 0.3169, 0.3264, 0.4163, 0.2467, 0.2125, 0.2614, 0.311, 0.6478, 0.565]",4.7,0,300,0,0,"[0, 0, 0, 0, 0, 0, 0, 0, 0, 0, 0, 0, 0, 0, 0, 0, 0, 0, 0, 0, 0, 0, 0, 0, 0, 0, 0, 0, 0, 0]","[30, 30, 30, 30, 30, 30, 30, 30, 30, 30]",3.5,,,,,-0.0067193675889328066,-0.032542819499341236,0.1507142857142857,0.4,0.3,0.4249011857707509,0.28840579710144926,0.817142857142857,0.7,0.6,
secure_norm_only,norm_only,,signflip,3,2,30,0.7003399067364551,0.7135792397119044,0.839938101325439,1.0,0.0,0.0,0.6972999999999999,"{""Backdoor"": 0.925, ""DDoS_HTTP"": 0.648, ""DDoS_ICMP"": 0.99, ""DDoS_TCP"": 0.863, ""DDoS_UDP"": 0.996, ""Fingerprinting"": 0.18, ""MITM"": 1.0, ""Normal"": 1.0, ""Password"": 0.938, ""Port_Scanning"": 0.672, ""Ransomware"": 0.381, ""SQL_injection"": 0.079, ""Uploading"": 0.469, ""Vulnerability_scanner"": 0.77, ""XSS"": 0.794}","[0.3592, 0.4654, 0.571, 0.5808, 0.5905, 0.6027, 0.6344, 0.6786, 0.6775, 0.6794, 0.6809, 0.6813, 0.6814, 0.6825, 0.6846, 0.684, 0.6824, 0.6809, 0.6935, 0.6866, 0.6851, 0.6877, 0.6903, 0.6912, 0.6923, 0.6936, 0.6958, 0.6962, 0.6954, 0.7003]","[0.2407, 0.3169, 0.3264, 0.4163, 0.2467, 0.2125, 0.2614, 0.311, 0.6478, 0.565]",5.1,0,240,60,60,"[0, 0, 0, 0, 0, 0, 0, 0, 0, 0, 0, 0, 0, 0, 0, 0, 0, 0, 0, 0, 0, 0, 0, 0, 0, 0, 0, 0, 0, 0]","[0, 0, 30, 30, 30, 30, 30, 30, 30, 30]",3.5,,,,,,,,,,,,,,,
secure_norm_only,norm_only,,labelflip,3,2,30,0.6822823192803865,0.7014555536767236,0.8278947722532464,1.0,0.0,0.0,0.6805,"{""Backdoor"": 0.916, ""DDoS_HTTP"": 0.629, ""DDoS_ICMP"": 0.977, ""DDoS_TCP"": 0.847, ""DDoS_UDP"": 0.996, ""Fingerprinting"": 0.275, ""MITM"": 1.0, ""Normal"": 1.0, ""Password"": 0.105, ""Port_Scanning"": 0.697, ""Ransomware"": 0.381, ""SQL_injection"": 0.075, ""Uploading"": 0.999, ""Vulnerability_scanner"": 0.775, ""XSS"": 0.851}","[0.3578, 0.4268, 0.5323, 0.5598, 0.5771, 0.6343, 0.6275, 0.6314, 0.641, 0.6469, 0.6507, 0.6503, 0.6504, 0.6505, 0.6525, 0.6532, 0.6509, 0.6497, 0.6564, 0.6506, 0.653, 0.6558, 0.6578, 0.6571, 0.6598, 0.6721, 0.676, 0.6787, 0.6805, 0.6823]","[0.2407, 0.3169, 0.3264, 0.4163, 0.2467, 0.2125, 0.2614, 0.311, 0.6478, 0.565]",4.6,0,240,0,60,"[0, 0, 0, 0, 0, 0, 0, 0, 0, 0, 0, 0, 0, 0, 0, 0, 0, 0, 0, 0, 0, 0, 0, 0, 0, 0, 0, 0, 0, 0]","[30, 30, 30, 30, 30, 30, 30, 30, 30, 30]",3.5,,,,,,,,,,,,,,,
secure_norm_only,norm_only,,targeted_flip,3,2,30,0.7172057906987945,0.7271092627217267,0.8419789634214717,0.9983302789655875,0.0,0.0,0.6953999999999999,"{""Backdoor"": 0.935, ""DDoS_HTTP"": 0.626, ""DDoS_ICMP"": 0.967, ""DDoS_TCP"": 0.813, ""DDoS_UDP"": 0.998, ""Fingerprinting"": 0.355, ""MITM"": 1.0, ""Normal"": 1.0, ""Password"": 0.938, ""Port_Scanning"": 0.725, ""Ransomware"": 0.381, ""SQL_injection"": 0.079, ""Uploading"": 0.468, ""Vulnerability_scanner"": 0.768, ""XSS"": 0.854}","[0.214, 0.4172, 0.5388, 0.5861, 0.5967, 0.5964, 0.6023, 0.623, 0.6337, 0.6763, 0.6776, 0.6761, 0.6759, 0.6782, 0.6795, 0.6804, 0.6823, 0.6804, 0.6859, 0.6813, 0.682, 0.6795, 0.6817, 0.6822, 0.6823, 0.6819, 0.682, 0.6827, 0.6863, 0.7172]","[0.2407, 0.3169, 0.3264, 0.4163, 0.2467, 0.2125, 0.2614, 0.311, 0.6478, 0.565]",4.7,0,240,0,60,"[0, 0, 0, 0, 0, 0, 0, 0, 0, 0, 0, 0, 0, 0, 0, 0, 0, 0, 0, 0, 0, 0, 0, 0, 0, 0, 0, 0, 0, 0]","[30, 30, 30, 30, 30, 30, 30, 30, 30, 30]",3.5,,,,,,,,,,,,,,,
secure_norm_only,norm_only,,backdoor,3,2,30,0.6926783697149591,0.7098177516334464,0.839310143757429,1.0,0.0,0.9978823050295256,0.695,"{""Backdoor"": 0.912, ""DDoS_HTTP"": 0.935, ""DDoS_ICMP"": 0.996, ""DDoS_TCP"": 0.996, ""DDoS_UDP"": 0.994, ""Fingerprinting"": 0.135, ""MITM"": 1.0, ""Normal"": 1.0, ""Password"": 0.966, ""Port_Scanning"": 0.515, ""Ransomware"": 0.406, ""SQL_injection"": 0.08, ""Uploading"": 0.428, ""Vulnerability_scanner"": 0.776, ""XSS"": 0.508}","[0.3579, 0.5401, 0.5687, 0.6348, 0.6471, 0.6533, 0.6641, 0.6488, 0.658, 0.6483, 0.6699, 0.6583, 0.6709, 0.6677, 0.6911, 0.6681, 0.6713, 0.6809, 0.6818, 0.6811, 0.6996, 0.6942, 0.6952, 0.7071, 0.6969, 0.7083, 0.6952, 0.6932, 0.6991, 0.6927]","[0.2407, 0.3169, 0.3264, 0.4163, 0.2467, 0.2125, 0.2614, 0.311, 0.6478, 0.565]",4.6,0,240,0,60,"[0, 0, 0, 0, 0, 0, 0, 0, 0, 0, 0, 0, 0, 0, 0, 0, 0, 0, 0, 0, 0, 0, 0, 0, 0, 0, 0, 0, 0, 0]","[30, 30, 30, 30, 30, 30, 30, 30, 30, 30]",3.5,,,,,,,,,,,,,,,
secure_norm_only,norm_only,,backdoor_boost,3,2,30,0.6909168486357746,0.7085366804806829,0.8382112180134114,1.0,0.0,0.9525962125839951,0.6941,"{""Backdoor"": 0.935, ""DDoS_HTTP"": 0.855, ""DDoS_ICMP"": 0.991, ""DDoS_TCP"": 0.996, ""DDoS_UDP"": 0.994, ""Fingerprinting"": 0.14, ""MITM"": 1.0, ""Normal"": 1.0, ""Password"": 0.966, ""Port_Scanning"": 0.515, ""Ransomware"": 0.381, ""SQL_injection"": 0.079, ""Uploading"": 0.433, ""Vulnerability_scanner"": 0.774, ""XSS"": 0.568}","[0.4032, 0.522, 0.5525, 0.6251, 0.6357, 0.6361, 0.6459, 0.6567, 0.642, 0.6539, 0.6483, 0.6521, 0.6621, 0.6787, 0.6802, 0.6801, 0.6877, 0.6955, 0.7, 0.6921, 0.6986, 0.6937, 0.6913, 0.6949, 0.6984, 0.6963, 0.6932, 0.6945, 0.6969, 0.6909]","[0.2407, 0.3169, 0.3264, 0.4163, 0.2467, 0.2125, 0.2614, 0.311, 0.6478, 0.565]",4.5,0,240,39,60,"[0, 0, 0, 0, 0, 0, 0, 0, 0, 0, 0, 0, 0, 0, 0, 0, 0, 0, 0, 0, 0, 0, 0, 0, 0, 0, 0, 0, 0, 0]","[13, 8, 30, 30, 30, 30, 30, 30, 30, 30]",3.5,,,,,,,,,,,,,,,
secure_norm_only,norm_only,,adaptive,3,2,30,0.4324420160198457,0.5336002226206318,0.7368184978357891,1.0,0.015573525007487272,4.0724903278354713e-05,0.43026666666666663,"{""Backdoor"": 0.965, ""DDoS_HTTP"": 0.989, ""DDoS_ICMP"": 0.0, ""DDoS_TCP"": 0.709, ""DDoS_UDP"": 0.929, ""Fingerprinting"": 0.545, ""MITM"": 0.0, ""Normal"": 0.984, ""Password"": 1.0, ""Port_Scanning"": 0.801, ""Ransomware"": 0.235, ""SQL_injection"": 0.0, ""Uploading"": 0.0, ""Vulnerability_scanner"": 0.809, ""XSS"": 0.038}","[0.0744, 0.1461, 0.205, 0.2419, 0.255, 0.2964, 0.3205, 0.3548, 0.3803, 0.3916, 0.3948, 0.3961, 0.391, 0.3938, 0.4042, 0.4169, 0.4693, 0.5233, 0.4876, 0.46, 0.4583, 0.4555, 0.4192, 0.3883, 0.3265, 0.5115, 0.4421, 0.448, 0.4104, 0.4324]","[0.2407, 0.3169, 0.3264, 0.4163, 0.2467, 0.2125, 0.2614, 0.311, 0.6478, 0.565]",4.5,0,240,0,60,"[0, 0, 0, 0, 0, 0, 0, 0, 0, 0, 0, 0, 0, 0, 0, 0, 0, 0, 0, 0, 0, 0, 0, 0, 0, 0, 0, 0, 0, 0]","[30, 30, 30, 30, 30, 30, 30, 30, 30, 30]",3.5,,,,,,,,,,,,,,,
secure_norm_only,norm_only,,adaptive_f30,3,3,30,0.041228310689483606,0.15127174749680583,0.10253650003364058,1.0,1.0,0.0,0.041299999999999996,"{""Backdoor"": 0.0, ""DDoS_HTTP"": 0.0, ""DDoS_ICMP"": 0.0, ""DDoS_TCP"": 0.009, ""DDoS_UDP"": 1.0, ""Fingerprinting"": 0.0, ""MITM"": 0.0, ""Normal"": 0.0, ""Password"": 0.884, ""Port_Scanning"": 0.0, ""Ransomware"": 0.0, ""SQL_injection"": 0.0, ""Uploading"": 0.0, ""Vulnerability_scanner"": 0.376, ""XSS"": 0.0}","[0.0327, 0.0696, 0.0763, 0.0623, 0.0613, 0.0626, 0.0613, 0.0561, 0.0503, 0.0471, 0.0463, 0.0444, 0.0414, 0.039, 0.0383, 0.038, 0.0377, 0.0373, 0.0373, 0.0372, 0.0371, 0.0369, 0.0369, 0.0369, 0.0388, 0.0397, 0.0403, 0.041, 0.0417, 0.0412]","[0.2407, 0.3169, 0.3264, 0.4163, 0.2467, 0.2125, 0.2614, 0.311, 0.6478, 0.565]",4.6,0,210,0,90,"[0, 0, 0, 0, 0, 0, 0, 0, 0, 0, 0, 0, 0, 0, 0, 0, 0, 0, 0, 0, 0, 0, 0, 0, 0, 0, 0, 0, 0, 0]","[30, 30, 30, 30, 30, 30, 30, 30, 30, 30]",3.5,,,,,,,,,,,,,,,
faithful_prev_t0.0,faithful_prev,0.0,none,3,0,30,0.6924022592143848,0.7062408558667782,0.8401399448294422,1.0,0.0,0.0,0.6804666666666668,"{""Backdoor"": 0.438, ""DDoS_HTTP"": 0.917, ""DDoS_ICMP"": 0.997, ""DDoS_TCP"": 0.838, ""DDoS_UDP"": 0.994, ""Fingerprinting"": 0.055, ""MITM"": 1.0, ""Normal"": 1.0, ""Password"": 0.954, ""Port_Scanning"": 0.707, ""Ransomware"": 0.841, ""SQL_injection"": 0.176, ""Uploading"": 0.401, ""Vulnerability_scanner"": 0.81, ""XSS"": 0.465}","[0.3316, 0.4646, 0.5128, 0.5705, 0.5881, 0.5852, 0.6374, 0.6425, 0.6764, 0.6812, 0.6879, 0.6914, 0.6877, 0.6919, 0.6742, 0.6728, 0.675, 0.6896, 0.6862, 0.6831, 0.6979, 0.6917, 0.7025, 0.6936, 0.6846, 0.668, 0.6619, 0.671, 0.678, 0.6924]","[0.2407, 0.3169, 0.3264, 0.4163, 0.2467, 0.2125, 0.2614, 0.311, 0.6478, 0.565]",4.8,65,300,0,0,"[0, 0, 0, 0, 0, 0, 0, 0, 0, 0, 0, 0, 0, 0, 1, 1, 1, 0, 2, 4, 6, 6, 3, 4, 7, 7, 7, 7, 6, 3]","[22, 24, 24, 25, 24, 24, 25, 21, 21, 25]",3.5,,,,,-0.06350461133069828,-0.011462450592885374,0.09749999999999999,0.3,0.3,0.4249011857707509,0.28840579710144926,0.817142857142857,0.7,0.6,0.1080590934478338
faithful_prev_t0.0,faithful_prev,0.0,adaptive,3,2,30,0.005707375365834461,0.06666666666666667,0.044719549664715516,1.0,1.0,0.0,0.0057,"{""Backdoor"": 1.0, ""DDoS_HTTP"": 0.0, ""DDoS_ICMP"": 0.0, ""DDoS_TCP"": 0.0, ""DDoS_UDP"": 0.0, ""Fingerprinting"": 0.0, ""MITM"": 0.0, ""Normal"": 0.0, ""Password"": 0.0, ""Port_Scanning"": 0.0, ""Ransomware"": 0.0, ""SQL_injection"": 0.0, ""Uploading"": 0.0, ""Vulnerability_scanner"": 0.0, ""XSS"": 0.0}","[0.0744, 0.1105, 0.0321, 0.007, 0.0057, 0.0057, 0.0057, 0.0057, 0.0057, 0.0057, 0.0057, 0.0057, 0.0057, 0.0057, 0.0057, 0.0057, 0.0057, 0.0057, 0.0057, 0.0057, 0.0057, 0.0057, 0.0057, 0.0057, 0.0057, 0.0057, 0.0057, 0.0057, 0.0057, 0.0057]","[0.2407, 0.3169, 0.3264, 0.4163, 0.2467, 0.2125, 0.2614, 0.311, 0.6478, 0.565]",4.7,220,240,22,60,"[0, 0, 4, 8, 8, 8, 8, 8, 8, 8, 8, 8, 8, 8, 8, 8, 8, 8, 8, 8, 8, 8, 8, 8, 8, 8, 8, 8, 8, 8]","[19, 19, 3, 2, 2, 2, 2, 3, 3, 3]",3.5,,,,,,,,,,,,,,,
faithful_prev_t0.0,faithful_prev,0.0,adaptive_f30,3,3,30,0.0018940248027057498,0.006318956870611835,0.004238713584067819,1.0,1.0,0.0,0.0019,"{""Backdoor"": 0.095, ""DDoS_HTTP"": 0.0, ""DDoS_ICMP"": 0.0, ""DDoS_TCP"": 0.0, ""DDoS_UDP"": 0.0, ""Fingerprinting"": 0.0, ""MITM"": 0.0, ""Normal"": 0.0, ""Password"": 0.0, ""Port_Scanning"": 0.0, ""Ransomware"": 0.0, ""SQL_injection"": 0.0, ""Uploading"": 0.0, ""Vulnerability_scanner"": 0.0, ""XSS"": 0.0}","[0.0327, 0.0015, 0.0012, 0.0014, 0.0015, 0.0015, 0.0014, 0.0015, 0.0015, 0.0022, 0.0022, 0.0022, 0.0022, 0.0021, 0.002, 0.002, 0.002, 0.0019, 0.0019, 0.0019, 0.0019, 0.0019, 0.0019, 0.0019, 0.0019, 0.0019, 0.0019, 0.0019, 0.0019, 0.0019]","[0.2407, 0.3169, 0.3264, 0.4163, 0.2467, 0.2125, 0.2614, 0.311, 0.6478, 0.565]",4.8,203,210,37,90,"[0, 7, 7, 7, 7, 7, 7, 7, 7, 7, 7, 7, 7, 7, 7, 7, 7, 7, 7, 7, 7, 7, 7, 7, 7, 7, 7, 7, 7, 7]","[17, 18, 18, 1, 1, 1, 1, 1, 1, 1]",3.5,,,,,,,,,,,,,,,
faithful_root_t-0.3,faithful_root,-0.3,none,3,0,30,0.7138846654890701,0.7199727773560143,0.8473614568615578,1.0,0.0,0.0,0.7054333333333332,"{""Backdoor"": 0.878, ""DDoS_HTTP"": 0.838, ""DDoS_ICMP"": 0.996, ""DDoS_TCP"": 0.968, ""DDoS_UDP"": 0.993, ""Fingerprinting"": 0.105, ""MITM"": 1.0, ""Normal"": 1.0, ""Password"": 0.874, ""Port_Scanning"": 0.556, ""Ransomware"": 0.55, ""SQL_injection"": 0.238, ""Uploading"": 0.42, ""Vulnerability_scanner"": 0.778, ""XSS"": 0.605}","[0.3316, 0.4646, 0.5128, 0.5705, 0.5881, 0.5852, 0.6374, 0.6425, 0.6764, 0.6812, 0.6879, 0.6914, 0.6877, 0.6919, 0.6925, 0.694, 0.6917, 0.6887, 0.6903, 0.6942, 0.7023, 0.6993, 0.7068, 0.7083, 0.702, 0.7092, 0.7069, 0.6991, 0.7033, 0.7139]","[0.2407, 0.3169, 0.3264, 0.4163, 0.2467, 0.2125, 0.2614, 0.311, 0.6478, 0.565]",5.2,0,300,0,0,"[0, 0, 0, 0, 0, 0, 0, 0, 0, 0, 0, 0, 0, 0, 0, 0, 0, 0, 0, 0, 0, 0, 0, 0, 0, 0, 0, 0, 0, 0]","[30, 30, 30, 30, 30, 30, 30, 30, 30, 30]",3.5,,,,,-0.0673254281949934,0.08115942028985507,-0.06749999999999998,0.2,0.5,0.4249011857707509,0.28840579710144926,0.817142857142857,0.7,0.6,
faithful_root_t-0.3,faithful_root,-0.3,signflip,3,2,30,0.7018295888944287,0.7146127297522948,0.8400278095494405,1.0,0.0,0.0,0.7030666666666666,"{""Backdoor"": 0.925, ""DDoS_HTTP"": 0.647, ""DDoS_ICMP"": 0.99, ""DDoS_TCP"": 0.863, ""DDoS_UDP"": 0.996, ""Fingerprinting"": 0.195, ""MITM"": 1.0, ""Normal"": 1.0, ""Password"": 0.938, ""Port_Scanning"": 0.672, ""Ransomware"": 0.381, ""SQL_injection"": 0.079, ""Uploading"": 0.469, ""Vulnerability_scanner"": 0.77, ""XSS"": 0.795}","[0.3592, 0.4654, 0.571, 0.5808, 0.5905, 0.6027, 0.6344, 0.6786, 0.6775, 0.6794, 0.6809, 0.6813, 0.6814, 0.6825, 0.6846, 0.684, 0.6824, 0.6809, 0.6935, 0.6866, 0.6851, 0.6877, 0.6903, 0.6912, 0.6923, 0.6936, 0.6958, 0.7118, 0.6956, 0.7018]","[0.2407, 0.3169, 0.3264, 0.4163, 0.2467, 0.2125, 0.2614, 0.311, 0.6478, 0.565]",4.9,1,240,60,60,"[0, 0, 0, 0, 0, 0, 0, 0, 0, 0, 0, 0, 0, 0, 0, 0, 0, 0, 0, 0, 0, 0, 0, 0, 0, 0, 0, 1, 0, 0]","[0, 0, 29, 30, 30, 30, 30, 30, 30, 30]",3.5,,,,,,,,,,,,,,,
faithful_root_t-0.3,faithful_root,-0.3,labelflip,3,2,30,0.6998318817298919,0.7130168958397632,0.8395568413734329,1.0,0.0,0.0,0.7004999999999999,"{""Backdoor"": 0.924, ""DDoS_HTTP"": 0.654, ""DDoS_ICMP"": 0.988, ""DDoS_TCP"": 0.859, ""DDoS_UDP"": 0.995, ""Fingerprinting"": 0.18, ""MITM"": 1.0, ""Normal"": 1.0, ""Password"": 0.938, ""Port_Scanning"": 0.676, ""Ransomware"": 0.381, ""SQL_injection"": 0.079, ""Uploading"": 0.469, ""Vulnerability_scanner"": 0.774, ""XSS"": 0.778}","[0.3578, 0.4268, 0.5323, 0.5744, 0.58, 0.5973, 0.6622, 0.6659, 0.6744, 0.6749, 0.6795, 0.68, 0.6806, 0.6804, 0.6837, 0.6838, 0.681, 0.676, 0.6846, 0.6831, 0.6844, 0.6862, 0.686, 0.6882, 0.6903, 0.6905, 0.6927, 0.7063, 0.6954, 0.6998]","[0.2407, 0.3169, 0.3264, 0.4163, 0.2467, 0.2125, 0.2614, 0.311, 0.6478, 0.565]",5.0,1,240,52,60,"[0, 0, 0, 0, 0, 0, 0, 0, 0, 0, 0, 0, 0, 0, 0, 0, 0, 0, 0, 0, 0, 0, 0, 0, 0, 0, 0, 1, 0, 0]","[4, 4, 29, 30, 30, 30, 30, 30, 30, 30]",3.5,,,,,,,,,,,,,,,
faithful_root_t-0.3,faithful_root,-0.3,targeted_flip,3,2,30,0.6996240305883402,0.7128474065939969,0.8394447060934311,1.0,0.0,0.0,0.7002333333333333,"{""Backdoor"": 0.921, ""DDoS_HTTP"": 0.648, ""DDoS_ICMP"": 0.99, ""DDoS_TCP"": 0.866, ""DDoS_UDP"": 0.996, ""Fingerprinting"": 0.18, ""MITM"": 1.0, ""Normal"": 1.0, ""Password"": 0.938, ""Port_Scanning"": 0.665, ""Ransomware"": 0.381, ""SQL_injection"": 0.079, ""Uploading"": 0.469, ""Vulnerability_scanner"": 0.768, ""XSS"": 0.793}","[0.214, 0.4172, 0.5388, 0.5768, 0.5958, 0.5975, 0.6081, 0.6726, 0.675, 0.677, 0.679, 0.6799, 0.68, 0.6816, 0.6839, 0.684, 0.6818, 0.6775, 0.6891, 0.6862, 0.6846, 0.6858, 0.6876, 0.6897, 0.6902, 0.6914, 0.6929, 0.7061, 0.695, 0.6996]","[0.2407, 0.3169, 0.3264, 0.4163, 0.2467, 0.2125, 0.2614, 0.311, 0.6478, 0.565]",5.0,1,240,50,60,"[0, 0, 0, 0, 0, 0, 0, 0, 0, 0, 0, 0, 0, 0, 0, 0, 0, 0, 0, 0, 0, 0, 0, 0, 0, 0, 0, 1, 0, 0]","[5, 5, 29, 30, 30, 30, 30, 30, 30, 30]",3.5,,,,,,,,,,,,,,,
faithful_root_t-0.3,faithful_root,-0.3,backdoor,3,2,30,0.6926783697149591,0.7098177516334464,0.839310143757429,1.0,0.0,0.9978823050295256,0.695,"{""Backdoor"": 0.912, ""DDoS_HTTP"": 0.935, ""DDoS_ICMP"": 0.996, ""DDoS_TCP"": 0.996, ""DDoS_UDP"": 0.994, ""Fingerprinting"": 0.135, ""MITM"": 1.0, ""Normal"": 1.0, ""Password"": 0.966, ""Port_Scanning"": 0.515, ""Ransomware"": 0.406, ""SQL_injection"": 0.08, ""Uploading"": 0.428, ""Vulnerability_scanner"": 0.776, ""XSS"": 0.508}","[0.3579, 0.5401, 0.5687, 0.6348, 0.6471, 0.6533, 0.6641, 0.6488, 0.658, 0.6483, 0.6699, 0.6583, 0.6709, 0.6677, 0.6911, 0.6681, 0.6713, 0.6809, 0.6818, 0.6811, 0.6996, 0.6942, 0.6952, 0.7071, 0.6969, 0.7083, 0.6952, 0.6932, 0.6991, 0.6927]","[0.2407, 0.3169, 0.3264, 0.4163, 0.2467, 0.2125, 0.2614, 0.311, 0.6478, 0.565]",4.8,0,240,0,60,"[0, 0, 0, 0, 0, 0, 0, 0, 0, 0, 0, 0, 0, 0, 0, 0, 0, 0, 0, 0, 0, 0, 0, 0, 0, 0, 0, 0, 0, 0]","[30, 30, 30, 30, 30, 30, 30, 30, 30, 30]",3.5,,,,,,,,,,,,,,,
faithful_root_t-0.3,faithful_root,-0.3,backdoor_boost,3,2,30,0.6909168486357746,0.7085366804806829,0.8382112180134114,1.0,0.0,0.9525962125839951,0.6941,"{""Backdoor"": 0.935, ""DDoS_HTTP"": 0.855, ""DDoS_ICMP"": 0.991, ""DDoS_TCP"": 0.996, ""DDoS_UDP"": 0.994, ""Fingerprinting"": 0.14, ""MITM"": 1.0, ""Normal"": 1.0, ""Password"": 0.966, ""Port_Scanning"": 0.515, ""Ransomware"": 0.381, ""SQL_injection"": 0.079, ""Uploading"": 0.433, ""Vulnerability_scanner"": 0.774, ""XSS"": 0.568}","[0.4032, 0.522, 0.5525, 0.6251, 0.6357, 0.6361, 0.6459, 0.6567, 0.642, 0.6539, 0.6483, 0.6521, 0.6621, 0.6787, 0.6802, 0.6801, 0.6877, 0.6955, 0.7, 0.6921, 0.6986, 0.6937, 0.6913, 0.6949, 0.6984, 0.6963, 0.6932, 0.6945, 0.6969, 0.6909]","[0.2407, 0.3169, 0.3264, 0.4163, 0.2467, 0.2125, 0.2614, 0.311, 0.6478, 0.565]",5.0,0,240,39,60,"[0, 0, 0, 0, 0, 0, 0, 0, 0, 0, 0, 0, 0, 0, 0, 0, 0, 0, 0, 0, 0, 0, 0, 0, 0, 0, 0, 0, 0, 0]","[13, 8, 30, 30, 30, 30, 30, 30, 30, 30]",3.5,,,,,,,,,,,,,,,
faithful_root_t-0.3,faithful_root,-0.3,adaptive,3,2,30,0.6958496968757231,0.714081179408619,0.8406109130054498,1.0,0.0,0.0,0.6847666666666666,"{""Backdoor"": 0.894, ""DDoS_HTTP"": 0.547, ""DDoS_ICMP"": 0.978, ""DDoS_TCP"": 0.65, ""DDoS_UDP"": 0.998, ""Fingerprinting"": 0.17, ""MITM"": 1.0, ""Normal"": 1.0, ""Password"": 0.938, ""Port_Scanning"": 0.909, ""Ransomware"": 0.493, ""SQL_injection"": 0.0, ""Uploading"": 0.469, ""Vulnerability_scanner"": 0.791, ""XSS"": 0.875}","[0.2803, 0.3954, 0.5272, 0.5804, 0.5865, 0.6417, 0.6455, 0.6466, 0.6605, 0.6599, 0.6553, 0.6648, 0.6632, 0.6704, 0.6643, 0.6721, 0.6647, 0.6641, 0.6691, 0.6596, 0.6576, 0.6665, 0.6647, 0.671, 0.661, 0.6865, 0.671, 0.6814, 0.6771, 0.6958]","[0.2407, 0.3169, 0.3264, 0.4163, 0.2467, 0.2125, 0.2614, 0.311, 0.6478, 0.565]",4.8,4,240,0,60,"[0, 0, 0, 0, 0, 0, 0, 0, 0, 0, 0, 0, 0, 0, 1, 0, 0, 0, 0, 1, 0, 0, 0, 0, 0, 0, 0, 0, 1, 1]","[30, 30, 29, 30, 30, 30, 30, 29, 28, 30]",3.5,,,,,,,,,,,,,,,
faithful_root_t-0.3,faithful_root,-0.3,adaptive_f30,3,3,30,0.62228868109218,0.6427801596774072,0.834062212653345,1.0,0.0,0.0,0.6138,"{""Backdoor"": 0.89, ""DDoS_HTTP"": 0.553, ""DDoS_ICMP"": 0.985, ""DDoS_TCP"": 0.695, ""DDoS_UDP"": 0.999, ""Fingerprinting"": 0.12, ""MITM"": 0.0, ""Normal"": 1.0, ""Password"": 0.939, ""Port_Scanning"": 0.847, ""Ransomware"": 0.485, ""SQL_injection"": 0.0, ""Uploading"": 0.469, ""Vulnerability_scanner"": 0.788, ""XSS"": 0.872}","[0.2139, 0.4377, 0.4826, 0.5404, 0.5688, 0.5834, 0.5962, 0.5923, 0.5915, 0.5959, 0.59, 0.611, 0.5926, 0.5936, 0.5988, 0.6005, 0.5963, 0.6014, 0.5954, 0.595, 0.597, 0.5965, 0.6024, 0.6113, 0.6003, 0.6134, 0.6064, 0.6058, 0.6133, 0.6223]","[0.2407, 0.3169, 0.3264, 0.4163, 0.2467, 0.2125, 0.2614, 0.311, 0.6478, 0.565]",4.8,4,210,0,90,"[0, 0, 0, 0, 0, 0, 0, 0, 0, 0, 0, 0, 0, 0, 0, 0, 0, 0, 1, 1, 0, 0, 0, 0, 0, 1, 0, 0, 1, 0]","[30, 30, 30, 30, 30, 30, 30, 27, 29, 30]",3.5,,,,,,,,,,,,,,,
faithful_root_t0.0,faithful_root,0.0,none,3,0,30,0.7079506396418972,0.7156682449913879,0.8433918679494943,1.0,0.0,0.0,0.7033333333333333,"{""Backdoor"": 0.437, ""DDoS_HTTP"": 0.626, ""DDoS_ICMP"": 0.995, ""DDoS_TCP"": 0.687, ""DDoS_UDP"": 0.994, ""Fingerprinting"": 0.13, ""MITM"": 1.0, ""Normal"": 1.0, ""Password"": 0.966, ""Port_Scanning"": 0.894, ""Ransomware"": 0.841, ""SQL_injection"": 0.176, ""Uploading"": 0.388, ""Vulnerability_scanner"": 0.809, ""XSS"": 0.791}","[0.3316, 0.4646, 0.5128, 0.5705, 0.5881, 0.5852, 0.6374, 0.6425, 0.6764, 0.6812, 0.6961, 0.6919, 0.6917, 0.6934, 0.6943, 0.6892, 0.6875, 0.6841, 0.6725, 0.6933, 0.6665, 0.6983, 0.6721, 0.7008, 0.6824, 0.6999, 0.694, 0.703, 0.699, 0.708]","[0.2407, 0.3169, 0.3264, 0.4163, 0.2467, 0.2125, 0.2614, 0.311, 0.6478, 0.565]",4.8,42,300,0,0,"[0, 0, 0, 0, 0, 0, 0, 0, 0, 0, 1, 0, 2, 0, 2, 1, 3, 3, 1, 4, 2, 3, 2, 2, 4, 2, 3, 2, 2, 3]","[28, 26, 21, 30, 30, 26, 23, 23, 21, 30]",3.5,,,,,-0.0673254281949934,0.08115942028985507,-0.06749999999999998,0.2,0.5,0.4249011857707509,0.28840579710144926,0.817142857142857,0.7,0.6,-0.1610285314952118
faithful_root_t0.0,faithful_root,0.0,signflip,3,2,30,0.7014386135338789,0.709418364838947,0.8337033797573392,1.0,0.0,0.0,0.7091,"{""Backdoor"": 0.935, ""DDoS_HTTP"": 0.935, ""DDoS_ICMP"": 0.994, ""DDoS_TCP"": 0.603, ""DDoS_UDP"": 0.994, ""Fingerprinting"": 0.27, ""MITM"": 1.0, ""Normal"": 1.0, ""Password"": 0.148, ""Port_Scanning"": 0.965, ""Ransomware"": 0.381, ""SQL_injection"": 0.36, ""Uploading"": 0.779, ""Vulnerability_scanner"": 0.767, ""XSS"": 0.512}","[0.3592, 0.4654, 0.571, 0.5808, 0.5905, 0.6027, 0.6344, 0.6786, 0.6775, 0.6794, 0.6849, 0.6815, 0.6789, 0.6563, 0.679, 0.6893, 0.6982, 0.6849, 0.6897, 0.7015, 0.7032, 0.7024, 0.7033, 0.6892, 0.7011, 0.6999, 0.7083, 0.7004, 0.7255, 0.7014]","[0.2407, 0.3169, 0.3264, 0.4163, 0.2467, 0.2125, 0.2614, 0.311, 0.6478, 0.565]",4.7,40,240,60,60,"[0, 0, 0, 0, 0, 0, 0, 0, 0, 0, 1, 0, 3, 1, 3, 1, 2, 0, 2, 2, 3, 2, 1, 3, 3, 1, 4, 2, 4, 2]","[0, 0, 21, 29, 30, 27, 24, 22, 22, 25]",3.5,,,,,,,,,,,,,,,
faithful_root_t0.0,faithful_root,0.0,labelflip,3,2,30,0.6950812294236794,0.7061890199847676,0.8322904752293167,1.0,0.0,0.0,0.7071000000000001,"{""Backdoor"": 0.935, ""DDoS_HTTP"": 0.935, ""DDoS_ICMP"": 0.994, ""DDoS_TCP"": 0.603, ""DDoS_UDP"": 0.994, ""Fingerprinting"": 0.25, ""MITM"": 1.0, ""Normal"": 1.0, ""Password"": 0.137, ""Port_Scanning"": 0.965, ""Ransomware"": 0.381, ""SQL_injection"": 0.261, ""Uploading"": 0.856, ""Vulnerability_scanner"": 0.771, ""XSS"": 0.512}","[0.3578, 0.4409, 0.5685, 0.5793, 0.5882, 0.5991, 0.6681, 0.6757, 0.6761, 0.6771, 0.6826, 0.6803, 0.6778, 0.6814, 0.6899, 0.6843, 0.6922, 0.684, 0.6911, 0.6984, 0.6945, 0.7002, 0.7028, 0.6895, 0.7002, 0.6953, 0.7086, 0.7004, 0.7258, 0.6951]","[0.2407, 0.3169, 0.3264, 0.4163, 0.2467, 0.2125, 0.2614, 0.311, 0.6478, 0.565]",4.7,38,240,58,60,"[0, 0, 0, 0, 0, 0, 0, 0, 0, 0, 1, 0, 3, 0, 2, 1, 2, 0, 2, 2, 3, 2, 1, 3, 3, 1, 4, 2, 4, 2]","[1, 1, 21, 29, 30, 27, 25, 23, 22, 25]",3.5,,,,,,,,,,,,,,,
faithful_root_t0.0,faithful_root,0.0,targeted_flip,3,2,30,0.7008672079067567,0.7089829345499563,0.8336136715333378,1.0,0.0,0.0,0.7091,"{""Backdoor"": 0.935, ""DDoS_HTTP"": 0.935, ""DDoS_ICMP"": 0.994, ""DDoS_TCP"": 0.603, ""DDoS_UDP"": 0.994, ""Fingerprinting"": 0.265, ""MITM"": 1.0, ""Normal"": 1.0, ""Password"": 0.146, ""Port_Scanning"": 0.965, ""Ransomware"": 0.381, ""SQL_injection"": 0.362, ""Uploading"": 0.777, ""Vulnerability_scanner"": 0.767, ""XSS"": 0.512}","[0.214, 0.4503, 0.5685, 0.5815, 0.5912, 0.6008, 0.6322, 0.678, 0.6772, 0.6792, 0.6842, 0.68, 0.6855, 0.6806, 0.6902, 0.6885, 0.697, 0.685, 0.691, 0.7023, 0.7038, 0.7019, 0.7045, 0.6884, 0.7001, 0.7004, 0.7086, 0.6998, 0.7266, 0.7009]","[0.2407, 0.3169, 0.3264, 0.4163, 0.2467, 0.2125, 0.2614, 0.311, 0.6478, 0.565]",4.7,38,240,58,60,"[0, 0, 0, 0, 0, 0, 0, 0, 0, 0, 1, 0, 2, 0, 2, 1, 2, 0, 3, 2, 3, 2, 1, 3, 3, 1, 4, 2, 4, 2]","[1, 1, 21, 29, 30, 27, 25, 23, 22, 25]",3.5,,,,,,,,,,,,,,,
faithful_root_t0.0,faithful_root,0.0,backdoor,3,2,30,0.6966222690891376,0.7036854784979021,0.8354526901253673,1.0,0.0,1.0,0.6996333333333333,"{""Backdoor"": 0.934, ""DDoS_HTTP"": 0.954, ""DDoS_ICMP"": 0.995, ""DDoS_TCP"": 0.601, ""DDoS_UDP"": 0.994, ""Fingerprinting"": 0.135, ""MITM"": 1.0, ""Normal"": 1.0, ""Password"": 0.255, ""Port_Scanning"": 0.965, ""Ransomware"": 0.381, ""SQL_injection"": 0.775, ""Uploading"": 0.431, ""Vulnerability_scanner"": 0.771, ""XSS"": 0.364}","[0.3579, 0.5401, 0.5687, 0.6348, 0.6471, 0.6533, 0.6641, 0.6488, 0.6513, 0.6481, 0.6692, 0.6757, 0.6944, 0.6714, 0.6858, 0.6471, 0.687, 0.6653, 0.6998, 0.6611, 0.7016, 0.6939, 0.6964, 0.7001, 0.6936, 0.7006, 0.6994, 0.7016, 0.7007, 0.6966]","[0.2407, 0.3169, 0.3264, 0.4163, 0.2467, 0.2125, 0.2614, 0.311, 0.6478, 0.565]",4.8,39,240,8,60,"[0, 0, 0, 0, 0, 0, 0, 0, 1, 0, 0, 0, 1, 0, 2, 1, 3, 2, 3, 2, 3, 2, 2, 2, 3, 3, 2, 3, 2, 2]","[25, 27, 21, 30, 30, 23, 23, 22, 24, 28]",3.5,,,,,,,,,,,,,,,
faithful_root_t0.0,faithful_root,0.0,backdoor_boost,3,2,30,0.7158902315398751,0.7243929241608942,0.841373432909462,1.0,0.0,0.9304011402972918,0.7107666666666667,"{""Backdoor"": 0.44, ""DDoS_HTTP"": 0.626, ""DDoS_ICMP"": 0.982, ""DDoS_TCP"": 0.601, ""DDoS_UDP"": 0.996, ""Fingerprinting"": 0.325, ""MITM"": 1.0, ""Normal"": 1.0, ""Password"": 0.99, ""Port_Scanning"": 0.965, ""Ransomware"": 0.841, ""SQL_injection"": 0.079, ""Uploading"": 0.388, ""Vulnerability_scanner"": 0.795, ""XSS"": 0.837}","[0.4032, 0.522, 0.5525, 0.6251, 0.6357, 0.6361, 0.6459, 0.6395, 0.6476, 0.6534, 0.6499, 0.6828, 0.685, 0.6832, 0.6885, 0.6944, 0.6837, 0.6999, 0.6929, 0.7035, 0.706, 0.7103, 0.6899, 0.6923, 0.6853, 0.7043, 0.698, 0.7058, 0.7106, 0.7159]","[0.2407, 0.3169, 0.3264, 0.4163, 0.2467, 0.2125, 0.2614, 0.311, 0.6478, 0.565]",4.8,44,240,42,60,"[0, 0, 0, 0, 0, 0, 0, 0, 1, 0, 0, 2, 3, 2, 2, 3, 3, 2, 1, 3, 1, 3, 2, 2, 2, 2, 3, 2, 2, 3]","[11, 7, 19, 30, 30, 25, 21, 21, 23, 27]",3.5,,,,,,,,,,,,,,,
faithful_root_t0.0,faithful_root,0.0,adaptive,3,2,30,0.6907888909055441,0.7082087565217139,0.8360582206373769,1.0,0.0,0.0,0.6854,"{""Backdoor"": 0.767, ""DDoS_HTTP"": 0.552, ""DDoS_ICMP"": 0.979, ""DDoS_TCP"": 0.706, ""DDoS_UDP"": 0.998, ""Fingerprinting"": 0.185, ""MITM"": 1.0, ""Normal"": 1.0, ""Password"": 0.938, ""Port_Scanning"": 0.836, ""Ransomware"": 0.531, ""SQL_injection"": 0.0, ""Uploading"": 0.469, ""Vulnerability_scanner"": 0.791, ""XSS"": 0.872}","[0.2803, 0.3954, 0.5272, 0.5804, 0.5865, 0.6417, 0.6455, 0.6466, 0.6605, 0.6599, 0.6469, 0.6556, 0.6677, 0.668, 0.6638, 0.6667, 0.6494, 0.6599, 0.6581, 0.6519, 0.6439, 0.654, 0.6506, 0.6785, 0.639, 0.6909, 0.6383, 0.6827, 0.6827, 0.6908]","[0.2407, 0.3169, 0.3264, 0.4163, 0.2467, 0.2125, 0.2614, 0.311, 0.6478, 0.565]",4.9,31,240,0,60,"[0, 0, 0, 0, 0, 0, 0, 0, 0, 0, 1, 1, 1, 1, 2, 2, 3, 1, 1, 2, 2, 2, 1, 1, 3, 1, 2, 1, 2, 1]","[30, 30, 21, 30, 30, 29, 30, 21, 23, 25]",3.5,,,,,,,,,,,,,,,
faithful_root_t0.0,faithful_root,0.0,adaptive_f30,3,3,30,0.613141691329377,0.6324907914373187,0.8262800242212205,1.0,0.0,0.0,0.6101666666666666,"{""Backdoor"": 0.487, ""DDoS_HTTP"": 0.494, ""DDoS_ICMP"": 0.989, ""DDoS_TCP"": 0.808, ""DDoS_UDP"": 0.997, ""Fingerprinting"": 0.14, ""MITM"": 0.0, ""Normal"": 1.0, ""Password"": 0.915, ""Port_Scanning"": 0.707, ""Ransomware"": 0.785, ""SQL_injection"": 0.0, ""Uploading"": 0.485, ""Vulnerability_scanner"": 0.79, ""XSS"": 0.888}","[0.2139, 0.4377, 0.4826, 0.5404, 0.5688, 0.5834, 0.5905, 0.5928, 0.5917, 0.6073, 0.5917, 0.6036, 0.5925, 0.5987, 0.5982, 0.5987, 0.5899, 0.6003, 0.5947, 0.5952, 0.5903, 0.5998, 0.5947, 0.601, 0.5995, 0.6238, 0.614, 0.6036, 0.6138, 0.6131]","[0.2407, 0.3169, 0.3264, 0.4163, 0.2467, 0.2125, 0.2614, 0.311, 0.6478, 0.565]",4.9,25,210,0,90,"[0, 0, 0, 0, 0, 0, 1, 0, 0, 2, 0, 1, 0, 1, 2, 2, 1, 0, 1, 1, 1, 2, 1, 1, 2, 2, 0, 1, 1, 2]","[30, 30, 30, 30, 30, 30, 30, 17, 21, 27]",3.5,,,,,,,,,,,,,,,
faithful_root_t-0.3_kappa1.5,faithful_root,-0.3,none,3,0,30,0.7010161703062503,0.7144266679761367,0.8421359528134742,1.0,0.0,0.0,0.6791,"{""Backdoor"": 0.398, ""DDoS_HTTP"": 0.935, ""DDoS_ICMP"": 0.999, ""DDoS_TCP"": 0.666, ""DDoS_UDP"": 0.989, ""Fingerprinting"": 0.15, ""MITM"": 1.0, ""Normal"": 1.0, ""Password"": 0.105, ""Port_Scanning"": 0.911, ""Ransomware"": 0.903, ""SQL_injection"": 0.982, ""Uploading"": 0.42, ""Vulnerability_scanner"": 0.81, ""XSS"": 0.449}","[0.3316, 0.4646, 0.5128, 0.6005, 0.5652, 0.5691, 0.5715, 0.5725, 0.5708, 0.595, 0.5973, 0.601, 0.6232, 0.6245, 0.6553, 0.6846, 0.6852, 0.6871, 0.6878, 0.6872, 0.6879, 0.6911, 0.7001, 0.7002, 0.6986, 0.6613, 0.7022, 0.6625, 0.6738, 0.701]","[0.2407, 0.3169, 0.3264, 0.4163, 0.2467, 0.2125, 0.2614, 0.311, 0.6478, 0.565]",4.8,123,300,0,0,"[0, 0, 0, 1, 4, 4, 5, 5, 5, 5, 5, 7, 6, 6, 5, 4, 4, 4, 4, 4, 4, 4, 4, 4, 4, 5, 5, 5, 5, 5]","[30, 30, 4, 20, 30, 29, 11, 14, 3, 6]",1.5,,,,,-0.0673254281949934,0.08115942028985507,-0.06749999999999998,0.2,0.5,0.19222661396574436,0.280764163372859,0.8174999999999999,0.7,0.6,-0.6933037246280291
faithful_root_t-0.3_kappa1.5,faithful_root,-0.3,signflip,3,2,30,0.689420797916241,0.7081855373491927,0.8439525443495033,1.0,0.0,0.0,0.6879666666666666,"{""Backdoor"": 0.934, ""DDoS_HTTP"": 0.626, ""DDoS_ICMP"": 0.976, ""DDoS_TCP"": 0.68, ""DDoS_UDP"": 1.0, ""Fingerprinting"": 0.0, ""MITM"": 1.0, ""Normal"": 1.0, ""Password"": 0.105, ""Port_Scanning"": 0.896, ""Ransomware"": 0.381, ""SQL_injection"": 0.982, ""Uploading"": 0.422, ""Vulnerability_scanner"": 0.767, ""XSS"": 0.854}","[0.3592, 0.4654, 0.571, 0.5808, 0.5905, 0.5731, 0.591, 0.5809, 0.5711, 0.5704, 0.6096, 0.6129, 0.6356, 0.637, 0.6429, 0.6394, 0.6438, 0.668, 0.6431, 0.6852, 0.6888, 0.6891, 0.6892, 0.6984, 0.6841, 0.6889, 0.6888, 0.6908, 0.6837, 0.6894]","[0.2407, 0.3169, 0.3264, 0.4163, 0.2467, 0.2125, 0.2614, 0.311, 0.6478, 0.565]",4.7,118,240,60,60,"[0, 0, 0, 0, 0, 4, 4, 4, 4, 4, 4, 5, 5, 5, 5, 5, 5, 4, 5, 5, 5, 5, 5, 6, 5, 5, 5, 4, 5, 5]","[0, 0, 6, 7, 30, 11, 28, 5, 5, 30]",1.5,,,,,,,,,,,,,,,
faithful_root_t-0.3_kappa1.5,faithful_root,-0.3,adaptive_f30,3,3,30,0.5923752865741421,0.6213390813362314,0.8244410056291911,1.0,0.0,0.0,0.5857666666666667,"{""Backdoor"": 0.934, ""DDoS_HTTP"": 0.475, ""DDoS_ICMP"": 0.924, ""DDoS_TCP"": 0.601, ""DDoS_UDP"": 1.0, ""Fingerprinting"": 0.0, ""MITM"": 0.0, ""Normal"": 1.0, ""Password"": 0.843, ""Port_Scanning"": 0.965, ""Ransomware"": 0.381, ""SQL_injection"": 0.015, ""Uploading"": 0.509, ""Vulnerability_scanner"": 0.78, ""XSS"": 0.893}","[0.3083, 0.4277, 0.4991, 0.5597, 0.5807, 0.5912, 0.6003, 0.6029, 0.594, 0.5887, 0.5802, 0.5911, 0.5893, 0.5844, 0.5851, 0.5801, 0.5786, 0.5835, 0.6316, 0.6071, 0.5986, 0.5843, 0.5926, 0.5991, 0.5912, 0.5655, 0.5955, 0.5909, 0.574, 0.5924]","[0.2407, 0.3169, 0.3264, 0.4163, 0.2467, 0.2125, 0.2614, 0.311, 0.6478, 0.565]",5.0,94,210,0,90,"[0, 0, 0, 0, 0, 0, 0, 1, 1, 3, 2, 2, 2, 6, 6, 4, 3, 4, 5, 5, 5, 5, 5, 5, 5, 6, 4, 4, 6, 5]","[30, 30, 30, 13, 28, 13, 10, 15, 9, 28]",1.5,,,,,,,,,,,,,,,
faithful_root_t-0.3_kappa2.5,faithful_root,-0.3,none,3,0,30,0.6977044173799233,0.7113933746469494,0.8407006212294512,1.0,0.0,0.0,0.7027666666666667,"{""Backdoor"": 0.437, ""DDoS_HTTP"": 0.931, ""DDoS_ICMP"": 0.998, ""DDoS_TCP"": 0.712, ""DDoS_UDP"": 0.99, ""Fingerprinting"": 0.135, ""MITM"": 1.0, ""Normal"": 1.0, ""Password"": 0.105, ""Port_Scanning"": 0.858, ""Ransomware"": 0.841, ""SQL_injection"": 0.982, ""Uploading"": 0.42, ""Vulnerability_scanner"": 0.81, ""XSS"": 0.451}","[0.3316, 0.4646, 0.5128, 0.5705, 0.5881, 0.5852, 0.6374, 0.6425, 0.6764, 0.6812, 0.6879, 0.6885, 0.6868, 0.6956, 0.6952, 0.694, 0.6958, 0.6965, 0.7025, 0.701, 0.6992, 0.7027, 0.6933, 0.7088, 0.7052, 0.71, 0.7123, 0.6993, 0.7113, 0.6977]","[0.2407, 0.3169, 0.3264, 0.4163, 0.2467, 0.2125, 0.2614, 0.311, 0.6478, 0.565]",5.0,45,300,0,0,"[0, 0, 0, 0, 0, 0, 0, 0, 0, 0, 0, 1, 1, 2, 2, 2, 2, 2, 3, 2, 2, 2, 4, 2, 2, 2, 4, 3, 2, 5]","[30, 30, 11, 30, 30, 30, 27, 26, 13, 28]",2.5,,,,,-0.0673254281949934,0.08115942028985507,-0.06749999999999998,0.2,0.5,0.4249011857707509,0.28840579710144926,0.817142857142857,0.7,0.6,-0.5107414652298363
faithful_root_t-0.3_kappa2.5,faithful_root,-0.3,signflip,3,2,30,0.7068932125465042,0.7207714605739155,0.84000538249344,1.0,0.0,0.0,0.7083333333333334,"{""Backdoor"": 0.927, ""DDoS_HTTP"": 0.935, ""DDoS_ICMP"": 0.981, ""DDoS_TCP"": 0.826, ""DDoS_UDP"": 0.998, ""Fingerprinting"": 0.3, ""MITM"": 1.0, ""Normal"": 1.0, ""Password"": 0.936, ""Port_Scanning"": 0.723, ""Ransomware"": 0.381, ""SQL_injection"": 0.08, ""Uploading"": 0.469, ""Vulnerability_scanner"": 0.808, ""XSS"": 0.449}","[0.3592, 0.4654, 0.571, 0.5808, 0.5905, 0.6027, 0.6344, 0.6786, 0.6775, 0.6794, 0.6809, 0.6813, 0.6814, 0.6825, 0.6846, 0.684, 0.6824, 0.6809, 0.6935, 0.6866, 0.6851, 0.6877, 0.6775, 0.7055, 0.6942, 0.6964, 0.6925, 0.7148, 0.7033, 0.7069]","[0.2407, 0.3169, 0.3264, 0.4163, 0.2467, 0.2125, 0.2614, 0.311, 0.6478, 0.565]",4.7,12,240,60,60,"[0, 0, 0, 0, 0, 0, 0, 0, 0, 0, 0, 0, 0, 0, 0, 0, 0, 0, 0, 0, 0, 0, 2, 3, 0, 0, 2, 2, 1, 2]","[0, 0, 28, 30, 30, 30, 28, 25, 27, 30]",2.5,,,,,,,,,,,,,,,
faithful_root_t-0.3_kappa2.5,faithful_root,-0.3,adaptive_f30,3,3,30,0.6232132473976956,0.6449802679890968,0.8346004619973536,1.0,0.0,0.0,0.6179333333333333,"{""Backdoor"": 0.934, ""DDoS_HTTP"": 0.627, ""DDoS_ICMP"": 0.977, ""DDoS_TCP"": 0.604, ""DDoS_UDP"": 0.999, ""Fingerprinting"": 0.145, ""MITM"": 0.0, ""Normal"": 1.0, ""Password"": 0.939, ""Port_Scanning"": 0.965, ""Ransomware"": 0.381, ""SQL_injection"": 0.0, ""Uploading"": 0.469, ""Vulnerability_scanner"": 0.786, ""XSS"": 0.85}","[0.2315, 0.4354, 0.485, 0.5322, 0.5627, 0.5797, 0.5967, 0.5924, 0.5916, 0.5958, 0.5939, 0.6021, 0.6022, 0.5941, 0.6032, 0.6016, 0.5988, 0.6006, 0.6121, 0.5975, 0.5996, 0.6018, 0.6003, 0.6034, 0.6074, 0.612, 0.6088, 0.6146, 0.616, 0.6232]","[0.2407, 0.3169, 0.3264, 0.4163, 0.2467, 0.2125, 0.2614, 0.311, 0.6478, 0.565]",4.8,6,210,0,90,"[0, 0, 0, 0, 0, 0, 0, 0, 0, 0, 0, 0, 0, 1, 1, 0, 0, 0, 0, 1, 0, 0, 1, 0, 0, 0, 0, 0, 1, 1]","[30, 30, 30, 30, 30, 30, 30, 27, 27, 30]",2.5,,,,,,,,,,,,,,,
faithful_root_t-0.3_kappa5.0,faithful_root,-0.3,none,3,0,30,0.7138846654890701,0.7199727773560143,0.8473614568615578,1.0,0.0,0.0,0.7054333333333332,"{""Backdoor"": 0.878, ""DDoS_HTTP"": 0.838, ""DDoS_ICMP"": 0.996, ""DDoS_TCP"": 0.968, ""DDoS_UDP"": 0.993, ""Fingerprinting"": 0.105, ""MITM"": 1.0, ""Normal"": 1.0, ""Password"": 0.874, ""Port_Scanning"": 0.556, ""Ransomware"": 0.55, ""SQL_injection"": 0.238, ""Uploading"": 0.42, ""Vulnerability_scanner"": 0.778, ""XSS"": 0.605}","[0.3316, 0.4646, 0.5128, 0.5705, 0.5881, 0.5852, 0.6374, 0.6425, 0.6764, 0.6812, 0.6879, 0.6914, 0.6877, 0.6919, 0.6925, 0.694, 0.6917, 0.6887, 0.6903, 0.6942, 0.7023, 0.6993, 0.7068, 0.7083, 0.702, 0.7092, 0.7069, 0.6991, 0.7033, 0.7139]","[0.2407, 0.3169, 0.3264, 0.4163, 0.2467, 0.2125, 0.2614, 0.311, 0.6478, 0.565]",5.8,0,300,0,0,"[0, 0, 0, 0, 0, 0, 0, 0, 0, 0, 0, 0, 0, 0, 0, 0, 0, 0, 0, 0, 0, 0, 0, 0, 0, 0, 0, 0, 0, 0]","[30, 30, 30, 30, 30, 30, 30, 30, 30, 30]",5.0,,,,,-0.0673254281949934,0.08115942028985507,-0.06749999999999998,0.2,0.5,0.4249011857707509,0.28840579710144926,0.817142857142857,0.7,0.6,
faithful_root_t-0.3_kappa5.0,faithful_root,-0.3,signflip,3,2,30,0.7018295888944287,0.7146127297522948,0.8400278095494405,1.0,0.0,0.0,0.7030666666666666,"{""Backdoor"": 0.925, ""DDoS_HTTP"": 0.647, ""DDoS_ICMP"": 0.99, ""DDoS_TCP"": 0.863, ""DDoS_UDP"": 0.996, ""Fingerprinting"": 0.195, ""MITM"": 1.0, ""Normal"": 1.0, ""Password"": 0.938, ""Port_Scanning"": 0.672, ""Ransomware"": 0.381, ""SQL_injection"": 0.079, ""Uploading"": 0.469, ""Vulnerability_scanner"": 0.77, ""XSS"": 0.795}","[0.3592, 0.4654, 0.571, 0.5808, 0.5905, 0.6027, 0.6344, 0.6786, 0.6775, 0.6794, 0.6809, 0.6813, 0.6814, 0.6825, 0.6846, 0.684, 0.6824, 0.6809, 0.6935, 0.6866, 0.6851, 0.6877, 0.6903, 0.6912, 0.6923, 0.6936, 0.6958, 0.7118, 0.6956, 0.7018]","[0.2407, 0.3169, 0.3264, 0.4163, 0.2467, 0.2125, 0.2614, 0.311, 0.6478, 0.565]",4.8,1,240,60,60,"[0, 0, 0, 0, 0, 0, 0, 0, 0, 0, 0, 0, 0, 0, 0, 0, 0, 0, 0, 0, 0, 0, 0, 0, 0, 0, 0, 1, 0, 0]","[0, 0, 29, 30, 30, 30, 30, 30, 30, 30]",5.0,,,,,,,,,,,,,,,
faithful_root_t-0.3_kappa5.0,faithful_root,-0.3,adaptive_f30,3,3,30,0.6023610308432092,0.6279244983838901,0.8266164300612259,1.0,0.0,0.0,0.5991666666666667,"{""Backdoor"": 0.563, ""DDoS_HTTP"": 0.475, ""DDoS_ICMP"": 0.985, ""DDoS_TCP"": 0.956, ""DDoS_UDP"": 0.999, ""Fingerprinting"": 0.055, ""MITM"": 0.0, ""Normal"": 1.0, ""Password"": 0.94, ""Port_Scanning"": 0.553, ""Ransomware"": 0.739, ""SQL_injection"": 0.0, ""Uploading"": 0.469, ""Vulnerability_scanner"": 0.794, ""XSS"": 0.893}","[0.2144, 0.3792, 0.4613, 0.5026, 0.4859, 0.5089, 0.5168, 0.5094, 0.5162, 0.5331, 0.528, 0.5363, 0.5121, 0.5474, 0.5446, 0.5894, 0.5817, 0.5881, 0.5923, 0.5847, 0.5865, 0.566, 0.5798, 0.6126, 0.5978, 0.6081, 0.597, 0.5809, 0.6142, 0.6024]","[0.2407, 0.3169, 0.3264, 0.4163, 0.2467, 0.2125, 0.2614, 0.311, 0.6478, 0.565]",4.9,1,210,0,90,"[0, 0, 0, 0, 0, 0, 0, 0, 0, 0, 0, 0, 0, 0, 0, 0, 0, 0, 0, 0, 0, 0, 0, 0, 0, 0, 0, 0, 1, 0]","[30, 30, 30, 30, 30, 30, 30, 29, 30, 30]",5.0,,,,,,,,,,,,,,,
faithful_root_t-0.3_clip,faithful_root,-0.3,none,3,0,30,0.6934356196258523,0.7010481606668238,0.8390410190854246,1.0,0.0,0.0,0.6948666666666666,"{""Backdoor"": 0.438, ""DDoS_HTTP"": 0.932, ""DDoS_ICMP"": 0.996, ""DDoS_TCP"": 0.907, ""DDoS_UDP"": 0.99, ""Fingerprinting"": 0.0, ""MITM"": 1.0, ""Normal"": 1.0, ""Password"": 0.461, ""Port_Scanning"": 0.614, ""Ransomware"": 0.841, ""SQL_injection"": 0.635, ""Uploading"": 0.422, ""Vulnerability_scanner"": 0.798, ""XSS"": 0.481}","[0.3285, 0.4408, 0.4951, 0.5377, 0.5833, 0.5814, 0.6027, 0.6031, 0.5998, 0.6155, 0.6304, 0.6502, 0.6876, 0.6905, 0.6919, 0.6964, 0.698, 0.6935, 0.6948, 0.6996, 0.6932, 0.6952, 0.6949, 0.6948, 0.6952, 0.6956, 0.6975, 0.6968, 0.6944, 0.6934]","[0.2407, 0.3169, 0.3264, 0.4163, 0.2467, 0.2125, 0.2614, 0.311, 0.6478, 0.565]",5.1,0,300,0,0,"[0, 0, 0, 0, 0, 0, 0, 0, 0, 0, 0, 0, 0, 0, 0, 0, 0, 0, 0, 0, 0, 0, 0, 0, 0, 0, 0, 0, 0, 0]","[30, 30, 30, 30, 30, 30, 30, 30, 30, 30]",3.5,1.0,,,,-0.0673254281949934,0.08115942028985507,-0.06749999999999998,0.2,0.5,0.3538866930171278,0.28089591567852434,0.8203571428571428,0.7,0.6,
faithful_root_t-0.3_clip,faithful_root,-0.3,backdoor,3,2,30,0.6721316525910669,0.6828628921213864,0.8274910852452398,1.0,0.0,0.9884341274689472,0.6711666666666667,"{""Backdoor"": 0.686, ""DDoS_HTTP"": 0.959, ""DDoS_ICMP"": 0.997, ""DDoS_TCP"": 0.786, ""DDoS_UDP"": 0.993, ""Fingerprinting"": 0.0, ""MITM"": 0.984, ""Normal"": 1.0, ""Password"": 0.298, ""Port_Scanning"": 0.747, ""Ransomware"": 0.544, ""SQL_injection"": 0.747, ""Uploading"": 0.422, ""Vulnerability_scanner"": 0.784, ""XSS"": 0.299}","[0.3391, 0.5274, 0.5576, 0.6166, 0.6324, 0.6422, 0.6411, 0.6589, 0.6536, 0.6575, 0.6598, 0.6542, 0.6612, 0.664, 0.6604, 0.6617, 0.6569, 0.6586, 0.6633, 0.6579, 0.657, 0.6608, 0.6596, 0.6627, 0.6704, 0.6657, 0.6617, 0.6692, 0.6722, 0.6721]","[0.2407, 0.3169, 0.3264, 0.4163, 0.2467, 0.2125, 0.2614, 0.311, 0.6478, 0.565]",5.4,0,240,0,60,"[0, 0, 0, 0, 0, 0, 0, 0, 0, 0, 0, 0, 0, 0, 0, 0, 0, 0, 0, 0, 0, 0, 0, 0, 0, 0, 0, 0, 0, 0]","[30, 30, 30, 30, 30, 30, 30, 30, 30, 30]",3.5,1.0,,,,,,,,,,,,,,
faithful_root_t-0.3_clip,faithful_root,-0.3,backdoor_boost,3,2,30,0.6995630264750977,0.7128739661435972,0.8419565363654713,1.0,0.0,0.001140297291793932,0.6960333333333333,"{""Backdoor"": 0.934, ""DDoS_HTTP"": 0.637, ""DDoS_ICMP"": 0.991, ""DDoS_TCP"": 0.619, ""DDoS_UDP"": 0.994, ""Fingerprinting"": 0.135, ""MITM"": 0.984, ""Normal"": 1.0, ""Password"": 0.938, ""Port_Scanning"": 0.941, ""Ransomware"": 0.381, ""SQL_injection"": 0.079, ""Uploading"": 0.453, ""Vulnerability_scanner"": 0.774, ""XSS"": 0.832}","[0.339, 0.5271, 0.5569, 0.6165, 0.6418, 0.6563, 0.6539, 0.6611, 0.6601, 0.6647, 0.6717, 0.672, 0.6761, 0.6791, 0.6818, 0.6772, 0.6769, 0.6816, 0.6838, 0.683, 0.6836, 0.6836, 0.6825, 0.6835, 0.6837, 0.6839, 0.689, 0.6941, 0.6944, 0.6996]","[0.2407, 0.3169, 0.3264, 0.4163, 0.2467, 0.2125, 0.2614, 0.311, 0.6478, 0.565]",9.0,0,240,52,60,"[0, 0, 0, 0, 0, 0, 0, 0, 0, 0, 0, 0, 0, 0, 0, 0, 0, 0, 0, 0, 0, 0, 0, 0, 0, 0, 0, 0, 0, 0]","[4, 4, 30, 30, 30, 30, 30, 30, 30, 30]",3.5,1.0,,,,,,,,,,,,,,
faithful_root_t-0.3_clip,faithful_root,-0.3,adaptive_f30,3,3,30,0.6161541742664416,0.6390911342885243,0.8364843347013837,1.0,0.0,0.0,0.6147333333333332,"{""Backdoor"": 0.909, ""DDoS_HTTP"": 0.586, ""DDoS_ICMP"": 0.969, ""DDoS_TCP"": 0.605, ""DDoS_UDP"": 0.999, ""Fingerprinting"": 0.0, ""MITM"": 0.0, ""Normal"": 1.0, ""Password"": 0.939, ""Port_Scanning"": 0.965, ""Ransomware"": 0.437, ""SQL_injection"": 0.074, ""Uploading"": 0.47, ""Vulnerability_scanner"": 0.769, ""XSS"": 0.865}","[0.2949, 0.4175, 0.5181, 0.5672, 0.5848, 0.5909, 0.5961, 0.5991, 0.5949, 0.6011, 0.5993, 0.6004, 0.601, 0.6006, 0.601, 0.5977, 0.596, 0.5963, 0.6028, 0.5996, 0.6032, 0.6002, 0.6017, 0.6027, 0.6046, 0.6067, 0.6094, 0.6123, 0.6157, 0.6162]","[0.2407, 0.3169, 0.3264, 0.4163, 0.2467, 0.2125, 0.2614, 0.311, 0.6478, 0.565]",5.1,0,210,0,90,"[0, 0, 0, 0, 0, 0, 0, 0, 0, 0, 0, 0, 0, 0, 0, 0, 0, 0, 0, 0, 0, 0, 0, 0, 0, 0, 0, 0, 0, 0]","[30, 30, 30, 30, 30, 30, 30, 30, 30, 30]",3.5,1.0,,,,,,,,,,,,,,
faithful_root_t-0.3_clip,faithful_root,-0.3,signflip,3,2,30,0.6888101700704784,0.7072251403554793,0.8415304223014645,1.0,0.0,0.0,0.6871,"{""Backdoor"": 0.918, ""DDoS_HTTP"": 0.628, ""DDoS_ICMP"": 0.989, ""DDoS_TCP"": 0.8, ""DDoS_UDP"": 0.995, ""Fingerprinting"": 0.035, ""MITM"": 1.0, ""Normal"": 1.0, ""Password"": 0.938, ""Port_Scanning"": 0.748, ""Ransomware"": 0.384, ""SQL_injection"": 0.079, ""Uploading"": 0.47, ""Vulnerability_scanner"": 0.77, ""XSS"": 0.853}","[0.3524, 0.4413, 0.5552, 0.5701, 0.5827, 0.5869, 0.6057, 0.6078, 0.6269, 0.6335, 0.6461, 0.6805, 0.6809, 0.6824, 0.685, 0.684, 0.6839, 0.6809, 0.685, 0.6833, 0.6834, 0.682, 0.684, 0.6842, 0.6829, 0.6839, 0.6838, 0.6863, 0.6862, 0.6888]","[0.2407, 0.3169, 0.3264, 0.4163, 0.2467, 0.2125, 0.2614, 0.311, 0.6478, 0.565]",6.9,0,240,60,60,"[0, 0, 0, 0, 0, 0, 0, 0, 0, 0, 0, 0, 0, 0, 0, 0, 0, 0, 0, 0, 0, 0, 0, 0, 0, 0, 0, 0, 0, 0]","[0, 0, 30, 30, 30, 30, 30, 30, 30, 30]",3.5,1.0,,,,,,,,,,,,,,
faithful_root_t-0.3_clipnoise_z0.5,faithful_root,-0.3,none,3,0,30,0.6984316377253242,0.7057854993791085,0.8431003162214896,1.0,0.0,0.0,0.6999,"{""Backdoor"": 0.517, ""DDoS_HTTP"": 0.913, ""DDoS_ICMP"": 0.996, ""DDoS_TCP"": 0.704, ""DDoS_UDP"": 0.991, ""Fingerprinting"": 0.0, ""MITM"": 0.975, ""Normal"": 1.0, ""Password"": 0.827, ""Port_Scanning"": 0.878, ""Ransomware"": 0.811, ""SQL_injection"": 0.29, ""Uploading"": 0.402, ""Vulnerability_scanner"": 0.78, ""XSS"": 0.504}","[0.1762, 0.4319, 0.5335, 0.5713, 0.5945, 0.5946, 0.5969, 0.5961, 0.6061, 0.5891, 0.6149, 0.6203, 0.6199, 0.6453, 0.6448, 0.6462, 0.6812, 0.6265, 0.6408, 0.6943, 0.6919, 0.696, 0.6992, 0.7014, 0.7005, 0.6966, 0.7019, 0.7054, 0.6959, 0.6984]","[0.2407, 0.3169, 0.3264, 0.4163, 0.2467, 0.2125, 0.2614, 0.311, 0.6478, 0.565]",5.3,0,300,0,0,"[0, 0, 0, 0, 0, 0, 0, 0, 0, 0, 0, 0, 0, 0, 0, 0, 0, 0, 0, 0, 0, 0, 0, 0, 0, 0, 0, 0, 0, 0]","[30, 30, 30, 30, 30, 30, 30, 30, 30, 30]",3.5,1.0,0.5,,112.56537912599764,-0.05164690382081687,-0.0383399209486166,0.023571428571428583,0.2,0.5,0.40382081686429505,0.26693017127799734,0.8160714285714284,0.7,0.4,
faithful_root_t-0.3_clipnoise_z0.5,faithful_root,-0.3,backdoor,3,2,30,0.677258128925708,0.6880802217997037,0.8281414698692503,1.0,0.0,0.9989818774180411,0.6756333333333334,"{""Backdoor"": 0.75, ""DDoS_HTTP"": 0.933, ""DDoS_ICMP"": 0.996, ""DDoS_TCP"": 0.762, ""DDoS_UDP"": 0.992, ""Fingerprinting"": 0.05, ""MITM"": 1.0, ""Normal"": 1.0, ""Password"": 0.818, ""Port_Scanning"": 0.775, ""Ransomware"": 0.489, ""SQL_injection"": 0.24, ""Uploading"": 0.411, ""Vulnerability_scanner"": 0.775, ""XSS"": 0.33}","[0.2724, 0.3912, 0.5319, 0.5463, 0.6136, 0.5656, 0.6366, 0.6035, 0.6587, 0.656, 0.662, 0.6488, 0.6657, 0.6744, 0.6559, 0.6518, 0.6451, 0.6328, 0.6445, 0.6493, 0.6749, 0.6624, 0.6531, 0.6532, 0.6712, 0.6659, 0.6611, 0.6724, 0.6772, 0.6773]","[0.2407, 0.3169, 0.3264, 0.4163, 0.2467, 0.2125, 0.2614, 0.311, 0.6478, 0.565]",4.9,0,240,0,60,"[0, 0, 0, 0, 0, 0, 0, 0, 0, 0, 0, 0, 0, 0, 0, 0, 0, 0, 0, 0, 0, 0, 0, 0, 0, 0, 0, 0, 0, 0]","[30, 30, 30, 30, 30, 30, 30, 30, 30, 30]",3.5,1.0,0.5,,112.56537912599764,,,,,,,,,,,
faithful_root_t-0.3_clipnoise_z0.5,faithful_root,-0.3,backdoor_boost,3,2,30,0.6927929202819186,0.7093227469316817,0.8407454753414519,1.0,0.0,0.9228670331907962,0.6856,"{""Backdoor"": 0.933, ""DDoS_HTTP"": 0.661, ""DDoS_ICMP"": 0.983, ""DDoS_TCP"": 0.623, ""DDoS_UDP"": 0.996, ""Fingerprinting"": 0.09, ""MITM"": 1.0, ""Normal"": 1.0, ""Password"": 0.963, ""Port_Scanning"": 0.935, ""Ransomware"": 0.381, ""SQL_injection"": 0.086, ""Uploading"": 0.42, ""Vulnerability_scanner"": 0.77, ""XSS"": 0.799}","[0.2726, 0.398, 0.5315, 0.5466, 0.6141, 0.5668, 0.6329, 0.6028, 0.6582, 0.656, 0.6622, 0.644, 0.6519, 0.6819, 0.6653, 0.646, 0.6384, 0.6437, 0.6394, 0.6527, 0.6866, 0.6776, 0.6727, 0.6648, 0.6842, 0.6726, 0.6599, 0.6809, 0.6831, 0.6928]","[0.2407, 0.3169, 0.3264, 0.4163, 0.2467, 0.2125, 0.2614, 0.311, 0.6478, 0.565]",4.9,1,240,38,60,"[0, 0, 0, 0, 0, 0, 0, 0, 0, 0, 0, 0, 0, 0, 0, 0, 0, 0, 0, 0, 0, 0, 0, 0, 0, 0, 0, 1, 0, 0]","[11, 11, 29, 30, 30, 30, 30, 30, 30, 30]",3.5,1.0,0.5,,112.56537912599764,,,,,,,,,,,
faithful_root_t-0.3_clipnoise_z0.5,faithful_root,-0.3,adaptive_f30,3,3,30,0.6567622137729143,0.6690373726279021,0.840498777725448,1.0,0.0,0.0,0.6383666666666666,"{""Backdoor"": 0.897, ""DDoS_HTTP"": 0.626, ""DDoS_ICMP"": 0.952, ""DDoS_TCP"": 0.601, ""DDoS_UDP"": 0.998, ""Fingerprinting"": 0.4, ""MITM"": 0.0, ""Normal"": 1.0, ""Password"": 0.959, ""Port_Scanning"": 0.965, ""Ransomware"": 0.488, ""SQL_injection"": 0.079, ""Uploading"": 0.445, ""Vulnerability_scanner"": 0.769, ""XSS"": 0.855}","[0.1937, 0.4043, 0.4121, 0.4369, 0.4941, 0.5443, 0.5713, 0.5683, 0.5849, 0.5951, 0.5978, 0.6061, 0.602, 0.6089, 0.6123, 0.6253, 0.6096, 0.6184, 0.6192, 0.6174, 0.6183, 0.6188, 0.618, 0.6169, 0.6011, 0.6413, 0.6388, 0.6433, 0.615, 0.6568]","[0.2407, 0.3169, 0.3264, 0.4163, 0.2467, 0.2125, 0.2614, 0.311, 0.6478, 0.565]",5.0,0,210,0,90,"[0, 0, 0, 0, 0, 0, 0, 0, 0, 0, 0, 0, 0, 0, 0, 0, 0, 0, 0, 0, 0, 0, 0, 0, 0, 0, 0, 0, 0, 0]","[30, 30, 30, 30, 30, 30, 30, 30, 30, 30]",3.5,1.0,0.5,,112.56537912599764,,,,,,,,,,,
faithful_root_t-0.3_clipnoise_z0.5,faithful_root,-0.3,signflip,3,2,30,0.6892932874767936,0.6989637616844478,0.8439301172935029,1.0,0.0,0.0,0.6906,"{""Backdoor"": 0.853, ""DDoS_HTTP"": 0.769, ""DDoS_ICMP"": 0.984, ""DDoS_TCP"": 0.602, ""DDoS_UDP"": 0.994, ""Fingerprinting"": 0.0, ""MITM"": 0.835, ""Normal"": 1.0, ""Password"": 0.964, ""Port_Scanning"": 0.964, ""Ransomware"": 0.503, ""SQL_injection"": 0.146, ""Uploading"": 0.429, ""Vulnerability_scanner"": 0.773, ""XSS"": 0.669}","[0.1586, 0.4398, 0.501, 0.5718, 0.5711, 0.6005, 0.581, 0.5714, 0.5984, 0.5865, 0.6122, 0.6188, 0.6097, 0.6277, 0.6808, 0.684, 0.6879, 0.6683, 0.6824, 0.682, 0.6917, 0.6877, 0.6924, 0.6935, 0.6917, 0.6914, 0.6957, 0.6914, 0.6911, 0.6893]","[0.2407, 0.3169, 0.3264, 0.4163, 0.2467, 0.2125, 0.2614, 0.311, 0.6478, 0.565]",4.8,0,240,60,60,"[0, 0, 0, 0, 0, 0, 0, 0, 0, 0, 0, 0, 0, 0, 0, 0, 0, 0, 0, 0, 0, 0, 0, 0, 0, 0, 0, 0, 0, 0]","[0, 0, 30, 30, 30, 30, 30, 30, 30, 30]",3.5,1.0,0.5,,112.56537912599764,,,,,,,,,,,
faithful_root_t-0.3_all_z0.5,faithful_root,-0.3,none,3,0,30,0.6949881979613135,0.7017327699599911,0.83937742492543,1.0,0.0,0.0,0.6976333333333332,"{""Backdoor"": 0.44, ""DDoS_HTTP"": 0.821, ""DDoS_ICMP"": 0.995, ""DDoS_TCP"": 0.851, ""DDoS_UDP"": 0.99, ""Fingerprinting"": 0.0, ""MITM"": 1.0, ""Normal"": 1.0, ""Password"": 0.773, ""Port_Scanning"": 0.673, ""Ransomware"": 0.841, ""SQL_injection"": 0.34, ""Uploading"": 0.409, ""Vulnerability_scanner"": 0.765, ""XSS"": 0.627}","[0.1951, 0.4059, 0.4853, 0.5638, 0.5578, 0.5893, 0.5873, 0.5907, 0.6056, 0.5938, 0.6203, 0.624, 0.6195, 0.6286, 0.6325, 0.6263, 0.6198, 0.6098, 0.6273, 0.6343, 0.6583, 0.6682, 0.7021, 0.7037, 0.6998, 0.6993, 0.6976, 0.7026, 0.6953, 0.695]","[0.2407, 0.3169, 0.3264, 0.4163, 0.2467, 0.2125, 0.2614, 0.311, 0.6478, 0.565]",7.6,0,300,0,0,"[0, 0, 0, 0, 0, 0, 0, 0, 0, 0, 0, 0, 0, 0, 0, 0, 0, 0, 0, 0, 0, 0, 0, 0, 0, 0, 0, 0, 0, 0]","[30, 30, 30, 30, 30, 30, 30, 30, 30, 30]",3.5,1.0,0.5,3.0,112.56537912599764,-0.05164690382081687,-0.0383399209486166,0.023571428571428583,0.2,0.5,0.3827404479578393,0.27667984189723316,0.8235714285714284,0.7,0.5,
faithful_root_t-0.3_all_z0.5,faithful_root,-0.3,backdoor,3,2,30,0.671572968665669,0.6895292227913007,0.8311018412612976,1.0,0.0,0.9050702504581551,0.6749666666666666,"{""Backdoor"": 0.875, ""DDoS_HTTP"": 0.917, ""DDoS_ICMP"": 0.993, ""DDoS_TCP"": 0.62, ""DDoS_UDP"": 0.994, ""Fingerprinting"": 0.0, ""MITM"": 1.0, ""Normal"": 1.0, ""Password"": 0.868, ""Port_Scanning"": 0.947, ""Ransomware"": 0.438, ""SQL_injection"": 0.183, ""Uploading"": 0.427, ""Vulnerability_scanner"": 0.773, ""XSS"": 0.309}","[0.2667, 0.4085, 0.5117, 0.5409, 0.6035, 0.5587, 0.6348, 0.585, 0.6572, 0.6605, 0.6639, 0.6414, 0.6557, 0.6697, 0.6497, 0.6526, 0.647, 0.6418, 0.6473, 0.6535, 0.6633, 0.6566, 0.6592, 0.6584, 0.6663, 0.6576, 0.6674, 0.6771, 0.6762, 0.6716]","[0.2407, 0.3169, 0.3264, 0.4163, 0.2467, 0.2125, 0.2614, 0.311, 0.6478, 0.565]",5.8,0,240,0,60,"[0, 0, 0, 0, 0, 0, 0, 0, 0, 0, 0, 0, 0, 0, 0, 0, 0, 0, 0, 0, 0, 0, 0, 0, 0, 0, 0, 0, 0, 0]","[30, 30, 30, 30, 30, 30, 30, 30, 30, 30]",3.5,1.0,0.5,3.0,112.56537912599764,,,,,,,,,,,
faithful_root_t-0.3_all_z0.5,faithful_root,-0.3,backdoor_boost,3,2,30,0.6797354857586334,0.7012235625396882,0.8389064567494225,1.0,0.0,0.005172062716351049,0.6793,"{""Backdoor"": 0.933, ""DDoS_HTTP"": 0.64, ""DDoS_ICMP"": 0.988, ""DDoS_TCP"": 0.603, ""DDoS_UDP"": 0.995, ""Fingerprinting"": 0.0, ""MITM"": 1.0, ""Normal"": 1.0, ""Password"": 0.937, ""Port_Scanning"": 0.963, ""Ransomware"": 0.381, ""SQL_injection"": 0.08, ""Uploading"": 0.45, ""Vulnerability_scanner"": 0.769, ""XSS"": 0.778}","[0.267, 0.4098, 0.514, 0.5419, 0.5748, 0.5477, 0.5842, 0.5696, 0.6057, 0.6592, 0.6636, 0.6447, 0.653, 0.6756, 0.6603, 0.6485, 0.6409, 0.6485, 0.6384, 0.6493, 0.6763, 0.6705, 0.6636, 0.6638, 0.669, 0.6672, 0.6721, 0.6796, 0.6786, 0.6797]","[0.2407, 0.3169, 0.3264, 0.4163, 0.2467, 0.2125, 0.2614, 0.311, 0.6478, 0.565]",5.7,0,240,52,60,"[0, 0, 0, 0, 0, 0, 0, 0, 0, 0, 0, 0, 0, 0, 0, 0, 0, 0, 0, 0, 0, 0, 0, 0, 0, 0, 0, 0, 0, 0]","[4, 4, 30, 30, 30, 30, 30, 30, 30, 30]",3.5,1.0,0.5,3.0,112.56537912599764,,,,,,,,,,,
faithful_root_t-0.3_all_z0.5,faithful_root,-0.3,adaptive_f30,3,3,30,0.6402797933402508,0.6503262740660019,0.8339276503173428,0.9982488291590308,0.0,0.0,0.6288333333333332,"{""Backdoor"": 0.723, ""DDoS_HTTP"": 0.559, ""DDoS_ICMP"": 0.962, ""DDoS_TCP"": 0.685, ""DDoS_UDP"": 0.998, ""Fingerprinting"": 0.25, ""MITM"": 0.0, ""Normal"": 1.0, ""Password"": 0.957, ""Port_Scanning"": 0.871, ""Ransomware"": 0.587, ""SQL_injection"": 0.079, ""Uploading"": 0.449, ""Vulnerability_scanner"": 0.762, ""XSS"": 0.872}","[0.2579, 0.4557, 0.4723, 0.531, 0.5281, 0.576, 0.5823, 0.5924, 0.5969, 0.5976, 0.601, 0.6029, 0.6034, 0.6121, 0.609, 0.6085, 0.6062, 0.6132, 0.6188, 0.6169, 0.6167, 0.6192, 0.6162, 0.6157, 0.606, 0.6094, 0.6177, 0.63, 0.6162, 0.6403]","[0.2407, 0.3169, 0.3264, 0.4163, 0.2467, 0.2125, 0.2614, 0.311, 0.6478, 0.565]",4.9,0,210,0,90,"[0, 0, 0, 0, 0, 0, 0, 0, 0, 0, 0, 0, 0, 0, 0, 0, 0, 0, 0, 0, 0, 0, 0, 0, 0, 0, 0, 0, 0, 0]","[30, 30, 30, 30, 30, 30, 30, 30, 30, 30]",3.5,1.0,0.5,3.0,112.56537912599764,,,,,,,,,,,
faithful_root_t-0.3_all_z0.5,faithful_root,-0.3,signflip,3,2,30,0.6939729798833831,0.706572032914431,0.8425172127654803,1.0,0.0,0.0,0.6957,"{""Backdoor"": 0.742, ""DDoS_HTTP"": 0.643, ""DDoS_ICMP"": 0.981, ""DDoS_TCP"": 0.776, ""DDoS_UDP"": 0.992, ""Fingerprinting"": 0.0, ""MITM"": 1.0, ""Normal"": 1.0, ""Password"": 0.953, ""Port_Scanning"": 0.761, ""Ransomware"": 0.587, ""SQL_injection"": 0.145, ""Uploading"": 0.422, ""Vulnerability_scanner"": 0.761, ""XSS"": 0.835}","[0.1805, 0.4068, 0.4887, 0.5438, 0.5596, 0.5825, 0.5805, 0.5727, 0.5967, 0.5854, 0.6109, 0.6151, 0.6164, 0.6268, 0.6279, 0.6238, 0.6219, 0.6153, 0.6174, 0.622, 0.6226, 0.6852, 0.6897, 0.6904, 0.6962, 0.6953, 0.6927, 0.6961, 0.697, 0.694]","[0.2407, 0.3169, 0.3264, 0.4163, 0.2467, 0.2125, 0.2614, 0.311, 0.6478, 0.565]",5.4,0,240,60,60,"[0, 0, 0, 0, 0, 0, 0, 0, 0, 0, 0, 0, 0, 0, 0, 0, 0, 0, 0, 0, 0, 0, 0, 0, 0, 0, 0, 0, 0, 0]","[0, 0, 30, 30, 30, 30, 30, 30, 30, 30]",3.5,1.0,0.5,3.0,112.56537912599764,,,,,,,,,,,
faithful_root_t-0.3_all_z1.0,faithful_root,-0.3,none,3,0,30,0.6812071110999087,0.688822502663537,0.837560833389401,1.0,0.0,0.0,0.6660666666666667,"{""Backdoor"": 0.501, ""DDoS_HTTP"": 0.742, ""DDoS_ICMP"": 0.995, ""DDoS_TCP"": 1.0, ""DDoS_UDP"": 0.989, ""Fingerprinting"": 0.0, ""MITM"": 0.823, ""Normal"": 1.0, ""Password"": 0.924, ""Port_Scanning"": 0.516, ""Ransomware"": 0.811, ""SQL_injection"": 0.21, ""Uploading"": 0.389, ""Vulnerability_scanner"": 0.769, ""XSS"": 0.664}","[0.154, 0.2841, 0.4159, 0.4976, 0.5414, 0.5616, 0.5618, 0.5474, 0.5881, 0.5713, 0.586, 0.6087, 0.6071, 0.604, 0.6079, 0.6123, 0.5994, 0.5954, 0.6036, 0.6206, 0.6143, 0.6077, 0.613, 0.6389, 0.6326, 0.6344, 0.6763, 0.6906, 0.6264, 0.6812]","[0.2407, 0.3169, 0.3264, 0.4163, 0.2467, 0.2125, 0.2614, 0.311, 0.6478, 0.565]",7.8,0,300,0,0,"[0, 0, 0, 0, 0, 0, 0, 0, 0, 0, 0, 0, 0, 0, 0, 0, 0, 0, 0, 0, 0, 0, 0, 0, 0, 0, 0, 0, 0, 0]","[30, 30, 30, 30, 30, 30, 30, 30, 30, 30]",3.5,1.0,1.0,3.0,41.285057226388886,-0.05164690382081687,-0.0383399209486166,0.023571428571428583,0.2,0.5,0.3787878787878788,0.2424242424242424,0.8232142857142856,0.8,0.4,
faithful_root_t-0.3_all_z1.0,faithful_root,-0.3,backdoor,3,2,30,0.6630232075005195,0.675140345244651,0.8291058332772657,1.0,0.0,0.38179596823457546,0.6543,"{""Backdoor"": 0.924, ""DDoS_HTTP"": 0.666, ""DDoS_ICMP"": 0.985, ""DDoS_TCP"": 0.778, ""DDoS_UDP"": 0.996, ""Fingerprinting"": 0.0, ""MITM"": 0.802, ""Normal"": 1.0, ""Password"": 0.789, ""Port_Scanning"": 0.773, ""Ransomware"": 0.395, ""SQL_injection"": 0.087, ""Uploading"": 0.497, ""Vulnerability_scanner"": 0.771, ""XSS"": 0.664}","[0.1272, 0.2365, 0.3598, 0.4426, 0.4524, 0.4838, 0.5169, 0.4972, 0.5596, 0.5753, 0.5896, 0.5742, 0.5813, 0.6537, 0.6441, 0.6361, 0.6307, 0.6215, 0.6237, 0.6241, 0.6646, 0.6482, 0.6154, 0.606, 0.644, 0.621, 0.6187, 0.651, 0.6489, 0.663]","[0.2407, 0.3169, 0.3264, 0.4163, 0.2467, 0.2125, 0.2614, 0.311, 0.6478, 0.565]",7.3,0,240,0,60,"[0, 0, 0, 0, 0, 0, 0, 0, 0, 0, 0, 0, 0, 0, 0, 0, 0, 0, 0, 0, 0, 0, 0, 0, 0, 0, 0, 0, 0, 0]","[30, 30, 30, 30, 30, 30, 30, 30, 30, 30]",3.5,1.0,1.0,3.0,41.285057226388886,,,,,,,,,,,
faithful_root_t-0.3_all_z1.0,faithful_root,-0.3,backdoor_boost,3,2,30,0.6591881601219719,0.6732029871087298,0.8284105945412545,1.0,0.0,0.003991040521278762,0.6545666666666666,"{""Backdoor"": 0.932, ""DDoS_HTTP"": 0.699, ""DDoS_ICMP"": 0.956, ""DDoS_TCP"": 0.98, ""DDoS_UDP"": 0.989, ""Fingerprinting"": 0.0, ""MITM"": 0.786, ""Normal"": 1.0, ""Password"": 0.777, ""Port_Scanning"": 0.53, ""Ransomware"": 0.442, ""SQL_injection"": 0.075, ""Uploading"": 0.512, ""Vulnerability_scanner"": 0.769, ""XSS"": 0.65}","[0.1275, 0.2382, 0.3594, 0.4442, 0.4524, 0.4745, 0.5154, 0.4812, 0.5682, 0.5738, 0.5811, 0.5706, 0.5779, 0.6035, 0.6494, 0.6359, 0.6329, 0.6229, 0.6142, 0.6245, 0.6774, 0.6577, 0.61, 0.6107, 0.6544, 0.6397, 0.6476, 0.6583, 0.6462, 0.6592]","[0.2407, 0.3169, 0.3264, 0.4163, 0.2467, 0.2125, 0.2614, 0.311, 0.6478, 0.565]",7.9,0,240,48,60,"[0, 0, 0, 0, 0, 0, 0, 0, 0, 0, 0, 0, 0, 0, 0, 0, 0, 0, 0, 0, 0, 0, 0, 0, 0, 0, 0, 0, 0, 0]","[5, 7, 30, 30, 30, 30, 30, 30, 30, 30]",3.5,1.0,1.0,3.0,41.285057226388886,,,,,,,,,,,
faithful_root_t-0.3_all_z1.0,faithful_root,-0.3,adaptive_f30,3,3,30,0.6373061772088059,0.6456138576535816,0.8333894009733342,0.9984524536754226,0.0,0.0,0.6221,"{""Backdoor"": 0.61, ""DDoS_HTTP"": 0.626, ""DDoS_ICMP"": 0.922, ""DDoS_TCP"": 0.906, ""DDoS_UDP"": 0.998, ""Fingerprinting"": 0.185, ""MITM"": 0.0, ""Normal"": 1.0, ""Password"": 0.969, ""Port_Scanning"": 0.621, ""Ransomware"": 0.705, ""SQL_injection"": 0.119, ""Uploading"": 0.418, ""Vulnerability_scanner"": 0.766, ""XSS"": 0.838}","[0.133, 0.3639, 0.3711, 0.4449, 0.4814, 0.5003, 0.5237, 0.5178, 0.5763, 0.5385, 0.5445, 0.5826, 0.5938, 0.6089, 0.6366, 0.6095, 0.6044, 0.6021, 0.5995, 0.6067, 0.588, 0.6129, 0.6146, 0.6061, 0.5904, 0.6108, 0.6061, 0.6057, 0.6233, 0.6373]","[0.2407, 0.3169, 0.3264, 0.4163, 0.2467, 0.2125, 0.2614, 0.311, 0.6478, 0.565]",7.7,0,210,0,90,"[0, 0, 0, 0, 0, 0, 0, 0, 0, 0, 0, 0, 0, 0, 0, 0, 0, 0, 0, 0, 0, 0, 0, 0, 0, 0, 0, 0, 0, 0]","[30, 30, 30, 30, 30, 30, 30, 30, 30, 30]",3.5,1.0,1.0,3.0,41.285057226388886,,,,,,,,,,,
faithful_root_t-0.3_all_z1.0,faithful_root,-0.3,signflip,3,2,30,0.6239212729295793,0.6391586617452893,0.8357442418533719,1.0,0.0,0.0,0.6218666666666667,"{""Backdoor"": 0.694, ""DDoS_HTTP"": 0.629, ""DDoS_ICMP"": 0.973, ""DDoS_TCP"": 1.0, ""DDoS_UDP"": 0.993, ""Fingerprinting"": 0.02, ""MITM"": 0.0, ""Normal"": 1.0, ""Password"": 0.968, ""Port_Scanning"": 0.515, ""Ransomware"": 0.626, ""SQL_injection"": 0.173, ""Uploading"": 0.384, ""Vulnerability_scanner"": 0.77, ""XSS"": 0.843}","[0.1542, 0.3101, 0.3827, 0.4653, 0.4907, 0.525, 0.5479, 0.5003, 0.5506, 0.5612, 0.5589, 0.5699, 0.5934, 0.6146, 0.6299, 0.6223, 0.6142, 0.6019, 0.6102, 0.6197, 0.6154, 0.6656, 0.6252, 0.6055, 0.607, 0.6226, 0.6171, 0.6237, 0.618, 0.6239]","[0.2407, 0.3169, 0.3264, 0.4163, 0.2467, 0.2125, 0.2614, 0.311, 0.6478, 0.565]",7.6,0,240,60,60,"[0, 0, 0, 0, 0, 0, 0, 0, 0, 0, 0, 0, 0, 0, 0, 0, 0, 0, 0, 0, 0, 0, 0, 0, 0, 0, 0, 0, 0, 0]","[0, 0, 30, 30, 30, 30, 30, 30, 30, 30]",3.5,1.0,1.0,3.0,41.285057226388886,,,,,,,,,,,
faithful_root_t-0.3_all_z2.0,faithful_root,-0.3,none,3,0,30,0.5918539423690029,0.6173726775166295,0.8216824777411469,0.9999592750967217,0.0,0.0,0.5960666666666666,"{""Backdoor"": 0.682, ""DDoS_HTTP"": 0.424, ""DDoS_ICMP"": 0.997, ""DDoS_TCP"": 1.0, ""DDoS_UDP"": 0.989, ""Fingerprinting"": 0.0, ""MITM"": 0.0, ""Normal"": 1.0, ""Password"": 0.957, ""Port_Scanning"": 0.471, ""Ransomware"": 0.682, ""SQL_injection"": 0.038, ""Uploading"": 0.418, ""Vulnerability_scanner"": 0.769, ""XSS"": 0.834}","[0.1328, 0.231, 0.2797, 0.3458, 0.3962, 0.4122, 0.3768, 0.4065, 0.4915, 0.4887, 0.5383, 0.5639, 0.5329, 0.5694, 0.5811, 0.5978, 0.6005, 0.5852, 0.6067, 0.6125, 0.6103, 0.5965, 0.6136, 0.6064, 0.5627, 0.6109, 0.596, 0.5866, 0.6097, 0.5919]","[0.2407, 0.3169, 0.3264, 0.4163, 0.2467, 0.2125, 0.2614, 0.311, 0.6478, 0.565]",7.0,0,300,0,0,"[0, 0, 0, 0, 0, 0, 0, 0, 0, 0, 0, 0, 0, 0, 0, 0, 0, 0, 0, 0, 0, 0, 0, 0, 0, 0, 0, 0, 0, 0]","[30, 30, 30, 30, 30, 30, 30, 30, 30, 30]",3.5,1.0,2.0,3.0,16.891338818048375,-0.05164690382081687,-0.0383399209486166,0.023571428571428583,0.2,0.5,0.42081686429512516,0.24650856389986822,0.8049999999999999,0.7,0.4,
faithful_root_t-0.3_all_z2.0,faithful_root,-0.3,backdoor,3,2,30,0.6101882162532255,0.6462009212870448,0.8033820000448542,1.0,0.0,0.0884952148238648,0.5966999999999999,"{""Backdoor"": 0.903, ""DDoS_HTTP"": 0.635, ""DDoS_ICMP"": 0.956, ""DDoS_TCP"": 0.944, ""DDoS_UDP"": 0.993, ""Fingerprinting"": 0.0, ""MITM"": 0.959, ""Normal"": 1.0, ""Password"": 0.031, ""Port_Scanning"": 0.568, ""Ransomware"": 0.499, ""SQL_injection"": 0.031, ""Uploading"": 0.956, ""Vulnerability_scanner"": 0.562, ""XSS"": 0.658}","[0.0543, 0.1337, 0.2243, 0.2649, 0.2674, 0.3364, 0.339, 0.3243, 0.3532, 0.4165, 0.4382, 0.4275, 0.4062, 0.3828, 0.3605, 0.3827, 0.5351, 0.4944, 0.4679, 0.4982, 0.5311, 0.5171, 0.4989, 0.5416, 0.583, 0.5667, 0.5798, 0.5805, 0.5994, 0.6102]","[0.2407, 0.3169, 0.3264, 0.4163, 0.2467, 0.2125, 0.2614, 0.311, 0.6478, 0.565]",6.8,0,240,0,60,"[0, 0, 0, 0, 0, 0, 0, 0, 0, 0, 0, 0, 0, 0, 0, 0, 0, 0, 0, 0, 0, 0, 0, 0, 0, 0, 0, 0, 0, 0]","[30, 30, 30, 30, 30, 30, 30, 30, 30, 30]",3.5,1.0,2.0,3.0,16.891338818048375,,,,,,,,,,,
faithful_root_t-0.3_all_z2.0,faithful_root,-0.3,backdoor_boost,3,2,30,0.6080621975029844,0.6413450433067447,0.7993227029087892,1.0,0.0,0.002810018326206475,0.5950666666666665,"{""Backdoor"": 0.903, ""DDoS_HTTP"": 0.563, ""DDoS_ICMP"": 0.959, ""DDoS_TCP"": 0.927, ""DDoS_UDP"": 1.0, ""Fingerprinting"": 0.0, ""MITM"": 0.979, ""Normal"": 1.0, ""Password"": 0.138, ""Port_Scanning"": 0.508, ""Ransomware"": 0.437, ""SQL_injection"": 0.001, ""Uploading"": 0.924, ""Vulnerability_scanner"": 0.448, ""XSS"": 0.832}","[0.0544, 0.1345, 0.2293, 0.2664, 0.2704, 0.3395, 0.3335, 0.3234, 0.3553, 0.4194, 0.4309, 0.4012, 0.3662, 0.3597, 0.3405, 0.3684, 0.4954, 0.4606, 0.4535, 0.4722, 0.5216, 0.4878, 0.463, 0.4717, 0.5609, 0.498, 0.5514, 0.5719, 0.6052, 0.6081]","[0.2407, 0.3169, 0.3264, 0.4163, 0.2467, 0.2125, 0.2614, 0.311, 0.6478, 0.565]",6.6,0,240,38,60,"[0, 0, 0, 0, 0, 0, 0, 0, 0, 0, 0, 0, 0, 0, 0, 0, 0, 0, 0, 0, 0, 0, 0, 0, 0, 0, 0, 0, 0, 0]","[10, 12, 30, 30, 30, 30, 30, 30, 30, 30]",3.5,1.0,2.0,3.0,16.891338818048375,,,,,,,,,,,
faithful_root_t-0.3_all_z2.0,faithful_root,-0.3,adaptive_f30,3,3,30,0.5587484393187303,0.5880480941436398,0.8019915225728319,1.0,0.0,0.001140297291793932,0.5672,"{""Backdoor"": 0.804, ""DDoS_HTTP"": 0.286, ""DDoS_ICMP"": 0.916, ""DDoS_TCP"": 1.0, ""DDoS_UDP"": 0.971, ""Fingerprinting"": 0.0, ""MITM"": 0.0, ""Normal"": 1.0, ""Password"": 0.923, ""Port_Scanning"": 0.546, ""Ransomware"": 0.546, ""SQL_injection"": 0.033, ""Uploading"": 0.449, ""Vulnerability_scanner"": 0.347, ""XSS"": 1.0}","[0.0717, 0.1845, 0.2134, 0.278, 0.3208, 0.3727, 0.3088, 0.3735, 0.3857, 0.4702, 0.4264, 0.5092, 0.4159, 0.5331, 0.5669, 0.6132, 0.6164, 0.5985, 0.6065, 0.5779, 0.5537, 0.5732, 0.5671, 0.5711, 0.5562, 0.5801, 0.5797, 0.5671, 0.5758, 0.5587]","[0.2407, 0.3169, 0.3264, 0.4163, 0.2467, 0.2125, 0.2614, 0.311, 0.6478, 0.565]",6.6,0,210,0,90,"[0, 0, 0, 0, 0, 0, 0, 0, 0, 0, 0, 0, 0, 0, 0, 0, 0, 0, 0, 0, 0, 0, 0, 0, 0, 0, 0, 0, 0, 0]","[30, 30, 30, 30, 30, 30, 30, 30, 30, 30]",3.5,1.0,2.0,3.0,16.891338818048375,,,,,,,,,,,
faithful_root_t-0.3_all_z2.0,faithful_root,-0.3,signflip,3,2,30,0.5659229228261207,0.5931141022034283,0.8054677162528875,0.9998371003868866,0.0,0.0006923233557320301,0.5817333333333333,"{""Backdoor"": 0.634, ""DDoS_HTTP"": 0.313, ""DDoS_ICMP"": 0.99, ""DDoS_TCP"": 1.0, ""DDoS_UDP"": 0.986, ""Fingerprinting"": 0.0, ""MITM"": 0.0, ""Normal"": 1.0, ""Password"": 0.954, ""Port_Scanning"": 0.55, ""Ransomware"": 0.72, ""SQL_injection"": 0.049, ""Uploading"": 0.406, ""Vulnerability_scanner"": 0.317, ""XSS"": 0.979}","[0.117, 0.2097, 0.2236, 0.2993, 0.3333, 0.345, 0.3278, 0.4114, 0.373, 0.4685, 0.4713, 0.4988, 0.5013, 0.5593, 0.5492, 0.5611, 0.5971, 0.5536, 0.586, 0.5772, 0.5459, 0.582, 0.5625, 0.5816, 0.5619, 0.6104, 0.5639, 0.5782, 0.6011, 0.5659]","[0.2407, 0.3169, 0.3264, 0.4163, 0.2467, 0.2125, 0.2614, 0.311, 0.6478, 0.565]",6.5,0,240,60,60,"[0, 0, 0, 0, 0, 0, 0, 0, 0, 0, 0, 0, 0, 0, 0, 0, 0, 0, 0, 0, 0, 0, 0, 0, 0, 0, 0, 0, 0, 0]","[0, 0, 30, 30, 30, 30, 30, 30, 30, 30]",3.5,1.0,2.0,3.0,16.891338818048375,,,,,,,,,,,
local_only,local_only,,none,4,0,30,0.5294023438711654,0.5883475402207748,0.771187961156339,1.0,9.983028850953379e-06,0.0024109142740785993,0.5294023438711654,"{""Backdoor"": 0.452, ""DDoS_HTTP"": 0.564, ""DDoS_ICMP"": 0.983, ""DDoS_TCP"": 0.575, ""DDoS_UDP"": 0.0, ""Fingerprinting"": 0.0, ""MITM"": 1.0, ""Normal"": 1.0, ""Password"": 0.141, ""Port_Scanning"": 0.852, ""Ransomware"": 0.978, ""SQL_injection"": 1.0, ""Uploading"": 0.374, ""Vulnerability_scanner"": 0.989, ""XSS"": 0.0}",[],"[0.3948, 0.282, 0.3341, 0.5139, 0.3529, 0.3864, 0.2983, 0.5528, 0.4673, 0.486]",2.4,,,,,[],[],,,,,,,,,,,,,,,,
centralized,centralized,,none,4,0,30,0.7168790229168783,0.7187772025207835,0.8454103029895266,1.0,0.0,0.0,0.7155,"{""Backdoor"": 0.87, ""DDoS_HTTP"": 0.9, ""DDoS_ICMP"": 0.988, ""DDoS_TCP"": 0.575, ""DDoS_UDP"": 0.996, ""Fingerprinting"": 0.14, ""MITM"": 1.0, ""Normal"": 1.0, ""Password"": 0.328, ""Port_Scanning"": 0.967, ""Ransomware"": 0.503, ""SQL_injection"": 0.821, ""Uploading"": 0.385, ""Vulnerability_scanner"": 0.798, ""XSS"": 0.513}","[0.5091, 0.591, 0.604, 0.6134, 0.6327, 0.6881, 0.6925, 0.6889, 0.6984, 0.6931, 0.6983, 0.6993, 0.699, 0.7014, 0.7038, 0.6937, 0.6991, 0.705, 0.7092, 0.709, 0.714, 0.7163, 0.7141, 0.7082, 0.7142, 0.7156, 0.7167, 0.7146, 0.715, 0.7169]","[0.3948, 0.282, 0.3341, 0.5139, 0.3529, 0.3864, 0.2983, 0.5528, 0.4673, 0.486]",2.1,,,,,[],[],,,,,,,,,,,,,,,,
fedavg,fedavg,,none,4,0,30,0.7093057221779281,0.7155893713845619,0.8441319607975061,1.0,0.0,0.0,0.7113666666666667,"{""Backdoor"": 0.699, ""DDoS_HTTP"": 0.617, ""DDoS_ICMP"": 0.991, ""DDoS_TCP"": 0.882, ""DDoS_UDP"": 0.996, ""Fingerprinting"": 0.11, ""MITM"": 1.0, ""Normal"": 1.0, ""Password"": 0.975, ""Port_Scanning"": 0.638, ""Ransomware"": 0.633, ""SQL_injection"": 0.175, ""Uploading"": 0.374, ""Vulnerability_scanner"": 0.803, ""XSS"": 0.841}","[0.4385, 0.5457, 0.5733, 0.6016, 0.6784, 0.682, 0.68, 0.6888, 0.7072, 0.6907, 0.6983, 0.6963, 0.6983, 0.7034, 0.6959, 0.7087, 0.7111, 0.7105, 0.7156, 0.7106, 0.7172, 0.7083, 0.7121, 0.7082, 0.7101, 0.7099, 0.7108, 0.7088, 0.716, 0.7093]","[0.3948, 0.282, 0.3341, 0.5139, 0.3529, 0.3864, 0.2983, 0.5528, 0.4673, 0.486]",3.1,,,,,[],[],,,,,,0.26310935441370226,0.32595520421607377,0.8203571428571428,1.0,0.4,,,,,,
fedavg,fedavg,,signflip,4,2,30,0.15242595011375332,0.2800946842710503,0.18984502904303752,1.0,1.0,0.0,0.1293,"{""Backdoor"": 0.0, ""DDoS_HTTP"": 0.622, ""DDoS_ICMP"": 0.0, ""DDoS_TCP"": 0.999, ""DDoS_UDP"": 1.0, ""Fingerprinting"": 0.0, ""MITM"": 0.0, ""Normal"": 0.0, ""Password"": 0.02, ""Port_Scanning"": 0.0, ""Ransomware"": 0.535, ""SQL_injection"": 0.0, ""Uploading"": 0.932, ""Vulnerability_scanner"": 0.0, ""XSS"": 0.093}","[0.0188, 0.052, 0.0596, 0.0587, 0.06, 0.0582, 0.0589, 0.0463, 0.0472, 0.0455, 0.0622, 0.0633, 0.0773, 0.0743, 0.0656, 0.056, 0.0712, 0.0696, 0.0626, 0.0782, 0.085, 0.0564, 0.0857, 0.1, 0.0772, 0.1181, 0.0839, 0.1009, 0.1346, 0.1524]","[0.3948, 0.282, 0.3341, 0.5139, 0.3529, 0.3864, 0.2983, 0.5528, 0.4673, 0.486]",3.4,,,,,[],[],,,,,,,,,,,,,,,,
fedavg,fedavg,,labelflip,4,2,30,0.6770057674943458,0.6914752974416889,0.8259660454372154,1.0,0.0,0.0,0.6764666666666667,"{""Backdoor"": 0.452, ""DDoS_HTTP"": 0.617, ""DDoS_ICMP"": 0.981, ""DDoS_TCP"": 0.997, ""DDoS_UDP"": 0.998, ""Fingerprinting"": 0.155, ""MITM"": 1.0, ""Normal"": 1.0, ""Password"": 0.222, ""Port_Scanning"": 0.452, ""Ransomware"": 0.889, ""SQL_injection"": 0.088, ""Uploading"": 0.901, ""Vulnerability_scanner"": 0.772, ""XSS"": 0.849}","[0.3473, 0.3984, 0.461, 0.5016, 0.5554, 0.5782, 0.6254, 0.6319, 0.6272, 0.6377, 0.6354, 0.6497, 0.6348, 0.6531, 0.6657, 0.6613, 0.6618, 0.6674, 0.6661, 0.6669, 0.675, 0.6674, 0.6567, 0.6717, 0.6826, 0.6697, 0.6725, 0.6813, 0.6711, 0.677]","[0.3948, 0.282, 0.3341, 0.5139, 0.3529, 0.3864, 0.2983, 0.5528, 0.4673, 0.486]",3.1,,,,,[],[],,,,,,,,,,,,,,,,
fedavg,fedavg,,targeted_flip,4,2,30,0.7096217146428782,0.7168295872030632,0.8449617618695194,0.9993891264508247,0.0,0.11174913459580534,0.7073333333333333,"{""Backdoor"": 0.682, ""DDoS_HTTP"": 0.617, ""DDoS_ICMP"": 0.986, ""DDoS_TCP"": 0.997, ""DDoS_UDP"": 0.998, ""Fingerprinting"": 0.11, ""MITM"": 1.0, ""Normal"": 1.0, ""Password"": 0.975, ""Port_Scanning"": 0.524, ""Ransomware"": 0.685, ""SQL_injection"": 0.175, ""Uploading"": 0.374, ""Vulnerability_scanner"": 0.781, ""XSS"": 0.849}","[0.3431, 0.4872, 0.5133, 0.5737, 0.6185, 0.6717, 0.6787, 0.6963, 0.6891, 0.6876, 0.6876, 0.696, 0.6922, 0.6943, 0.7011, 0.7092, 0.7095, 0.7034, 0.7076, 0.7022, 0.7067, 0.7081, 0.7088, 0.7089, 0.7095, 0.7086, 0.706, 0.7039, 0.7085, 0.7096]","[0.3948, 0.282, 0.3341, 0.5139, 0.3529, 0.3864, 0.2983, 0.5528, 0.4673, 0.486]",4.0,,,,,[],[],,,,,,,,,,,,,,,,
fedavg,fedavg,,backdoor,4,2,30,0.6957838739021817,0.710029667778355,0.8448047724775168,1.0,0.0,1.0,0.7008333333333333,"{""Backdoor"": 0.784, ""DDoS_HTTP"": 0.617, ""DDoS_ICMP"": 0.995, ""DDoS_TCP"": 0.981, ""DDoS_UDP"": 0.997, ""Fingerprinting"": 0.0, ""MITM"": 1.0, ""Normal"": 1.0, ""Password"": 0.974, ""Port_Scanning"": 0.537, ""Ransomware"": 0.577, ""SQL_injection"": 0.175, ""Uploading"": 0.382, ""Vulnerability_scanner"": 0.831, ""XSS"": 0.8}","[0.4326, 0.5061, 0.549, 0.5555, 0.609, 0.6224, 0.6266, 0.634, 0.6644, 0.6667, 0.6693, 0.6645, 0.6956, 0.6986, 0.7081, 0.703, 0.7157, 0.702, 0.6954, 0.7048, 0.6968, 0.7151, 0.7025, 0.7032, 0.7049, 0.7027, 0.7101, 0.7051, 0.7016, 0.6958]","[0.3948, 0.282, 0.3341, 0.5139, 0.3529, 0.3864, 0.2983, 0.5528, 0.4673, 0.486]",3.4,,,,,[],[],,,,,,,,,,,,,,,,
fedavg,fedavg,,backdoor_boost,4,2,30,0.7107913450733065,0.7132507648792838,0.8471371863015542,1.0,0.0,1.0,0.703,"{""Backdoor"": 0.833, ""DDoS_HTTP"": 0.622, ""DDoS_ICMP"": 0.996, ""DDoS_TCP"": 0.575, ""DDoS_UDP"": 0.977, ""Fingerprinting"": 0.0, ""MITM"": 1.0, ""Normal"": 1.0, ""Password"": 0.493, ""Port_Scanning"": 0.967, ""Ransomware"": 0.612, ""SQL_injection"": 0.633, ""Uploading"": 0.379, ""Vulnerability_scanner"": 0.84, ""XSS"": 0.773}","[0.405, 0.5395, 0.5816, 0.605, 0.6089, 0.6104, 0.616, 0.6455, 0.6481, 0.6581, 0.6539, 0.6589, 0.6881, 0.7012, 0.6835, 0.718, 0.7014, 0.6901, 0.7004, 0.7051, 0.6976, 0.7074, 0.6987, 0.6933, 0.7076, 0.6974, 0.7028, 0.7004, 0.6978, 0.7108]","[0.3948, 0.282, 0.3341, 0.5139, 0.3529, 0.3864, 0.2983, 0.5528, 0.4673, 0.486]",5.2,,,,,[],[],,,,,,,,,,,,,,,,
fedavg,fedavg,,adaptive,4,2,30,0.40998938373069055,0.5107317368487674,0.7169481262194711,1.0,0.0016471997604073077,0.0,0.4342,"{""Backdoor"": 0.0, ""DDoS_HTTP"": 0.078, ""DDoS_ICMP"": 0.899, ""DDoS_TCP"": 1.0, ""DDoS_UDP"": 0.998, ""Fingerprinting"": 0.57, ""MITM"": 0.23, ""Normal"": 0.998, ""Password"": 0.065, ""Port_Scanning"": 0.0, ""Ransomware"": 0.823, ""SQL_injection"": 0.0, ""Uploading"": 1.0, ""Vulnerability_scanner"": 0.0, ""XSS"": 1.0}","[0.0428, 0.1168, 0.1783, 0.2463, 0.2779, 0.3016, 0.3063, 0.3482, 0.3567, 0.3516, 0.3595, 0.3606, 0.36, 0.4036, 0.4176, 0.433, 0.4503, 0.4437, 0.4467, 0.4587, 0.4558, 0.4279, 0.4277, 0.4278, 0.4653, 0.4603, 0.4294, 0.4828, 0.4098, 0.41]","[0.3948, 0.282, 0.3341, 0.5139, 0.3529, 0.3864, 0.2983, 0.5528, 0.4673, 0.486]",2.9,,,,,[],[],,,,,,,,,,,,,,,,
fedavg,fedavg,,adaptive_f30,4,3,30,0.05206354471615514,0.09688061407806631,0.06595797169705533,1.0,1.0,0.0,0.04803333333333334,"{""Backdoor"": 0.0, ""DDoS_HTTP"": 0.0, ""DDoS_ICMP"": 0.0, ""DDoS_TCP"": 0.0, ""DDoS_UDP"": 0.453, ""Fingerprinting"": 0.0, ""MITM"": 0.0, ""Normal"": 0.0, ""Password"": 0.0, ""Port_Scanning"": 0.0, ""Ransomware"": 0.0, ""SQL_injection"": 0.0, ""Uploading"": 0.0, ""Vulnerability_scanner"": 0.0, ""XSS"": 1.0}","[0.0148, 0.0147, 0.014, 0.0129, 0.0124, 0.0111, 0.0101, 0.01, 0.0101, 0.0101, 0.0101, 0.0101, 0.0101, 0.0101, 0.01, 0.0101, 0.0101, 0.0101, 0.0101, 0.0101, 0.0101, 0.0101, 0.0101, 0.0101, 0.0101, 0.0101, 0.0459, 0.0459, 0.0461, 0.0521]","[0.3948, 0.282, 0.3341, 0.5139, 0.3529, 0.3864, 0.2983, 0.5528, 0.4673, 0.486]",2.9,,,,,[],[],,,,,,,,,,,,,,,,
trimmed_mean,trimmed,,none,4,0,30,0.7011518972578005,0.7135859781180065,0.8472941756935567,1.0,0.0,0.0,0.6946666666666667,"{""Backdoor"": 0.673, ""DDoS_HTTP"": 0.904, ""DDoS_ICMP"": 0.992, ""DDoS_TCP"": 0.997, ""DDoS_UDP"": 0.996, ""Fingerprinting"": 0.0, ""MITM"": 1.0, ""Normal"": 1.0, ""Password"": 0.916, ""Port_Scanning"": 0.524, ""Ransomware"": 0.779, ""SQL_injection"": 0.237, ""Uploading"": 0.371, ""Vulnerability_scanner"": 0.818, ""XSS"": 0.498}","[0.4193, 0.5308, 0.5558, 0.577, 0.5729, 0.5854, 0.6445, 0.6491, 0.6716, 0.6701, 0.6835, 0.6779, 0.6766, 0.6755, 0.6837, 0.6785, 0.6887, 0.6868, 0.6916, 0.6866, 0.6844, 0.6856, 0.6874, 0.6925, 0.6928, 0.6885, 0.6907, 0.685, 0.6978, 0.7012]","[0.3948, 0.282, 0.3341, 0.5139, 0.3529, 0.3864, 0.2983, 0.5528, 0.4673, 0.486]",2.8,,,,,[],[],,,,,,0.23965744400527006,0.3146245059288537,0.8132142857142857,1.0,0.4,,,,,,
trimmed_mean,trimmed,,signflip,4,2,30,0.6935184432171283,0.7086378774124643,0.83937742492543,1.0,0.0,0.0,0.6937000000000001,"{""Backdoor"": 0.452, ""DDoS_HTTP"": 0.617, ""DDoS_ICMP"": 0.987, ""DDoS_TCP"": 1.0, ""DDoS_UDP"": 0.998, ""Fingerprinting"": 0.11, ""MITM"": 1.0, ""Normal"": 1.0, ""Password"": 0.974, ""Port_Scanning"": 0.452, ""Ransomware"": 0.888, ""SQL_injection"": 0.085, ""Uploading"": 0.439, ""Vulnerability_scanner"": 0.778, ""XSS"": 0.849}","[0.3259, 0.4095, 0.4689, 0.5005, 0.5126, 0.5402, 0.5857, 0.6201, 0.6189, 0.6415, 0.665, 0.6765, 0.679, 0.6797, 0.6793, 0.6795, 0.6796, 0.6797, 0.6846, 0.6932, 0.6996, 0.6934, 0.6928, 0.6997, 0.7015, 0.6937, 0.6944, 0.694, 0.6936, 0.6935]","[0.3948, 0.282, 0.3341, 0.5139, 0.3529, 0.3864, 0.2983, 0.5528, 0.4673, 0.486]",2.5,,,,,[],[],,,,,,,,,,,,,,,,
trimmed_mean,trimmed,,labelflip,4,2,30,0.681093765769804,0.701906111782398,0.8392877167014287,1.0,0.0,0.0,0.6884,"{""Backdoor"": 0.461, ""DDoS_HTTP"": 0.617, ""DDoS_ICMP"": 0.984, ""DDoS_TCP"": 1.0, ""DDoS_UDP"": 0.998, ""Fingerprinting"": 0.0, ""MITM"": 1.0, ""Normal"": 1.0, ""Password"": 0.974, ""Port_Scanning"": 0.452, ""Ransomware"": 0.888, ""SQL_injection"": 0.088, ""Uploading"": 0.439, ""Vulnerability_scanner"": 0.777, ""XSS"": 0.849}","[0.3771, 0.4623, 0.483, 0.5406, 0.5679, 0.6418, 0.6602, 0.671, 0.6543, 0.6763, 0.6771, 0.6932, 0.6981, 0.6865, 0.6858, 0.6852, 0.6811, 0.6899, 0.6892, 0.692, 0.6902, 0.6834, 0.6846, 0.686, 0.6866, 0.6903, 0.6912, 0.7034, 0.6807, 0.6811]","[0.3948, 0.282, 0.3341, 0.5139, 0.3529, 0.3864, 0.2983, 0.5528, 0.4673, 0.486]",2.4,,,,,[],[],,,,,,,,,,,,,,,,
trimmed_mean,trimmed,,targeted_flip,4,2,30,0.6875794562410423,0.7038125106429615,0.8406109130054498,1.0,0.0,0.0,0.6899000000000001,"{""Backdoor"": 0.459, ""DDoS_HTTP"": 0.617, ""DDoS_ICMP"": 0.987, ""DDoS_TCP"": 1.0, ""DDoS_UDP"": 0.998, ""Fingerprinting"": 0.0, ""MITM"": 1.0, ""Normal"": 1.0, ""Password"": 0.974, ""Port_Scanning"": 0.452, ""Ransomware"": 0.888, ""SQL_injection"": 0.175, ""Uploading"": 0.375, ""Vulnerability_scanner"": 0.784, ""XSS"": 0.849}","[0.3555, 0.4546, 0.4949, 0.5401, 0.5506, 0.5961, 0.6136, 0.6668, 0.6807, 0.6825, 0.6846, 0.6949, 0.6924, 0.7028, 0.6977, 0.6867, 0.689, 0.7063, 0.7068, 0.6836, 0.6976, 0.7024, 0.6868, 0.6993, 0.6989, 0.7019, 0.6922, 0.6863, 0.6958, 0.6876]","[0.3948, 0.282, 0.3341, 0.5139, 0.3529, 0.3864, 0.2983, 0.5528, 0.4673, 0.486]",2.5,,,,,[],[],,,,,,,,,,,,,,,,
trimmed_mean,trimmed,,backdoor,4,2,30,0.6910153283171414,0.706550602266005,0.8424947857094799,1.0,0.0,0.10103848503359804,0.6932666666666667,"{""Backdoor"": 0.823, ""DDoS_HTTP"": 0.774, ""DDoS_ICMP"": 0.996, ""DDoS_TCP"": 0.997, ""DDoS_UDP"": 0.996, ""Fingerprinting"": 0.0, ""MITM"": 1.0, ""Normal"": 1.0, ""Password"": 0.974, ""Port_Scanning"": 0.524, ""Ransomware"": 0.554, ""SQL_injection"": 0.176, ""Uploading"": 0.369, ""Vulnerability_scanner"": 0.836, ""XSS"": 0.581}","[0.4064, 0.485, 0.5174, 0.5442, 0.5804, 0.6027, 0.6151, 0.611, 0.6141, 0.6165, 0.6201, 0.6156, 0.6208, 0.6446, 0.6451, 0.6594, 0.7026, 0.6858, 0.6941, 0.7057, 0.6951, 0.6957, 0.6995, 0.6967, 0.6929, 0.6982, 0.693, 0.6952, 0.6936, 0.691]","[0.3948, 0.282, 0.3341, 0.5139, 0.3529, 0.3864, 0.2983, 0.5528, 0.4673, 0.486]",2.9,,,,,[],[],,,,,,,,,,,,,,,,
trimmed_mean,trimmed,,backdoor_boost,4,2,30,0.6882938402156971,0.7053038753408589,0.841687411693467,1.0,0.0,0.06100590511097536,0.69,"{""Backdoor"": 0.815, ""DDoS_HTTP"": 0.87, ""DDoS_ICMP"": 0.995, ""DDoS_TCP"": 0.997, ""DDoS_UDP"": 0.996, ""Fingerprinting"": 0.0, ""MITM"": 1.0, ""Normal"": 1.0, ""Password"": 0.974, ""Port_Scanning"": 0.524, ""Ransomware"": 0.554, ""SQL_injection"": 0.176, ""Uploading"": 0.365, ""Vulnerability_scanner"": 0.837, ""XSS"": 0.478}","[0.4232, 0.51, 0.5694, 0.5867, 0.6095, 0.6085, 0.6154, 0.6142, 0.6158, 0.6224, 0.6206, 0.6378, 0.6432, 0.6469, 0.6523, 0.6998, 0.708, 0.6902, 0.6935, 0.6944, 0.6942, 0.6922, 0.6962, 0.6903, 0.6924, 0.6886, 0.6927, 0.6942, 0.6875, 0.6883]","[0.3948, 0.282, 0.3341, 0.5139, 0.3529, 0.3864, 0.2983, 0.5528, 0.4673, 0.486]",2.7,,,,,[],[],,,,,,,,,,,,,,,,
trimmed_mean,trimmed,,adaptive,4,2,30,0.6935184432171283,0.7086378774124643,0.83937742492543,1.0,0.0,0.0,0.6937333333333333,"{""Backdoor"": 0.452, ""DDoS_HTTP"": 0.617, ""DDoS_ICMP"": 0.987, ""DDoS_TCP"": 1.0, ""DDoS_UDP"": 0.998, ""Fingerprinting"": 0.11, ""MITM"": 1.0, ""Normal"": 1.0, ""Password"": 0.974, ""Port_Scanning"": 0.452, ""Ransomware"": 0.888, ""SQL_injection"": 0.085, ""Uploading"": 0.439, ""Vulnerability_scanner"": 0.778, ""XSS"": 0.849}","[0.3281, 0.4136, 0.4704, 0.5017, 0.5151, 0.5399, 0.5896, 0.6141, 0.6128, 0.6402, 0.6691, 0.6767, 0.679, 0.6797, 0.6823, 0.6794, 0.6796, 0.6798, 0.68, 0.6797, 0.6969, 0.6935, 0.6935, 0.6978, 0.6983, 0.6937, 0.6984, 0.6943, 0.6934, 0.6935]","[0.3948, 0.282, 0.3341, 0.5139, 0.3529, 0.3864, 0.2983, 0.5528, 0.4673, 0.486]",2.4,,,,,[],[],,,,,,,,,,,,,,,,
trimmed_mean,trimmed,,adaptive_f30,4,3,30,0.6515002070382466,0.6863828614112897,0.8033371459328534,1.0,0.0,0.0,0.6523,"{""Backdoor"": 0.45, ""DDoS_HTTP"": 0.007, ""DDoS_ICMP"": 0.935, ""DDoS_TCP"": 0.999, ""DDoS_UDP"": 0.998, ""Fingerprinting"": 0.625, ""MITM"": 1.0, ""Normal"": 1.0, ""Password"": 0.982, ""Port_Scanning"": 0.524, ""Ransomware"": 0.836, ""SQL_injection"": 0.085, ""Uploading"": 0.411, ""Vulnerability_scanner"": 0.451, ""XSS"": 0.994}","[0.2824, 0.3695, 0.4473, 0.478, 0.516, 0.5405, 0.5501, 0.5968, 0.5997, 0.6378, 0.6384, 0.6444, 0.6368, 0.6339, 0.6178, 0.6205, 0.6211, 0.6291, 0.6318, 0.6315, 0.6312, 0.6483, 0.6327, 0.6334, 0.6334, 0.6404, 0.6439, 0.6536, 0.6518, 0.6515]","[0.3948, 0.282, 0.3341, 0.5139, 0.3529, 0.3864, 0.2983, 0.5528, 0.4673, 0.486]",2.4,,,,,[],[],,,,,,,,,,,,,,,,
multi_krum,krum,,none,4,0,30,0.7025407501034333,0.7070634555171991,0.8429881809414879,1.0,0.0,0.0,0.6998333333333333,"{""Backdoor"": 0.819, ""DDoS_HTTP"": 0.917, ""DDoS_ICMP"": 0.996, ""DDoS_TCP"": 0.709, ""DDoS_UDP"": 0.968, ""Fingerprinting"": 0.0, ""MITM"": 1.0, ""Normal"": 1.0, ""Password"": 0.547, ""Port_Scanning"": 0.746, ""Ransomware"": 0.665, ""SQL_injection"": 0.586, ""Uploading"": 0.374, ""Vulnerability_scanner"": 0.84, ""XSS"": 0.44}","[0.3401, 0.4929, 0.5291, 0.536, 0.5425, 0.5357, 0.5412, 0.5672, 0.5656, 0.6362, 0.6775, 0.6353, 0.6455, 0.6416, 0.6704, 0.6546, 0.6637, 0.6638, 0.6944, 0.6955, 0.6938, 0.7035, 0.6965, 0.6989, 0.6996, 0.6936, 0.704, 0.6967, 0.7003, 0.7025]","[0.3948, 0.282, 0.3341, 0.5139, 0.3529, 0.3864, 0.2983, 0.5528, 0.4673, 0.486]",2.5,90,300,0,0,"[3, 3, 3, 3, 3, 3, 3, 3, 3, 3, 3, 3, 3, 3, 3, 3, 3, 3, 3, 3, 3, 3, 3, 3, 3, 3, 3, 3, 3, 3]","[30, 30, 30, 0, 30, 12, 30, 18, 30, 0]",,,,,,-0.029512516469038203,0.32252964426877473,0.8039285714285713,0.7,0.4,,,,,,
multi_krum,krum,,signflip,4,2,30,0.7060468662077463,0.7163677185034544,0.8447374913095158,1.0,0.0,0.0,0.7065666666666667,"{""Backdoor"": 0.859, ""DDoS_HTTP"": 0.917, ""DDoS_ICMP"": 0.991, ""DDoS_TCP"": 0.997, ""DDoS_UDP"": 0.997, ""Fingerprinting"": 0.11, ""MITM"": 1.0, ""Normal"": 1.0, ""Password"": 0.975, ""Port_Scanning"": 0.524, ""Ransomware"": 0.54, ""SQL_injection"": 0.175, ""Uploading"": 0.374, ""Vulnerability_scanner"": 0.785, ""XSS"": 0.502}","[0.4053, 0.5248, 0.5428, 0.5787, 0.5838, 0.6282, 0.6424, 0.682, 0.6959, 0.6644, 0.6872, 0.6687, 0.6896, 0.6872, 0.6875, 0.6961, 0.6976, 0.6998, 0.7092, 0.7001, 0.7043, 0.7097, 0.7089, 0.7033, 0.7, 0.7036, 0.7016, 0.7044, 0.7093, 0.706]","[0.3948, 0.282, 0.3341, 0.5139, 0.3529, 0.3864, 0.2983, 0.5528, 0.4673, 0.486]",2.9,30,240,60,60,"[1, 1, 1, 1, 1, 1, 1, 1, 1, 1, 1, 1, 1, 1, 1, 1, 1, 1, 1, 1, 1, 1, 1, 1, 1, 1, 1, 1, 1, 1]","[0, 0, 30, 20, 30, 30, 30, 30, 30, 10]",,,,,,,,,,,,,,,,
multi_krum,krum,,labelflip,4,2,30,0.7060468662077463,0.7163677185034544,0.8447374913095158,1.0,0.0,0.0,0.7065666666666667,"{""Backdoor"": 0.859, ""DDoS_HTTP"": 0.917, ""DDoS_ICMP"": 0.991, ""DDoS_TCP"": 0.997, ""DDoS_UDP"": 0.997, ""Fingerprinting"": 0.11, ""MITM"": 1.0, ""Normal"": 1.0, ""Password"": 0.975, ""Port_Scanning"": 0.524, ""Ransomware"": 0.54, ""SQL_injection"": 0.175, ""Uploading"": 0.374, ""Vulnerability_scanner"": 0.785, ""XSS"": 0.502}","[0.4053, 0.5248, 0.5428, 0.5787, 0.5838, 0.6282, 0.6424, 0.682, 0.6959, 0.6644, 0.6872, 0.6687, 0.6896, 0.6872, 0.6875, 0.6961, 0.6976, 0.6998, 0.7092, 0.7001, 0.7043, 0.7097, 0.7089, 0.7033, 0.7, 0.7036, 0.7016, 0.7044, 0.7093, 0.706]","[0.3948, 0.282, 0.3341, 0.5139, 0.3529, 0.3864, 0.2983, 0.5528, 0.4673, 0.486]",2.6,30,240,60,60,"[1, 1, 1, 1, 1, 1, 1, 1, 1, 1, 1, 1, 1, 1, 1, 1, 1, 1, 1, 1, 1, 1, 1, 1, 1, 1, 1, 1, 1, 1]","[0, 0, 30, 20, 30, 30, 30, 30, 30, 10]",,,,,,,,,,,,,,,,
multi_krum,krum,,targeted_flip,4,2,30,0.7060468662077463,0.7163677185034544,0.8447374913095158,1.0,0.0,0.0,0.7065666666666667,"{""Backdoor"": 0.859, ""DDoS_HTTP"": 0.917, ""DDoS_ICMP"": 0.991, ""DDoS_TCP"": 0.997, ""DDoS_UDP"": 0.997, ""Fingerprinting"": 0.11, ""MITM"": 1.0, ""Normal"": 1.0, ""Password"": 0.975, ""Port_Scanning"": 0.524, ""Ransomware"": 0.54, ""SQL_injection"": 0.175, ""Uploading"": 0.374, ""Vulnerability_scanner"": 0.785, ""XSS"": 0.502}","[0.4053, 0.5248, 0.5428, 0.5787, 0.5838, 0.6282, 0.6424, 0.682, 0.6959, 0.6644, 0.6872, 0.6687, 0.6896, 0.6872, 0.6875, 0.6961, 0.6976, 0.6998, 0.7092, 0.7001, 0.7043, 0.7097, 0.7089, 0.7033, 0.7, 0.7036, 0.7016, 0.7044, 0.7093, 0.706]","[0.3948, 0.282, 0.3341, 0.5139, 0.3529, 0.3864, 0.2983, 0.5528, 0.4673, 0.486]",2.7,30,240,60,60,"[1, 1, 1, 1, 1, 1, 1, 1, 1, 1, 1, 1, 1, 1, 1, 1, 1, 1, 1, 1, 1, 1, 1, 1, 1, 1, 1, 1, 1, 1]","[0, 0, 30, 20, 30, 30, 30, 30, 30, 10]",,,,,,,,,,,,,,,,
multi_krum,krum,,backdoor,4,2,30,0.6571139121376324,0.6581094061103683,0.8374038439973984,1.0,0.0,1.0,0.6435000000000001,"{""Backdoor"": 0.933, ""DDoS_HTTP"": 0.923, ""DDoS_ICMP"": 0.998, ""DDoS_TCP"": 0.575, ""DDoS_UDP"": 0.991, ""Fingerprinting"": 0.0, ""MITM"": 0.309, ""Normal"": 1.0, ""Password"": 0.457, ""Port_Scanning"": 0.967, ""Ransomware"": 0.432, ""SQL_injection"": 0.669, ""Uploading"": 0.376, ""Vulnerability_scanner"": 0.84, ""XSS"": 0.403}","[0.3471, 0.37, 0.4217, 0.4976, 0.5393, 0.5782, 0.572, 0.577, 0.5822, 0.6244, 0.5761, 0.5811, 0.5731, 0.5737, 0.5719, 0.5876, 0.5788, 0.586, 0.5931, 0.6091, 0.5956, 0.6034, 0.6126, 0.6015, 0.6183, 0.6091, 0.6404, 0.6361, 0.6373, 0.6571]","[0.3948, 0.282, 0.3341, 0.5139, 0.3529, 0.3864, 0.2983, 0.5528, 0.4673, 0.486]",2.6,90,240,0,60,"[3, 3, 3, 3, 3, 3, 3, 3, 3, 3, 3, 3, 3, 3, 3, 3, 3, 3, 3, 3, 3, 3, 3, 3, 3, 3, 3, 3, 3, 3]","[30, 30, 30, 0, 30, 29, 30, 5, 25, 1]",,,,,,,,,,,,,,,,
multi_krum,krum,,backdoor_boost,4,2,30,0.690291970677756,0.7082396806504742,0.8437058467334992,1.0,0.0,0.0,0.6908333333333334,"{""Backdoor"": 0.89, ""DDoS_HTTP"": 0.917, ""DDoS_ICMP"": 0.994, ""DDoS_TCP"": 0.999, ""DDoS_UDP"": 0.998, ""Fingerprinting"": 0.0, ""MITM"": 1.0, ""Normal"": 1.0, ""Password"": 0.974, ""Port_Scanning"": 0.524, ""Ransomware"": 0.488, ""SQL_injection"": 0.175, ""Uploading"": 0.376, ""Vulnerability_scanner"": 0.804, ""XSS"": 0.484}","[0.4002, 0.4487, 0.4954, 0.5309, 0.5462, 0.6147, 0.6373, 0.6456, 0.6421, 0.6507, 0.6846, 0.6888, 0.6843, 0.683, 0.6867, 0.6908, 0.6936, 0.6913, 0.6907, 0.6876, 0.6952, 0.6913, 0.6872, 0.6838, 0.6927, 0.6897, 0.6905, 0.691, 0.6912, 0.6903]","[0.3948, 0.282, 0.3341, 0.5139, 0.3529, 0.3864, 0.2983, 0.5528, 0.4673, 0.486]",2.6,30,240,60,60,"[1, 1, 1, 1, 1, 1, 1, 1, 1, 1, 1, 1, 1, 1, 1, 1, 1, 1, 1, 1, 1, 1, 1, 1, 1, 1, 1, 1, 1, 1]","[0, 0, 30, 29, 30, 30, 30, 30, 26, 5]",,,,,,,,,,,,,,,,
multi_krum,krum,,adaptive,4,2,30,0.7060468662077463,0.7163677185034544,0.8447374913095158,1.0,0.0,0.0,0.7065666666666667,"{""Backdoor"": 0.859, ""DDoS_HTTP"": 0.917, ""DDoS_ICMP"": 0.991, ""DDoS_TCP"": 0.997, ""DDoS_UDP"": 0.997, ""Fingerprinting"": 0.11, ""MITM"": 1.0, ""Normal"": 1.0, ""Password"": 0.975, ""Port_Scanning"": 0.524, ""Ransomware"": 0.54, ""SQL_injection"": 0.175, ""Uploading"": 0.374, ""Vulnerability_scanner"": 0.785, ""XSS"": 0.502}","[0.4053, 0.5248, 0.5428, 0.5787, 0.5838, 0.6282, 0.6424, 0.682, 0.6959, 0.6644, 0.6872, 0.6687, 0.6896, 0.6872, 0.6875, 0.6961, 0.6976, 0.6998, 0.7092, 0.7001, 0.7043, 0.7097, 0.7089, 0.7033, 0.7, 0.7036, 0.7016, 0.7044, 0.7093, 0.706]","[0.3948, 0.282, 0.3341, 0.5139, 0.3529, 0.3864, 0.2983, 0.5528, 0.4673, 0.486]",2.6,30,240,60,60,"[1, 1, 1, 1, 1, 1, 1, 1, 1, 1, 1, 1, 1, 1, 1, 1, 1, 1, 1, 1, 1, 1, 1, 1, 1, 1, 1, 1, 1, 1]","[0, 0, 30, 20, 30, 30, 30, 30, 30, 10]",,,,,,,,,,,,,,,,
multi_krum,krum,,adaptive_f30,4,3,30,0.7126852690551301,0.7195747913445311,0.8455897194375295,1.0,0.0,0.0,0.7115666666666667,"{""Backdoor"": 0.531, ""DDoS_HTTP"": 0.617, ""DDoS_ICMP"": 0.989, ""DDoS_TCP"": 0.997, ""DDoS_UDP"": 0.998, ""Fingerprinting"": 0.14, ""MITM"": 1.0, ""Normal"": 1.0, ""Password"": 0.975, ""Port_Scanning"": 0.524, ""Ransomware"": 0.836, ""SQL_injection"": 0.175, ""Uploading"": 0.374, ""Vulnerability_scanner"": 0.79, ""XSS"": 0.849}","[0.4128, 0.5107, 0.5576, 0.6055, 0.6435, 0.6787, 0.6865, 0.6975, 0.6888, 0.6873, 0.7001, 0.7124, 0.7013, 0.702, 0.709, 0.6998, 0.7023, 0.7027, 0.7026, 0.7072, 0.7108, 0.6787, 0.7032, 0.7108, 0.7108, 0.7094, 0.7113, 0.7085, 0.7135, 0.7127]","[0.3948, 0.282, 0.3341, 0.5139, 0.3529, 0.3864, 0.2983, 0.5528, 0.4673, 0.486]",2.5,1,210,89,90,"[0, 0, 0, 0, 0, 0, 0, 0, 0, 0, 0, 0, 0, 0, 0, 0, 0, 0, 0, 0, 0, 1, 0, 0, 0, 0, 0, 0, 0, 0]","[0, 1, 0, 29, 30, 30, 30, 30, 30, 30]",,,,,,,,,,,,,,,,
secure_norm_only,norm_only,,none,4,0,30,0.7093770839626035,0.7156887909993909,0.8441992419655072,1.0,0.0,0.0,0.7113666666666667,"{""Backdoor"": 0.699, ""DDoS_HTTP"": 0.617, ""DDoS_ICMP"": 0.991, ""DDoS_TCP"": 0.886, ""DDoS_UDP"": 0.996, ""Fingerprinting"": 0.11, ""MITM"": 1.0, ""Normal"": 1.0, ""Password"": 0.975, ""Port_Scanning"": 0.635, ""Ransomware"": 0.633, ""SQL_injection"": 0.175, ""Uploading"": 0.374, ""Vulnerability_scanner"": 0.803, ""XSS"": 0.841}","[0.4385, 0.5457, 0.5733, 0.6017, 0.6782, 0.6823, 0.6801, 0.6892, 0.7073, 0.6906, 0.6984, 0.6967, 0.6985, 0.7033, 0.6959, 0.7087, 0.7111, 0.7105, 0.7156, 0.7105, 0.7173, 0.7086, 0.712, 0.7082, 0.71, 0.71, 0.7103, 0.7088, 0.7159, 0.7094]","[0.3948, 0.282, 0.3341, 0.5139, 0.3529, 0.3864, 0.2983, 0.5528, 0.4673, 0.486]",5.0,0,300,0,0,"[0, 0, 0, 0, 0, 0, 0, 0, 0, 0, 0, 0, 0, 0, 0, 0, 0, 0, 0, 0, 0, 0, 0, 0, 0, 0, 0, 0, 0, 0]","[30, 30, 30, 30, 30, 30, 30, 30, 30, 30]",3.5,,,,,0.16179183135704875,0.16113306982872197,0.013928571428571433,0.1,0.6,0.26310935441370226,0.32595520421607377,0.8203571428571428,1.0,0.4,
secure_norm_only,norm_only,,signflip,4,2,30,0.7085648670031838,0.7174312200146251,0.8453205947655251,1.0,0.0,0.0,0.7097000000000001,"{""Backdoor"": 0.561, ""DDoS_HTTP"": 0.617, ""DDoS_ICMP"": 0.989, ""DDoS_TCP"": 0.997, ""DDoS_UDP"": 0.998, ""Fingerprinting"": 0.11, ""MITM"": 1.0, ""Normal"": 1.0, ""Password"": 0.975, ""Port_Scanning"": 0.452, ""Ransomware"": 0.882, ""SQL_injection"": 0.175, ""Uploading"": 0.374, ""Vulnerability_scanner"": 0.783, ""XSS"": 0.849}","[0.4183, 0.514, 0.5445, 0.6122, 0.6644, 0.6859, 0.6915, 0.6923, 0.6882, 0.6884, 0.6938, 0.6942, 0.7066, 0.704, 0.7125, 0.6997, 0.7, 0.7071, 0.7032, 0.7092, 0.7064, 0.7068, 0.7043, 0.7038, 0.7049, 0.7088, 0.7109, 0.7092, 0.7113, 0.7086]","[0.3948, 0.282, 0.3341, 0.5139, 0.3529, 0.3864, 0.2983, 0.5528, 0.4673, 0.486]",6.3,0,240,60,60,"[0, 0, 0, 0, 0, 0, 0, 0, 0, 0, 0, 0, 0, 0, 0, 0, 0, 0, 0, 0, 0, 0, 0, 0, 0, 0, 0, 0, 0, 0]","[0, 0, 30, 30, 30, 30, 30, 30, 30, 30]",3.5,,,,,,,,,,,,,,,
secure_norm_only,norm_only,,labelflip,4,2,30,0.6770057674943458,0.6914752974416889,0.8259660454372154,1.0,0.0,0.0,0.6760666666666667,"{""Backdoor"": 0.452, ""DDoS_HTTP"": 0.617, ""DDoS_ICMP"": 0.981, ""DDoS_TCP"": 0.997, ""DDoS_UDP"": 0.998, ""Fingerprinting"": 0.155, ""MITM"": 1.0, ""Normal"": 1.0, ""Password"": 0.222, ""Port_Scanning"": 0.452, ""Ransomware"": 0.889, ""SQL_injection"": 0.088, ""Uploading"": 0.901, ""Vulnerability_scanner"": 0.772, ""XSS"": 0.849}","[0.3473, 0.3984, 0.461, 0.5015, 0.5554, 0.5783, 0.6253, 0.6318, 0.6272, 0.6377, 0.6354, 0.6495, 0.6348, 0.6531, 0.6658, 0.6613, 0.6617, 0.6673, 0.6662, 0.6671, 0.6729, 0.6673, 0.6567, 0.6707, 0.6822, 0.6697, 0.6725, 0.6801, 0.6711, 0.677]","[0.3948, 0.282, 0.3341, 0.5139, 0.3529, 0.3864, 0.2983, 0.5528, 0.4673, 0.486]",4.6,0,240,0,60,"[0, 0, 0, 0, 0, 0, 0, 0, 0, 0, 0, 0, 0, 0, 0, 0, 0, 0, 0, 0, 0, 0, 0, 0, 0, 0, 0, 0, 0, 0]","[30, 30, 30, 30, 30, 30, 30, 30, 30, 30]",3.5,,,,,,,,,,,,,,,
secure_norm_only,norm_only,,targeted_flip,4,2,30,0.7096217146428782,0.7168295872030632,0.8449617618695194,0.9993891264508247,0.0,0.11166768478924863,0.7073333333333333,"{""Backdoor"": 0.682, ""DDoS_HTTP"": 0.617, ""DDoS_ICMP"": 0.986, ""DDoS_TCP"": 0.997, ""DDoS_UDP"": 0.998, ""Fingerprinting"": 0.11, ""MITM"": 1.0, ""Normal"": 1.0, ""Password"": 0.975, ""Port_Scanning"": 0.524, ""Ransomware"": 0.685, ""SQL_injection"": 0.175, ""Uploading"": 0.374, ""Vulnerability_scanner"": 0.781, ""XSS"": 0.849}","[0.3431, 0.4872, 0.5134, 0.5737, 0.6185, 0.6717, 0.6787, 0.6963, 0.6891, 0.6876, 0.6876, 0.696, 0.6922, 0.6943, 0.7011, 0.7092, 0.7095, 0.7034, 0.7076, 0.7022, 0.7067, 0.7081, 0.7088, 0.7089, 0.7095, 0.7086, 0.706, 0.7039, 0.7085, 0.7096]","[0.3948, 0.282, 0.3341, 0.5139, 0.3529, 0.3864, 0.2983, 0.5528, 0.4673, 0.486]",5.1,0,240,0,60,"[0, 0, 0, 0, 0, 0, 0, 0, 0, 0, 0, 0, 0, 0, 0, 0, 0, 0, 0, 0, 0, 0, 0, 0, 0, 0, 0, 0, 0, 0]","[30, 30, 30, 30, 30, 30, 30, 30, 30, 30]",3.5,,,,,,,,,,,,,,,
secure_norm_only,norm_only,,backdoor,4,2,30,0.6956624739161508,0.7099288177899165,0.8447374913095158,1.0,0.0,1.0,0.7008666666666666,"{""Backdoor"": 0.784, ""DDoS_HTTP"": 0.617, ""DDoS_ICMP"": 0.995, ""DDoS_TCP"": 0.981, ""DDoS_UDP"": 0.997, ""Fingerprinting"": 0.0, ""MITM"": 1.0, ""Normal"": 1.0, ""Password"": 0.974, ""Port_Scanning"": 0.538, ""Ransomware"": 0.575, ""SQL_injection"": 0.175, ""Uploading"": 0.382, ""Vulnerability_scanner"": 0.831, ""XSS"": 0.8}","[0.4326, 0.5061, 0.549, 0.5555, 0.609, 0.6224, 0.6265, 0.634, 0.6644, 0.6667, 0.6692, 0.6642, 0.6956, 0.6987, 0.7093, 0.7029, 0.7153, 0.7019, 0.6956, 0.7049, 0.6971, 0.7153, 0.7023, 0.7035, 0.7051, 0.7024, 0.7103, 0.7052, 0.7017, 0.6957]","[0.3948, 0.282, 0.3341, 0.5139, 0.3529, 0.3864, 0.2983, 0.5528, 0.4673, 0.486]",4.8,0,240,0,60,"[0, 0, 0, 0, 0, 0, 0, 0, 0, 0, 0, 0, 0, 0, 0, 0, 0, 0, 0, 0, 0, 0, 0, 0, 0, 0, 0, 0, 0, 0]","[30, 30, 30, 30, 30, 30, 30, 30, 30, 30]",3.5,,,,,,,,,,,,,,,
secure_norm_only,norm_only,,backdoor_boost,4,2,30,0.7127908382180178,0.7201653209864388,0.8472044674695552,1.0,0.0,0.98737527998371,0.7145333333333334,"{""Backdoor"": 0.761, ""DDoS_HTTP"": 0.617, ""DDoS_ICMP"": 0.992, ""DDoS_TCP"": 1.0, ""DDoS_UDP"": 0.998, ""Fingerprinting"": 0.11, ""MITM"": 1.0, ""Normal"": 1.0, ""Password"": 0.974, ""Port_Scanning"": 0.524, ""Ransomware"": 0.635, ""SQL_injection"": 0.175, ""Uploading"": 0.383, ""Vulnerability_scanner"": 0.786, ""XSS"": 0.849}","[0.405, 0.5395, 0.5816, 0.605, 0.6088, 0.6103, 0.616, 0.6455, 0.6481, 0.6581, 0.6649, 0.6971, 0.7033, 0.6998, 0.7022, 0.6938, 0.6952, 0.6884, 0.7005, 0.7036, 0.6998, 0.6976, 0.6984, 0.6989, 0.7026, 0.7061, 0.7125, 0.7122, 0.7186, 0.7128]","[0.3948, 0.282, 0.3341, 0.5139, 0.3529, 0.3864, 0.2983, 0.5528, 0.4673, 0.486]",5.2,0,240,40,60,"[0, 0, 0, 0, 0, 0, 0, 0, 0, 0, 0, 0, 0, 0, 0, 0, 0, 0, 0, 0, 0, 0, 0, 0, 0, 0, 0, 0, 0, 0]","[10, 10, 30, 30, 30, 30, 30, 30, 30, 30]",3.5,,,,,,,,,,,,,,,
secure_norm_only,norm_only,,adaptive,4,2,30,0.40626902280780886,0.5088249753997756,0.71562492991545,1.0,0.0016971149046620744,0.0,0.41340000000000005,"{""Backdoor"": 0.0, ""DDoS_HTTP"": 0.05, ""DDoS_ICMP"": 0.897, ""DDoS_TCP"": 1.0, ""DDoS_UDP"": 0.998, ""Fingerprinting"": 0.57, ""MITM"": 0.23, ""Normal"": 0.998, ""Password"": 0.065, ""Port_Scanning"": 0.0, ""Ransomware"": 0.824, ""SQL_injection"": 0.0, ""Uploading"": 1.0, ""Vulnerability_scanner"": 0.0, ""XSS"": 1.0}","[0.0428, 0.1168, 0.1783, 0.2463, 0.2779, 0.3016, 0.3063, 0.3477, 0.3566, 0.3531, 0.3587, 0.3597, 0.3597, 0.4039, 0.4171, 0.4295, 0.4489, 0.4445, 0.4465, 0.458, 0.4572, 0.429, 0.4282, 0.4284, 0.4654, 0.4273, 0.4082, 0.4272, 0.4067, 0.4063]","[0.3948, 0.282, 0.3341, 0.5139, 0.3529, 0.3864, 0.2983, 0.5528, 0.4673, 0.486]",5.6,0,240,0,60,"[0, 0, 0, 0, 0, 0, 0, 0, 0, 0, 0, 0, 0, 0, 0, 0, 0, 0, 0, 0, 0, 0, 0, 0, 0, 0, 0, 0, 0, 0]","[30, 30, 30, 30, 30, 30, 30, 30, 30, 30]",3.5,,,,,,,,,,,,,,,
secure_norm_only,norm_only,,adaptive_f30,4,3,30,0.010116292198261262,0.06666666666666667,0.04521294489672341,1.0,1.0,0.0,0.0101,"{""Backdoor"": 0.0, ""DDoS_HTTP"": 0.0, ""DDoS_ICMP"": 0.0, ""DDoS_TCP"": 0.0, ""DDoS_UDP"": 0.0, ""Fingerprinting"": 0.0, ""MITM"": 0.0, ""Normal"": 0.0, ""Password"": 0.0, ""Port_Scanning"": 0.0, ""Ransomware"": 0.0, ""SQL_injection"": 0.0, ""Uploading"": 0.0, ""Vulnerability_scanner"": 0.0, ""XSS"": 1.0}","[0.0148, 0.0147, 0.014, 0.0129, 0.0124, 0.0111, 0.0101, 0.01, 0.0101, 0.0101, 0.0101, 0.0101, 0.0101, 0.0101, 0.0101, 0.0101, 0.0101, 0.0101, 0.0101, 0.0101, 0.0101, 0.0101, 0.0101, 0.0101, 0.0101, 0.0101, 0.0101, 0.0101, 0.0101, 0.0101]","[0.3948, 0.282, 0.3341, 0.5139, 0.3529, 0.3864, 0.2983, 0.5528, 0.4673, 0.486]",4.8,0,210,0,90,"[0, 0, 0, 0, 0, 0, 0, 0, 0, 0, 0, 0, 0, 0, 0, 0, 0, 0, 0, 0, 0, 0, 0, 0, 0, 0, 0, 0, 0, 0]","[30, 30, 30, 30, 30, 30, 30, 30, 30, 30]",3.5,,,,,,,,,,,,,,,
faithful_prev_t0.0,faithful_prev,0.0,none,4,0,30,0.5870646782425152,0.6292554749850688,0.7856197716925699,1.0,0.0,0.0,0.6539,"{""Backdoor"": 0.452, ""DDoS_HTTP"": 0.0, ""DDoS_ICMP"": 0.978, ""DDoS_TCP"": 1.0, ""DDoS_UDP"": 0.998, ""Fingerprinting"": 0.11, ""MITM"": 1.0, ""Normal"": 1.0, ""Password"": 0.103, ""Port_Scanning"": 0.452, ""Ransomware"": 0.888, ""SQL_injection"": 0.085, ""Uploading"": 1.0, ""Vulnerability_scanner"": 0.374, ""XSS"": 1.0}","[0.4385, 0.5457, 0.5733, 0.6017, 0.6782, 0.6823, 0.6801, 0.6892, 0.7073, 0.6906, 0.6984, 0.6967, 0.6985, 0.6999, 0.6975, 0.7001, 0.7002, 0.7109, 0.6547, 0.6502, 0.6428, 0.6453, 0.6177, 0.5865, 0.6828, 0.66, 0.6511, 0.6894, 0.6852, 0.5871]","[0.3948, 0.282, 0.3341, 0.5139, 0.3529, 0.3864, 0.2983, 0.5528, 0.4673, 0.486]",5.2,78,300,0,0,"[0, 0, 0, 0, 0, 0, 0, 0, 0, 0, 0, 0, 0, 1, 0, 1, 1, 0, 3, 6, 6, 8, 8, 8, 8, 5, 6, 4, 5, 8]","[24, 22, 18, 25, 22, 21, 20, 22, 26, 22]",3.5,,,,,0.1235836627140975,-0.1702239789196311,-0.10571428571428569,0.1,0.2,0.26310935441370226,0.32595520421607377,0.8203571428571428,1.0,0.4,0.5627748595326502
faithful_prev_t0.0,faithful_prev,0.0,adaptive,4,2,30,0.0057676214998390735,0.06666666666666667,0.04521294489672341,1.0,1.0,0.0,0.0058,"{""Backdoor"": 0.0, ""DDoS_HTTP"": 0.0, ""DDoS_ICMP"": 0.0, ""DDoS_TCP"": 0.0, ""DDoS_UDP"": 0.0, ""Fingerprinting"": 0.0, ""MITM"": 0.0, ""Normal"": 0.0, ""Password"": 0.0, ""Port_Scanning"": 0.0, ""Ransomware"": 0.0, ""SQL_injection"": 0.0, ""Uploading"": 0.0, ""Vulnerability_scanner"": 0.0, ""XSS"": 1.0}","[0.0428, 0.0707, 0.0129, 0.0085, 0.0084, 0.0097, 0.0058, 0.0058, 0.0058, 0.0058, 0.0058, 0.0087, 0.0058, 0.0101, 0.0058, 0.0059, 0.0058, 0.0058, 0.0058, 0.0058, 0.0058, 0.0058, 0.0058, 0.0058, 0.0058, 0.0058, 0.0058, 0.0058, 0.0058, 0.0058]","[0.3948, 0.282, 0.3341, 0.5139, 0.3529, 0.3864, 0.2983, 0.5528, 0.4673, 0.486]",4.7,224,240,24,60,"[0, 1, 7, 8, 8, 8, 8, 8, 8, 8, 8, 8, 8, 8, 8, 8, 8, 8, 8, 8, 8, 8, 8, 8, 8, 8, 8, 8, 8, 8]","[18, 18, 2, 2, 2, 2, 2, 2, 1, 3]",3.5,,,,,,,,,,,,,,,
faithful_prev_t0.0,faithful_prev,0.0,adaptive_f30,4,3,30,0.0057676214998390735,0.06666666666666667,0.04521294489672341,1.0,1.0,0.0,0.0058,"{""Backdoor"": 0.0, ""DDoS_HTTP"": 0.0, ""DDoS_ICMP"": 0.0, ""DDoS_TCP"": 0.0, ""DDoS_UDP"": 0.0, ""Fingerprinting"": 0.0, ""MITM"": 0.0, ""Normal"": 0.0, ""Password"": 0.0, ""Port_Scanning"": 0.0, ""Ransomware"": 0.0, ""SQL_injection"": 0.0, ""Uploading"": 0.0, ""Vulnerability_scanner"": 0.0, ""XSS"": 1.0}","[0.0148, 0.0054, 0.0128, 0.0107, 0.0101, 0.0101, 0.0101, 0.0101, 0.0101, 0.0101, 0.0101, 0.0101, 0.0101, 0.0101, 0.0101, 0.0255, 0.0058, 0.0058, 0.0058, 0.0058, 0.0058, 0.0058, 0.0058, 0.0058, 0.0058, 0.0058, 0.0058, 0.0058, 0.0058, 0.0058]","[0.3948, 0.282, 0.3341, 0.5139, 0.3529, 0.3864, 0.2983, 0.5528, 0.4673, 0.486]",4.6,203,210,39,90,"[0, 7, 7, 7, 7, 7, 7, 7, 7, 7, 7, 7, 7, 7, 7, 7, 7, 7, 7, 7, 7, 7, 7, 7, 7, 7, 7, 7, 7, 7]","[17, 17, 17, 1, 1, 1, 1, 1, 1, 1]",3.5,,,,,,,,,,,,,,,
faithful_root_t-0.3,faithful_root,-0.3,none,4,0,30,0.708855362787277,0.7154197101846642,0.8440198255175043,1.0,0.0,0.0,0.7104666666666666,"{""Backdoor"": 0.698, ""DDoS_HTTP"": 0.617, ""DDoS_ICMP"": 0.991, ""DDoS_TCP"": 0.91, ""DDoS_UDP"": 0.997, ""Fingerprinting"": 0.11, ""MITM"": 1.0, ""Normal"": 1.0, ""Password"": 0.975, ""Port_Scanning"": 0.613, ""Ransomware"": 0.628, ""SQL_injection"": 0.175, ""Uploading"": 0.374, ""Vulnerability_scanner"": 0.802, ""XSS"": 0.841}","[0.4385, 0.5457, 0.5733, 0.6017, 0.6782, 0.6823, 0.6801, 0.6892, 0.7073, 0.6906, 0.6984, 0.6967, 0.6985, 0.7033, 0.6959, 0.7162, 0.7112, 0.721, 0.7097, 0.7208, 0.7176, 0.7051, 0.7158, 0.7078, 0.7118, 0.7179, 0.711, 0.7058, 0.7167, 0.7089]","[0.3948, 0.282, 0.3341, 0.5139, 0.3529, 0.3864, 0.2983, 0.5528, 0.4673, 0.486]",6.0,10,300,0,0,"[0, 0, 0, 0, 0, 0, 0, 0, 0, 0, 0, 0, 0, 0, 0, 1, 0, 1, 1, 1, 0, 1, 2, 0, 1, 1, 0, 1, 0, 0]","[28, 30, 30, 30, 26, 30, 27, 30, 30, 29]",3.5,,,,,0.09459815546772068,0.11409749670619235,0.1425,0.3,0.4,0.26310935441370226,0.32595520421607377,0.8203571428571428,1.0,0.4,0.24580394711961082
faithful_root_t-0.3,faithful_root,-0.3,signflip,4,2,30,0.7085648670031838,0.7174312200146251,0.8453205947655251,1.0,0.0,0.0,0.7097000000000001,"{""Backdoor"": 0.561, ""DDoS_HTTP"": 0.617, ""DDoS_ICMP"": 0.989, ""DDoS_TCP"": 0.997, ""DDoS_UDP"": 0.998, ""Fingerprinting"": 0.11, ""MITM"": 1.0, ""Normal"": 1.0, ""Password"": 0.975, ""Port_Scanning"": 0.452, ""Ransomware"": 0.882, ""SQL_injection"": 0.175, ""Uploading"": 0.374, ""Vulnerability_scanner"": 0.783, ""XSS"": 0.849}","[0.4183, 0.514, 0.5445, 0.6122, 0.6644, 0.6859, 0.6915, 0.6923, 0.6882, 0.6884, 0.6938, 0.6942, 0.7066, 0.704, 0.7125, 0.6997, 0.7, 0.7071, 0.7032, 0.7092, 0.7064, 0.7068, 0.7043, 0.7038, 0.7049, 0.7088, 0.7109, 0.7092, 0.7113, 0.7086]","[0.3948, 0.282, 0.3341, 0.5139, 0.3529, 0.3864, 0.2983, 0.5528, 0.4673, 0.486]",5.7,0,240,60,60,"[0, 0, 0, 0, 0, 0, 0, 0, 0, 0, 0, 0, 0, 0, 0, 0, 0, 0, 0, 0, 0, 0, 0, 0, 0, 0, 0, 0, 0, 0]","[0, 0, 30, 30, 30, 30, 30, 30, 30, 30]",3.5,,,,,,,,,,,,,,,
faithful_root_t-0.3,faithful_root,-0.3,labelflip,4,2,30,0.7058446148464522,0.7151588021395702,0.8437955549575007,1.0,0.0,0.0,0.7082666666666667,"{""Backdoor"": 0.52, ""DDoS_HTTP"": 0.617, ""DDoS_ICMP"": 0.989, ""DDoS_TCP"": 0.997, ""DDoS_UDP"": 0.998, ""Fingerprinting"": 0.11, ""MITM"": 1.0, ""Normal"": 1.0, ""Password"": 0.975, ""Port_Scanning"": 0.452, ""Ransomware"": 0.888, ""SQL_injection"": 0.175, ""Uploading"": 0.374, ""Vulnerability_scanner"": 0.785, ""XSS"": 0.849}","[0.3473, 0.3984, 0.5272, 0.5956, 0.6219, 0.6778, 0.6896, 0.6926, 0.688, 0.6866, 0.6914, 0.6899, 0.7035, 0.6998, 0.7115, 0.6997, 0.6999, 0.705, 0.7018, 0.7076, 0.7083, 0.7049, 0.7017, 0.7034, 0.7053, 0.7068, 0.711, 0.7096, 0.7094, 0.7058]","[0.3948, 0.282, 0.3341, 0.5139, 0.3529, 0.3864, 0.2983, 0.5528, 0.4673, 0.486]",5.3,0,240,56,60,"[0, 0, 0, 0, 0, 0, 0, 0, 0, 0, 0, 0, 0, 0, 0, 0, 0, 0, 0, 0, 0, 0, 0, 0, 0, 0, 0, 0, 0, 0]","[2, 2, 30, 30, 30, 30, 30, 30, 30, 30]",3.5,,,,,,,,,,,,,,,
faithful_root_t-0.3,faithful_root,-0.3,targeted_flip,4,2,30,0.7066065955966151,0.7157933747519295,0.8442216690215075,1.0,0.0,0.0,0.7085333333333333,"{""Backdoor"": 0.531, ""DDoS_HTTP"": 0.617, ""DDoS_ICMP"": 0.989, ""DDoS_TCP"": 0.997, ""DDoS_UDP"": 0.998, ""Fingerprinting"": 0.11, ""MITM"": 1.0, ""Normal"": 1.0, ""Password"": 0.975, ""Port_Scanning"": 0.452, ""Ransomware"": 0.888, ""SQL_injection"": 0.175, ""Uploading"": 0.374, ""Vulnerability_scanner"": 0.783, ""XSS"": 0.849}","[0.3431, 0.4872, 0.5286, 0.608, 0.6109, 0.6908, 0.6881, 0.6902, 0.6881, 0.6898, 0.6948, 0.6932, 0.6972, 0.7047, 0.7063, 0.6997, 0.6999, 0.7057, 0.7066, 0.7056, 0.7083, 0.7064, 0.7045, 0.7061, 0.7066, 0.708, 0.7097, 0.7098, 0.7092, 0.7066]","[0.3948, 0.282, 0.3341, 0.5139, 0.3529, 0.3864, 0.2983, 0.5528, 0.4673, 0.486]",5.3,0,240,53,60,"[0, 0, 0, 0, 0, 0, 0, 0, 0, 0, 0, 0, 0, 0, 0, 0, 0, 0, 0, 0, 0, 0, 0, 0, 0, 0, 0, 0, 0, 0]","[3, 4, 30, 30, 30, 30, 30, 30, 30, 30]",3.5,,,,,,,,,,,,,,,
faithful_root_t-0.3,faithful_root,-0.3,backdoor,4,2,30,0.6956624739161508,0.7099288177899165,0.8447374913095158,1.0,0.0,1.0,0.7008666666666666,"{""Backdoor"": 0.784, ""DDoS_HTTP"": 0.617, ""DDoS_ICMP"": 0.995, ""DDoS_TCP"": 0.981, ""DDoS_UDP"": 0.997, ""Fingerprinting"": 0.0, ""MITM"": 1.0, ""Normal"": 1.0, ""Password"": 0.974, ""Port_Scanning"": 0.538, ""Ransomware"": 0.575, ""SQL_injection"": 0.175, ""Uploading"": 0.382, ""Vulnerability_scanner"": 0.831, ""XSS"": 0.8}","[0.4326, 0.5061, 0.549, 0.5555, 0.609, 0.6224, 0.6265, 0.634, 0.6644, 0.6667, 0.6692, 0.6642, 0.6956, 0.6987, 0.7093, 0.7029, 0.7153, 0.7019, 0.6956, 0.7049, 0.6971, 0.7153, 0.7023, 0.7035, 0.7051, 0.7024, 0.7103, 0.7052, 0.7017, 0.6957]","[0.3948, 0.282, 0.3341, 0.5139, 0.3529, 0.3864, 0.2983, 0.5528, 0.4673, 0.486]",5.5,0,240,0,60,"[0, 0, 0, 0, 0, 0, 0, 0, 0, 0, 0, 0, 0, 0, 0, 0, 0, 0, 0, 0, 0, 0, 0, 0, 0, 0, 0, 0, 0, 0]","[30, 30, 30, 30, 30, 30, 30, 30, 30, 30]",3.5,,,,,,,,,,,,,,,
faithful_root_t-0.3,faithful_root,-0.3,backdoor_boost,4,2,30,0.712642005481278,0.7200315193136829,0.8471147592455538,1.0,0.0,0.9089391162695989,0.7147333333333333,"{""Backdoor"": 0.76, ""DDoS_HTTP"": 0.617, ""DDoS_ICMP"": 0.992, ""DDoS_TCP"": 1.0, ""DDoS_UDP"": 0.998, ""Fingerprinting"": 0.11, ""MITM"": 1.0, ""Normal"": 1.0, ""Password"": 0.974, ""Port_Scanning"": 0.524, ""Ransomware"": 0.634, ""SQL_injection"": 0.175, ""Uploading"": 0.383, ""Vulnerability_scanner"": 0.786, ""XSS"": 0.849}","[0.405, 0.5395, 0.5816, 0.605, 0.6088, 0.6103, 0.616, 0.6455, 0.6488, 0.6587, 0.6655, 0.6956, 0.7025, 0.7002, 0.7025, 0.6938, 0.6955, 0.6884, 0.7003, 0.7035, 0.7001, 0.6974, 0.6985, 0.6983, 0.703, 0.7084, 0.7125, 0.7123, 0.7193, 0.7126]","[0.3948, 0.282, 0.3341, 0.5139, 0.3529, 0.3864, 0.2983, 0.5528, 0.4673, 0.486]",6.2,0,240,43,60,"[0, 0, 0, 0, 0, 0, 0, 0, 0, 0, 0, 0, 0, 0, 0, 0, 0, 0, 0, 0, 0, 0, 0, 0, 0, 0, 0, 0, 0, 0]","[8, 9, 30, 30, 30, 30, 30, 30, 30, 30]",3.5,,,,,,,,,,,,,,,
faithful_root_t-0.3,faithful_root,-0.3,adaptive,4,2,30,0.6887031867234292,0.7074945127481259,0.8385700509094172,1.0,0.0,0.0,0.6879333333333334,"{""Backdoor"": 0.687, ""DDoS_HTTP"": 0.617, ""DDoS_ICMP"": 0.993, ""DDoS_TCP"": 0.998, ""DDoS_UDP"": 0.997, ""Fingerprinting"": 0.11, ""MITM"": 1.0, ""Normal"": 1.0, ""Password"": 0.892, ""Port_Scanning"": 0.452, ""Ransomware"": 0.705, ""SQL_injection"": 0.0, ""Uploading"": 0.518, ""Vulnerability_scanner"": 0.793, ""XSS"": 0.85}","[0.2202, 0.4134, 0.4646, 0.498, 0.5499, 0.6259, 0.6339, 0.6474, 0.6468, 0.6628, 0.6639, 0.682, 0.6845, 0.6867, 0.6772, 0.6696, 0.6857, 0.6848, 0.6831, 0.6751, 0.6851, 0.6923, 0.6636, 0.6864, 0.6837, 0.6844, 0.6836, 0.688, 0.6871, 0.6887]","[0.3948, 0.282, 0.3341, 0.5139, 0.3529, 0.3864, 0.2983, 0.5528, 0.4673, 0.486]",6.3,8,240,0,60,"[0, 0, 0, 0, 0, 0, 0, 0, 0, 0, 0, 0, 0, 1, 1, 0, 0, 0, 1, 0, 0, 1, 0, 0, 1, 0, 2, 0, 1, 0]","[30, 30, 30, 28, 30, 30, 30, 29, 30, 25]",3.5,,,,,,,,,,,,,,,
faithful_root_t-0.3,faithful_root,-0.3,adaptive_f30,4,3,30,0.6485602708092739,0.6703294606607753,0.813563883469017,1.0,0.0,0.0,0.6966,"{""Backdoor"": 0.869, ""DDoS_HTTP"": 0.347, ""DDoS_ICMP"": 0.996, ""DDoS_TCP"": 0.753, ""DDoS_UDP"": 0.996, ""Fingerprinting"": 0.11, ""MITM"": 1.0, ""Normal"": 1.0, ""Password"": 0.835, ""Port_Scanning"": 0.788, ""Ransomware"": 0.432, ""SQL_injection"": 0.0, ""Uploading"": 0.557, ""Vulnerability_scanner"": 0.42, ""XSS"": 0.953}","[0.2415, 0.4323, 0.5049, 0.5289, 0.5901, 0.6843, 0.6668, 0.6668, 0.6806, 0.6848, 0.6776, 0.6935, 0.691, 0.6858, 0.6867, 0.6623, 0.7131, 0.6915, 0.6863, 0.6566, 0.6888, 0.6808, 0.6661, 0.7019, 0.6908, 0.6657, 0.7218, 0.7185, 0.7227, 0.6486]","[0.3948, 0.282, 0.3341, 0.5139, 0.3529, 0.3864, 0.2983, 0.5528, 0.4673, 0.486]",6.1,27,210,0,90,"[0, 0, 0, 0, 0, 0, 1, 1, 1, 1, 1, 1, 1, 2, 1, 1, 1, 1, 1, 1, 1, 1, 1, 1, 1, 1, 1, 2, 2, 1]","[30, 30, 30, 6, 30, 30, 30, 30, 28, 29]",3.5,,,,,,,,,,,,,,,
faithful_root_t0.0,faithful_root,0.0,none,4,0,30,0.7127162161546035,0.7207053753317122,0.8473166027495571,1.0,0.0,0.0,0.6913999999999999,"{""Backdoor"": 0.655, ""DDoS_HTTP"": 0.617, ""DDoS_ICMP"": 0.986, ""DDoS_TCP"": 0.997, ""DDoS_UDP"": 0.998, ""Fingerprinting"": 0.115, ""MITM"": 1.0, ""Normal"": 1.0, ""Password"": 0.974, ""Port_Scanning"": 0.452, ""Ransomware"": 0.834, ""SQL_injection"": 0.175, ""Uploading"": 0.376, ""Vulnerability_scanner"": 0.782, ""XSS"": 0.849}","[0.4385, 0.5457, 0.5733, 0.6017, 0.6782, 0.6823, 0.6801, 0.6825, 0.6937, 0.6951, 0.6842, 0.6566, 0.6856, 0.7031, 0.7009, 0.7222, 0.6656, 0.7023, 0.6747, 0.7019, 0.6742, 0.7048, 0.7155, 0.7041, 0.6689, 0.6533, 0.6704, 0.6627, 0.6988, 0.7127]","[0.3948, 0.282, 0.3341, 0.5139, 0.3529, 0.3864, 0.2983, 0.5528, 0.4673, 0.486]",6.0,59,300,0,0,"[0, 0, 0, 0, 0, 0, 0, 1, 2, 1, 3, 1, 3, 0, 3, 2, 2, 4, 2, 4, 3, 3, 1, 3, 2, 6, 2, 6, 2, 3]","[19, 23, 30, 26, 18, 30, 21, 24, 28, 22]",3.5,,,,,0.09459815546772068,0.11409749670619235,0.1425,0.3,0.4,0.27523056653491434,0.3243741765480896,0.8203571428571428,1.0,0.4,0.13981827504641486
faithful_root_t0.0,faithful_root,0.0,signflip,4,2,30,0.7020805356878606,0.7136458385768722,0.8427190562694835,1.0,0.0,0.0,0.6892999999999999,"{""Backdoor"": 0.669, ""DDoS_HTTP"": 0.617, ""DDoS_ICMP"": 0.991, ""DDoS_TCP"": 0.997, ""DDoS_UDP"": 0.998, ""Fingerprinting"": 0.11, ""MITM"": 1.0, ""Normal"": 1.0, ""Password"": 0.789, ""Port_Scanning"": 0.452, ""Ransomware"": 0.784, ""SQL_injection"": 0.088, ""Uploading"": 0.568, ""Vulnerability_scanner"": 0.792, ""XSS"": 0.849}","[0.4183, 0.514, 0.5445, 0.6122, 0.6644, 0.6859, 0.6915, 0.6923, 0.6949, 0.6901, 0.663, 0.6882, 0.7115, 0.7144, 0.7006, 0.6703, 0.6995, 0.6588, 0.6894, 0.7172, 0.7055, 0.7152, 0.7085, 0.6782, 0.6956, 0.6523, 0.7041, 0.6588, 0.707, 0.7021]","[0.3948, 0.282, 0.3341, 0.5139, 0.3529, 0.3864, 0.2983, 0.5528, 0.4673, 0.486]",5.3,47,240,60,60,"[0, 0, 0, 0, 0, 0, 0, 0, 1, 0, 2, 1, 3, 1, 2, 2, 1, 4, 2, 3, 2, 3, 2, 2, 2, 4, 2, 4, 2, 2]","[0, 0, 30, 22, 20, 28, 22, 22, 27, 22]",3.5,,,,,,,,,,,,,,,
faithful_root_t0.0,faithful_root,0.0,labelflip,4,2,30,0.702484703043502,0.7139169154589929,0.8428984727174864,1.0,0.0,0.0,0.6896333333333334,"{""Backdoor"": 0.669, ""DDoS_HTTP"": 0.617, ""DDoS_ICMP"": 0.991, ""DDoS_TCP"": 0.997, ""DDoS_UDP"": 0.998, ""Fingerprinting"": 0.11, ""MITM"": 1.0, ""Normal"": 1.0, ""Password"": 0.77, ""Port_Scanning"": 0.452, ""Ransomware"": 0.801, ""SQL_injection"": 0.088, ""Uploading"": 0.577, ""Vulnerability_scanner"": 0.79, ""XSS"": 0.849}","[0.385, 0.5102, 0.5442, 0.613, 0.6659, 0.6851, 0.6907, 0.6924, 0.6942, 0.69, 0.663, 0.6862, 0.7152, 0.7132, 0.7011, 0.6739, 0.6997, 0.6651, 0.6894, 0.7176, 0.7062, 0.7139, 0.7066, 0.6788, 0.6992, 0.6491, 0.7038, 0.6592, 0.7072, 0.7025]","[0.3948, 0.282, 0.3341, 0.5139, 0.3529, 0.3864, 0.2983, 0.5528, 0.4673, 0.486]",5.9,47,240,59,60,"[0, 0, 0, 0, 0, 0, 0, 0, 1, 0, 2, 1, 3, 1, 2, 2, 1, 4, 2, 3, 2, 3, 2, 2, 2, 4, 2, 4, 2, 2]","[1, 0, 30, 22, 20, 28, 22, 22, 27, 22]",3.5,,,,,,,,,,,,,,,
faithful_root_t0.0,faithful_root,0.0,targeted_flip,4,2,30,0.7026723203987028,0.7141489368850702,0.8430554621094889,1.0,0.0,0.0,0.6893666666666666,"{""Backdoor"": 0.664, ""DDoS_HTTP"": 0.617, ""DDoS_ICMP"": 0.991, ""DDoS_TCP"": 0.997, ""DDoS_UDP"": 0.998, ""Fingerprinting"": 0.11, ""MITM"": 1.0, ""Normal"": 1.0, ""Password"": 0.784, ""Port_Scanning"": 0.452, ""Ransomware"": 0.802, ""SQL_injection"": 0.088, ""Uploading"": 0.569, ""Vulnerability_scanner"": 0.792, ""XSS"": 0.849}","[0.3431, 0.5087, 0.5352, 0.6078, 0.6622, 0.6851, 0.689, 0.6932, 0.6956, 0.6903, 0.6622, 0.6849, 0.7121, 0.7135, 0.7013, 0.6673, 0.6988, 0.6595, 0.6892, 0.717, 0.7055, 0.7152, 0.7082, 0.6789, 0.6963, 0.652, 0.7006, 0.6585, 0.7069, 0.7027]","[0.3948, 0.282, 0.3341, 0.5139, 0.3529, 0.3864, 0.2983, 0.5528, 0.4673, 0.486]",6.2,47,240,58,60,"[0, 0, 0, 0, 0, 0, 0, 0, 1, 0, 2, 1, 3, 1, 2, 2, 1, 4, 2, 3, 2, 3, 2, 2, 2, 4, 2, 4, 2, 2]","[1, 1, 30, 22, 20, 28, 22, 22, 27, 22]",3.5,,,,,,,,,,,,,,,
faithful_root_t0.0,faithful_root,0.0,backdoor,4,2,30,0.6788660356265199,0.6999717401691666,0.8384579156294153,1.0,0.0,1.0,0.6898666666666666,"{""Backdoor"": 0.931, ""DDoS_HTTP"": 0.921, ""DDoS_ICMP"": 0.996, ""DDoS_TCP"": 0.575, ""DDoS_UDP"": 0.996, ""Fingerprinting"": 0.0, ""MITM"": 1.0, ""Normal"": 1.0, ""Password"": 0.144, ""Port_Scanning"": 0.967, ""Ransomware"": 0.37, ""SQL_injection"": 0.97, ""Uploading"": 0.38, ""Vulnerability_scanner"": 0.84, ""XSS"": 0.41}","[0.4326, 0.5061, 0.549, 0.5555, 0.609, 0.6224, 0.6265, 0.6344, 0.66, 0.6687, 0.6692, 0.7016, 0.7002, 0.6998, 0.6966, 0.7022, 0.6923, 0.7013, 0.7005, 0.6817, 0.6933, 0.6859, 0.6838, 0.6805, 0.657, 0.6893, 0.7074, 0.683, 0.7077, 0.6789]","[0.3948, 0.282, 0.3341, 0.5139, 0.3529, 0.3864, 0.2983, 0.5528, 0.4673, 0.486]",6.0,35,240,17,60,"[0, 0, 0, 0, 0, 0, 0, 0, 0, 1, 0, 0, 0, 2, 1, 0, 2, 2, 1, 3, 1, 2, 2, 2, 4, 2, 2, 3, 1, 4]","[19, 24, 30, 24, 21, 30, 25, 24, 28, 23]",3.5,,,,,,,,,,,,,,,
faithful_root_t0.0,faithful_root,0.0,backdoor_boost,4,2,30,0.7010873731014803,0.7131001635840849,0.8425396398214806,1.0,0.0,0.6907350845041743,0.6934666666666667,"{""Backdoor"": 0.894, ""DDoS_HTTP"": 0.92, ""DDoS_ICMP"": 0.992, ""DDoS_TCP"": 0.992, ""DDoS_UDP"": 0.998, ""Fingerprinting"": 0.11, ""MITM"": 1.0, ""Normal"": 1.0, ""Password"": 0.974, ""Port_Scanning"": 0.532, ""Ransomware"": 0.465, ""SQL_injection"": 0.176, ""Uploading"": 0.374, ""Vulnerability_scanner"": 0.796, ""XSS"": 0.473}","[0.405, 0.5395, 0.5816, 0.605, 0.6088, 0.6051, 0.6474, 0.6492, 0.6571, 0.6547, 0.6835, 0.6946, 0.6843, 0.6887, 0.6912, 0.7002, 0.6817, 0.6967, 0.6388, 0.6904, 0.6614, 0.689, 0.6507, 0.6872, 0.6476, 0.6973, 0.6742, 0.7067, 0.6726, 0.7011]","[0.3948, 0.282, 0.3341, 0.5139, 0.3529, 0.3864, 0.2983, 0.5528, 0.4673, 0.486]",5.8,43,240,49,60,"[0, 0, 0, 0, 0, 0, 0, 0, 0, 0, 1, 1, 2, 2, 1, 1, 2, 2, 3, 2, 3, 2, 3, 2, 4, 2, 3, 2, 3, 2]","[5, 6, 30, 22, 23, 30, 23, 22, 27, 20]",3.5,,,,,,,,,,,,,,,
faithful_root_t0.0,faithful_root,0.0,adaptive,4,2,30,0.6877629824723627,0.7062906898513834,0.8377626768934042,1.0,0.0,0.0,0.6914666666666666,"{""Backdoor"": 0.699, ""DDoS_HTTP"": 0.617, ""DDoS_ICMP"": 0.993, ""DDoS_TCP"": 0.998, ""DDoS_UDP"": 0.996, ""Fingerprinting"": 0.11, ""MITM"": 1.0, ""Normal"": 1.0, ""Password"": 0.869, ""Port_Scanning"": 0.452, ""Ransomware"": 0.685, ""SQL_injection"": 0.0, ""Uploading"": 0.53, ""Vulnerability_scanner"": 0.791, ""XSS"": 0.855}","[0.2202, 0.4134, 0.4646, 0.498, 0.5499, 0.6259, 0.6339, 0.6474, 0.6516, 0.6614, 0.6691, 0.684, 0.6809, 0.6874, 0.6806, 0.686, 0.686, 0.683, 0.6775, 0.6562, 0.6822, 0.6903, 0.6663, 0.6848, 0.6835, 0.6864, 0.682, 0.6834, 0.7032, 0.6878]","[0.3948, 0.282, 0.3341, 0.5139, 0.3529, 0.3864, 0.2983, 0.5528, 0.4673, 0.486]",6.0,34,240,0,60,"[0, 0, 0, 0, 0, 0, 0, 0, 1, 0, 1, 2, 2, 2, 2, 2, 2, 1, 3, 2, 1, 1, 0, 3, 4, 0, 2, 1, 2, 0]","[30, 30, 30, 20, 29, 28, 30, 22, 30, 17]",3.5,,,,,,,,,,,,,,,
faithful_root_t0.0,faithful_root,0.0,adaptive_f30,4,3,30,0.6490659202423118,0.6713912934965689,0.8142815492610285,1.0,0.0,0.0,0.6970666666666666,"{""Backdoor"": 0.897, ""DDoS_HTTP"": 0.347, ""DDoS_ICMP"": 0.996, ""DDoS_TCP"": 0.653, ""DDoS_UDP"": 0.996, ""Fingerprinting"": 0.11, ""MITM"": 1.0, ""Normal"": 1.0, ""Password"": 0.844, ""Port_Scanning"": 0.89, ""Ransomware"": 0.409, ""SQL_injection"": 0.0, ""Uploading"": 0.551, ""Vulnerability_scanner"": 0.428, ""XSS"": 0.951}","[0.2415, 0.4323, 0.5049, 0.5289, 0.5901, 0.6843, 0.6668, 0.6668, 0.6812, 0.6839, 0.6887, 0.6935, 0.6901, 0.6758, 0.6916, 0.6631, 0.7041, 0.6909, 0.6778, 0.6621, 0.687, 0.6794, 0.6702, 0.7042, 0.6794, 0.6619, 0.7175, 0.7232, 0.7189, 0.6491]","[0.3948, 0.282, 0.3341, 0.5139, 0.3529, 0.3864, 0.2983, 0.5528, 0.4673, 0.486]",6.6,38,210,0,90,"[0, 0, 0, 0, 0, 0, 1, 1, 2, 1, 2, 1, 2, 2, 3, 1, 2, 1, 3, 1, 1, 1, 1, 1, 2, 1, 3, 1, 3, 1]","[30, 30, 30, 6, 30, 30, 30, 26, 29, 21]",3.5,,,,,,,,,,,,,,,
faithful_root_t-0.3_kappa1.5,faithful_root,-0.3,none,4,0,30,0.6573011578432559,0.6848798459644865,0.8282087510372513,1.0,0.0,0.0,0.6574,"{""Backdoor"": 0.844, ""DDoS_HTTP"": 0.963, ""DDoS_ICMP"": 0.995, ""DDoS_TCP"": 0.629, ""DDoS_UDP"": 0.947, ""Fingerprinting"": 0.0, ""MITM"": 1.0, ""Normal"": 1.0, ""Password"": 0.142, ""Port_Scanning"": 0.912, ""Ransomware"": 0.612, ""SQL_injection"": 0.999, ""Uploading"": 0.231, ""Vulnerability_scanner"": 0.839, ""XSS"": 0.16}","[0.4385, 0.5457, 0.5956, 0.538, 0.5497, 0.5548, 0.5661, 0.6294, 0.6114, 0.6322, 0.6347, 0.6322, 0.6348, 0.6375, 0.636, 0.6403, 0.6435, 0.6392, 0.642, 0.6379, 0.6369, 0.6435, 0.6474, 0.6426, 0.6435, 0.646, 0.6392, 0.6593, 0.6556, 0.6573]","[0.3948, 0.282, 0.3341, 0.5139, 0.3529, 0.3864, 0.2983, 0.5528, 0.4673, 0.486]",6.0,111,300,0,0,"[0, 0, 1, 3, 3, 3, 3, 3, 4, 4, 4, 4, 4, 4, 4, 6, 4, 4, 5, 4, 5, 4, 5, 4, 5, 4, 5, 4, 4, 4]","[25, 30, 30, 2, 28, 8, 30, 3, 30, 3]",1.5,,,,,0.09459815546772068,0.11409749670619235,0.1425,0.3,0.4,0.02714097496706192,0.3177865612648221,0.8139285714285714,0.9,0.4,-0.8029853781438303
faithful_root_t-0.3_kappa1.5,faithful_root,-0.3,signflip,4,2,30,0.6773823871762706,0.6965683241884922,0.8361927829733791,1.0,0.0,0.0,0.6772666666666667,"{""Backdoor"": 0.743, ""DDoS_HTTP"": 0.917, ""DDoS_ICMP"": 0.99, ""DDoS_TCP"": 1.0, ""DDoS_UDP"": 0.994, ""Fingerprinting"": 0.0, ""MITM"": 1.0, ""Normal"": 1.0, ""Password"": 0.142, ""Port_Scanning"": 0.524, ""Ransomware"": 0.612, ""SQL_injection"": 0.99, ""Uploading"": 0.242, ""Vulnerability_scanner"": 0.805, ""XSS"": 0.49}","[0.4183, 0.514, 0.5475, 0.5839, 0.5899, 0.6102, 0.6017, 0.6463, 0.6402, 0.6346, 0.6618, 0.6326, 0.6605, 0.6524, 0.6424, 0.6374, 0.6464, 0.6582, 0.6608, 0.6687, 0.672, 0.6728, 0.6654, 0.6715, 0.668, 0.6496, 0.682, 0.6712, 0.6832, 0.6774]","[0.3948, 0.282, 0.3341, 0.5139, 0.3529, 0.3864, 0.2983, 0.5528, 0.4673, 0.486]",5.0,107,240,60,60,"[0, 0, 1, 2, 2, 2, 3, 3, 4, 4, 4, 5, 4, 4, 4, 5, 4, 4, 5, 4, 4, 4, 5, 4, 5, 4, 4, 4, 4, 5]","[0, 0, 30, 2, 24, 8, 30, 6, 30, 3]",1.5,,,,,,,,,,,,,,,
faithful_root_t-0.3_kappa1.5,faithful_root,-0.3,adaptive_f30,4,3,30,0.6767585717404773,0.6966497979567808,0.8311691224292987,1.0,0.0,0.0,0.6850666666666667,"{""Backdoor"": 0.721, ""DDoS_HTTP"": 0.385, ""DDoS_ICMP"": 0.995, ""DDoS_TCP"": 0.575, ""DDoS_UDP"": 0.996, ""Fingerprinting"": 0.11, ""MITM"": 1.0, ""Normal"": 1.0, ""Password"": 0.839, ""Port_Scanning"": 0.967, ""Ransomware"": 0.604, ""SQL_injection"": 0.0, ""Uploading"": 0.558, ""Vulnerability_scanner"": 0.837, ""XSS"": 0.864}","[0.2929, 0.4362, 0.5025, 0.5356, 0.5678, 0.6139, 0.6165, 0.6224, 0.639, 0.678, 0.6649, 0.6691, 0.6694, 0.67, 0.6646, 0.6688, 0.6865, 0.6887, 0.6893, 0.6772, 0.6819, 0.6678, 0.6712, 0.6748, 0.6927, 0.6668, 0.676, 0.6885, 0.6899, 0.6768]","[0.3948, 0.282, 0.3341, 0.5139, 0.3529, 0.3864, 0.2983, 0.5528, 0.4673, 0.486]",6.7,85,210,0,90,"[0, 0, 0, 1, 2, 2, 2, 2, 2, 3, 2, 2, 2, 6, 5, 2, 2, 5, 4, 4, 4, 3, 2, 5, 2, 6, 3, 5, 5, 2]","[30, 30, 30, 3, 23, 18, 30, 28, 4, 19]",1.5,,,,,,,,,,,,,,,
faithful_root_t-0.3_kappa2.5,faithful_root,-0.3,none,4,0,30,0.708486868172479,0.7110322458901774,0.8412612976294602,1.0,0.0,0.0,0.7056,"{""Backdoor"": 0.9, ""DDoS_HTTP"": 0.917, ""DDoS_ICMP"": 0.991, ""DDoS_TCP"": 0.688, ""DDoS_UDP"": 0.997, ""Fingerprinting"": 0.11, ""MITM"": 1.0, ""Normal"": 1.0, ""Password"": 0.748, ""Port_Scanning"": 0.837, ""Ransomware"": 0.428, ""SQL_injection"": 0.389, ""Uploading"": 0.374, ""Vulnerability_scanner"": 0.783, ""XSS"": 0.503}","[0.4385, 0.5457, 0.5733, 0.6017, 0.6782, 0.6823, 0.6801, 0.6892, 0.7073, 0.6906, 0.6914, 0.6525, 0.6921, 0.6812, 0.6631, 0.6859, 0.6914, 0.6891, 0.701, 0.6964, 0.7019, 0.6539, 0.7079, 0.6692, 0.7042, 0.7067, 0.7062, 0.6973, 0.711, 0.7085]","[0.3948, 0.282, 0.3341, 0.5139, 0.3529, 0.3864, 0.2983, 0.5528, 0.4673, 0.486]",4.9,50,300,0,0,"[0, 0, 0, 0, 0, 0, 0, 0, 0, 0, 2, 3, 2, 3, 2, 3, 1, 1, 3, 1, 2, 4, 3, 4, 3, 2, 3, 3, 2, 3]","[22, 30, 30, 20, 23, 28, 30, 28, 29, 10]",2.5,,,,,0.09459815546772068,0.11409749670619235,0.1425,0.3,0.4,0.26310935441370226,0.32595520421607377,0.8203571428571428,1.0,0.4,-0.7016214985821966
faithful_root_t-0.3_kappa2.5,faithful_root,-0.3,signflip,4,2,30,0.7087288480860183,0.7187295307002273,0.8462849581735405,1.0,0.0,0.0,0.7073999999999999,"{""Backdoor"": 0.883, ""DDoS_HTTP"": 0.836, ""DDoS_ICMP"": 0.99, ""DDoS_TCP"": 0.997, ""DDoS_UDP"": 0.998, ""Fingerprinting"": 0.11, ""MITM"": 1.0, ""Normal"": 1.0, ""Password"": 0.975, ""Port_Scanning"": 0.452, ""Ransomware"": 0.569, ""SQL_injection"": 0.175, ""Uploading"": 0.374, ""Vulnerability_scanner"": 0.782, ""XSS"": 0.642}","[0.4183, 0.514, 0.5445, 0.6122, 0.6644, 0.6859, 0.6915, 0.6923, 0.6882, 0.6884, 0.6938, 0.6942, 0.7066, 0.7013, 0.7013, 0.6988, 0.7031, 0.7038, 0.6996, 0.7038, 0.7053, 0.7045, 0.7075, 0.7028, 0.6951, 0.7045, 0.7008, 0.7048, 0.7087, 0.7087]","[0.3948, 0.282, 0.3341, 0.5139, 0.3529, 0.3864, 0.2983, 0.5528, 0.4673, 0.486]",4.8,23,240,60,60,"[0, 0, 0, 0, 0, 0, 0, 0, 0, 0, 0, 0, 0, 2, 1, 2, 1, 1, 3, 0, 0, 3, 1, 1, 2, 1, 1, 1, 1, 2]","[0, 0, 30, 28, 27, 29, 28, 30, 30, 15]",2.5,,,,,,,,,,,,,,,
faithful_root_t-0.3_kappa2.5,faithful_root,-0.3,adaptive_f30,4,3,30,0.6811347109864688,0.699448114311308,0.8331651304133306,1.0,0.0,0.0,0.6996333333333333,"{""Backdoor"": 0.821, ""DDoS_HTTP"": 0.486, ""DDoS_ICMP"": 0.996, ""DDoS_TCP"": 0.699, ""DDoS_UDP"": 0.996, ""Fingerprinting"": 0.11, ""MITM"": 1.0, ""Normal"": 1.0, ""Password"": 0.853, ""Port_Scanning"": 0.85, ""Ransomware"": 0.503, ""SQL_injection"": 0.0, ""Uploading"": 0.543, ""Vulnerability_scanner"": 0.732, ""XSS"": 0.905}","[0.2561, 0.4214, 0.4728, 0.5096, 0.5736, 0.6545, 0.6539, 0.6568, 0.6777, 0.6665, 0.6874, 0.6876, 0.6886, 0.6844, 0.6692, 0.667, 0.721, 0.6891, 0.6903, 0.6557, 0.6899, 0.6749, 0.6684, 0.6883, 0.6921, 0.6777, 0.7187, 0.691, 0.7268, 0.6811]","[0.3948, 0.282, 0.3341, 0.5139, 0.3529, 0.3864, 0.2983, 0.5528, 0.4673, 0.486]",4.9,36,210,0,90,"[0, 0, 0, 0, 0, 0, 1, 1, 1, 2, 1, 2, 1, 2, 2, 1, 1, 2, 2, 1, 1, 2, 1, 2, 1, 1, 1, 4, 2, 1]","[30, 30, 30, 6, 30, 29, 30, 30, 20, 29]",2.5,,,,,,,,,,,,,,,
faithful_root_t-0.3_kappa5.0,faithful_root,-0.3,none,4,0,30,0.7090376366973662,0.715619379919326,0.8441543878535065,1.0,0.0,0.0,0.7105666666666667,"{""Backdoor"": 0.699, ""DDoS_HTTP"": 0.617, ""DDoS_ICMP"": 0.991, ""DDoS_TCP"": 0.913, ""DDoS_UDP"": 0.996, ""Fingerprinting"": 0.11, ""MITM"": 1.0, ""Normal"": 1.0, ""Password"": 0.975, ""Port_Scanning"": 0.614, ""Ransomware"": 0.628, ""SQL_injection"": 0.175, ""Uploading"": 0.374, ""Vulnerability_scanner"": 0.802, ""XSS"": 0.841}","[0.4385, 0.5457, 0.5733, 0.6017, 0.6782, 0.6823, 0.6801, 0.6892, 0.7073, 0.6906, 0.6984, 0.6967, 0.6985, 0.7033, 0.6959, 0.7162, 0.7112, 0.721, 0.7097, 0.7208, 0.7176, 0.709, 0.7172, 0.7082, 0.7119, 0.718, 0.7107, 0.706, 0.7167, 0.709]","[0.3948, 0.282, 0.3341, 0.5139, 0.3529, 0.3864, 0.2983, 0.5528, 0.4673, 0.486]",5.1,8,300,0,0,"[0, 0, 0, 0, 0, 0, 0, 0, 0, 0, 0, 0, 0, 0, 0, 1, 0, 1, 1, 1, 0, 0, 1, 0, 1, 1, 0, 1, 0, 0]","[29, 30, 30, 30, 26, 30, 27, 30, 30, 30]",5.0,,,,,0.09459815546772068,0.11409749670619235,0.1425,0.3,0.4,0.26310935441370226,0.32595520421607377,0.8203571428571428,1.0,0.4,0.36537670835006186
faithful_root_t-0.3_kappa5.0,faithful_root,-0.3,signflip,4,2,30,0.7085648670031838,0.7174312200146251,0.8453205947655251,1.0,0.0,0.0,0.7097000000000001,"{""Backdoor"": 0.561, ""DDoS_HTTP"": 0.617, ""DDoS_ICMP"": 0.989, ""DDoS_TCP"": 0.997, ""DDoS_UDP"": 0.998, ""Fingerprinting"": 0.11, ""MITM"": 1.0, ""Normal"": 1.0, ""Password"": 0.975, ""Port_Scanning"": 0.452, ""Ransomware"": 0.882, ""SQL_injection"": 0.175, ""Uploading"": 0.374, ""Vulnerability_scanner"": 0.783, ""XSS"": 0.849}","[0.4183, 0.514, 0.5445, 0.6122, 0.6644, 0.6859, 0.6915, 0.6923, 0.6882, 0.6884, 0.6938, 0.6942, 0.7066, 0.704, 0.7125, 0.6997, 0.7, 0.7071, 0.7032, 0.7092, 0.7064, 0.7068, 0.7043, 0.7038, 0.7049, 0.7088, 0.7109, 0.7092, 0.7113, 0.7086]","[0.3948, 0.282, 0.3341, 0.5139, 0.3529, 0.3864, 0.2983, 0.5528, 0.4673, 0.486]",4.8,0,240,60,60,"[0, 0, 0, 0, 0, 0, 0, 0, 0, 0, 0, 0, 0, 0, 0, 0, 0, 0, 0, 0, 0, 0, 0, 0, 0, 0, 0, 0, 0, 0]","[0, 0, 30, 30, 30, 30, 30, 30, 30, 30]",5.0,,,,,,,,,,,,,,,
faithful_root_t-0.3_kappa5.0,faithful_root,-0.3,adaptive_f30,4,3,30,0.6372170931934031,0.6652236802084168,0.8000179416448003,1.0,0.0,0.0,0.6833,"{""Backdoor"": 0.889, ""DDoS_HTTP"": 0.041, ""DDoS_ICMP"": 0.997, ""DDoS_TCP"": 0.794, ""DDoS_UDP"": 0.995, ""Fingerprinting"": 0.355, ""MITM"": 1.0, ""Normal"": 1.0, ""Password"": 0.819, ""Port_Scanning"": 0.75, ""Ransomware"": 0.423, ""SQL_injection"": 0.0, ""Uploading"": 0.568, ""Vulnerability_scanner"": 0.412, ""XSS"": 0.938}","[0.1912, 0.4151, 0.5116, 0.5472, 0.6012, 0.6813, 0.6488, 0.6963, 0.6756, 0.6755, 0.6705, 0.7303, 0.6988, 0.6683, 0.6898, 0.6513, 0.6736, 0.6655, 0.7094, 0.6828, 0.6826, 0.6776, 0.6857, 0.6874, 0.6916, 0.6827, 0.7192, 0.6971, 0.7156, 0.6372]","[0.3948, 0.282, 0.3341, 0.5139, 0.3529, 0.3864, 0.2983, 0.5528, 0.4673, 0.486]",5.8,15,210,0,90,"[0, 0, 0, 0, 0, 0, 1, 1, 1, 1, 0, 1, 1, 1, 1, 1, 0, 0, 1, 1, 1, 0, 0, 1, 0, 0, 0, 1, 1, 0]","[30, 30, 30, 15, 30, 30, 30, 30, 30, 30]",5.0,,,,,,,,,,,,,,,
faithful_root_t-0.3_clip,faithful_root,-0.3,none,4,0,30,0.7036858069594734,0.7063658173327693,0.8421359528134742,1.0,0.0,0.0,0.7036333333333333,"{""Backdoor"": 0.771, ""DDoS_HTTP"": 0.657, ""DDoS_ICMP"": 0.988, ""DDoS_TCP"": 0.792, ""DDoS_UDP"": 0.996, ""Fingerprinting"": 0.01, ""MITM"": 1.0, ""Normal"": 1.0, ""Password"": 0.517, ""Port_Scanning"": 0.728, ""Ransomware"": 0.554, ""SQL_injection"": 0.631, ""Uploading"": 0.374, ""Vulnerability_scanner"": 0.824, ""XSS"": 0.753}","[0.4323, 0.5415, 0.5687, 0.5789, 0.5851, 0.6207, 0.6738, 0.6807, 0.6752, 0.6806, 0.6875, 0.6877, 0.6846, 0.6961, 0.6903, 0.6958, 0.6984, 0.6915, 0.6996, 0.7082, 0.7051, 0.6994, 0.6984, 0.6983, 0.6912, 0.7016, 0.7052, 0.7024, 0.7048, 0.7037]","[0.3948, 0.282, 0.3341, 0.5139, 0.3529, 0.3864, 0.2983, 0.5528, 0.4673, 0.486]",5.6,6,300,0,0,"[0, 0, 0, 0, 0, 0, 0, 0, 0, 0, 0, 0, 0, 0, 0, 1, 0, 0, 1, 1, 0, 0, 0, 0, 2, 0, 0, 0, 0, 1]","[29, 30, 30, 30, 26, 30, 29, 30, 30, 30]",3.5,1.0,,,,0.09459815546772068,0.11409749670619235,0.1425,0.3,0.4,0.21897233201581026,0.31501976284584976,0.82,1.0,0.4,0.3370999312316211
faithful_root_t-0.3_clip,faithful_root,-0.3,backdoor,4,2,30,0.7027442069675017,0.7084357209676512,0.8438179820135011,1.0,0.0,1.0,0.7010333333333333,"{""Backdoor"": 0.859, ""DDoS_HTTP"": 0.69, ""DDoS_ICMP"": 0.995, ""DDoS_TCP"": 0.82, ""DDoS_UDP"": 0.996, ""Fingerprinting"": 0.0, ""MITM"": 1.0, ""Normal"": 1.0, ""Password"": 0.763, ""Port_Scanning"": 0.697, ""Ransomware"": 0.538, ""SQL_injection"": 0.378, ""Uploading"": 0.378, ""Vulnerability_scanner"": 0.839, ""XSS"": 0.674}","[0.4221, 0.4926, 0.526, 0.5512, 0.5574, 0.5889, 0.6155, 0.6166, 0.6204, 0.6249, 0.6314, 0.6368, 0.6555, 0.6573, 0.6556, 0.6631, 0.6671, 0.6699, 0.6681, 0.7039, 0.7054, 0.7037, 0.7023, 0.7041, 0.7068, 0.7039, 0.6994, 0.6993, 0.7011, 0.7027]","[0.3948, 0.282, 0.3341, 0.5139, 0.3529, 0.3864, 0.2983, 0.5528, 0.4673, 0.486]",4.8,1,240,1,60,"[0, 0, 0, 0, 0, 0, 0, 0, 0, 0, 0, 0, 0, 0, 0, 0, 0, 0, 0, 0, 1, 0, 0, 0, 0, 0, 0, 0, 0, 0]","[29, 30, 30, 30, 29, 30, 30, 30, 30, 30]",3.5,1.0,,,,,,,,,,,,,,
faithful_root_t-0.3_clip,faithful_root,-0.3,backdoor_boost,4,2,30,0.6905472467101671,0.704923019095652,0.8413958599654623,1.0,0.0,0.1349623294644675,0.6996000000000001,"{""Backdoor"": 0.735, ""DDoS_HTTP"": 0.617, ""DDoS_ICMP"": 0.992, ""DDoS_TCP"": 1.0, ""DDoS_UDP"": 0.996, ""Fingerprinting"": 0.0, ""MITM"": 1.0, ""Normal"": 1.0, ""Password"": 0.974, ""Port_Scanning"": 0.524, ""Ransomware"": 0.554, ""SQL_injection"": 0.175, ""Uploading"": 0.381, ""Vulnerability_scanner"": 0.8, ""XSS"": 0.826}","[0.4221, 0.4926, 0.526, 0.5512, 0.551, 0.5748, 0.6085, 0.615, 0.6184, 0.6213, 0.651, 0.6508, 0.6559, 0.6613, 0.6617, 0.6981, 0.6983, 0.692, 0.699, 0.6991, 0.7025, 0.7017, 0.702, 0.6931, 0.7037, 0.7043, 0.703, 0.7039, 0.7044, 0.6905]","[0.3948, 0.282, 0.3341, 0.5139, 0.3529, 0.3864, 0.2983, 0.5528, 0.4673, 0.486]",5.4,0,240,52,60,"[0, 0, 0, 0, 0, 0, 0, 0, 0, 0, 0, 0, 0, 0, 0, 0, 0, 0, 0, 0, 0, 0, 0, 0, 0, 0, 0, 0, 0, 0]","[4, 4, 30, 30, 30, 30, 30, 30, 30, 30]",3.5,1.0,,,,,,,,,,,,,,
faithful_root_t-0.3_clip,faithful_root,-0.3,adaptive_f30,4,3,30,0.6897099072320113,0.7073315619926809,0.8384803426854157,1.0,0.0,0.0,0.6888666666666667,"{""Backdoor"": 0.6, ""DDoS_HTTP"": 0.617, ""DDoS_ICMP"": 0.986, ""DDoS_TCP"": 0.692, ""DDoS_UDP"": 0.996, ""Fingerprinting"": 0.11, ""MITM"": 1.0, ""Normal"": 1.0, ""Password"": 0.975, ""Port_Scanning"": 0.762, ""Ransomware"": 0.795, ""SQL_injection"": 0.0, ""Uploading"": 0.437, ""Vulnerability_scanner"": 0.791, ""XSS"": 0.849}","[0.3046, 0.4308, 0.5182, 0.5273, 0.5431, 0.613, 0.6221, 0.6262, 0.6433, 0.6428, 0.6492, 0.6707, 0.669, 0.6721, 0.6695, 0.6759, 0.6784, 0.6818, 0.6859, 0.6806, 0.6853, 0.6708, 0.67, 0.6844, 0.6889, 0.6891, 0.69, 0.6876, 0.6893, 0.6897]","[0.3948, 0.282, 0.3341, 0.5139, 0.3529, 0.3864, 0.2983, 0.5528, 0.4673, 0.486]",5.0,0,210,0,90,"[0, 0, 0, 0, 0, 0, 0, 0, 0, 0, 0, 0, 0, 0, 0, 0, 0, 0, 0, 0, 0, 0, 0, 0, 0, 0, 0, 0, 0, 0]","[30, 30, 30, 30, 30, 30, 30, 30, 30, 30]",3.5,1.0,,,,,,,,,,,,,,
faithful_root_t-0.3_clip,faithful_root,-0.3,signflip,4,2,30,0.7126605450973003,0.719988134712661,0.8470699051335531,1.0,0.0,0.0,0.7113,"{""Backdoor"": 0.624, ""DDoS_HTTP"": 0.617, ""DDoS_ICMP"": 0.987, ""DDoS_TCP"": 0.997, ""DDoS_UDP"": 0.996, ""Fingerprinting"": 0.11, ""MITM"": 1.0, ""Normal"": 1.0, ""Password"": 0.975, ""Port_Scanning"": 0.524, ""Ransomware"": 0.787, ""SQL_injection"": 0.175, ""Uploading"": 0.374, ""Vulnerability_scanner"": 0.793, ""XSS"": 0.842}","[0.4168, 0.5121, 0.537, 0.5708, 0.6066, 0.6722, 0.6751, 0.6895, 0.6881, 0.697, 0.7033, 0.6876, 0.6881, 0.7023, 0.6879, 0.6896, 0.6889, 0.6942, 0.6939, 0.6986, 0.6865, 0.6982, 0.6972, 0.6956, 0.703, 0.7114, 0.712, 0.7092, 0.712, 0.7127]","[0.3948, 0.282, 0.3341, 0.5139, 0.3529, 0.3864, 0.2983, 0.5528, 0.4673, 0.486]",5.3,1,240,60,60,"[0, 0, 0, 0, 0, 0, 0, 0, 0, 0, 0, 0, 0, 0, 0, 0, 0, 0, 0, 1, 0, 0, 0, 0, 0, 0, 0, 0, 0, 0]","[0, 0, 30, 30, 29, 30, 30, 30, 30, 30]",3.5,1.0,,,,,,,,,,,,,,
faithful_root_t-0.3_clipnoise_z0.5,faithful_root,-0.3,none,4,0,30,0.7100503064948581,0.7117211736752453,0.841687411693467,1.0,0.0,0.0,0.6985666666666667,"{""Backdoor"": 0.639, ""DDoS_HTTP"": 0.636, ""DDoS_ICMP"": 0.993, ""DDoS_TCP"": 0.998, ""DDoS_UDP"": 0.996, ""Fingerprinting"": 0.11, ""MITM"": 1.0, ""Normal"": 1.0, ""Password"": 0.367, ""Port_Scanning"": 0.452, ""Ransomware"": 0.835, ""SQL_injection"": 0.729, ""Uploading"": 0.303, ""Vulnerability_scanner"": 0.836, ""XSS"": 0.783}","[0.253, 0.3742, 0.5482, 0.5894, 0.5802, 0.6168, 0.6309, 0.6855, 0.676, 0.6734, 0.6647, 0.6454, 0.6818, 0.6749, 0.6734, 0.6648, 0.6774, 0.6661, 0.6799, 0.6806, 0.6787, 0.6725, 0.6937, 0.7015, 0.711, 0.71, 0.7114, 0.6968, 0.6888, 0.7101]","[0.3948, 0.282, 0.3341, 0.5139, 0.3529, 0.3864, 0.2983, 0.5528, 0.4673, 0.486]",7.2,4,300,0,0,"[0, 0, 0, 0, 0, 0, 0, 0, 0, 0, 0, 0, 0, 0, 0, 0, 0, 0, 1, 0, 0, 0, 1, 0, 2, 0, 0, 0, 0, 0]","[29, 30, 30, 30, 28, 30, 29, 30, 30, 30]",3.5,1.0,0.5,,112.56537912599764,-0.06442687747035572,-0.2059288537549407,0.06678571428571428,0.3,0.2,0.2848484848484848,0.3349143610013175,0.8307142857142855,0.9,0.5,0.3370999312316211
faithful_root_t-0.3_clipnoise_z0.5,faithful_root,-0.3,backdoor,4,2,30,0.7120296652515068,0.7141377810320569,0.8432573056134921,1.0,0.0,0.979556098554266,0.7105333333333332,"{""Backdoor"": 0.846, ""DDoS_HTTP"": 0.848, ""DDoS_ICMP"": 0.997, ""DDoS_TCP"": 0.751, ""DDoS_UDP"": 0.996, ""Fingerprinting"": 0.11, ""MITM"": 1.0, ""Normal"": 1.0, ""Password"": 0.827, ""Port_Scanning"": 0.776, ""Ransomware"": 0.541, ""SQL_injection"": 0.332, ""Uploading"": 0.377, ""Vulnerability_scanner"": 0.812, ""XSS"": 0.5}","[0.2084, 0.4213, 0.5164, 0.5107, 0.5657, 0.5891, 0.6011, 0.6023, 0.6018, 0.6392, 0.6338, 0.6347, 0.6314, 0.6543, 0.6148, 0.6599, 0.6678, 0.6716, 0.6616, 0.7122, 0.7069, 0.707, 0.7113, 0.7061, 0.7145, 0.7096, 0.7141, 0.7162, 0.7034, 0.712]","[0.3948, 0.282, 0.3341, 0.5139, 0.3529, 0.3864, 0.2983, 0.5528, 0.4673, 0.486]",5.8,0,240,0,60,"[0, 0, 0, 0, 0, 0, 0, 0, 0, 0, 0, 0, 0, 0, 0, 0, 0, 0, 0, 0, 0, 0, 0, 0, 0, 0, 0, 0, 0, 0]","[30, 30, 30, 30, 30, 30, 30, 30, 30, 30]",3.5,1.0,0.5,,112.56537912599764,,,,,,,,,,,
faithful_root_t-0.3_clipnoise_z0.5,faithful_root,-0.3,backdoor_boost,4,2,30,0.6983204039992341,0.7069546375724943,0.8383457803494135,1.0,0.0,0.08531867236815313,0.7079,"{""Backdoor"": 0.728, ""DDoS_HTTP"": 0.734, ""DDoS_ICMP"": 0.996, ""DDoS_TCP"": 0.997, ""DDoS_UDP"": 0.997, ""Fingerprinting"": 0.11, ""MITM"": 1.0, ""Normal"": 1.0, ""Password"": 0.966, ""Port_Scanning"": 0.524, ""Ransomware"": 0.545, ""SQL_injection"": 0.161, ""Uploading"": 0.393, ""Vulnerability_scanner"": 0.787, ""XSS"": 0.666}","[0.2084, 0.4225, 0.5007, 0.4883, 0.5462, 0.5875, 0.6158, 0.5585, 0.5879, 0.6412, 0.6391, 0.6437, 0.6326, 0.6501, 0.6254, 0.6526, 0.6621, 0.6572, 0.7039, 0.6994, 0.6925, 0.7078, 0.6954, 0.6972, 0.7099, 0.7002, 0.7026, 0.7167, 0.7087, 0.6983]","[0.3948, 0.282, 0.3341, 0.5139, 0.3529, 0.3864, 0.2983, 0.5528, 0.4673, 0.486]",6.2,0,240,55,60,"[0, 0, 0, 0, 0, 0, 0, 0, 0, 0, 0, 0, 0, 0, 0, 0, 0, 0, 0, 0, 0, 0, 0, 0, 0, 0, 0, 0, 0, 0]","[2, 3, 30, 30, 30, 30, 30, 30, 30, 30]",3.5,1.0,0.5,,112.56537912599764,,,,,,,,,,,
faithful_root_t-0.3_clipnoise_z0.5,faithful_root,-0.3,adaptive_f30,4,3,30,0.6883817756626881,0.702781598536974,0.8353629819013658,1.0,0.0,0.0,0.6983333333333334,"{""Backdoor"": 0.459, ""DDoS_HTTP"": 0.486, ""DDoS_ICMP"": 0.985, ""DDoS_TCP"": 0.91, ""DDoS_UDP"": 0.996, ""Fingerprinting"": 0.11, ""MITM"": 1.0, ""Normal"": 1.0, ""Password"": 0.977, ""Port_Scanning"": 0.545, ""Ransomware"": 0.888, ""SQL_injection"": 0.085, ""Uploading"": 0.419, ""Vulnerability_scanner"": 0.792, ""XSS"": 0.889}","[0.1984, 0.3672, 0.4817, 0.3997, 0.4841, 0.5889, 0.6298, 0.6288, 0.6514, 0.6377, 0.6735, 0.6984, 0.6746, 0.6888, 0.6792, 0.6781, 0.6874, 0.6912, 0.6924, 0.6927, 0.6942, 0.7063, 0.6977, 0.6949, 0.6871, 0.692, 0.6885, 0.6979, 0.7087, 0.6884]","[0.3948, 0.282, 0.3341, 0.5139, 0.3529, 0.3864, 0.2983, 0.5528, 0.4673, 0.486]",5.6,0,210,0,90,"[0, 0, 0, 0, 0, 0, 0, 0, 0, 0, 0, 0, 0, 0, 0, 0, 0, 0, 0, 0, 0, 0, 0, 0, 0, 0, 0, 0, 0, 0]","[30, 30, 30, 30, 30, 30, 30, 30, 30, 30]",3.5,1.0,0.5,,112.56537912599764,,,,,,,,,,,
faithful_root_t-0.3_clipnoise_z0.5,faithful_root,-0.3,signflip,4,2,30,0.7007496831636246,0.710923055816772,0.8409473188454551,1.0,0.0,0.0,0.7087,"{""Backdoor"": 0.454, ""DDoS_HTTP"": 0.617, ""DDoS_ICMP"": 0.988, ""DDoS_TCP"": 1.0, ""DDoS_UDP"": 0.996, ""Fingerprinting"": 0.11, ""MITM"": 1.0, ""Normal"": 1.0, ""Password"": 0.956, ""Port_Scanning"": 0.452, ""Ransomware"": 0.888, ""SQL_injection"": 0.167, ""Uploading"": 0.39, ""Vulnerability_scanner"": 0.796, ""XSS"": 0.849}","[0.2565, 0.3321, 0.5098, 0.5047, 0.5874, 0.6488, 0.6734, 0.6677, 0.6721, 0.6661, 0.6771, 0.6766, 0.6832, 0.6933, 0.6896, 0.6866, 0.6781, 0.6815, 0.6924, 0.6954, 0.7058, 0.6985, 0.694, 0.7045, 0.6983, 0.6982, 0.7075, 0.7151, 0.7103, 0.7007]","[0.3948, 0.282, 0.3341, 0.5139, 0.3529, 0.3864, 0.2983, 0.5528, 0.4673, 0.486]",7.0,0,240,60,60,"[0, 0, 0, 0, 0, 0, 0, 0, 0, 0, 0, 0, 0, 0, 0, 0, 0, 0, 0, 0, 0, 0, 0, 0, 0, 0, 0, 0, 0, 0]","[0, 0, 30, 30, 30, 30, 30, 30, 30, 30]",3.5,1.0,0.5,,112.56537912599764,,,,,,,,,,,
faithful_root_t-0.3_all_z0.5,faithful_root,-0.3,none,4,0,30,0.6886506909750214,0.6954842817721768,0.8338827962053421,1.0,0.0,0.0,0.6839333333333334,"{""Backdoor"": 0.748, ""DDoS_HTTP"": 0.663, ""DDoS_ICMP"": 0.988, ""DDoS_TCP"": 0.789, ""DDoS_UDP"": 0.996, ""Fingerprinting"": 0.035, ""MITM"": 1.0, ""Normal"": 1.0, ""Password"": 0.246, ""Port_Scanning"": 0.664, ""Ransomware"": 0.606, ""SQL_injection"": 0.84, ""Uploading"": 0.276, ""Vulnerability_scanner"": 0.833, ""XSS"": 0.748}","[0.2809, 0.4589, 0.5276, 0.5618, 0.5767, 0.6223, 0.6215, 0.6656, 0.668, 0.6722, 0.6714, 0.6611, 0.6847, 0.6872, 0.6742, 0.6646, 0.6777, 0.6675, 0.6764, 0.6809, 0.686, 0.6778, 0.6875, 0.6877, 0.6916, 0.6938, 0.6918, 0.6889, 0.6742, 0.6887]","[0.3948, 0.282, 0.3341, 0.5139, 0.3529, 0.3864, 0.2983, 0.5528, 0.4673, 0.486]",7.2,3,300,0,0,"[0, 0, 0, 0, 0, 0, 0, 0, 0, 0, 0, 0, 0, 0, 0, 0, 0, 0, 0, 1, 0, 0, 0, 0, 2, 0, 0, 0, 0, 0]","[30, 30, 30, 30, 28, 30, 29, 30, 30, 30]",3.5,1.0,0.5,3.0,112.56537912599764,-0.06442687747035572,-0.2059288537549407,0.06678571428571428,0.3,0.2,0.23978919631093545,0.31857707509881417,0.8357142857142856,0.9,0.4,0.4151994368861456
faithful_root_t-0.3_all_z0.5,faithful_root,-0.3,backdoor,4,2,30,0.7016352338440406,0.7072659229696233,0.8431675973894907,1.0,0.0,0.5051517002647119,0.6956333333333333,"{""Backdoor"": 0.887, ""DDoS_HTTP"": 0.854, ""DDoS_ICMP"": 0.997, ""DDoS_TCP"": 0.861, ""DDoS_UDP"": 0.996, ""Fingerprinting"": 0.0, ""MITM"": 1.0, ""Normal"": 1.0, ""Password"": 0.632, ""Port_Scanning"": 0.675, ""Ransomware"": 0.488, ""SQL_injection"": 0.5, ""Uploading"": 0.381, ""Vulnerability_scanner"": 0.792, ""XSS"": 0.547}","[0.3056, 0.4224, 0.4994, 0.5265, 0.5758, 0.5912, 0.5953, 0.6037, 0.5986, 0.6104, 0.6349, 0.6177, 0.6245, 0.6334, 0.6196, 0.6482, 0.6498, 0.6529, 0.6562, 0.6543, 0.6925, 0.6898, 0.686, 0.6928, 0.7052, 0.6974, 0.7008, 0.692, 0.6933, 0.7016]","[0.3948, 0.282, 0.3341, 0.5139, 0.3529, 0.3864, 0.2983, 0.5528, 0.4673, 0.486]",5.3,1,240,0,60,"[0, 0, 0, 0, 0, 0, 0, 0, 0, 0, 0, 0, 0, 0, 0, 0, 0, 0, 0, 0, 0, 0, 0, 0, 0, 0, 0, 0, 0, 1]","[30, 30, 30, 30, 29, 30, 30, 30, 30, 30]",3.5,1.0,0.5,3.0,112.56537912599764,,,,,,,,,,,
faithful_root_t-0.3_all_z0.5,faithful_root,-0.3,backdoor_boost,4,2,30,0.6888964494196901,0.7053594626449805,0.8417322658054677,1.0,0.0,0.0,0.6873,"{""Backdoor"": 0.902, ""DDoS_HTTP"": 0.803, ""DDoS_ICMP"": 0.996, ""DDoS_TCP"": 0.996, ""DDoS_UDP"": 0.996, ""Fingerprinting"": 0.0, ""MITM"": 1.0, ""Normal"": 1.0, ""Password"": 0.974, ""Port_Scanning"": 0.525, ""Ransomware"": 0.453, ""SQL_injection"": 0.175, ""Uploading"": 0.383, ""Vulnerability_scanner"": 0.787, ""XSS"": 0.592}","[0.3056, 0.4224, 0.4907, 0.4789, 0.5273, 0.5748, 0.5935, 0.5821, 0.5882, 0.6398, 0.6333, 0.6214, 0.6181, 0.628, 0.6242, 0.6398, 0.6548, 0.6453, 0.6867, 0.6884, 0.6855, 0.6886, 0.6889, 0.691, 0.6965, 0.6872, 0.69, 0.6889, 0.6841, 0.6889]","[0.3948, 0.282, 0.3341, 0.5139, 0.3529, 0.3864, 0.2983, 0.5528, 0.4673, 0.486]",5.0,0,240,55,60,"[0, 0, 0, 0, 0, 0, 0, 0, 0, 0, 0, 0, 0, 0, 0, 0, 0, 0, 0, 0, 0, 0, 0, 0, 0, 0, 0, 0, 0, 0]","[2, 3, 30, 30, 30, 30, 30, 30, 30, 30]",3.5,1.0,0.5,3.0,112.56537912599764,,,,,,,,,,,
faithful_root_t-0.3_all_z0.5,faithful_root,-0.3,adaptive_f30,4,3,30,0.6964485749936984,0.707774805318886,0.8388167485254211,1.0,0.0,0.0,0.7028666666666666,"{""Backdoor"": 0.459, ""DDoS_HTTP"": 0.617, ""DDoS_ICMP"": 0.984, ""DDoS_TCP"": 0.632, ""DDoS_UDP"": 0.996, ""Fingerprinting"": 0.11, ""MITM"": 1.0, ""Normal"": 1.0, ""Password"": 0.948, ""Port_Scanning"": 0.832, ""Ransomware"": 0.888, ""SQL_injection"": 0.085, ""Uploading"": 0.427, ""Vulnerability_scanner"": 0.788, ""XSS"": 0.85}","[0.1587, 0.3827, 0.527, 0.4653, 0.5204, 0.5322, 0.6227, 0.6165, 0.6219, 0.6523, 0.6694, 0.6717, 0.6747, 0.6799, 0.674, 0.6799, 0.6793, 0.6818, 0.6819, 0.686, 0.6842, 0.6786, 0.6858, 0.6829, 0.6995, 0.7045, 0.7041, 0.7066, 0.7056, 0.6964]","[0.3948, 0.282, 0.3341, 0.5139, 0.3529, 0.3864, 0.2983, 0.5528, 0.4673, 0.486]",5.2,0,210,0,90,"[0, 0, 0, 0, 0, 0, 0, 0, 0, 0, 0, 0, 0, 0, 0, 0, 0, 0, 0, 0, 0, 0, 0, 0, 0, 0, 0, 0, 0, 0]","[30, 30, 30, 30, 30, 30, 30, 30, 30, 30]",3.5,1.0,0.5,3.0,112.56537912599764,,,,,,,,,,,
faithful_root_t-0.3_all_z0.5,faithful_root,-0.3,signflip,4,2,30,0.7023549892251971,0.7102349034237473,0.840498777725448,1.0,0.0,0.0,0.7069,"{""Backdoor"": 0.489, ""DDoS_HTTP"": 0.617, ""DDoS_ICMP"": 0.985, ""DDoS_TCP"": 1.0, ""DDoS_UDP"": 0.996, ""Fingerprinting"": 0.11, ""MITM"": 1.0, ""Normal"": 1.0, ""Password"": 0.917, ""Port_Scanning"": 0.452, ""Ransomware"": 0.885, ""SQL_injection"": 0.201, ""Uploading"": 0.365, ""Vulnerability_scanner"": 0.79, ""XSS"": 0.847}","[0.2494, 0.4221, 0.5206, 0.5407, 0.5436, 0.5918, 0.6559, 0.6585, 0.6744, 0.6621, 0.6598, 0.6726, 0.677, 0.6784, 0.6736, 0.6707, 0.675, 0.6754, 0.6698, 0.6769, 0.6818, 0.683, 0.6793, 0.6845, 0.6919, 0.6925, 0.6987, 0.7053, 0.713, 0.7024]","[0.3948, 0.282, 0.3341, 0.5139, 0.3529, 0.3864, 0.2983, 0.5528, 0.4673, 0.486]",4.8,0,240,60,60,"[0, 0, 0, 0, 0, 0, 0, 0, 0, 0, 0, 0, 0, 0, 0, 0, 0, 0, 0, 0, 0, 0, 0, 0, 0, 0, 0, 0, 0, 0]","[0, 0, 30, 30, 30, 30, 30, 30, 30, 30]",3.5,1.0,0.5,3.0,112.56537912599764,,,,,,,,,,,
faithful_root_t-0.3_all_z1.0,faithful_root,-0.3,none,4,0,30,0.6988305651955499,0.7043651873507818,0.8376729686694028,1.0,0.0,0.0,0.6948666666666666,"{""Backdoor"": 0.764, ""DDoS_HTTP"": 0.617, ""DDoS_ICMP"": 0.984, ""DDoS_TCP"": 0.575, ""DDoS_UDP"": 0.996, ""Fingerprinting"": 0.09, ""MITM"": 1.0, ""Normal"": 1.0, ""Password"": 0.175, ""Port_Scanning"": 0.895, ""Ransomware"": 0.617, ""SQL_injection"": 0.891, ""Uploading"": 0.322, ""Vulnerability_scanner"": 0.788, ""XSS"": 0.849}","[0.1484, 0.2556, 0.4039, 0.4896, 0.5254, 0.5622, 0.5634, 0.6083, 0.6016, 0.6234, 0.6121, 0.6252, 0.6461, 0.6441, 0.6325, 0.6697, 0.6344, 0.6221, 0.6304, 0.6761, 0.6798, 0.6757, 0.6924, 0.6879, 0.6994, 0.694, 0.7041, 0.6997, 0.6861, 0.6988]","[0.3948, 0.282, 0.3341, 0.5139, 0.3529, 0.3864, 0.2983, 0.5528, 0.4673, 0.486]",5.7,0,300,0,0,"[0, 0, 0, 0, 0, 0, 0, 0, 0, 0, 0, 0, 0, 0, 0, 0, 0, 0, 0, 0, 0, 0, 0, 0, 0, 0, 0, 0, 0, 0]","[30, 30, 30, 30, 30, 30, 30, 30, 30, 30]",3.5,1.0,1.0,3.0,41.285057226388886,-0.06442687747035572,-0.2059288537549407,0.06678571428571428,0.3,0.2,0.3403162055335968,0.32055335968379445,0.8410714285714285,0.9,0.4,
faithful_root_t-0.3_all_z1.0,faithful_root,-0.3,backdoor,4,2,30,0.6952283436494217,0.6988271101323126,0.8401399448294422,1.0,0.0,0.18485033598045206,0.6863666666666667,"{""Backdoor"": 0.839, ""DDoS_HTTP"": 0.866, ""DDoS_ICMP"": 0.999, ""DDoS_TCP"": 0.791, ""DDoS_UDP"": 0.995, ""Fingerprinting"": 0.0, ""MITM"": 0.934, ""Normal"": 1.0, ""Password"": 0.402, ""Port_Scanning"": 0.745, ""Ransomware"": 0.55, ""SQL_injection"": 0.673, ""Uploading"": 0.393, ""Vulnerability_scanner"": 0.798, ""XSS"": 0.498}","[0.2124, 0.256, 0.4274, 0.4106, 0.4741, 0.5229, 0.532, 0.5269, 0.541, 0.5904, 0.577, 0.5867, 0.5695, 0.5986, 0.5821, 0.6225, 0.6146, 0.5895, 0.6133, 0.6265, 0.6358, 0.6489, 0.6447, 0.6513, 0.6559, 0.6792, 0.685, 0.6786, 0.6853, 0.6952]","[0.3948, 0.282, 0.3341, 0.5139, 0.3529, 0.3864, 0.2983, 0.5528, 0.4673, 0.486]",5.1,0,240,0,60,"[0, 0, 0, 0, 0, 0, 0, 0, 0, 0, 0, 0, 0, 0, 0, 0, 0, 0, 0, 0, 0, 0, 0, 0, 0, 0, 0, 0, 0, 0]","[30, 30, 30, 30, 30, 30, 30, 30, 30, 30]",3.5,1.0,1.0,3.0,41.285057226388886,,,,,,,,,,,
faithful_root_t-0.3_all_z1.0,faithful_root,-0.3,backdoor_boost,4,2,30,0.6876664052029811,0.6962236376350204,0.8392652896454282,1.0,0.0,0.0,0.6832333333333334,"{""Backdoor"": 0.68, ""DDoS_HTTP"": 0.802, ""DDoS_ICMP"": 0.997, ""DDoS_TCP"": 0.998, ""DDoS_UDP"": 0.995, ""Fingerprinting"": 0.0, ""MITM"": 0.905, ""Normal"": 1.0, ""Password"": 0.831, ""Port_Scanning"": 0.453, ""Ransomware"": 0.759, ""SQL_injection"": 0.214, ""Uploading"": 0.441, ""Vulnerability_scanner"": 0.793, ""XSS"": 0.576}","[0.2124, 0.2564, 0.4183, 0.3826, 0.4482, 0.498, 0.5096, 0.4923, 0.5341, 0.5727, 0.5438, 0.5171, 0.5401, 0.5323, 0.5167, 0.5535, 0.5805, 0.5554, 0.5696, 0.5689, 0.5822, 0.6151, 0.6363, 0.6239, 0.6512, 0.6701, 0.6687, 0.6781, 0.6839, 0.6877]","[0.3948, 0.282, 0.3341, 0.5139, 0.3529, 0.3864, 0.2983, 0.5528, 0.4673, 0.486]",5.9,0,240,54,60,"[0, 0, 0, 0, 0, 0, 0, 0, 0, 0, 0, 0, 0, 0, 0, 0, 0, 0, 0, 0, 0, 0, 0, 0, 0, 0, 0, 0, 0, 0]","[2, 4, 30, 30, 30, 30, 30, 30, 30, 30]",3.5,1.0,1.0,3.0,41.285057226388886,,,,,,,,,,,
faithful_root_t-0.3_all_z1.0,faithful_root,-0.3,adaptive_f30,4,3,30,0.6940825466003769,0.7055399685937646,0.837314135773397,1.0,0.0,0.0,0.6963,"{""Backdoor"": 0.624, ""DDoS_HTTP"": 0.617, ""DDoS_ICMP"": 0.979, ""DDoS_TCP"": 0.575, ""DDoS_UDP"": 0.996, ""Fingerprinting"": 0.11, ""MITM"": 1.0, ""Normal"": 1.0, ""Password"": 0.949, ""Port_Scanning"": 0.895, ""Ransomware"": 0.745, ""SQL_injection"": 0.05, ""Uploading"": 0.408, ""Vulnerability_scanner"": 0.786, ""XSS"": 0.849}","[0.1118, 0.25, 0.3831, 0.3761, 0.4564, 0.5366, 0.5445, 0.5138, 0.5412, 0.5736, 0.6256, 0.6249, 0.6193, 0.6396, 0.6339, 0.6713, 0.6671, 0.6354, 0.6353, 0.6834, 0.6879, 0.687, 0.6887, 0.6805, 0.6874, 0.6828, 0.6913, 0.6974, 0.6974, 0.6941]","[0.3948, 0.282, 0.3341, 0.5139, 0.3529, 0.3864, 0.2983, 0.5528, 0.4673, 0.486]",5.7,0,210,0,90,"[0, 0, 0, 0, 0, 0, 0, 0, 0, 0, 0, 0, 0, 0, 0, 0, 0, 0, 0, 0, 0, 0, 0, 0, 0, 0, 0, 0, 0, 0]","[30, 30, 30, 30, 30, 30, 30, 30, 30, 30]",3.5,1.0,1.0,3.0,41.285057226388886,,,,,,,,,,,
faithful_root_t-0.3_all_z1.0,faithful_root,-0.3,signflip,4,2,30,0.7086419544915918,0.7083771066036387,0.839310143757429,1.0,0.0,0.0,0.7036666666666668,"{""Backdoor"": 0.639, ""DDoS_HTTP"": 0.617, ""DDoS_ICMP"": 0.982, ""DDoS_TCP"": 0.941, ""DDoS_UDP"": 0.996, ""Fingerprinting"": 0.11, ""MITM"": 1.0, ""Normal"": 1.0, ""Password"": 0.736, ""Port_Scanning"": 0.504, ""Ransomware"": 0.727, ""SQL_injection"": 0.353, ""Uploading"": 0.398, ""Vulnerability_scanner"": 0.777, ""XSS"": 0.844}","[0.1263, 0.2322, 0.3735, 0.4144, 0.4929, 0.5325, 0.5764, 0.5899, 0.5998, 0.596, 0.6209, 0.6241, 0.6359, 0.6459, 0.6765, 0.6759, 0.6734, 0.6771, 0.6751, 0.6828, 0.6861, 0.6814, 0.6846, 0.681, 0.688, 0.6858, 0.6946, 0.6999, 0.7025, 0.7086]","[0.3948, 0.282, 0.3341, 0.5139, 0.3529, 0.3864, 0.2983, 0.5528, 0.4673, 0.486]",6.0,0,240,60,60,"[0, 0, 0, 0, 0, 0, 0, 0, 0, 0, 0, 0, 0, 0, 0, 0, 0, 0, 0, 0, 0, 0, 0, 0, 0, 0, 0, 0, 0, 0]","[0, 0, 30, 30, 30, 30, 30, 30, 30, 30]",3.5,1.0,1.0,3.0,41.285057226388886,,,,,,,,,,,
faithful_root_t-0.3_all_z2.0,faithful_root,-0.3,none,4,0,30,0.662434648028669,0.6790381351872318,0.8247774114691965,1.0,0.0,0.0,0.6659,"{""Backdoor"": 0.74, ""DDoS_HTTP"": 0.91, ""DDoS_ICMP"": 0.957, ""DDoS_TCP"": 0.574, ""DDoS_UDP"": 0.997, ""Fingerprinting"": 0.045, ""MITM"": 0.942, ""Normal"": 1.0, ""Password"": 0.065, ""Port_Scanning"": 0.895, ""Ransomware"": 0.628, ""SQL_injection"": 0.96, ""Uploading"": 0.354, ""Vulnerability_scanner"": 0.742, ""XSS"": 0.377}","[0.0663, 0.1389, 0.2816, 0.3335, 0.4011, 0.4592, 0.5017, 0.4715, 0.5417, 0.5342, 0.5589, 0.5268, 0.5505, 0.5703, 0.5764, 0.5898, 0.5997, 0.6381, 0.6273, 0.6445, 0.6582, 0.6658, 0.6816, 0.6541, 0.667, 0.6649, 0.6999, 0.6716, 0.6637, 0.6624]","[0.3948, 0.282, 0.3341, 0.5139, 0.3529, 0.3864, 0.2983, 0.5528, 0.4673, 0.486]",5.5,0,300,0,0,"[0, 0, 0, 0, 0, 0, 0, 0, 0, 0, 0, 0, 0, 0, 0, 0, 0, 0, 0, 0, 0, 0, 0, 0, 0, 0, 0, 0, 0, 0]","[30, 30, 30, 30, 30, 30, 30, 30, 30, 30]",3.5,1.0,2.0,3.0,16.891338818048375,-0.06442687747035572,-0.2059288537549407,0.06678571428571428,0.3,0.2,0.46916996047430826,0.33478260869565213,0.8385714285714284,0.9,0.4,
faithful_root_t-0.3_all_z2.0,faithful_root,-0.3,backdoor,4,2,30,0.6550353396476808,0.6627747738958756,0.8188790957411021,0.9999592750967217,0.0,0.14978619425778864,0.6299,"{""Backdoor"": 0.714, ""DDoS_HTTP"": 0.695, ""DDoS_ICMP"": 1.0, ""DDoS_TCP"": 0.915, ""DDoS_UDP"": 0.951, ""Fingerprinting"": 0.0, ""MITM"": 0.856, ""Normal"": 1.0, ""Password"": 0.231, ""Port_Scanning"": 0.518, ""Ransomware"": 0.588, ""SQL_injection"": 0.827, ""Uploading"": 0.28, ""Vulnerability_scanner"": 0.808, ""XSS"": 0.559}","[0.1626, 0.1047, 0.2023, 0.1637, 0.2501, 0.2637, 0.3142, 0.2312, 0.306, 0.3864, 0.4246, 0.4309, 0.4373, 0.3762, 0.5111, 0.5629, 0.519, 0.5092, 0.5439, 0.5383, 0.5794, 0.5783, 0.6227, 0.5534, 0.6361, 0.6222, 0.5842, 0.5894, 0.6453, 0.655]","[0.3948, 0.282, 0.3341, 0.5139, 0.3529, 0.3864, 0.2983, 0.5528, 0.4673, 0.486]",6.1,0,240,0,60,"[0, 0, 0, 0, 0, 0, 0, 0, 0, 0, 0, 0, 0, 0, 0, 0, 0, 0, 0, 0, 0, 0, 0, 0, 0, 0, 0, 0, 0, 0]","[30, 30, 30, 30, 30, 30, 30, 30, 30, 30]",3.5,1.0,2.0,3.0,16.891338818048375,,,,,,,,,,,
faithful_root_t-0.3_all_z2.0,faithful_root,-0.3,backdoor_boost,4,2,30,0.6273396005974832,0.6472704164043296,0.8054677162528875,1.0,0.0,0.019547953573610263,0.6407666666666666,"{""Backdoor"": 0.734, ""DDoS_HTTP"": 0.198, ""DDoS_ICMP"": 1.0, ""DDoS_TCP"": 0.98, ""DDoS_UDP"": 0.934, ""Fingerprinting"": 0.0, ""MITM"": 0.922, ""Normal"": 1.0, ""Password"": 0.155, ""Port_Scanning"": 0.33, ""Ransomware"": 0.653, ""SQL_injection"": 0.769, ""Uploading"": 0.433, ""Vulnerability_scanner"": 0.802, ""XSS"": 0.799}","[0.1626, 0.1052, 0.2025, 0.164, 0.2499, 0.2631, 0.3084, 0.2376, 0.3089, 0.3877, 0.4194, 0.438, 0.4485, 0.3369, 0.4912, 0.5337, 0.4927, 0.4958, 0.5284, 0.5177, 0.5988, 0.5797, 0.6283, 0.6026, 0.6281, 0.636, 0.5959, 0.6458, 0.6492, 0.6273]","[0.3948, 0.282, 0.3341, 0.5139, 0.3529, 0.3864, 0.2983, 0.5528, 0.4673, 0.486]",5.1,0,240,36,60,"[0, 0, 0, 0, 0, 0, 0, 0, 0, 0, 0, 0, 0, 0, 0, 0, 0, 0, 0, 0, 0, 0, 0, 0, 0, 0, 0, 0, 0, 0]","[10, 14, 30, 30, 30, 30, 30, 30, 30, 30]",3.5,1.0,2.0,3.0,16.891338818048375,,,,,,,,,,,
faithful_root_t-0.3_all_z2.0,faithful_root,-0.3,adaptive_f30,4,3,30,0.6522246170904217,0.6433470217755485,0.8258987642692144,1.0,0.0,0.0,0.6639333333333334,"{""Backdoor"": 0.57, ""DDoS_HTTP"": 0.63, ""DDoS_ICMP"": 0.911, ""DDoS_TCP"": 0.62, ""DDoS_UDP"": 0.998, ""Fingerprinting"": 0.09, ""MITM"": 0.251, ""Normal"": 1.0, ""Password"": 0.38, ""Port_Scanning"": 0.842, ""Ransomware"": 0.772, ""SQL_injection"": 0.468, ""Uploading"": 0.512, ""Vulnerability_scanner"": 0.802, ""XSS"": 0.804}","[0.0511, 0.0994, 0.2187, 0.2288, 0.3297, 0.3534, 0.3555, 0.2728, 0.371, 0.3989, 0.4061, 0.4623, 0.3477, 0.4309, 0.5326, 0.5516, 0.5013, 0.5403, 0.5081, 0.5742, 0.6109, 0.5456, 0.6417, 0.6266, 0.6593, 0.6621, 0.6688, 0.6743, 0.6653, 0.6522]","[0.3948, 0.282, 0.3341, 0.5139, 0.3529, 0.3864, 0.2983, 0.5528, 0.4673, 0.486]",6.0,0,210,0,90,"[0, 0, 0, 0, 0, 0, 0, 0, 0, 0, 0, 0, 0, 0, 0, 0, 0, 0, 0, 0, 0, 0, 0, 0, 0, 0, 0, 0, 0, 0]","[30, 30, 30, 30, 30, 30, 30, 30, 30, 30]",3.5,1.0,2.0,3.0,16.891338818048375,,,,,,,,,,,
faithful_root_t-0.3_all_z2.0,faithful_root,-0.3,signflip,4,2,30,0.6674936404261291,0.6797300810310902,0.824127026845186,1.0,0.0,0.003502341681938505,0.6669,"{""Backdoor"": 0.693, ""DDoS_HTTP"": 0.911, ""DDoS_ICMP"": 0.962, ""DDoS_TCP"": 0.786, ""DDoS_UDP"": 0.996, ""Fingerprinting"": 0.07, ""MITM"": 0.942, ""Normal"": 1.0, ""Password"": 0.163, ""Port_Scanning"": 0.757, ""Ransomware"": 0.589, ""SQL_injection"": 0.788, ""Uploading"": 0.439, ""Vulnerability_scanner"": 0.833, ""XSS"": 0.268}","[0.063, 0.1152, 0.2303, 0.2653, 0.3128, 0.3253, 0.3648, 0.3327, 0.3972, 0.4402, 0.4796, 0.452, 0.3115, 0.4376, 0.4964, 0.5387, 0.548, 0.5405, 0.5671, 0.5673, 0.6482, 0.6237, 0.6713, 0.6312, 0.6876, 0.6925, 0.6737, 0.6693, 0.6639, 0.6675]","[0.3948, 0.282, 0.3341, 0.5139, 0.3529, 0.3864, 0.2983, 0.5528, 0.4673, 0.486]",5.2,0,240,60,60,"[0, 0, 0, 0, 0, 0, 0, 0, 0, 0, 0, 0, 0, 0, 0, 0, 0, 0, 0, 0, 0, 0, 0, 0, 0, 0, 0, 0, 0, 0]","[0, 0, 30, 30, 30, 30, 30, 30, 30, 30]",3.5,1.0,2.0,3.0,16.891338818048375,,,,,,,,,,,
local_only,local_only,,none,5,0,30,0.5617899832614811,0.615277809919101,0.7875171006302002,0.9999063327224598,0.0,0.00012624720016289961,0.5617899832614811,"{""Backdoor"": 0.899, ""DDoS_HTTP"": 0.757, ""DDoS_ICMP"": 0.795, ""DDoS_TCP"": 0.595, ""DDoS_UDP"": 0.971, ""Fingerprinting"": 0.395, ""MITM"": 1.0, ""Normal"": 1.0, ""Password"": 0.052, ""Port_Scanning"": 1.0, ""Ransomware"": 0.457, ""SQL_injection"": 0.996, ""Uploading"": 0.439, ""Vulnerability_scanner"": 0.841, ""XSS"": 0.275}",[],"[0.5141, 0.346, 0.4774, 0.604, 0.4374, 0.3215, 0.2325, 0.3838, 0.2371, 0.2758]",1.9,,,,,[],[],,,,,,,,,,,,,,,,
centralized,centralized,,none,5,0,30,0.7224944091004918,0.7230268041437973,0.8491331942855861,1.0,0.0,0.0,0.7180333333333334,"{""Backdoor"": 0.891, ""DDoS_HTTP"": 0.614, ""DDoS_ICMP"": 0.992, ""DDoS_TCP"": 0.996, ""DDoS_UDP"": 0.995, ""Fingerprinting"": 0.115, ""MITM"": 1.0, ""Normal"": 1.0, ""Password"": 0.36, ""Port_Scanning"": 0.52, ""Ransomware"": 0.52, ""SQL_injection"": 0.768, ""Uploading"": 0.434, ""Vulnerability_scanner"": 0.799, ""XSS"": 0.841}","[0.4295, 0.5168, 0.5913, 0.6073, 0.6278, 0.6544, 0.6587, 0.6993, 0.7003, 0.7035, 0.702, 0.7035, 0.7036, 0.7058, 0.7074, 0.7058, 0.7042, 0.703, 0.6993, 0.7096, 0.7074, 0.698, 0.7074, 0.7105, 0.7095, 0.7115, 0.7059, 0.7159, 0.7157, 0.7225]","[0.5141, 0.346, 0.4774, 0.604, 0.4374, 0.3215, 0.2325, 0.3838, 0.2371, 0.2758]",1.6,,,,,[],[],,,,,,,,,,,,,,,,
fedavg,fedavg,,none,5,0,30,0.6810743820506336,0.698695471137556,0.8338827962053421,1.0,0.0,0.0,0.6816000000000001,"{""Backdoor"": 0.443, ""DDoS_HTTP"": 0.953, ""DDoS_ICMP"": 0.993, ""DDoS_TCP"": 0.943, ""DDoS_UDP"": 0.996, ""Fingerprinting"": 0.09, ""MITM"": 1.0, ""Normal"": 1.0, ""Password"": 0.119, ""Port_Scanning"": 0.512, ""Ransomware"": 0.886, ""SQL_injection"": 0.982, ""Uploading"": 0.397, ""Vulnerability_scanner"": 0.839, ""XSS"": 0.328}","[0.4114, 0.4963, 0.5236, 0.5492, 0.5868, 0.5935, 0.6079, 0.6128, 0.6159, 0.6516, 0.662, 0.6629, 0.6633, 0.6476, 0.6604, 0.6615, 0.6634, 0.6677, 0.6459, 0.6723, 0.6586, 0.6563, 0.6641, 0.6591, 0.6782, 0.6784, 0.6714, 0.6781, 0.6856, 0.6811]","[0.5141, 0.346, 0.4774, 0.604, 0.4374, 0.3215, 0.2325, 0.3838, 0.2371, 0.2758]",3.1,,,,,[],[],,,,,,0.21014492753623185,0.23254281949934125,0.8328571428571427,0.7,0.6,,,,,,
fedavg,fedavg,,signflip,5,2,30,0.109956715668381,0.1644817364101448,0.11137276009778196,1.0,1.0,0.0,0.11183333333333333,"{""Backdoor"": 0.0, ""DDoS_HTTP"": 0.656, ""DDoS_ICMP"": 0.0, ""DDoS_TCP"": 1.0, ""DDoS_UDP"": 0.0, ""Fingerprinting"": 0.0, ""MITM"": 0.0, ""Normal"": 0.0, ""Password"": 0.002, ""Port_Scanning"": 0.0, ""Ransomware"": 0.0, ""SQL_injection"": 0.188, ""Uploading"": 0.0, ""Vulnerability_scanner"": 0.622, ""XSS"": 0.0}","[0.1365, 0.164, 0.2221, 0.2142, 0.2072, 0.2219, 0.2299, 0.2496, 0.2328, 0.2287, 0.2274, 0.2147, 0.1927, 0.2034, 0.2039, 0.1904, 0.136, 0.1331, 0.1291, 0.1192, 0.1453, 0.1188, 0.1246, 0.1273, 0.1096, 0.1096, 0.1251, 0.1151, 0.1104, 0.11]","[0.5141, 0.346, 0.4774, 0.604, 0.4374, 0.3215, 0.2325, 0.3838, 0.2371, 0.2758]",2.4,,,,,[],[],,,,,,,,,,,,,,,,
fedavg,fedavg,,labelflip,5,2,30,0.6821367757745131,0.6996508320500877,0.8348920137253583,1.0,0.0,0.003380166972103441,0.6803,"{""Backdoor"": 0.443, ""DDoS_HTTP"": 0.952, ""DDoS_ICMP"": 0.986, ""DDoS_TCP"": 1.0, ""DDoS_UDP"": 0.958, ""Fingerprinting"": 0.08, ""MITM"": 1.0, ""Normal"": 1.0, ""Password"": 0.119, ""Port_Scanning"": 0.443, ""Ransomware"": 0.946, ""SQL_injection"": 0.983, ""Uploading"": 0.398, ""Vulnerability_scanner"": 0.82, ""XSS"": 0.369}","[0.3815, 0.4626, 0.4897, 0.4954, 0.5332, 0.5584, 0.577, 0.5869, 0.6315, 0.6388, 0.6452, 0.6476, 0.6577, 0.6442, 0.6531, 0.6549, 0.666, 0.6613, 0.6557, 0.6701, 0.6628, 0.6656, 0.6784, 0.6722, 0.6833, 0.6801, 0.6768, 0.6755, 0.6833, 0.6821]","[0.5141, 0.346, 0.4774, 0.604, 0.4374, 0.3215, 0.2325, 0.3838, 0.2371, 0.2758]",2.4,,,,,[],[],,,,,,,,,,,,,,,,
fedavg,fedavg,,targeted_flip,5,2,30,0.6687686015973988,0.6925267457532563,0.8331202763013299,0.9985339034819792,0.0,0.33133781307269394,0.6680666666666667,"{""Backdoor"": 0.443, ""DDoS_HTTP"": 0.957, ""DDoS_ICMP"": 0.993, ""DDoS_TCP"": 1.0, ""DDoS_UDP"": 0.98, ""Fingerprinting"": 0.005, ""MITM"": 1.0, ""Normal"": 1.0, ""Password"": 0.119, ""Port_Scanning"": 0.441, ""Ransomware"": 0.945, ""SQL_injection"": 0.982, ""Uploading"": 0.398, ""Vulnerability_scanner"": 0.836, ""XSS"": 0.289}","[0.3473, 0.4758, 0.4941, 0.5089, 0.5314, 0.5481, 0.5787, 0.5894, 0.6033, 0.6072, 0.6461, 0.6471, 0.6522, 0.6413, 0.6541, 0.6593, 0.6597, 0.6648, 0.6439, 0.6663, 0.6568, 0.6564, 0.6666, 0.6578, 0.6748, 0.6663, 0.6669, 0.6636, 0.6718, 0.6688]","[0.5141, 0.346, 0.4774, 0.604, 0.4374, 0.3215, 0.2325, 0.3838, 0.2371, 0.2758]",2.5,,,,,[],[],,,,,,,,,,,,,,,,
fedavg,fedavg,,backdoor,5,2,30,0.652690669923489,0.6808161646611118,0.8254277960932068,0.9999185501934433,0.0,0.9993484015475463,0.6541333333333332,"{""Backdoor"": 0.443, ""DDoS_HTTP"": 0.948, ""DDoS_ICMP"": 0.983, ""DDoS_TCP"": 0.966, ""DDoS_UDP"": 0.994, ""Fingerprinting"": 0.0, ""MITM"": 1.0, ""Normal"": 1.0, ""Password"": 0.119, ""Port_Scanning"": 0.469, ""Ransomware"": 0.886, ""SQL_injection"": 0.982, ""Uploading"": 0.397, ""Vulnerability_scanner"": 0.822, ""XSS"": 0.204}","[0.2969, 0.4825, 0.5242, 0.5157, 0.5478, 0.5883, 0.5956, 0.5941, 0.6392, 0.6368, 0.6372, 0.6359, 0.6419, 0.6414, 0.6403, 0.6402, 0.6403, 0.6408, 0.6406, 0.6407, 0.6407, 0.6414, 0.6549, 0.641, 0.6514, 0.6439, 0.641, 0.6496, 0.6601, 0.6527]","[0.5141, 0.346, 0.4774, 0.604, 0.4374, 0.3215, 0.2325, 0.3838, 0.2371, 0.2758]",3.4,,,,,[],[],,,,,,,,,,,,,,,,
fedavg,fedavg,,backdoor_boost,5,2,30,0.6929543725704712,0.7091480770307468,0.8442440960775079,1.0,0.0,1.0,0.6939000000000001,"{""Backdoor"": 0.525, ""DDoS_HTTP"": 0.905, ""DDoS_ICMP"": 0.972, ""DDoS_TCP"": 0.595, ""DDoS_UDP"": 0.997, ""Fingerprinting"": 0.01, ""MITM"": 1.0, ""Normal"": 1.0, ""Password"": 0.119, ""Port_Scanning"": 0.965, ""Ransomware"": 0.849, ""SQL_injection"": 0.982, ""Uploading"": 0.397, ""Vulnerability_scanner"": 0.782, ""XSS"": 0.54}","[0.302, 0.4578, 0.566, 0.5799, 0.5925, 0.6127, 0.6293, 0.6684, 0.6628, 0.6854, 0.6674, 0.6643, 0.6831, 0.6762, 0.6496, 0.6755, 0.6725, 0.6847, 0.6865, 0.6916, 0.6828, 0.6883, 0.6913, 0.6821, 0.6903, 0.6824, 0.6887, 0.6954, 0.6933, 0.693]","[0.5141, 0.346, 0.4774, 0.604, 0.4374, 0.3215, 0.2325, 0.3838, 0.2371, 0.2758]",3.0,,,,,[],[],,,,,,,,,,,,,,,,
fedavg,fedavg,,adaptive,5,2,30,0.449638826341249,0.5264220902780173,0.7473592141559577,1.0,0.001946690625935909,0.0,0.44933333333333336,"{""Backdoor"": 0.442, ""DDoS_HTTP"": 0.99, ""DDoS_ICMP"": 0.98, ""DDoS_TCP"": 1.0, ""DDoS_UDP"": 0.0, ""Fingerprinting"": 0.0, ""MITM"": 0.296, ""Normal"": 0.998, ""Password"": 0.0, ""Port_Scanning"": 0.0, ""Ransomware"": 0.945, ""SQL_injection"": 0.99, ""Uploading"": 0.415, ""Vulnerability_scanner"": 0.839, ""XSS"": 0.0}","[0.1471, 0.2298, 0.3072, 0.3867, 0.4004, 0.4005, 0.4018, 0.4016, 0.4026, 0.4057, 0.4057, 0.4063, 0.4061, 0.4094, 0.4099, 0.4125, 0.4182, 0.4134, 0.4302, 0.4364, 0.4298, 0.4338, 0.4341, 0.449, 0.4483, 0.4488, 0.4488, 0.4489, 0.4495, 0.4496]","[0.5141, 0.346, 0.4774, 0.604, 0.4374, 0.3215, 0.2325, 0.3838, 0.2371, 0.2758]",3.5,,,,,[],[],,,,,,,,,,,,,,,,
fedavg,fedavg,,adaptive_f30,5,3,30,0.05641244961247642,0.12209456826033217,0.08228486846531656,1.0,1.0,0.0,0.04953333333333334,"{""Backdoor"": 0.0, ""DDoS_HTTP"": 0.01, ""DDoS_ICMP"": 0.0, ""DDoS_TCP"": 0.989, ""DDoS_UDP"": 0.0, ""Fingerprinting"": 0.0, ""MITM"": 0.0, ""Normal"": 0.0, ""Password"": 0.0, ""Port_Scanning"": 0.0, ""Ransomware"": 0.0, ""SQL_injection"": 0.007, ""Uploading"": 0.825, ""Vulnerability_scanner"": 0.0, ""XSS"": 0.0}","[0.0588, 0.0763, 0.088, 0.0871, 0.0712, 0.0635, 0.0669, 0.0696, 0.0644, 0.04, 0.0359, 0.0355, 0.0353, 0.0375, 0.0294, 0.021, 0.0213, 0.0237, 0.0246, 0.0289, 0.0257, 0.0267, 0.0311, 0.0328, 0.0386, 0.0374, 0.0371, 0.0378, 0.0544, 0.0564]","[0.5141, 0.346, 0.4774, 0.604, 0.4374, 0.3215, 0.2325, 0.3838, 0.2371, 0.2758]",4.4,,,,,[],[],,,,,,,,,,,,,,,,
trimmed_mean,trimmed,,none,5,0,30,0.6530865982237352,0.6825316533799142,0.8265940030052255,1.0,0.0,0.0,0.6559666666666667,"{""Backdoor"": 0.443, ""DDoS_HTTP"": 0.968, ""DDoS_ICMP"": 0.981, ""DDoS_TCP"": 1.0, ""DDoS_UDP"": 0.998, ""Fingerprinting"": 0.0, ""MITM"": 1.0, ""Normal"": 1.0, ""Password"": 0.119, ""Port_Scanning"": 0.443, ""Ransomware"": 0.886, ""SQL_injection"": 0.999, ""Uploading"": 0.398, ""Vulnerability_scanner"": 0.828, ""XSS"": 0.176}","[0.3429, 0.4363, 0.4843, 0.4869, 0.5162, 0.5446, 0.5628, 0.5736, 0.5914, 0.5904, 0.6063, 0.6026, 0.6072, 0.602, 0.6038, 0.6434, 0.6419, 0.6488, 0.6406, 0.659, 0.6418, 0.6414, 0.6435, 0.6473, 0.6665, 0.6617, 0.6546, 0.6502, 0.6646, 0.6531]","[0.5141, 0.346, 0.4774, 0.604, 0.4374, 0.3215, 0.2325, 0.3838, 0.2371, 0.2758]",3.8,,,,,[],[],,,,,,0.21870882740447956,0.22160737812911724,0.8335714285714285,0.7,0.6,,,,,,
trimmed_mean,trimmed,,signflip,5,2,30,0.5969038621968087,0.627064566361229,0.8150889232770414,1.0,0.0,0.0008144980655670943,0.5970666666666667,"{""Backdoor"": 0.443, ""DDoS_HTTP"": 0.99, ""DDoS_ICMP"": 0.991, ""DDoS_TCP"": 1.0, ""DDoS_UDP"": 0.921, ""Fingerprinting"": 0.0, ""MITM"": 0.342, ""Normal"": 1.0, ""Password"": 0.119, ""Port_Scanning"": 0.443, ""Ransomware"": 0.945, ""SQL_injection"": 0.982, ""Uploading"": 0.404, ""Vulnerability_scanner"": 0.827, ""XSS"": 0.0}","[0.2859, 0.4262, 0.4337, 0.4525, 0.4768, 0.4856, 0.4864, 0.4923, 0.5155, 0.5155, 0.5508, 0.5619, 0.5699, 0.5728, 0.5753, 0.5753, 0.5751, 0.5745, 0.5777, 0.5869, 0.5878, 0.5905, 0.5932, 0.5933, 0.5907, 0.5948, 0.5934, 0.5975, 0.5968, 0.5969]","[0.5141, 0.346, 0.4774, 0.604, 0.4374, 0.3215, 0.2325, 0.3838, 0.2371, 0.2758]",2.9,,,,,[],[],,,,,,,,,,,,,,,,
trimmed_mean,trimmed,,labelflip,5,2,30,0.6605559149130399,0.6861700999770421,0.8228935387651662,1.0,0.0,0.0008144980655670943,0.6626,"{""Backdoor"": 0.439, ""DDoS_HTTP"": 0.984, ""DDoS_ICMP"": 0.964, ""DDoS_TCP"": 1.0, ""DDoS_UDP"": 0.946, ""Fingerprinting"": 0.17, ""MITM"": 0.979, ""Normal"": 1.0, ""Password"": 0.119, ""Port_Scanning"": 0.443, ""Ransomware"": 0.949, ""SQL_injection"": 0.982, ""Uploading"": 0.398, ""Vulnerability_scanner"": 0.839, ""XSS"": 0.08}","[0.3326, 0.4271, 0.466, 0.4798, 0.5078, 0.5119, 0.5189, 0.5199, 0.5455, 0.5513, 0.5702, 0.5778, 0.5798, 0.5866, 0.589, 0.6342, 0.6308, 0.6395, 0.6382, 0.6432, 0.6372, 0.6512, 0.6532, 0.6512, 0.6632, 0.6665, 0.6595, 0.6634, 0.6638, 0.6606]","[0.5141, 0.346, 0.4774, 0.604, 0.4374, 0.3215, 0.2325, 0.3838, 0.2371, 0.2758]",2.6,,,,,[],[],,,,,,,,,,,,,,,,
trimmed_mean,trimmed,,targeted_flip,5,2,30,0.6424173513966003,0.6781541611900237,0.8244185785731907,1.0,0.0,0.0013846467114640602,0.6404333333333333,"{""Backdoor"": 0.442, ""DDoS_HTTP"": 0.99, ""DDoS_ICMP"": 0.983, ""DDoS_TCP"": 1.0, ""DDoS_UDP"": 0.996, ""Fingerprinting"": 0.0, ""MITM"": 0.979, ""Normal"": 1.0, ""Password"": 0.119, ""Port_Scanning"": 0.443, ""Ransomware"": 0.945, ""SQL_injection"": 0.999, ""Uploading"": 0.398, ""Vulnerability_scanner"": 0.827, ""XSS"": 0.052}","[0.2882, 0.4323, 0.4544, 0.4604, 0.5011, 0.5119, 0.5139, 0.5135, 0.5546, 0.5549, 0.5632, 0.5726, 0.5754, 0.5784, 0.5948, 0.5961, 0.5966, 0.598, 0.5989, 0.6018, 0.6004, 0.6008, 0.6354, 0.6354, 0.6427, 0.6378, 0.6364, 0.6385, 0.6404, 0.6424]","[0.5141, 0.346, 0.4774, 0.604, 0.4374, 0.3215, 0.2325, 0.3838, 0.2371, 0.2758]",2.8,,,,,[],[],,,,,,,,,,,,,,,,
trimmed_mean,trimmed,,backdoor,5,2,30,0.6442524670591598,0.6764064577569708,0.8224449976451591,1.0,0.0,0.034086744043982896,0.6434000000000001,"{""Backdoor"": 0.443, ""DDoS_HTTP"": 0.972, ""DDoS_ICMP"": 0.972, ""DDoS_TCP"": 0.996, ""DDoS_UDP"": 0.996, ""Fingerprinting"": 0.0, ""MITM"": 1.0, ""Normal"": 1.0, ""Password"": 0.119, ""Port_Scanning"": 0.443, ""Ransomware"": 0.886, ""SQL_injection"": 0.99, ""Uploading"": 0.398, ""Vulnerability_scanner"": 0.82, ""XSS"": 0.112}","[0.2789, 0.3436, 0.4297, 0.4235, 0.4536, 0.5128, 0.5275, 0.5282, 0.5401, 0.5547, 0.5566, 0.5668, 0.576, 0.5934, 0.5941, 0.5984, 0.6333, 0.6401, 0.6401, 0.6417, 0.6416, 0.6418, 0.6417, 0.6423, 0.642, 0.6422, 0.6432, 0.6431, 0.6428, 0.6443]","[0.5141, 0.346, 0.4774, 0.604, 0.4374, 0.3215, 0.2325, 0.3838, 0.2371, 0.2758]",2.7,,,,,[],[],,,,,,,,,,,,,,,,
trimmed_mean,trimmed,,backdoor_boost,5,2,30,0.6500983261239663,0.6794255308966153,0.8244858597411918,1.0,0.0,0.031683974750559965,0.6500333333333334,"{""Backdoor"": 0.443, ""DDoS_HTTP"": 0.949, ""DDoS_ICMP"": 0.973, ""DDoS_TCP"": 0.996, ""DDoS_UDP"": 0.996, ""Fingerprinting"": 0.0, ""MITM"": 1.0, ""Normal"": 1.0, ""Password"": 0.119, ""Port_Scanning"": 0.443, ""Ransomware"": 0.886, ""SQL_injection"": 0.989, ""Uploading"": 0.397, ""Vulnerability_scanner"": 0.819, ""XSS"": 0.183}","[0.3062, 0.4141, 0.4346, 0.4534, 0.5126, 0.5415, 0.5513, 0.5662, 0.5608, 0.5704, 0.5914, 0.6301, 0.6411, 0.6332, 0.6337, 0.6414, 0.6413, 0.6438, 0.6418, 0.6419, 0.6421, 0.6424, 0.6636, 0.6421, 0.6557, 0.6415, 0.643, 0.642, 0.658, 0.6501]","[0.5141, 0.346, 0.4774, 0.604, 0.4374, 0.3215, 0.2325, 0.3838, 0.2371, 0.2758]",2.8,,,,,[],[],,,,,,,,,,,,,,,,
trimmed_mean,trimmed,,adaptive,5,2,30,0.5960376476352328,0.6263954899175045,0.8146403821570343,1.0,0.0,0.0008144980655670943,0.5960000000000001,"{""Backdoor"": 0.443, ""DDoS_HTTP"": 0.99, ""DDoS_ICMP"": 0.991, ""DDoS_TCP"": 1.0, ""DDoS_UDP"": 0.921, ""Fingerprinting"": 0.0, ""MITM"": 0.342, ""Normal"": 1.0, ""Password"": 0.115, ""Port_Scanning"": 0.443, ""Ransomware"": 0.945, ""SQL_injection"": 0.983, ""Uploading"": 0.398, ""Vulnerability_scanner"": 0.827, ""XSS"": 0.0}","[0.2856, 0.4247, 0.4336, 0.4496, 0.4751, 0.4842, 0.4878, 0.4926, 0.5151, 0.5154, 0.5412, 0.557, 0.5649, 0.5696, 0.5745, 0.5744, 0.5742, 0.5742, 0.5818, 0.5831, 0.5862, 0.5883, 0.5924, 0.5927, 0.5901, 0.5939, 0.592, 0.5963, 0.5957, 0.596]","[0.5141, 0.346, 0.4774, 0.604, 0.4374, 0.3215, 0.2325, 0.3838, 0.2371, 0.2758]",2.5,,,,,[],[],,,,,,,,,,,,,,,,
trimmed_mean,trimmed,,adaptive_f30,5,3,30,0.5526705055931942,0.6114544424757677,0.778061853820449,1.0,0.0,0.00036652412950519245,0.5535666666666667,"{""Backdoor"": 0.442, ""DDoS_HTTP"": 0.99, ""DDoS_ICMP"": 0.948, ""DDoS_TCP"": 1.0, ""DDoS_UDP"": 0.752, ""Fingerprinting"": 0.0, ""MITM"": 1.0, ""Normal"": 1.0, ""Password"": 0.04, ""Port_Scanning"": 0.0, ""Ransomware"": 0.963, ""SQL_injection"": 0.432, ""Uploading"": 0.765, ""Vulnerability_scanner"": 0.821, ""XSS"": 0.019}","[0.2723, 0.2922, 0.3273, 0.3483, 0.3512, 0.3799, 0.4662, 0.4963, 0.5135, 0.5077, 0.5027, 0.4913, 0.4998, 0.5063, 0.5398, 0.5324, 0.5437, 0.5445, 0.5433, 0.5473, 0.5474, 0.5494, 0.5486, 0.5501, 0.5507, 0.5574, 0.5408, 0.5536, 0.5544, 0.5527]","[0.5141, 0.346, 0.4774, 0.604, 0.4374, 0.3215, 0.2325, 0.3838, 0.2371, 0.2758]",3.6,,,,,[],[],,,,,,,,,,,,,,,,
multi_krum,krum,,none,5,0,30,0.6385141986954502,0.6747577088008326,0.8210769472291373,1.0,0.0,0.0,0.6373000000000001,"{""Backdoor"": 0.443, ""DDoS_HTTP"": 0.99, ""DDoS_ICMP"": 0.99, ""DDoS_TCP"": 1.0, ""DDoS_UDP"": 0.962, ""Fingerprinting"": 0.025, ""MITM"": 0.979, ""Normal"": 1.0, ""Password"": 0.119, ""Port_Scanning"": 0.443, ""Ransomware"": 0.945, ""SQL_injection"": 0.982, ""Uploading"": 0.398, ""Vulnerability_scanner"": 0.831, ""XSS"": 0.014}","[0.3405, 0.4448, 0.4714, 0.4896, 0.5136, 0.54, 0.561, 0.5801, 0.5858, 0.5902, 0.5901, 0.5905, 0.5912, 0.591, 0.5919, 0.5921, 0.5987, 0.5993, 0.6343, 0.6763, 0.6353, 0.635, 0.6357, 0.6496, 0.6361, 0.637, 0.6349, 0.6365, 0.6369, 0.6385]","[0.5141, 0.346, 0.4774, 0.604, 0.4374, 0.3215, 0.2325, 0.3838, 0.2371, 0.2758]",2.7,90,300,0,0,"[3, 3, 3, 3, 3, 3, 3, 3, 3, 3, 3, 3, 3, 3, 3, 3, 3, 3, 3, 3, 3, 3, 3, 3, 3, 3, 3, 3, 3, 3]","[2, 4, 29, 0, 29, 28, 30, 28, 30, 30]",,,,,,0.04545454545454545,0.2209486166007905,0.834642857142857,0.7,0.6,,,,,,
multi_krum,krum,,signflip,5,2,30,0.6389244856750658,0.675092630405594,0.8213012177891408,1.0,0.0,0.0,0.6389333333333334,"{""Backdoor"": 0.443, ""DDoS_HTTP"": 0.99, ""DDoS_ICMP"": 0.99, ""DDoS_TCP"": 1.0, ""DDoS_UDP"": 0.961, ""Fingerprinting"": 0.025, ""MITM"": 0.979, ""Normal"": 1.0, ""Password"": 0.119, ""Port_Scanning"": 0.443, ""Ransomware"": 0.945, ""SQL_injection"": 0.982, ""Uploading"": 0.398, ""Vulnerability_scanner"": 0.835, ""XSS"": 0.016}","[0.3713, 0.4465, 0.4765, 0.4871, 0.5289, 0.545, 0.5721, 0.578, 0.5862, 0.5873, 0.5905, 0.5912, 0.5919, 0.5913, 0.5923, 0.5928, 0.599, 0.5996, 0.6347, 0.636, 0.6356, 0.6354, 0.6356, 0.6351, 0.6363, 0.6368, 0.6352, 0.6387, 0.6392, 0.6389]","[0.5141, 0.346, 0.4774, 0.604, 0.4374, 0.3215, 0.2325, 0.3838, 0.2371, 0.2758]",2.7,30,240,60,60,"[1, 1, 1, 1, 1, 1, 1, 1, 1, 1, 1, 1, 1, 1, 1, 1, 1, 1, 1, 1, 1, 1, 1, 1, 1, 1, 1, 1, 1, 1]","[0, 0, 30, 0, 30, 30, 30, 30, 30, 30]",,,,,,,,,,,,,,,,
multi_krum,krum,,labelflip,5,2,30,0.6389244856750658,0.675092630405594,0.8213012177891408,1.0,0.0,0.0,0.6389333333333334,"{""Backdoor"": 0.443, ""DDoS_HTTP"": 0.99, ""DDoS_ICMP"": 0.99, ""DDoS_TCP"": 1.0, ""DDoS_UDP"": 0.961, ""Fingerprinting"": 0.025, ""MITM"": 0.979, ""Normal"": 1.0, ""Password"": 0.119, ""Port_Scanning"": 0.443, ""Ransomware"": 0.945, ""SQL_injection"": 0.982, ""Uploading"": 0.398, ""Vulnerability_scanner"": 0.835, ""XSS"": 0.016}","[0.3713, 0.4465, 0.4765, 0.4871, 0.5289, 0.545, 0.5721, 0.578, 0.5862, 0.5873, 0.5905, 0.5912, 0.5919, 0.5913, 0.5923, 0.5928, 0.599, 0.5996, 0.6347, 0.636, 0.6356, 0.6354, 0.6356, 0.6351, 0.6363, 0.6368, 0.6352, 0.6387, 0.6392, 0.6389]","[0.5141, 0.346, 0.4774, 0.604, 0.4374, 0.3215, 0.2325, 0.3838, 0.2371, 0.2758]",3.4,30,240,60,60,"[1, 1, 1, 1, 1, 1, 1, 1, 1, 1, 1, 1, 1, 1, 1, 1, 1, 1, 1, 1, 1, 1, 1, 1, 1, 1, 1, 1, 1, 1]","[0, 0, 30, 0, 30, 30, 30, 30, 30, 30]",,,,,,,,,,,,,,,,
multi_krum,krum,,targeted_flip,5,2,30,0.6389244856750658,0.675092630405594,0.8213012177891408,1.0,0.0,0.0,0.6389333333333334,"{""Backdoor"": 0.443, ""DDoS_HTTP"": 0.99, ""DDoS_ICMP"": 0.99, ""DDoS_TCP"": 1.0, ""DDoS_UDP"": 0.961, ""Fingerprinting"": 0.025, ""MITM"": 0.979, ""Normal"": 1.0, ""Password"": 0.119, ""Port_Scanning"": 0.443, ""Ransomware"": 0.945, ""SQL_injection"": 0.982, ""Uploading"": 0.398, ""Vulnerability_scanner"": 0.835, ""XSS"": 0.016}","[0.3713, 0.4465, 0.4765, 0.4871, 0.5289, 0.545, 0.5721, 0.578, 0.5862, 0.5873, 0.5905, 0.5912, 0.5919, 0.5913, 0.5923, 0.5928, 0.599, 0.5996, 0.6347, 0.636, 0.6356, 0.6354, 0.6356, 0.6351, 0.6363, 0.6368, 0.6352, 0.6387, 0.6392, 0.6389]","[0.5141, 0.346, 0.4774, 0.604, 0.4374, 0.3215, 0.2325, 0.3838, 0.2371, 0.2758]",3.0,30,240,60,60,"[1, 1, 1, 1, 1, 1, 1, 1, 1, 1, 1, 1, 1, 1, 1, 1, 1, 1, 1, 1, 1, 1, 1, 1, 1, 1, 1, 1, 1, 1]","[0, 0, 30, 0, 30, 30, 30, 30, 30, 30]",,,,,,,,,,,,,,,,
multi_krum,krum,,backdoor,5,2,30,0.6431700554393527,0.6777441007792601,0.8220861647491534,1.0,0.0,0.0,0.6433333333333333,"{""Backdoor"": 0.443, ""DDoS_HTTP"": 0.987, ""DDoS_ICMP"": 0.987, ""DDoS_TCP"": 0.996, ""DDoS_UDP"": 0.972, ""Fingerprinting"": 0.03, ""MITM"": 1.0, ""Normal"": 1.0, ""Password"": 0.119, ""Port_Scanning"": 0.443, ""Ransomware"": 0.948, ""SQL_injection"": 0.982, ""Uploading"": 0.398, ""Vulnerability_scanner"": 0.825, ""XSS"": 0.037}","[0.2809, 0.3985, 0.46, 0.5111, 0.5325, 0.5475, 0.5592, 0.5589, 0.56, 0.5659, 0.568, 0.5909, 0.5917, 0.5912, 0.5911, 0.6308, 0.6314, 0.6333, 0.6354, 0.634, 0.632, 0.6326, 0.6351, 0.639, 0.6375, 0.6393, 0.6387, 0.6417, 0.6451, 0.6432]","[0.5141, 0.346, 0.4774, 0.604, 0.4374, 0.3215, 0.2325, 0.3838, 0.2371, 0.2758]",2.7,31,240,59,60,"[2, 1, 1, 1, 1, 1, 1, 1, 1, 1, 1, 1, 1, 1, 1, 1, 1, 1, 1, 1, 1, 1, 1, 1, 1, 1, 1, 1, 1, 1]","[0, 1, 30, 0, 30, 29, 30, 30, 30, 30]",,,,,,,,,,,,,,,,
multi_krum,krum,,backdoor_boost,5,2,30,0.6439723533462476,0.6779110447673734,0.821996456525152,1.0,0.0,0.0,0.6441666666666667,"{""Backdoor"": 0.443, ""DDoS_HTTP"": 0.986, ""DDoS_ICMP"": 0.987, ""DDoS_TCP"": 0.996, ""DDoS_UDP"": 0.97, ""Fingerprinting"": 0.035, ""MITM"": 1.0, ""Normal"": 1.0, ""Password"": 0.119, ""Port_Scanning"": 0.443, ""Ransomware"": 0.948, ""SQL_injection"": 0.983, ""Uploading"": 0.398, ""Vulnerability_scanner"": 0.822, ""XSS"": 0.04}","[0.2899, 0.438, 0.4719, 0.5178, 0.5319, 0.5484, 0.5598, 0.5604, 0.5603, 0.5662, 0.5678, 0.5913, 0.5921, 0.5913, 0.5925, 0.5977, 0.6311, 0.6329, 0.6344, 0.6336, 0.6323, 0.6331, 0.6347, 0.6378, 0.6378, 0.6382, 0.6387, 0.6427, 0.6458, 0.644]","[0.5141, 0.346, 0.4774, 0.604, 0.4374, 0.3215, 0.2325, 0.3838, 0.2371, 0.2758]",2.7,30,240,60,60,"[1, 1, 1, 1, 1, 1, 1, 1, 1, 1, 1, 1, 1, 1, 1, 1, 1, 1, 1, 1, 1, 1, 1, 1, 1, 1, 1, 1, 1, 1]","[0, 0, 30, 0, 30, 30, 30, 30, 30, 30]",,,,,,,,,,,,,,,,
multi_krum,krum,,adaptive,5,2,30,0.6389244856750658,0.675092630405594,0.8213012177891408,1.0,0.0,0.0,0.6389333333333334,"{""Backdoor"": 0.443, ""DDoS_HTTP"": 0.99, ""DDoS_ICMP"": 0.99, ""DDoS_TCP"": 1.0, ""DDoS_UDP"": 0.961, ""Fingerprinting"": 0.025, ""MITM"": 0.979, ""Normal"": 1.0, ""Password"": 0.119, ""Port_Scanning"": 0.443, ""Ransomware"": 0.945, ""SQL_injection"": 0.982, ""Uploading"": 0.398, ""Vulnerability_scanner"": 0.835, ""XSS"": 0.016}","[0.3713, 0.4465, 0.4765, 0.4871, 0.5289, 0.545, 0.5721, 0.578, 0.5862, 0.5873, 0.5905, 0.5912, 0.5919, 0.5913, 0.5923, 0.5928, 0.599, 0.5996, 0.6347, 0.636, 0.6356, 0.6354, 0.6356, 0.6351, 0.6363, 0.6368, 0.6352, 0.6387, 0.6392, 0.6389]","[0.5141, 0.346, 0.4774, 0.604, 0.4374, 0.3215, 0.2325, 0.3838, 0.2371, 0.2758]",2.7,30,240,60,60,"[1, 1, 1, 1, 1, 1, 1, 1, 1, 1, 1, 1, 1, 1, 1, 1, 1, 1, 1, 1, 1, 1, 1, 1, 1, 1, 1, 1, 1, 1]","[0, 0, 30, 0, 30, 30, 30, 30, 30, 30]",,,,,,,,,,,,,,,,
multi_krum,krum,,adaptive_f30,5,3,30,0.6752676415209253,0.6953596563710446,0.8315728094373052,1.0,0.0,0.0,0.6776666666666666,"{""Backdoor"": 0.443, ""DDoS_HTTP"": 0.957, ""DDoS_ICMP"": 0.991, ""DDoS_TCP"": 1.0, ""DDoS_UDP"": 0.971, ""Fingerprinting"": 0.09, ""MITM"": 1.0, ""Normal"": 1.0, ""Password"": 0.119, ""Port_Scanning"": 0.443, ""Ransomware"": 0.945, ""SQL_injection"": 0.982, ""Uploading"": 0.398, ""Vulnerability_scanner"": 0.839, ""XSS"": 0.253}","[0.3781, 0.4832, 0.504, 0.5215, 0.5304, 0.5438, 0.593, 0.6105, 0.6399, 0.6425, 0.6498, 0.6504, 0.6587, 0.6451, 0.6559, 0.6619, 0.6663, 0.6663, 0.6483, 0.6744, 0.6582, 0.6517, 0.6705, 0.6552, 0.6791, 0.68, 0.6645, 0.6697, 0.688, 0.6753]","[0.5141, 0.346, 0.4774, 0.604, 0.4374, 0.3215, 0.2325, 0.3838, 0.2371, 0.2758]",3.0,0,210,90,90,"[0, 0, 0, 0, 0, 0, 0, 0, 0, 0, 0, 0, 0, 0, 0, 0, 0, 0, 0, 0, 0, 0, 0, 0, 0, 0, 0, 0, 0, 0]","[0, 0, 0, 30, 30, 30, 30, 30, 30, 30]",,,,,,,,,,,,,,,,
secure_norm_only,norm_only,,none,5,0,30,0.6810694245088571,0.698695471137556,0.8338827962053421,1.0,0.0,0.0,0.6816000000000001,"{""Backdoor"": 0.443, ""DDoS_HTTP"": 0.953, ""DDoS_ICMP"": 0.993, ""DDoS_TCP"": 0.943, ""DDoS_UDP"": 0.996, ""Fingerprinting"": 0.09, ""MITM"": 1.0, ""Normal"": 1.0, ""Password"": 0.119, ""Port_Scanning"": 0.512, ""Ransomware"": 0.886, ""SQL_injection"": 0.982, ""Uploading"": 0.397, ""Vulnerability_scanner"": 0.839, ""XSS"": 0.328}","[0.4114, 0.4963, 0.5236, 0.5492, 0.5868, 0.5935, 0.6079, 0.6128, 0.6159, 0.6517, 0.662, 0.6629, 0.6633, 0.6476, 0.6604, 0.6615, 0.6634, 0.6677, 0.6459, 0.6723, 0.6587, 0.6563, 0.6641, 0.6591, 0.6782, 0.6784, 0.6714, 0.6781, 0.6856, 0.6811]","[0.5141, 0.346, 0.4774, 0.604, 0.4374, 0.3215, 0.2325, 0.3838, 0.2371, 0.2758]",5.6,0,300,0,0,"[0, 0, 0, 0, 0, 0, 0, 0, 0, 0, 0, 0, 0, 0, 0, 0, 0, 0, 0, 0, 0, 0, 0, 0, 0, 0, 0, 0, 0, 0]","[30, 30, 30, 30, 30, 30, 30, 30, 30, 30]",3.5,,,,,-0.024374176548089592,-0.12542819499341237,-0.1271428571428571,0.2,0.1,0.21014492753623185,0.23254281949934125,0.8328571428571427,0.7,0.6,
secure_norm_only,norm_only,,signflip,5,2,30,0.6580066947128552,0.6871313055912461,0.829060979165265,1.0,0.0,0.0,0.6542333333333333,"{""Backdoor"": 0.443, ""DDoS_HTTP"": 0.974, ""DDoS_ICMP"": 0.994, ""DDoS_TCP"": 1.0, ""DDoS_UDP"": 0.988, ""Fingerprinting"": 0.015, ""MITM"": 1.0, ""Normal"": 1.0, ""Password"": 0.119, ""Port_Scanning"": 0.443, ""Ransomware"": 0.945, ""SQL_injection"": 0.999, ""Uploading"": 0.398, ""Vulnerability_scanner"": 0.839, ""XSS"": 0.151}","[0.4074, 0.4715, 0.4868, 0.5105, 0.5241, 0.5592, 0.5796, 0.587, 0.6293, 0.6307, 0.6399, 0.6407, 0.6471, 0.6407, 0.6453, 0.6464, 0.6479, 0.6484, 0.6419, 0.6559, 0.6445, 0.6441, 0.6537, 0.6445, 0.6624, 0.6542, 0.6495, 0.6466, 0.6581, 0.658]","[0.5141, 0.346, 0.4774, 0.604, 0.4374, 0.3215, 0.2325, 0.3838, 0.2371, 0.2758]",5.5,0,240,60,60,"[0, 0, 0, 0, 0, 0, 0, 0, 0, 0, 0, 0, 0, 0, 0, 0, 0, 0, 0, 0, 0, 0, 0, 0, 0, 0, 0, 0, 0, 0]","[0, 0, 30, 30, 30, 30, 30, 30, 30, 30]",3.5,,,,,,,,,,,,,,,
secure_norm_only,norm_only,,labelflip,5,2,30,0.6821367757745131,0.6996508320500877,0.8348920137253583,1.0,0.0,0.003380166972103441,0.6803333333333333,"{""Backdoor"": 0.443, ""DDoS_HTTP"": 0.952, ""DDoS_ICMP"": 0.986, ""DDoS_TCP"": 1.0, ""DDoS_UDP"": 0.958, ""Fingerprinting"": 0.08, ""MITM"": 1.0, ""Normal"": 1.0, ""Password"": 0.119, ""Port_Scanning"": 0.443, ""Ransomware"": 0.946, ""SQL_injection"": 0.983, ""Uploading"": 0.398, ""Vulnerability_scanner"": 0.82, ""XSS"": 0.369}","[0.3815, 0.4626, 0.4897, 0.4954, 0.5332, 0.5583, 0.577, 0.5869, 0.6315, 0.6388, 0.6452, 0.6476, 0.6577, 0.6442, 0.6531, 0.6549, 0.666, 0.6614, 0.6557, 0.6701, 0.6627, 0.6657, 0.6784, 0.6722, 0.6835, 0.6802, 0.6768, 0.6756, 0.6833, 0.6821]","[0.5141, 0.346, 0.4774, 0.604, 0.4374, 0.3215, 0.2325, 0.3838, 0.2371, 0.2758]",7.1,0,240,0,60,"[0, 0, 0, 0, 0, 0, 0, 0, 0, 0, 0, 0, 0, 0, 0, 0, 0, 0, 0, 0, 0, 0, 0, 0, 0, 0, 0, 0, 0, 0]","[30, 30, 30, 30, 30, 30, 30, 30, 30, 30]",3.5,,,,,,,,,,,,,,,
secure_norm_only,norm_only,,targeted_flip,5,2,30,0.6688157555815867,0.6925598145363252,0.8331427033573303,0.9985339034819792,0.0,0.3315007126858074,0.6680333333333333,"{""Backdoor"": 0.443, ""DDoS_HTTP"": 0.957, ""DDoS_ICMP"": 0.993, ""DDoS_TCP"": 1.0, ""DDoS_UDP"": 0.98, ""Fingerprinting"": 0.005, ""MITM"": 1.0, ""Normal"": 1.0, ""Password"": 0.119, ""Port_Scanning"": 0.441, ""Ransomware"": 0.945, ""SQL_injection"": 0.982, ""Uploading"": 0.398, ""Vulnerability_scanner"": 0.836, ""XSS"": 0.29}","[0.3473, 0.4758, 0.4941, 0.5089, 0.5314, 0.5481, 0.5787, 0.5894, 0.6033, 0.6072, 0.6461, 0.6471, 0.6522, 0.6413, 0.6541, 0.6593, 0.6597, 0.6648, 0.6439, 0.6661, 0.6568, 0.6564, 0.6666, 0.6578, 0.6748, 0.6663, 0.667, 0.6636, 0.6717, 0.6688]","[0.5141, 0.346, 0.4774, 0.604, 0.4374, 0.3215, 0.2325, 0.3838, 0.2371, 0.2758]",6.6,0,240,0,60,"[0, 0, 0, 0, 0, 0, 0, 0, 0, 0, 0, 0, 0, 0, 0, 0, 0, 0, 0, 0, 0, 0, 0, 0, 0, 0, 0, 0, 0, 0]","[30, 30, 30, 30, 30, 30, 30, 30, 30, 30]",3.5,,,,,,,,,,,,,,,
secure_norm_only,norm_only,,backdoor,5,2,30,0.652805305977339,0.6808823186222831,0.8254726502052075,0.9999185501934433,0.0,0.9993891264508247,0.6545333333333333,"{""Backdoor"": 0.443, ""DDoS_HTTP"": 0.948, ""DDoS_ICMP"": 0.983, ""DDoS_TCP"": 0.966, ""DDoS_UDP"": 0.994, ""Fingerprinting"": 0.0, ""MITM"": 1.0, ""Normal"": 1.0, ""Password"": 0.119, ""Port_Scanning"": 0.469, ""Ransomware"": 0.886, ""SQL_injection"": 0.982, ""Uploading"": 0.397, ""Vulnerability_scanner"": 0.822, ""XSS"": 0.205}","[0.2969, 0.4825, 0.5241, 0.5157, 0.5478, 0.5883, 0.5956, 0.5941, 0.6392, 0.6368, 0.6372, 0.6359, 0.642, 0.6414, 0.6403, 0.6402, 0.6403, 0.6408, 0.6406, 0.6407, 0.6407, 0.6414, 0.6545, 0.641, 0.6521, 0.6439, 0.641, 0.6496, 0.6612, 0.6528]","[0.5141, 0.346, 0.4774, 0.604, 0.4374, 0.3215, 0.2325, 0.3838, 0.2371, 0.2758]",6.4,0,240,0,60,"[0, 0, 0, 0, 0, 0, 0, 0, 0, 0, 0, 0, 0, 0, 0, 0, 0, 0, 0, 0, 0, 0, 0, 0, 0, 0, 0, 0, 0, 0]","[30, 30, 30, 30, 30, 30, 30, 30, 30, 30]",3.5,,,,,,,,,,,,,,,
secure_norm_only,norm_only,,backdoor_boost,5,2,30,0.641897847882592,0.6760536823912477,0.8221983000291552,1.0,0.0,0.6933007534107106,0.6450666666666667,"{""Backdoor"": 0.443, ""DDoS_HTTP"": 0.966, ""DDoS_ICMP"": 0.989, ""DDoS_TCP"": 0.996, ""DDoS_UDP"": 0.993, ""Fingerprinting"": 0.0, ""MITM"": 1.0, ""Normal"": 1.0, ""Password"": 0.119, ""Port_Scanning"": 0.443, ""Ransomware"": 0.893, ""SQL_injection"": 0.982, ""Uploading"": 0.397, ""Vulnerability_scanner"": 0.822, ""XSS"": 0.098}","[0.302, 0.4578, 0.5661, 0.5799, 0.5925, 0.58, 0.5891, 0.628, 0.6316, 0.6334, 0.6355, 0.6353, 0.6351, 0.6349, 0.6353, 0.6413, 0.6411, 0.6414, 0.6414, 0.6417, 0.6419, 0.6419, 0.6419, 0.6419, 0.6418, 0.6418, 0.6416, 0.6417, 0.6516, 0.6419]","[0.5141, 0.346, 0.4774, 0.604, 0.4374, 0.3215, 0.2325, 0.3838, 0.2371, 0.2758]",6.0,0,240,50,60,"[0, 0, 0, 0, 0, 0, 0, 0, 0, 0, 0, 0, 0, 0, 0, 0, 0, 0, 0, 0, 0, 0, 0, 0, 0, 0, 0, 0, 0, 0]","[5, 5, 30, 30, 30, 30, 30, 30, 30, 30]",3.5,,,,,,,,,,,,,,,
secure_norm_only,norm_only,,adaptive,5,2,30,0.4496933015188934,0.5264247341360113,0.7473592141559577,1.0,0.001946690625935909,0.0,0.4496,"{""Backdoor"": 0.442, ""DDoS_HTTP"": 0.99, ""DDoS_ICMP"": 0.979, ""DDoS_TCP"": 1.0, ""DDoS_UDP"": 0.0, ""Fingerprinting"": 0.0, ""MITM"": 0.296, ""Normal"": 0.998, ""Password"": 0.0, ""Port_Scanning"": 0.0, ""Ransomware"": 0.945, ""SQL_injection"": 0.989, ""Uploading"": 0.418, ""Vulnerability_scanner"": 0.839, ""XSS"": 0.0}","[0.1471, 0.2299, 0.3074, 0.3867, 0.4004, 0.4005, 0.4018, 0.4016, 0.4026, 0.4057, 0.4057, 0.4063, 0.4061, 0.4094, 0.4099, 0.4123, 0.418, 0.413, 0.4301, 0.4365, 0.4299, 0.4339, 0.434, 0.4491, 0.4483, 0.4488, 0.4489, 0.4494, 0.4497, 0.4497]","[0.5141, 0.346, 0.4774, 0.604, 0.4374, 0.3215, 0.2325, 0.3838, 0.2371, 0.2758]",5.3,0,240,0,60,"[0, 0, 0, 0, 0, 0, 0, 0, 0, 0, 0, 0, 0, 0, 0, 0, 0, 0, 0, 0, 0, 0, 0, 0, 0, 0, 0, 0, 0, 0]","[30, 30, 30, 30, 30, 30, 30, 30, 30, 30]",3.5,,,,,,,,,,,,,,,
secure_norm_only,norm_only,,adaptive_f30,5,3,30,0.041715949598951536,0.0812668014414024,0.05472201664087555,1.0,1.0,0.0,0.047599999999999996,"{""Backdoor"": 0.003, ""DDoS_HTTP"": 0.35, ""DDoS_ICMP"": 0.0, ""DDoS_TCP"": 0.0, ""DDoS_UDP"": 0.0, ""Fingerprinting"": 0.0, ""MITM"": 0.0, ""Normal"": 0.0, ""Password"": 0.094, ""Port_Scanning"": 0.0, ""Ransomware"": 0.016, ""SQL_injection"": 0.0, ""Uploading"": 0.756, ""Vulnerability_scanner"": 0.0, ""XSS"": 0.0}","[0.0588, 0.0763, 0.088, 0.0871, 0.0717, 0.0635, 0.0669, 0.0696, 0.0634, 0.0392, 0.0359, 0.0347, 0.0357, 0.0385, 0.0327, 0.0264, 0.0255, 0.0266, 0.0287, 0.0236, 0.0317, 0.036, 0.0395, 0.0415, 0.0426, 0.0452, 0.0592, 0.0567, 0.0444, 0.0417]","[0.5141, 0.346, 0.4774, 0.604, 0.4374, 0.3215, 0.2325, 0.3838, 0.2371, 0.2758]",4.7,0,210,0,90,"[0, 0, 0, 0, 0, 0, 0, 0, 0, 0, 0, 0, 0, 0, 0, 0, 0, 0, 0, 0, 0, 0, 0, 0, 0, 0, 0, 0, 0, 0]","[30, 30, 30, 30, 30, 30, 30, 30, 30, 30]",3.5,,,,,,,,,,,,,,,
faithful_prev_t0.0,faithful_prev,0.0,none,5,0,30,0.6912022460133641,0.7098371409885396,0.8450290430375205,1.0,0.0,0.0,0.6574000000000001,"{""Backdoor"": 0.935, ""DDoS_HTTP"": 0.614, ""DDoS_ICMP"": 0.995, ""DDoS_TCP"": 0.595, ""DDoS_UDP"": 0.996, ""Fingerprinting"": 0.0, ""MITM"": 1.0, ""Normal"": 1.0, ""Password"": 0.119, ""Port_Scanning"": 0.965, ""Ransomware"": 0.402, ""SQL_injection"": 0.999, ""Uploading"": 0.397, ""Vulnerability_scanner"": 0.833, ""XSS"": 0.8}","[0.4114, 0.4963, 0.5236, 0.5492, 0.5868, 0.5935, 0.6079, 0.6128, 0.6159, 0.6517, 0.662, 0.6629, 0.6633, 0.6476, 0.6604, 0.6615, 0.6634, 0.6535, 0.649, 0.6604, 0.6762, 0.6368, 0.6329, 0.6065, 0.6123, 0.6252, 0.6245, 0.6318, 0.6492, 0.6912]","[0.5141, 0.346, 0.4774, 0.604, 0.4374, 0.3215, 0.2325, 0.3838, 0.2371, 0.2758]",4.9,76,300,0,0,"[0, 0, 0, 0, 0, 0, 0, 0, 0, 0, 0, 0, 0, 0, 0, 0, 0, 1, 2, 3, 5, 7, 8, 9, 9, 7, 6, 7, 7, 5]","[24, 17, 22, 26, 20, 24, 22, 23, 22, 24]",3.5,,,,,0.03162055335968379,0.07101449275362318,0.02142857142857143,0.1,0.5,0.21014492753623185,0.23254281949934125,0.8328571428571427,0.7,0.6,0.30444180048452957
faithful_prev_t0.0,faithful_prev,0.0,adaptive,5,2,30,0.036648013467102655,0.1290765879001173,0.08701697728139227,1.0,1.0,0.0,0.0366,"{""Backdoor"": 0.0, ""DDoS_HTTP"": 0.0, ""DDoS_ICMP"": 1.0, ""DDoS_TCP"": 0.0, ""DDoS_UDP"": 0.0, ""Fingerprinting"": 0.0, ""MITM"": 0.0, ""Normal"": 0.0, ""Password"": 0.0, ""Port_Scanning"": 0.0, ""Ransomware"": 0.0, ""SQL_injection"": 0.0, ""Uploading"": 0.936, ""Vulnerability_scanner"": 0.0, ""XSS"": 0.0}","[0.1471, 0.2325, 0.315, 0.3884, 0.3993, 0.4016, 0.4004, 0.3884, 0.2024, 0.1789, 0.1375, 0.1307, 0.0589, 0.0575, 0.0484, 0.0482, 0.0446, 0.0394, 0.0393, 0.0393, 0.0393, 0.0387, 0.039, 0.0384, 0.0384, 0.0366, 0.0366, 0.0366, 0.0366, 0.0366]","[0.5141, 0.346, 0.4774, 0.604, 0.4374, 0.3215, 0.2325, 0.3838, 0.2371, 0.2758]",4.9,182,240,9,60,"[0, 0, 0, 0, 0, 0, 1, 5, 8, 8, 8, 8, 8, 8, 8, 8, 8, 8, 8, 8, 8, 8, 8, 8, 8, 8, 8, 8, 8, 8]","[26, 25, 7, 8, 6, 7, 7, 8, 7, 8]",3.5,,,,,,,,,,,,,,,
faithful_prev_t0.0,faithful_prev,0.0,adaptive_f30,5,3,30,0.005712854638474472,0.06666666666666667,0.04476440377671623,1.0,1.0,0.0,0.0057,"{""Backdoor"": 0.0, ""DDoS_HTTP"": 0.0, ""DDoS_ICMP"": 0.0, ""DDoS_TCP"": 0.0, ""DDoS_UDP"": 0.0, ""Fingerprinting"": 0.0, ""MITM"": 0.0, ""Normal"": 0.0, ""Password"": 1.0, ""Port_Scanning"": 0.0, ""Ransomware"": 0.0, ""SQL_injection"": 0.0, ""Uploading"": 0.0, ""Vulnerability_scanner"": 0.0, ""XSS"": 0.0}","[0.0588, 0.0, 0.0, 0.0008, 0.0009, 0.0044, 0.0047, 0.0057, 0.0057, 0.0057, 0.0057, 0.0057, 0.0057, 0.0057, 0.0057, 0.0057, 0.0057, 0.0057, 0.0057, 0.0057, 0.0057, 0.0057, 0.0057, 0.0057, 0.0057, 0.0057, 0.0057, 0.0057, 0.0057, 0.0057]","[0.5141, 0.346, 0.4774, 0.604, 0.4374, 0.3215, 0.2325, 0.3838, 0.2371, 0.2758]",4.7,203,210,39,90,"[0, 7, 7, 7, 7, 7, 7, 7, 7, 7, 7, 7, 7, 7, 7, 7, 7, 7, 7, 7, 7, 7, 7, 7, 7, 7, 7, 7, 7, 7]","[17, 17, 17, 1, 1, 1, 1, 1, 1, 1]",3.5,,,,,,,,,,,,,,,
faithful_root_t-0.3,faithful_root,-0.3,none,5,0,30,0.7027349934328194,0.7128752744885408,0.8444235125255107,1.0,0.0,0.0,0.6890000000000001,"{""Backdoor"": 0.787, ""DDoS_HTTP"": 0.616, ""DDoS_ICMP"": 0.995, ""DDoS_TCP"": 0.805, ""DDoS_UDP"": 0.995, ""Fingerprinting"": 0.065, ""MITM"": 1.0, ""Normal"": 1.0, ""Password"": 0.123, ""Port_Scanning"": 0.725, ""Ransomware"": 0.566, ""SQL_injection"": 0.982, ""Uploading"": 0.397, ""Vulnerability_scanner"": 0.82, ""XSS"": 0.816}","[0.4114, 0.4963, 0.5236, 0.5492, 0.5868, 0.5935, 0.6079, 0.6128, 0.6159, 0.6517, 0.662, 0.6629, 0.6633, 0.6476, 0.6604, 0.6615, 0.6634, 0.6677, 0.6459, 0.6832, 0.6584, 0.693, 0.6648, 0.6888, 0.6828, 0.6791, 0.6866, 0.6786, 0.6857, 0.7027]","[0.5141, 0.346, 0.4774, 0.604, 0.4374, 0.3215, 0.2325, 0.3838, 0.2371, 0.2758]",4.8,8,300,0,0,"[0, 0, 0, 0, 0, 0, 0, 0, 0, 0, 0, 0, 0, 0, 0, 0, 0, 0, 0, 1, 0, 2, 0, 1, 1, 0, 1, 0, 0, 2]","[30, 30, 30, 30, 30, 30, 30, 25, 30, 27]",3.5,,,,,0.026482213438735174,-0.15704874835309615,-0.08785714285714284,0.2,0.4,0.21014492753623185,0.23254281949934125,0.8328571428571427,0.7,0.6,0.14704980056384323
faithful_root_t-0.3,faithful_root,-0.3,signflip,5,2,30,0.690864893344569,0.7075935931509068,0.8434142950054946,1.0,0.0,0.0,0.6660333333333334,"{""Backdoor"": 0.669, ""DDoS_HTTP"": 0.614, ""DDoS_ICMP"": 0.996, ""DDoS_TCP"": 1.0, ""DDoS_UDP"": 0.992, ""Fingerprinting"": 0.0, ""MITM"": 1.0, ""Normal"": 1.0, ""Password"": 0.119, ""Port_Scanning"": 0.443, ""Ransomware"": 0.769, ""SQL_injection"": 0.999, ""Uploading"": 0.398, ""Vulnerability_scanner"": 0.838, ""XSS"": 0.777}","[0.4074, 0.4715, 0.4868, 0.5105, 0.5241, 0.5592, 0.5796, 0.587, 0.6293, 0.6307, 0.6399, 0.6407, 0.679, 0.6407, 0.6456, 0.6791, 0.6487, 0.6486, 0.6709, 0.656, 0.6446, 0.6931, 0.6553, 0.6646, 0.6789, 0.6548, 0.6781, 0.6471, 0.6601, 0.6909]","[0.5141, 0.346, 0.4774, 0.604, 0.4374, 0.3215, 0.2325, 0.3838, 0.2371, 0.2758]",4.9,10,240,60,60,"[0, 0, 0, 0, 0, 0, 0, 0, 0, 0, 0, 0, 1, 0, 0, 1, 0, 0, 1, 0, 0, 2, 0, 1, 1, 0, 1, 0, 0, 2]","[0, 0, 30, 30, 30, 30, 30, 23, 30, 27]",3.5,,,,,,,,,,,,,,,
faithful_root_t-0.3,faithful_root,-0.3,labelflip,5,2,30,0.696796233359424,0.7128791008498826,0.8469577698535513,1.0,0.0,0.0,0.6710333333333334,"{""Backdoor"": 0.666, ""DDoS_HTTP"": 0.614, ""DDoS_ICMP"": 0.996, ""DDoS_TCP"": 1.0, ""DDoS_UDP"": 0.991, ""Fingerprinting"": 0.0, ""MITM"": 1.0, ""Normal"": 1.0, ""Password"": 0.119, ""Port_Scanning"": 0.443, ""Ransomware"": 0.847, ""SQL_injection"": 0.999, ""Uploading"": 0.398, ""Vulnerability_scanner"": 0.837, ""XSS"": 0.782}","[0.3815, 0.4626, 0.4842, 0.4936, 0.5295, 0.5558, 0.5761, 0.5877, 0.6328, 0.6356, 0.6408, 0.6421, 0.6763, 0.6413, 0.6444, 0.6786, 0.6473, 0.6518, 0.6437, 0.6798, 0.6448, 0.6927, 0.655, 0.6629, 0.6832, 0.6556, 0.6826, 0.6551, 0.6612, 0.6968]","[0.5141, 0.346, 0.4774, 0.604, 0.4374, 0.3215, 0.2325, 0.3838, 0.2371, 0.2758]",5.9,10,240,53,60,"[0, 0, 0, 0, 0, 0, 0, 0, 0, 0, 0, 0, 1, 0, 0, 1, 0, 0, 0, 1, 0, 2, 0, 1, 1, 0, 1, 0, 0, 2]","[3, 4, 30, 30, 30, 30, 30, 23, 30, 27]",3.5,,,,,,,,,,,,,,,
faithful_root_t-0.3,faithful_root,-0.3,targeted_flip,5,2,30,0.6976153455285188,0.7120463795110372,0.8453878759335262,1.0,0.0,0.0,0.6745333333333333,"{""Backdoor"": 0.66, ""DDoS_HTTP"": 0.625, ""DDoS_ICMP"": 0.996, ""DDoS_TCP"": 1.0, ""DDoS_UDP"": 0.991, ""Fingerprinting"": 0.025, ""MITM"": 1.0, ""Normal"": 1.0, ""Password"": 0.119, ""Port_Scanning"": 0.443, ""Ransomware"": 0.834, ""SQL_injection"": 0.999, ""Uploading"": 0.398, ""Vulnerability_scanner"": 0.839, ""XSS"": 0.752}","[0.3473, 0.4758, 0.4915, 0.5124, 0.518, 0.5633, 0.563, 0.5936, 0.5919, 0.636, 0.6429, 0.6444, 0.6509, 0.6391, 0.6441, 0.6468, 0.6489, 0.654, 0.6417, 0.6783, 0.6435, 0.6906, 0.6563, 0.6672, 0.6819, 0.6561, 0.6779, 0.6563, 0.6697, 0.6976]","[0.5141, 0.346, 0.4774, 0.604, 0.4374, 0.3215, 0.2325, 0.3838, 0.2371, 0.2758]",7.0,8,240,50,60,"[0, 0, 0, 0, 0, 0, 0, 0, 0, 0, 0, 0, 0, 0, 0, 0, 0, 0, 0, 1, 0, 2, 0, 1, 1, 0, 1, 0, 0, 2]","[4, 6, 30, 30, 30, 30, 30, 25, 30, 27]",3.5,,,,,,,,,,,,,,,
faithful_root_t-0.3,faithful_root,-0.3,backdoor,5,2,30,0.653071216569526,0.6810478823146795,0.8255847854852093,0.9999185501934433,0.0,0.9995520260639381,0.6704,"{""Backdoor"": 0.443, ""DDoS_HTTP"": 0.948, ""DDoS_ICMP"": 0.985, ""DDoS_TCP"": 0.961, ""DDoS_UDP"": 0.993, ""Fingerprinting"": 0.0, ""MITM"": 1.0, ""Normal"": 1.0, ""Password"": 0.119, ""Port_Scanning"": 0.477, ""Ransomware"": 0.886, ""SQL_injection"": 0.982, ""Uploading"": 0.397, ""Vulnerability_scanner"": 0.822, ""XSS"": 0.204}","[0.2969, 0.4825, 0.5241, 0.5157, 0.5478, 0.5883, 0.5956, 0.5941, 0.6392, 0.6368, 0.6372, 0.6359, 0.642, 0.6414, 0.6403, 0.6402, 0.6403, 0.6829, 0.6416, 0.6407, 0.6408, 0.6414, 0.6546, 0.6872, 0.6591, 0.6817, 0.6411, 0.6932, 0.6649, 0.6531]","[0.5141, 0.346, 0.4774, 0.604, 0.4374, 0.3215, 0.2325, 0.3838, 0.2371, 0.2758]",6.0,6,240,0,60,"[0, 0, 0, 0, 0, 0, 0, 0, 0, 0, 0, 0, 0, 0, 0, 0, 0, 1, 0, 0, 0, 0, 0, 2, 0, 1, 0, 2, 0, 0]","[30, 30, 30, 30, 30, 30, 30, 26, 30, 28]",3.5,,,,,,,,,,,,,,,
faithful_root_t-0.3,faithful_root,-0.3,backdoor_boost,5,2,30,0.6756992352167687,0.695468467021138,0.8352732736773644,1.0,0.0,0.6875178171451842,0.672,"{""Backdoor"": 0.443, ""DDoS_HTTP"": 0.686, ""DDoS_ICMP"": 0.993, ""DDoS_TCP"": 0.996, ""DDoS_UDP"": 0.992, ""Fingerprinting"": 0.0, ""MITM"": 1.0, ""Normal"": 1.0, ""Password"": 0.119, ""Port_Scanning"": 0.443, ""Ransomware"": 0.889, ""SQL_injection"": 0.982, ""Uploading"": 0.397, ""Vulnerability_scanner"": 0.822, ""XSS"": 0.671}","[0.302, 0.4578, 0.5661, 0.5799, 0.5925, 0.58, 0.5891, 0.628, 0.6316, 0.6334, 0.6355, 0.6501, 0.6365, 0.6352, 0.6429, 0.6415, 0.6412, 0.6808, 0.6416, 0.6418, 0.6878, 0.6419, 0.6418, 0.6817, 0.6421, 0.6726, 0.6419, 0.6873, 0.653, 0.6757]","[0.5141, 0.346, 0.4774, 0.604, 0.4374, 0.3215, 0.2325, 0.3838, 0.2371, 0.2758]",4.9,12,240,50,60,"[0, 0, 0, 0, 0, 0, 0, 0, 0, 0, 0, 1, 0, 0, 1, 0, 0, 2, 0, 0, 2, 0, 0, 2, 0, 1, 0, 2, 0, 1]","[5, 5, 30, 30, 30, 30, 30, 22, 30, 26]",3.5,,,,,,,,,,,,,,,
faithful_root_t-0.3,faithful_root,-0.3,adaptive,5,2,30,0.6868092732138762,0.7034924088031509,0.8406557671174505,1.0,0.0,0.0,0.6654333333333332,"{""Backdoor"": 0.685, ""DDoS_HTTP"": 0.614, ""DDoS_ICMP"": 0.996, ""DDoS_TCP"": 1.0, ""DDoS_UDP"": 0.988, ""Fingerprinting"": 0.0, ""MITM"": 1.0, ""Normal"": 1.0, ""Password"": 0.119, ""Port_Scanning"": 0.443, ""Ransomware"": 0.709, ""SQL_injection"": 0.982, ""Uploading"": 0.398, ""Vulnerability_scanner"": 0.839, ""XSS"": 0.779}","[0.3665, 0.4487, 0.4945, 0.5132, 0.5248, 0.5402, 0.545, 0.5466, 0.5669, 0.5799, 0.6017, 0.6428, 0.6687, 0.6418, 0.6409, 0.674, 0.6425, 0.6426, 0.6679, 0.6575, 0.6799, 0.6438, 0.6507, 0.6795, 0.6718, 0.6793, 0.6781, 0.644, 0.6655, 0.6868]","[0.5141, 0.346, 0.4774, 0.604, 0.4374, 0.3215, 0.2325, 0.3838, 0.2371, 0.2758]",5.1,12,240,0,60,"[0, 0, 0, 0, 0, 0, 0, 0, 0, 0, 0, 0, 1, 0, 0, 1, 0, 0, 1, 0, 2, 0, 0, 2, 0, 1, 1, 0, 1, 2]","[30, 30, 30, 30, 30, 30, 30, 21, 30, 27]",3.5,,,,,,,,,,,,,,,
faithful_root_t-0.3,faithful_root,-0.3,adaptive_f30,5,3,30,0.6606116692089058,0.680141873364528,0.8246652761891946,1.0,0.0,0.0,0.666,"{""Backdoor"": 0.443, ""DDoS_HTTP"": 0.34, ""DDoS_ICMP"": 0.982, ""DDoS_TCP"": 1.0, ""DDoS_UDP"": 0.954, ""Fingerprinting"": 0.0, ""MITM"": 1.0, ""Normal"": 1.0, ""Password"": 0.134, ""Port_Scanning"": 0.443, ""Ransomware"": 0.887, ""SQL_injection"": 0.731, ""Uploading"": 0.563, ""Vulnerability_scanner"": 0.798, ""XSS"": 0.927}","[0.3151, 0.4467, 0.4333, 0.4576, 0.4377, 0.4635, 0.4716, 0.4856, 0.5008, 0.5813, 0.6222, 0.6413, 0.6557, 0.6676, 0.6721, 0.6706, 0.6683, 0.6666, 0.6643, 0.6673, 0.6756, 0.6737, 0.6738, 0.6738, 0.6788, 0.6789, 0.6749, 0.6665, 0.6709, 0.6606]","[0.5141, 0.346, 0.4774, 0.604, 0.4374, 0.3215, 0.2325, 0.3838, 0.2371, 0.2758]",5.0,1,210,0,90,"[0, 0, 0, 0, 0, 0, 0, 0, 0, 0, 0, 0, 0, 0, 0, 0, 0, 0, 0, 0, 0, 0, 0, 0, 0, 0, 0, 0, 0, 1]","[30, 30, 30, 30, 30, 30, 30, 29, 30, 30]",3.5,,,,,,,,,,,,,,,
faithful_root_t0.0,faithful_root,0.0,none,5,0,30,0.6898877702176501,0.7041548318489951,0.8378299580614053,1.0,0.0,0.0,0.6722666666666667,"{""Backdoor"": 0.89, ""DDoS_HTTP"": 0.34, ""DDoS_ICMP"": 0.994, ""DDoS_TCP"": 0.657, ""DDoS_UDP"": 0.996, ""Fingerprinting"": 0.08, ""MITM"": 1.0, ""Normal"": 1.0, ""Password"": 0.134, ""Port_Scanning"": 0.898, ""Ransomware"": 0.457, ""SQL_injection"": 0.999, ""Uploading"": 0.397, ""Vulnerability_scanner"": 0.794, ""XSS"": 0.927}","[0.4114, 0.4963, 0.5236, 0.5492, 0.5868, 0.6219, 0.6117, 0.6416, 0.6409, 0.6784, 0.6626, 0.6867, 0.6432, 0.7043, 0.6593, 0.6815, 0.6434, 0.6761, 0.6358, 0.695, 0.6417, 0.6771, 0.6419, 0.6722, 0.6436, 0.6693, 0.6455, 0.6755, 0.6514, 0.6899]","[0.5141, 0.346, 0.4774, 0.604, 0.4374, 0.3215, 0.2325, 0.3838, 0.2371, 0.2758]",5.0,59,300,0,0,"[0, 0, 0, 0, 0, 1, 0, 1, 1, 1, 0, 2, 1, 2, 1, 3, 3, 3, 3, 3, 2, 4, 2, 5, 3, 5, 2, 5, 2, 4]","[30, 30, 23, 23, 26, 22, 24, 17, 27, 19]",3.5,,,,,0.026482213438735174,-0.15704874835309615,-0.08785714285714284,0.2,0.4,0.22793148880105402,0.23254281949934125,0.8317857142857141,0.7,0.6,0.07926976633148354
faithful_root_t0.0,faithful_root,0.0,signflip,5,2,30,0.6206512098668296,0.6608218682030041,0.8103568144609657,1.0,0.0,0.0,0.6498666666666667,"{""Backdoor"": 0.443, ""DDoS_HTTP"": 0.99, ""DDoS_ICMP"": 0.989, ""DDoS_TCP"": 1.0, ""DDoS_UDP"": 0.972, ""Fingerprinting"": 0.03, ""MITM"": 1.0, ""Normal"": 1.0, ""Password"": 0.119, ""Port_Scanning"": 0.443, ""Ransomware"": 0.945, ""SQL_injection"": 0.255, ""Uploading"": 0.888, ""Vulnerability_scanner"": 0.839, ""XSS"": 0.0}","[0.4074, 0.4715, 0.4868, 0.5105, 0.5241, 0.6196, 0.588, 0.6496, 0.6314, 0.6788, 0.6402, 0.6806, 0.6398, 0.6792, 0.6467, 0.6883, 0.6329, 0.6695, 0.634, 0.682, 0.64, 0.6934, 0.6898, 0.6673, 0.6679, 0.6441, 0.6852, 0.6431, 0.6858, 0.6207]","[0.5141, 0.346, 0.4774, 0.604, 0.4374, 0.3215, 0.2325, 0.3838, 0.2371, 0.2758]",4.7,49,240,60,60,"[0, 0, 0, 0, 0, 2, 0, 2, 0, 2, 0, 2, 2, 2, 0, 2, 2, 3, 2, 2, 2, 2, 4, 2, 4, 1, 3, 1, 3, 4]","[0, 0, 26, 22, 27, 28, 29, 15, 28, 16]",3.5,,,,,,,,,,,,,,,
faithful_root_t0.0,faithful_root,0.0,labelflip,5,2,30,0.6849851084146399,0.7018462168236324,0.8385924779654175,1.0,0.0,0.0,0.6717000000000001,"{""Backdoor"": 0.65, ""DDoS_HTTP"": 0.34, ""DDoS_ICMP"": 0.998, ""DDoS_TCP"": 1.0, ""DDoS_UDP"": 0.99, ""Fingerprinting"": 0.02, ""MITM"": 1.0, ""Normal"": 1.0, ""Password"": 0.157, ""Port_Scanning"": 0.443, ""Ransomware"": 0.829, ""SQL_injection"": 0.982, ""Uploading"": 0.398, ""Vulnerability_scanner"": 0.798, ""XSS"": 0.922}","[0.3815, 0.4692, 0.4857, 0.4991, 0.5234, 0.6199, 0.5848, 0.6492, 0.6373, 0.6797, 0.6409, 0.68, 0.6405, 0.6793, 0.6458, 0.6863, 0.6324, 0.6648, 0.6342, 0.6822, 0.6399, 0.6936, 0.6901, 0.6678, 0.667, 0.6422, 0.6884, 0.639, 0.6911, 0.685]","[0.5141, 0.346, 0.4774, 0.604, 0.4374, 0.3215, 0.2325, 0.3838, 0.2371, 0.2758]",4.7,49,240,58,60,"[0, 0, 0, 0, 0, 2, 0, 2, 0, 2, 0, 2, 2, 2, 0, 2, 2, 3, 2, 2, 2, 2, 4, 2, 4, 2, 2, 2, 2, 4]","[1, 1, 26, 23, 25, 29, 30, 15, 28, 15]",3.5,,,,,,,,,,,,,,,
faithful_root_t0.0,faithful_root,0.0,targeted_flip,5,2,30,0.6967379301399456,0.7117480584495119,0.8449841889255197,1.0,0.0,0.0,0.6746333333333333,"{""Backdoor"": 0.54, ""DDoS_HTTP"": 0.626, ""DDoS_ICMP"": 0.996, ""DDoS_TCP"": 1.0, ""DDoS_UDP"": 0.992, ""Fingerprinting"": 0.03, ""MITM"": 1.0, ""Normal"": 1.0, ""Password"": 0.119, ""Port_Scanning"": 0.443, ""Ransomware"": 0.945, ""SQL_injection"": 0.999, ""Uploading"": 0.398, ""Vulnerability_scanner"": 0.836, ""XSS"": 0.754}","[0.3473, 0.4698, 0.4815, 0.5012, 0.5227, 0.6114, 0.5843, 0.648, 0.6024, 0.6783, 0.6407, 0.6795, 0.6464, 0.6787, 0.6462, 0.6678, 0.6372, 0.6807, 0.6384, 0.6818, 0.6402, 0.6942, 0.6499, 0.6745, 0.6366, 0.6961, 0.6487, 0.6931, 0.6341, 0.6967]","[0.5141, 0.346, 0.4774, 0.604, 0.4374, 0.3215, 0.2325, 0.3838, 0.2371, 0.2758]",4.6,50,240,58,60,"[0, 0, 0, 0, 0, 2, 0, 2, 0, 2, 0, 2, 2, 2, 0, 3, 2, 2, 2, 2, 2, 2, 3, 4, 3, 2, 2, 3, 4, 2]","[1, 1, 27, 22, 26, 28, 29, 15, 27, 16]",3.5,,,,,,,,,,,,,,,
faithful_root_t0.0,faithful_root,0.0,backdoor,5,2,30,0.6914653869786619,0.7076897866227988,0.843504003229496,0.9999185501934433,0.0,0.9995520260639381,0.6736,"{""Backdoor"": 0.894, ""DDoS_HTTP"": 0.498, ""DDoS_ICMP"": 0.983, ""DDoS_TCP"": 0.595, ""DDoS_UDP"": 0.993, ""Fingerprinting"": 0.0, ""MITM"": 1.0, ""Normal"": 1.0, ""Password"": 0.119, ""Port_Scanning"": 0.965, ""Ransomware"": 0.547, ""SQL_injection"": 0.985, ""Uploading"": 0.397, ""Vulnerability_scanner"": 0.782, ""XSS"": 0.859}","[0.2969, 0.4825, 0.5241, 0.5157, 0.5478, 0.5883, 0.5956, 0.5941, 0.6495, 0.6615, 0.637, 0.7007, 0.6432, 0.6848, 0.6416, 0.6864, 0.6353, 0.6941, 0.6405, 0.6862, 0.6448, 0.6566, 0.6356, 0.66, 0.6358, 0.6684, 0.6331, 0.6932, 0.6361, 0.6915]","[0.5141, 0.346, 0.4774, 0.604, 0.4374, 0.3215, 0.2325, 0.3838, 0.2371, 0.2758]",4.8,51,240,0,60,"[0, 0, 0, 0, 0, 0, 0, 0, 1, 1, 0, 2, 1, 2, 0, 3, 2, 3, 2, 3, 1, 4, 2, 4, 2, 4, 3, 4, 3, 4]","[30, 30, 24, 23, 29, 24, 26, 19, 25, 19]",3.5,,,,,,,,,,,,,,,
faithful_root_t0.0,faithful_root,0.0,backdoor_boost,5,2,30,0.6383400834043435,0.6758238594029548,0.8213909260131422,1.0,0.0,0.6828344532681735,0.6728333333333333,"{""Backdoor"": 0.443, ""DDoS_HTTP"": 0.99, ""DDoS_ICMP"": 0.986, ""DDoS_TCP"": 0.996, ""DDoS_UDP"": 0.966, ""Fingerprinting"": 0.015, ""MITM"": 1.0, ""Normal"": 1.0, ""Password"": 0.119, ""Port_Scanning"": 0.443, ""Ransomware"": 0.95, ""SQL_injection"": 0.982, ""Uploading"": 0.398, ""Vulnerability_scanner"": 0.827, ""XSS"": 0.023}","[0.302, 0.4578, 0.5661, 0.5799, 0.5925, 0.58, 0.6287, 0.6301, 0.6427, 0.651, 0.6481, 0.6806, 0.6356, 0.6793, 0.6441, 0.6832, 0.6359, 0.6697, 0.6333, 0.6916, 0.6448, 0.6384, 0.636, 0.6862, 0.6772, 0.6954, 0.6367, 0.682, 0.6982, 0.6383]","[0.5141, 0.346, 0.4774, 0.604, 0.4374, 0.3215, 0.2325, 0.3838, 0.2371, 0.2758]",4.9,49,240,50,60,"[0, 0, 0, 0, 0, 0, 2, 0, 1, 1, 1, 2, 1, 2, 1, 3, 2, 3, 2, 2, 3, 4, 2, 2, 3, 3, 2, 2, 3, 2]","[5, 5, 26, 22, 29, 26, 30, 14, 28, 16]",3.5,,,,,,,,,,,,,,,
faithful_root_t0.0,faithful_root,0.0,adaptive,5,2,30,0.6945540562781457,0.7102075496129802,0.8451636053735226,1.0,0.0,0.0,0.6722666666666667,"{""Backdoor"": 0.673, ""DDoS_HTTP"": 0.614, ""DDoS_ICMP"": 0.996, ""DDoS_TCP"": 1.0, ""DDoS_UDP"": 0.974, ""Fingerprinting"": 0.0, ""MITM"": 1.0, ""Normal"": 1.0, ""Password"": 0.119, ""Port_Scanning"": 0.443, ""Ransomware"": 0.812, ""SQL_injection"": 0.982, ""Uploading"": 0.4, ""Vulnerability_scanner"": 0.818, ""XSS"": 0.822}","[0.3665, 0.4487, 0.4945, 0.5132, 0.5248, 0.5677, 0.549, 0.5798, 0.6134, 0.6432, 0.6063, 0.6403, 0.6788, 0.6581, 0.6819, 0.6785, 0.6425, 0.6689, 0.6904, 0.6848, 0.6797, 0.667, 0.6851, 0.658, 0.6865, 0.679, 0.6872, 0.6462, 0.676, 0.6946]","[0.5141, 0.346, 0.4774, 0.604, 0.4374, 0.3215, 0.2325, 0.3838, 0.2371, 0.2758]",4.8,47,240,0,60,"[0, 0, 0, 0, 0, 2, 0, 2, 1, 2, 0, 2, 2, 1, 1, 2, 2, 2, 2, 2, 2, 4, 2, 3, 2, 1, 2, 3, 2, 3]","[30, 30, 28, 26, 29, 30, 30, 10, 30, 10]",3.5,,,,,,,,,,,,,,,
faithful_root_t0.0,faithful_root,0.0,adaptive_f30,5,3,30,0.6663321615416768,0.685138052335262,0.8280517616452489,1.0,0.0,0.0,0.6712333333333333,"{""Backdoor"": 0.471, ""DDoS_HTTP"": 0.34, ""DDoS_ICMP"": 0.99, ""DDoS_TCP"": 1.0, ""DDoS_UDP"": 0.941, ""Fingerprinting"": 0.0, ""MITM"": 1.0, ""Normal"": 1.0, ""Password"": 0.152, ""Port_Scanning"": 0.443, ""Ransomware"": 0.886, ""SQL_injection"": 0.82, ""Uploading"": 0.513, ""Vulnerability_scanner"": 0.794, ""XSS"": 0.927}","[0.3151, 0.4467, 0.4333, 0.4576, 0.4377, 0.4635, 0.4716, 0.4856, 0.5008, 0.5813, 0.6222, 0.6413, 0.6557, 0.6676, 0.6721, 0.6706, 0.6683, 0.6738, 0.6651, 0.6667, 0.6637, 0.669, 0.686, 0.6756, 0.6849, 0.6797, 0.6781, 0.668, 0.6794, 0.6663]","[0.5141, 0.346, 0.4774, 0.604, 0.4374, 0.3215, 0.2325, 0.3838, 0.2371, 0.2758]",4.7,12,210,0,90,"[0, 0, 0, 0, 0, 0, 0, 0, 0, 0, 0, 0, 0, 0, 0, 0, 0, 2, 0, 0, 2, 1, 2, 0, 1, 0, 1, 0, 1, 2]","[30, 30, 30, 30, 30, 29, 30, 23, 30, 26]",3.5,,,,,,,,,,,,,,,
faithful_root_t-0.3_kappa1.5,faithful_root,-0.3,none,5,0,30,0.6670601149583731,0.6914600181536752,0.8334566821413353,1.0,0.0,0.0,0.6511666666666667,"{""Backdoor"": 0.443, ""DDoS_HTTP"": 0.963, ""DDoS_ICMP"": 0.992, ""DDoS_TCP"": 0.611, ""DDoS_UDP"": 0.978, ""Fingerprinting"": 0.0, ""MITM"": 0.979, ""Normal"": 1.0, ""Password"": 0.119, ""Port_Scanning"": 0.941, ""Ransomware"": 0.908, ""SQL_injection"": 0.999, ""Uploading"": 0.398, ""Vulnerability_scanner"": 0.839, ""XSS"": 0.202}","[0.4114, 0.4963, 0.5236, 0.5644, 0.5729, 0.579, 0.5826, 0.5805, 0.5898, 0.5858, 0.5916, 0.597, 0.5937, 0.5971, 0.6028, 0.6027, 0.6009, 0.601, 0.5994, 0.6076, 0.6046, 0.6043, 0.6389, 0.6436, 0.6462, 0.6456, 0.6374, 0.641, 0.6454, 0.6671]","[0.5141, 0.346, 0.4774, 0.604, 0.4374, 0.3215, 0.2325, 0.3838, 0.2371, 0.2758]",4.7,124,300,0,0,"[0, 0, 0, 1, 3, 3, 3, 5, 2, 5, 5, 4, 6, 6, 4, 7, 6, 4, 5, 7, 6, 4, 4, 7, 3, 4, 6, 4, 7, 3]","[13, 7, 30, 3, 14, 10, 30, 20, 30, 19]",1.5,,,,,0.026482213438735174,-0.15704874835309615,-0.08785714285714284,0.2,0.4,0.14874835309617918,0.2343873517786561,0.8324999999999999,0.7,0.6,-0.49696992650327754
faithful_root_t-0.3_kappa1.5,faithful_root,-0.3,signflip,5,2,30,0.6467380495701751,0.67941903521476,0.8252259525892036,1.0,0.0,0.0,0.6414666666666667,"{""Backdoor"": 0.443, ""DDoS_HTTP"": 0.99, ""DDoS_ICMP"": 0.989, ""DDoS_TCP"": 1.0, ""DDoS_UDP"": 0.949, ""Fingerprinting"": 0.0, ""MITM"": 0.979, ""Normal"": 1.0, ""Password"": 0.157, ""Port_Scanning"": 0.443, ""Ransomware"": 0.945, ""SQL_injection"": 0.999, ""Uploading"": 0.398, ""Vulnerability_scanner"": 0.839, ""XSS"": 0.062}","[0.4074, 0.4715, 0.4868, 0.5105, 0.5378, 0.5661, 0.5825, 0.5836, 0.5889, 0.5903, 0.5914, 0.5969, 0.5935, 0.597, 0.5968, 0.5961, 0.5974, 0.636, 0.6015, 0.6033, 0.6337, 0.6356, 0.6349, 0.6349, 0.6357, 0.6357, 0.6394, 0.6349, 0.6428, 0.6467]","[0.5141, 0.346, 0.4774, 0.604, 0.4374, 0.3215, 0.2325, 0.3838, 0.2371, 0.2758]",4.7,70,240,60,60,"[0, 0, 0, 0, 1, 1, 1, 2, 1, 1, 3, 2, 4, 4, 3, 3, 2, 2, 4, 4, 3, 3, 3, 4, 3, 2, 4, 2, 4, 4]","[0, 0, 30, 4, 24, 12, 30, 21, 30, 19]",1.5,,,,,,,,,,,,,,,
faithful_root_t-0.3_kappa1.5,faithful_root,-0.3,adaptive_f30,5,3,30,0.6418740478042888,0.6615972601026507,0.8129134988450066,1.0,0.0,0.0008144980655670943,0.6375666666666667,"{""Backdoor"": 0.443, ""DDoS_HTTP"": 0.94, ""DDoS_ICMP"": 0.958, ""DDoS_TCP"": 0.966, ""DDoS_UDP"": 0.814, ""Fingerprinting"": 0.0, ""MITM"": 0.979, ""Normal"": 1.0, ""Password"": 0.119, ""Port_Scanning"": 0.482, ""Ransomware"": 0.959, ""SQL_injection"": 0.49, ""Uploading"": 0.703, ""Vulnerability_scanner"": 0.826, ""XSS"": 0.245}","[0.2967, 0.4289, 0.4982, 0.507, 0.5128, 0.532, 0.5392, 0.5358, 0.551, 0.5651, 0.5873, 0.5929, 0.604, 0.6054, 0.5938, 0.5978, 0.6073, 0.6072, 0.638, 0.6388, 0.6413, 0.6466, 0.6477, 0.6457, 0.6475, 0.6442, 0.641, 0.6353, 0.6355, 0.6419]","[0.5141, 0.346, 0.4774, 0.604, 0.4374, 0.3215, 0.2325, 0.3838, 0.2371, 0.2758]",4.6,51,210,0,90,"[0, 0, 0, 1, 1, 1, 1, 1, 1, 1, 1, 1, 2, 2, 2, 2, 2, 2, 2, 2, 2, 2, 2, 3, 2, 3, 3, 4, 3, 2]","[30, 30, 30, 3, 13, 26, 30, 27, 30, 30]",1.5,,,,,,,,,,,,,,,
faithful_root_t-0.3_kappa2.5,faithful_root,-0.3,none,5,0,30,0.7017839656137383,0.7116727210551398,0.8434142950054946,1.0,0.0,0.0,0.6795,"{""Backdoor"": 0.762, ""DDoS_HTTP"": 0.617, ""DDoS_ICMP"": 0.995, ""DDoS_TCP"": 0.8, ""DDoS_UDP"": 0.995, ""Fingerprinting"": 0.07, ""MITM"": 1.0, ""Normal"": 1.0, ""Password"": 0.119, ""Port_Scanning"": 0.73, ""Ransomware"": 0.576, ""SQL_injection"": 0.982, ""Uploading"": 0.397, ""Vulnerability_scanner"": 0.818, ""XSS"": 0.814}","[0.4114, 0.4963, 0.5236, 0.5492, 0.5868, 0.5935, 0.6079, 0.6128, 0.6159, 0.6517, 0.662, 0.6629, 0.6633, 0.6476, 0.6604, 0.6615, 0.6634, 0.6677, 0.6459, 0.6757, 0.6584, 0.6928, 0.6652, 0.6518, 0.6945, 0.6901, 0.6898, 0.6794, 0.6573, 0.7018]","[0.5141, 0.346, 0.4774, 0.604, 0.4374, 0.3215, 0.2325, 0.3838, 0.2371, 0.2758]",4.8,15,300,0,0,"[0, 0, 0, 0, 0, 0, 0, 0, 0, 0, 0, 0, 0, 0, 0, 0, 0, 0, 0, 2, 0, 2, 0, 2, 2, 1, 3, 0, 1, 2]","[30, 30, 30, 26, 30, 30, 30, 24, 30, 25]",2.5,,,,,0.026482213438735174,-0.15704874835309615,-0.08785714285714284,0.2,0.4,0.21014492753623185,0.23254281949934125,0.8328571428571427,0.7,0.6,-0.12676334779491943
faithful_root_t-0.3_kappa2.5,faithful_root,-0.3,signflip,5,2,30,0.690864893344569,0.7075935931509068,0.8434142950054946,1.0,0.0,0.0,0.6660333333333334,"{""Backdoor"": 0.669, ""DDoS_HTTP"": 0.614, ""DDoS_ICMP"": 0.996, ""DDoS_TCP"": 1.0, ""DDoS_UDP"": 0.992, ""Fingerprinting"": 0.0, ""MITM"": 1.0, ""Normal"": 1.0, ""Password"": 0.119, ""Port_Scanning"": 0.443, ""Ransomware"": 0.769, ""SQL_injection"": 0.999, ""Uploading"": 0.398, ""Vulnerability_scanner"": 0.838, ""XSS"": 0.777}","[0.4074, 0.4715, 0.4868, 0.5105, 0.5241, 0.5592, 0.5796, 0.587, 0.6293, 0.6307, 0.6399, 0.6407, 0.679, 0.6407, 0.6456, 0.6791, 0.6487, 0.6486, 0.6709, 0.656, 0.6446, 0.6931, 0.6553, 0.6646, 0.6789, 0.6548, 0.6781, 0.6471, 0.6601, 0.6909]","[0.5141, 0.346, 0.4774, 0.604, 0.4374, 0.3215, 0.2325, 0.3838, 0.2371, 0.2758]",6.5,10,240,60,60,"[0, 0, 0, 0, 0, 0, 0, 0, 0, 0, 0, 0, 1, 0, 0, 1, 0, 0, 1, 0, 0, 2, 0, 1, 1, 0, 1, 0, 0, 2]","[0, 0, 30, 30, 30, 30, 30, 23, 30, 27]",2.5,,,,,,,,,,,,,,,
faithful_root_t-0.3_kappa2.5,faithful_root,-0.3,adaptive_f30,5,3,30,0.6822548276717979,0.6986080215402541,0.8372917087173967,1.0,0.0,0.0,0.6737333333333333,"{""Backdoor"": 0.443, ""DDoS_HTTP"": 0.614, ""DDoS_ICMP"": 0.98, ""DDoS_TCP"": 1.0, ""DDoS_UDP"": 0.97, ""Fingerprinting"": 0.0, ""MITM"": 1.0, ""Normal"": 1.0, ""Password"": 0.119, ""Port_Scanning"": 0.443, ""Ransomware"": 0.951, ""SQL_injection"": 0.812, ""Uploading"": 0.504, ""Vulnerability_scanner"": 0.799, ""XSS"": 0.844}","[0.3088, 0.418, 0.4413, 0.4682, 0.4734, 0.4953, 0.5142, 0.5773, 0.6103, 0.6125, 0.6218, 0.6235, 0.6351, 0.6511, 0.6463, 0.6739, 0.673, 0.6689, 0.6668, 0.6705, 0.6766, 0.6723, 0.6746, 0.6731, 0.6798, 0.6804, 0.6751, 0.6673, 0.6716, 0.6823]","[0.5141, 0.346, 0.4774, 0.604, 0.4374, 0.3215, 0.2325, 0.3838, 0.2371, 0.2758]",6.7,1,210,0,90,"[0, 0, 0, 0, 0, 0, 0, 0, 0, 0, 0, 0, 0, 0, 0, 0, 0, 0, 0, 0, 0, 0, 0, 0, 0, 0, 0, 0, 0, 1]","[30, 30, 30, 30, 30, 30, 30, 29, 30, 30]",2.5,,,,,,,,,,,,,,,
faithful_root_t-0.3_kappa5.0,faithful_root,-0.3,none,5,0,30,0.7027349934328194,0.7128752744885408,0.8444235125255107,1.0,0.0,0.0,0.6890000000000001,"{""Backdoor"": 0.787, ""DDoS_HTTP"": 0.616, ""DDoS_ICMP"": 0.995, ""DDoS_TCP"": 0.805, ""DDoS_UDP"": 0.995, ""Fingerprinting"": 0.065, ""MITM"": 1.0, ""Normal"": 1.0, ""Password"": 0.123, ""Port_Scanning"": 0.725, ""Ransomware"": 0.566, ""SQL_injection"": 0.982, ""Uploading"": 0.397, ""Vulnerability_scanner"": 0.82, ""XSS"": 0.816}","[0.4114, 0.4963, 0.5236, 0.5492, 0.5868, 0.5935, 0.6079, 0.6128, 0.6159, 0.6517, 0.662, 0.6629, 0.6633, 0.6476, 0.6604, 0.6615, 0.6634, 0.6677, 0.6459, 0.6832, 0.6584, 0.693, 0.6648, 0.6888, 0.6828, 0.6791, 0.6866, 0.6786, 0.6857, 0.7027]","[0.5141, 0.346, 0.4774, 0.604, 0.4374, 0.3215, 0.2325, 0.3838, 0.2371, 0.2758]",5.4,8,300,0,0,"[0, 0, 0, 0, 0, 0, 0, 0, 0, 0, 0, 0, 0, 0, 0, 0, 0, 0, 0, 1, 0, 2, 0, 1, 1, 0, 1, 0, 0, 2]","[30, 30, 30, 30, 30, 30, 30, 25, 30, 27]",5.0,,,,,0.026482213438735174,-0.15704874835309615,-0.08785714285714284,0.2,0.4,0.21014492753623185,0.23254281949934125,0.8328571428571427,0.7,0.6,0.14704980056384323
faithful_root_t-0.3_kappa5.0,faithful_root,-0.3,signflip,5,2,30,0.690864893344569,0.7075935931509068,0.8434142950054946,1.0,0.0,0.0,0.6660333333333334,"{""Backdoor"": 0.669, ""DDoS_HTTP"": 0.614, ""DDoS_ICMP"": 0.996, ""DDoS_TCP"": 1.0, ""DDoS_UDP"": 0.992, ""Fingerprinting"": 0.0, ""MITM"": 1.0, ""Normal"": 1.0, ""Password"": 0.119, ""Port_Scanning"": 0.443, ""Ransomware"": 0.769, ""SQL_injection"": 0.999, ""Uploading"": 0.398, ""Vulnerability_scanner"": 0.838, ""XSS"": 0.777}","[0.4074, 0.4715, 0.4868, 0.5105, 0.5241, 0.5592, 0.5796, 0.587, 0.6293, 0.6307, 0.6399, 0.6407, 0.679, 0.6407, 0.6456, 0.6791, 0.6487, 0.6486, 0.6709, 0.656, 0.6446, 0.6931, 0.6553, 0.6646, 0.6789, 0.6548, 0.6781, 0.6471, 0.6601, 0.6909]","[0.5141, 0.346, 0.4774, 0.604, 0.4374, 0.3215, 0.2325, 0.3838, 0.2371, 0.2758]",5.9,10,240,60,60,"[0, 0, 0, 0, 0, 0, 0, 0, 0, 0, 0, 0, 1, 0, 0, 1, 0, 0, 1, 0, 0, 2, 0, 1, 1, 0, 1, 0, 0, 2]","[0, 0, 30, 30, 30, 30, 30, 23, 30, 27]",5.0,,,,,,,,,,,,,,,
faithful_root_t-0.3_kappa5.0,faithful_root,-0.3,adaptive_f30,5,3,30,0.6065196204163971,0.6451370421888197,0.8008477427168136,1.0,0.0,0.0,0.6143333333333333,"{""Backdoor"": 0.443, ""DDoS_HTTP"": 0.34, ""DDoS_ICMP"": 0.979, ""DDoS_TCP"": 1.0, ""DDoS_UDP"": 0.936, ""Fingerprinting"": 0.0, ""MITM"": 1.0, ""Normal"": 1.0, ""Password"": 0.132, ""Port_Scanning"": 0.0, ""Ransomware"": 0.886, ""SQL_injection"": 0.557, ""Uploading"": 0.68, ""Vulnerability_scanner"": 0.797, ""XSS"": 0.927}","[0.3183, 0.4419, 0.4527, 0.462, 0.4873, 0.5198, 0.531, 0.5128, 0.533, 0.4926, 0.5899, 0.6026, 0.619, 0.6203, 0.6156, 0.6207, 0.6144, 0.6122, 0.6209, 0.6142, 0.6259, 0.6238, 0.622, 0.6289, 0.6365, 0.6307, 0.6245, 0.6135, 0.623, 0.6065]","[0.5141, 0.346, 0.4774, 0.604, 0.4374, 0.3215, 0.2325, 0.3838, 0.2371, 0.2758]",5.4,1,210,0,90,"[0, 0, 0, 0, 0, 0, 0, 0, 0, 0, 0, 0, 0, 0, 0, 0, 0, 0, 0, 0, 0, 0, 0, 0, 0, 0, 0, 0, 0, 1]","[30, 30, 30, 30, 30, 30, 30, 29, 30, 30]",5.0,,,,,,,,,,,,,,,
faithful_root_t-0.3_clip,faithful_root,-0.3,none,5,0,30,0.6818368183280744,0.6995449165438875,0.8381215097894099,1.0,0.0,0.0,0.6612,"{""Backdoor"": 0.443, ""DDoS_HTTP"": 0.858, ""DDoS_ICMP"": 0.995, ""DDoS_TCP"": 0.793, ""DDoS_UDP"": 0.994, ""Fingerprinting"": 0.0, ""MITM"": 1.0, ""Normal"": 1.0, ""Password"": 0.119, ""Port_Scanning"": 0.741, ""Ransomware"": 0.849, ""SQL_injection"": 0.982, ""Uploading"": 0.397, ""Vulnerability_scanner"": 0.836, ""XSS"": 0.486}","[0.4116, 0.4919, 0.5163, 0.5321, 0.5697, 0.5786, 0.5838, 0.5901, 0.5987, 0.6039, 0.6079, 0.6105, 0.6104, 0.6082, 0.6094, 0.6435, 0.6436, 0.6447, 0.6438, 0.6451, 0.6451, 0.672, 0.6555, 0.6479, 0.6644, 0.659, 0.6725, 0.653, 0.6488, 0.6818]","[0.5141, 0.346, 0.4774, 0.604, 0.4374, 0.3215, 0.2325, 0.3838, 0.2371, 0.2758]",5.6,6,300,0,0,"[0, 0, 0, 0, 0, 0, 0, 0, 0, 0, 0, 0, 0, 0, 0, 0, 0, 0, 0, 0, 0, 2, 0, 0, 1, 0, 1, 0, 0, 2]","[30, 30, 30, 30, 30, 30, 30, 27, 30, 27]",3.5,1.0,,,,0.026482213438735174,-0.15704874835309615,-0.08785714285714284,0.2,0.4,0.1882740447957839,0.23820816864295125,0.8342857142857142,0.7,0.6,0.17407765595569782
faithful_root_t-0.3_clip,faithful_root,-0.3,backdoor,5,2,30,0.6459752929935217,0.6758733378551037,0.8220861647491534,0.9999185501934433,0.0,0.9921400936672775,0.6509333333333333,"{""Backdoor"": 0.443, ""DDoS_HTTP"": 0.966, ""DDoS_ICMP"": 0.98, ""DDoS_TCP"": 0.806, ""DDoS_UDP"": 0.991, ""Fingerprinting"": 0.0, ""MITM"": 1.0, ""Normal"": 1.0, ""Password"": 0.121, ""Port_Scanning"": 0.647, ""Ransomware"": 0.886, ""SQL_injection"": 0.982, ""Uploading"": 0.397, ""Vulnerability_scanner"": 0.822, ""XSS"": 0.098}","[0.2885, 0.4608, 0.5208, 0.5214, 0.5249, 0.5379, 0.571, 0.5818, 0.5896, 0.5923, 0.5955, 0.5994, 0.6343, 0.6346, 0.6346, 0.6352, 0.6356, 0.6368, 0.6377, 0.6369, 0.6367, 0.6387, 0.6418, 0.6557, 0.647, 0.6475, 0.6434, 0.647, 0.6598, 0.646]","[0.5141, 0.346, 0.4774, 0.604, 0.4374, 0.3215, 0.2325, 0.3838, 0.2371, 0.2758]",5.3,4,240,0,60,"[0, 0, 0, 0, 0, 0, 0, 0, 0, 0, 0, 0, 0, 0, 0, 0, 0, 0, 0, 0, 0, 0, 0, 2, 0, 0, 0, 1, 1, 0]","[30, 30, 30, 30, 30, 30, 30, 28, 30, 28]",3.5,1.0,,,,,,,,,,,,,,
faithful_root_t-0.3_clip,faithful_root,-0.3,backdoor_boost,5,2,30,0.6417516938447657,0.675654469476168,0.8219291753571508,1.0,0.0,0.001710445937690898,0.6522,"{""Backdoor"": 0.443, ""DDoS_HTTP"": 0.966, ""DDoS_ICMP"": 0.991, ""DDoS_TCP"": 0.996, ""DDoS_UDP"": 0.99, ""Fingerprinting"": 0.0, ""MITM"": 1.0, ""Normal"": 1.0, ""Password"": 0.119, ""Port_Scanning"": 0.443, ""Ransomware"": 0.886, ""SQL_injection"": 0.982, ""Uploading"": 0.397, ""Vulnerability_scanner"": 0.824, ""XSS"": 0.098}","[0.2885, 0.4796, 0.4758, 0.4798, 0.4986, 0.541, 0.573, 0.5768, 0.5864, 0.592, 0.6313, 0.6337, 0.6342, 0.6343, 0.6338, 0.6342, 0.6365, 0.637, 0.6371, 0.6371, 0.6373, 0.6366, 0.6364, 0.6468, 0.642, 0.642, 0.6364, 0.673, 0.6418, 0.6418]","[0.5141, 0.346, 0.4774, 0.604, 0.4374, 0.3215, 0.2325, 0.3838, 0.2371, 0.2758]",4.8,10,240,56,60,"[0, 0, 0, 0, 0, 0, 0, 0, 0, 0, 0, 0, 0, 0, 1, 0, 1, 1, 0, 1, 0, 0, 0, 2, 0, 1, 0, 2, 0, 1]","[1, 3, 30, 30, 30, 30, 30, 24, 30, 26]",3.5,1.0,,,,,,,,,,,,,,
faithful_root_t-0.3_clip,faithful_root,-0.3,adaptive_f30,5,3,30,0.6734688434672902,0.6900609607540418,0.8314831012133037,1.0,0.0,0.0,0.6624666666666666,"{""Backdoor"": 0.443, ""DDoS_HTTP"": 0.626, ""DDoS_ICMP"": 0.985, ""DDoS_TCP"": 1.0, ""DDoS_UDP"": 0.874, ""Fingerprinting"": 0.0, ""MITM"": 1.0, ""Normal"": 1.0, ""Password"": 0.119, ""Port_Scanning"": 0.443, ""Ransomware"": 0.945, ""SQL_injection"": 0.963, ""Uploading"": 0.421, ""Vulnerability_scanner"": 0.81, ""XSS"": 0.724}","[0.294, 0.4158, 0.4928, 0.5164, 0.5234, 0.5361, 0.543, 0.5455, 0.5527, 0.5655, 0.6134, 0.6229, 0.6279, 0.6394, 0.6362, 0.6483, 0.6476, 0.6503, 0.6482, 0.6473, 0.6467, 0.6484, 0.6498, 0.6498, 0.6557, 0.6595, 0.6722, 0.6607, 0.6532, 0.6735]","[0.5141, 0.346, 0.4774, 0.604, 0.4374, 0.3215, 0.2325, 0.3838, 0.2371, 0.2758]",4.8,2,210,0,90,"[0, 0, 0, 0, 0, 0, 0, 0, 0, 0, 0, 0, 0, 0, 0, 0, 0, 0, 0, 0, 0, 0, 0, 0, 0, 0, 1, 0, 0, 1]","[30, 30, 30, 30, 30, 30, 30, 28, 30, 30]",3.5,1.0,,,,,,,,,,,,,,
faithful_root_t-0.3_clip,faithful_root,-0.3,signflip,5,2,30,0.6738226152739661,0.6956969019240489,0.835497544237368,1.0,0.0,0.0,0.6515666666666666,"{""Backdoor"": 0.443, ""DDoS_HTTP"": 0.92, ""DDoS_ICMP"": 0.996, ""DDoS_TCP"": 0.991, ""DDoS_UDP"": 0.99, ""Fingerprinting"": 0.0, ""MITM"": 1.0, ""Normal"": 1.0, ""Password"": 0.119, ""Port_Scanning"": 0.452, ""Ransomware"": 0.886, ""SQL_injection"": 0.982, ""Uploading"": 0.398, ""Vulnerability_scanner"": 0.839, ""XSS"": 0.42}","[0.4071, 0.4687, 0.4851, 0.5006, 0.5197, 0.5582, 0.5681, 0.5751, 0.5832, 0.5902, 0.5938, 0.5954, 0.6339, 0.6305, 0.6309, 0.6309, 0.6321, 0.6319, 0.6321, 0.6463, 0.6329, 0.6654, 0.6451, 0.6429, 0.6659, 0.6468, 0.6567, 0.6405, 0.6404, 0.6738]","[0.5141, 0.346, 0.4774, 0.604, 0.4374, 0.3215, 0.2325, 0.3838, 0.2371, 0.2758]",5.0,10,240,60,60,"[0, 0, 0, 0, 0, 0, 0, 0, 0, 0, 0, 0, 1, 0, 0, 0, 1, 0, 0, 1, 0, 2, 0, 1, 1, 0, 1, 0, 0, 2]","[0, 0, 30, 30, 30, 30, 30, 24, 30, 26]",3.5,1.0,,,,,,,,,,,,,,
faithful_root_t-0.3_clipnoise_z0.5,faithful_root,-0.3,none,5,0,30,0.6611649145536928,0.6880785813756334,0.8239476103971831,1.0,0.0,0.0,0.6497,"{""Backdoor"": 0.899, ""DDoS_HTTP"": 0.99, ""DDoS_ICMP"": 0.995, ""DDoS_TCP"": 0.996, ""DDoS_UDP"": 0.989, ""Fingerprinting"": 0.16, ""MITM"": 0.996, ""Normal"": 1.0, ""Password"": 0.178, ""Port_Scanning"": 0.524, ""Ransomware"": 0.457, ""SQL_injection"": 0.807, ""Uploading"": 0.471, ""Vulnerability_scanner"": 0.841, ""XSS"": 0.019}","[0.2493, 0.4031, 0.524, 0.5506, 0.5931, 0.5992, 0.6461, 0.6445, 0.6356, 0.6622, 0.6372, 0.628, 0.6245, 0.6284, 0.6359, 0.6384, 0.649, 0.6462, 0.6429, 0.6415, 0.6401, 0.6571, 0.6625, 0.6589, 0.6714, 0.6764, 0.6365, 0.6429, 0.645, 0.6612]","[0.5141, 0.346, 0.4774, 0.604, 0.4374, 0.3215, 0.2325, 0.3838, 0.2371, 0.2758]",6.3,4,300,0,0,"[0, 0, 0, 0, 0, 0, 0, 0, 0, 0, 0, 0, 0, 0, 0, 1, 0, 0, 0, 0, 0, 1, 0, 0, 0, 0, 0, 0, 0, 2]","[30, 30, 30, 30, 30, 30, 30, 28, 30, 28]",3.5,1.0,0.5,,112.56537912599764,0.2281949934123847,0.03241106719367589,0.003928571428571441,0.5,0.5,0.14216073781291172,0.21620553359683792,0.8278571428571426,0.7,0.6,0.17407765595569782
faithful_root_t-0.3_clipnoise_z0.5,faithful_root,-0.3,backdoor,5,2,30,0.6702796374245553,0.6867090435012155,0.8308551436452937,1.0,0.0,0.9957646100590511,0.6650333333333333,"{""Backdoor"": 0.44, ""DDoS_HTTP"": 0.78, ""DDoS_ICMP"": 0.996, ""DDoS_TCP"": 0.83, ""DDoS_UDP"": 0.99, ""Fingerprinting"": 0.0, ""MITM"": 0.963, ""Normal"": 1.0, ""Password"": 0.119, ""Port_Scanning"": 0.606, ""Ransomware"": 0.896, ""SQL_injection"": 0.998, ""Uploading"": 0.409, ""Vulnerability_scanner"": 0.784, ""XSS"": 0.49}","[0.2194, 0.3491, 0.4463, 0.5095, 0.5263, 0.5567, 0.5798, 0.5904, 0.5895, 0.5997, 0.6146, 0.6041, 0.643, 0.6377, 0.6371, 0.6485, 0.6678, 0.6621, 0.6708, 0.6545, 0.6425, 0.6536, 0.6707, 0.6793, 0.677, 0.6606, 0.6383, 0.642, 0.6828, 0.6703]","[0.5141, 0.346, 0.4774, 0.604, 0.4374, 0.3215, 0.2325, 0.3838, 0.2371, 0.2758]",5.1,3,240,0,60,"[0, 0, 0, 0, 0, 0, 0, 0, 0, 0, 0, 0, 0, 0, 0, 0, 0, 0, 0, 0, 0, 0, 0, 1, 0, 0, 0, 0, 2, 0]","[30, 30, 30, 30, 30, 30, 30, 28, 30, 29]",3.5,1.0,0.5,,112.56537912599764,,,,,,,,,,,
faithful_root_t-0.3_clipnoise_z0.5,faithful_root,-0.3,backdoor_boost,5,2,30,0.639683388865562,0.6757861455869567,0.8234542151651753,1.0,0.0,0.012136021176949705,0.6492,"{""Backdoor"": 0.442, ""DDoS_HTTP"": 0.99, ""DDoS_ICMP"": 0.998, ""DDoS_TCP"": 0.996, ""DDoS_UDP"": 0.971, ""Fingerprinting"": 0.0, ""MITM"": 0.963, ""Normal"": 1.0, ""Password"": 0.103, ""Port_Scanning"": 0.443, ""Ransomware"": 0.956, ""SQL_injection"": 0.997, ""Uploading"": 0.415, ""Vulnerability_scanner"": 0.811, ""XSS"": 0.053}","[0.2194, 0.3503, 0.4465, 0.5058, 0.5047, 0.5362, 0.56, 0.5797, 0.6106, 0.5891, 0.6077, 0.5945, 0.6364, 0.6408, 0.6343, 0.64, 0.6618, 0.6423, 0.6661, 0.643, 0.6357, 0.6458, 0.6487, 0.6785, 0.6572, 0.6388, 0.6368, 0.6613, 0.6466, 0.6397]","[0.5141, 0.346, 0.4774, 0.604, 0.4374, 0.3215, 0.2325, 0.3838, 0.2371, 0.2758]",4.8,4,240,52,60,"[0, 0, 0, 0, 0, 0, 0, 0, 0, 0, 0, 0, 0, 0, 0, 0, 0, 1, 0, 0, 0, 0, 0, 1, 0, 0, 0, 2, 0, 0]","[3, 5, 30, 30, 30, 30, 30, 27, 30, 29]",3.5,1.0,0.5,,112.56537912599764,,,,,,,,,,,
faithful_root_t-0.3_clipnoise_z0.5,faithful_root,-0.3,adaptive_f30,5,3,30,0.6451249654929695,0.6658348081939046,0.8149543609410392,1.0,0.0,0.0,0.6497,"{""Backdoor"": 0.46, ""DDoS_HTTP"": 0.814, ""DDoS_ICMP"": 0.993, ""DDoS_TCP"": 1.0, ""DDoS_UDP"": 0.907, ""Fingerprinting"": 0.0, ""MITM"": 1.0, ""Normal"": 1.0, ""Password"": 0.106, ""Port_Scanning"": 0.443, ""Ransomware"": 0.886, ""SQL_injection"": 0.357, ""Uploading"": 0.817, ""Vulnerability_scanner"": 0.828, ""XSS"": 0.376}","[0.2059, 0.2847, 0.3087, 0.3961, 0.416, 0.5041, 0.5458, 0.5901, 0.6028, 0.6418, 0.6067, 0.6003, 0.6058, 0.6093, 0.6339, 0.6364, 0.6384, 0.6439, 0.6481, 0.6432, 0.6487, 0.6468, 0.6684, 0.6718, 0.6727, 0.6813, 0.6631, 0.652, 0.652, 0.6451]","[0.5141, 0.346, 0.4774, 0.604, 0.4374, 0.3215, 0.2325, 0.3838, 0.2371, 0.2758]",4.9,1,210,0,90,"[0, 0, 0, 0, 0, 0, 0, 0, 0, 0, 0, 0, 0, 0, 0, 0, 0, 0, 0, 0, 0, 0, 0, 0, 0, 0, 0, 0, 0, 1]","[30, 30, 30, 30, 30, 30, 30, 29, 30, 30]",3.5,1.0,0.5,,112.56537912599764,,,,,,,,,,,
faithful_root_t-0.3_clipnoise_z0.5,faithful_root,-0.3,signflip,5,2,30,0.6551380496643043,0.6835929371130874,0.8242167350691875,1.0,0.0,0.0,0.6513666666666666,"{""Backdoor"": 0.896, ""DDoS_HTTP"": 0.986, ""DDoS_ICMP"": 0.999, ""DDoS_TCP"": 1.0, ""DDoS_UDP"": 0.987, ""Fingerprinting"": 0.13, ""MITM"": 0.942, ""Normal"": 1.0, ""Password"": 0.119, ""Port_Scanning"": 0.52, ""Ransomware"": 0.457, ""SQL_injection"": 0.759, ""Uploading"": 0.582, ""Vulnerability_scanner"": 0.841, ""XSS"": 0.037}","[0.2248, 0.3291, 0.4284, 0.5079, 0.577, 0.5752, 0.5849, 0.6205, 0.6299, 0.6421, 0.6342, 0.6225, 0.6222, 0.6288, 0.6366, 0.6341, 0.6459, 0.6476, 0.6533, 0.6336, 0.638, 0.6574, 0.6786, 0.6529, 0.6812, 0.6795, 0.6416, 0.6455, 0.6535, 0.6551]","[0.5141, 0.346, 0.4774, 0.604, 0.4374, 0.3215, 0.2325, 0.3838, 0.2371, 0.2758]",4.8,6,240,60,60,"[0, 0, 0, 0, 0, 0, 0, 0, 0, 0, 0, 0, 0, 0, 1, 0, 0, 0, 0, 0, 0, 1, 0, 0, 1, 0, 0, 1, 0, 2]","[0, 0, 30, 30, 30, 30, 30, 28, 30, 26]",3.5,1.0,0.5,,112.56537912599764,,,,,,,,,,,
faithful_root_t-0.3_all_z0.5,faithful_root,-0.3,none,5,0,30,0.6471006592277901,0.6816606348574589,0.8259884724932158,1.0,0.0,0.0,0.6430333333333333,"{""Backdoor"": 0.899, ""DDoS_HTTP"": 0.989, ""DDoS_ICMP"": 0.995, ""DDoS_TCP"": 0.913, ""DDoS_UDP"": 0.993, ""Fingerprinting"": 0.0, ""MITM"": 1.0, ""Normal"": 1.0, ""Password"": 0.119, ""Port_Scanning"": 0.534, ""Ransomware"": 0.494, ""SQL_injection"": 0.982, ""Uploading"": 0.405, ""Vulnerability_scanner"": 0.839, ""XSS"": 0.063}","[0.2918, 0.4581, 0.5338, 0.5358, 0.5922, 0.5983, 0.6045, 0.5951, 0.5946, 0.6154, 0.6072, 0.6033, 0.6037, 0.5974, 0.5993, 0.6038, 0.6133, 0.6374, 0.6401, 0.6485, 0.6447, 0.6514, 0.6577, 0.658, 0.6533, 0.6575, 0.6483, 0.6414, 0.6406, 0.6471]","[0.5141, 0.346, 0.4774, 0.604, 0.4374, 0.3215, 0.2325, 0.3838, 0.2371, 0.2758]",5.4,3,300,0,0,"[0, 0, 0, 0, 0, 0, 0, 0, 0, 0, 0, 0, 0, 0, 0, 0, 0, 0, 0, 0, 0, 1, 0, 0, 0, 0, 0, 0, 0, 2]","[30, 30, 30, 30, 30, 30, 30, 29, 30, 28]",3.5,1.0,0.5,3.0,112.56537912599764,0.2281949934123847,0.03241106719367589,0.003928571428571441,0.5,0.5,0.1644268774703557,0.23530961791831356,0.8278571428571428,0.7,0.5,0.19894973017461143
faithful_root_t-0.3_all_z0.5,faithful_root,-0.3,backdoor,5,2,30,0.6583976486412987,0.6803743319820195,0.8251138173092019,1.0,0.0,0.4319283241702301,0.6556666666666667,"{""Backdoor"": 0.443, ""DDoS_HTTP"": 0.851, ""DDoS_ICMP"": 0.994, ""DDoS_TCP"": 0.947, ""DDoS_UDP"": 0.989, ""Fingerprinting"": 0.0, ""MITM"": 1.0, ""Normal"": 1.0, ""Password"": 0.119, ""Port_Scanning"": 0.487, ""Ransomware"": 0.895, ""SQL_injection"": 0.978, ""Uploading"": 0.397, ""Vulnerability_scanner"": 0.78, ""XSS"": 0.325}","[0.2306, 0.3699, 0.4699, 0.5078, 0.5233, 0.5336, 0.5582, 0.5818, 0.5682, 0.5727, 0.6349, 0.6316, 0.6329, 0.6384, 0.6391, 0.6383, 0.6423, 0.6391, 0.6415, 0.6355, 0.6362, 0.6408, 0.6439, 0.6668, 0.6507, 0.6419, 0.6383, 0.643, 0.6656, 0.6584]","[0.5141, 0.346, 0.4774, 0.604, 0.4374, 0.3215, 0.2325, 0.3838, 0.2371, 0.2758]",6.2,3,240,0,60,"[0, 0, 0, 0, 0, 0, 0, 0, 0, 0, 0, 0, 0, 0, 0, 0, 0, 0, 0, 0, 0, 0, 0, 1, 0, 0, 0, 1, 1, 0]","[30, 30, 30, 30, 30, 30, 30, 28, 30, 29]",3.5,1.0,0.5,3.0,112.56537912599764,,,,,,,,,,,
faithful_root_t-0.3_all_z0.5,faithful_root,-0.3,backdoor_boost,5,2,30,0.6494247657389806,0.6767928781296013,0.822691695261163,1.0,0.0,0.0017918957442476075,0.6507333333333333,"{""Backdoor"": 0.443, ""DDoS_HTTP"": 0.903, ""DDoS_ICMP"": 0.998, ""DDoS_TCP"": 0.997, ""DDoS_UDP"": 0.988, ""Fingerprinting"": 0.0, ""MITM"": 1.0, ""Normal"": 1.0, ""Password"": 0.118, ""Port_Scanning"": 0.443, ""Ransomware"": 0.897, ""SQL_injection"": 0.981, ""Uploading"": 0.397, ""Vulnerability_scanner"": 0.793, ""XSS"": 0.194}","[0.2306, 0.3699, 0.473, 0.4874, 0.4709, 0.5217, 0.559, 0.5705, 0.5715, 0.6143, 0.6237, 0.6163, 0.6307, 0.6334, 0.6357, 0.643, 0.6399, 0.6476, 0.6451, 0.636, 0.6352, 0.6425, 0.6426, 0.6787, 0.6645, 0.6453, 0.6368, 0.6436, 0.6592, 0.6494]","[0.5141, 0.346, 0.4774, 0.604, 0.4374, 0.3215, 0.2325, 0.3838, 0.2371, 0.2758]",6.0,6,240,55,60,"[0, 0, 0, 0, 0, 0, 0, 0, 0, 0, 0, 0, 0, 0, 0, 0, 0, 2, 0, 0, 0, 0, 0, 2, 0, 0, 0, 1, 1, 0]","[2, 3, 30, 30, 30, 30, 30, 27, 30, 27]",3.5,1.0,0.5,3.0,112.56537912599764,,,,,,,,,,,
faithful_root_t-0.3_all_z0.5,faithful_root,-0.3,adaptive_f30,5,3,30,0.6334164028405487,0.6571626657866326,0.8099307003969589,1.0,0.0,0.0,0.6395333333333334,"{""Backdoor"": 0.442, ""DDoS_HTTP"": 0.851, ""DDoS_ICMP"": 0.999, ""DDoS_TCP"": 1.0, ""DDoS_UDP"": 0.905, ""Fingerprinting"": 0.0, ""MITM"": 0.979, ""Normal"": 1.0, ""Password"": 0.119, ""Port_Scanning"": 0.443, ""Ransomware"": 0.89, ""SQL_injection"": 0.446, ""Uploading"": 0.752, ""Vulnerability_scanner"": 0.839, ""XSS"": 0.192}","[0.2081, 0.3615, 0.3984, 0.3955, 0.4255, 0.5043, 0.5695, 0.5516, 0.5698, 0.5871, 0.5679, 0.5701, 0.571, 0.617, 0.5869, 0.6007, 0.6365, 0.6341, 0.6364, 0.6419, 0.6349, 0.6433, 0.6494, 0.6512, 0.6508, 0.6653, 0.6589, 0.645, 0.6402, 0.6334]","[0.5141, 0.346, 0.4774, 0.604, 0.4374, 0.3215, 0.2325, 0.3838, 0.2371, 0.2758]",5.6,1,210,0,90,"[0, 0, 0, 0, 0, 0, 0, 0, 0, 0, 0, 0, 0, 0, 0, 0, 0, 0, 0, 0, 0, 0, 0, 0, 0, 0, 0, 0, 0, 1]","[30, 30, 30, 30, 30, 30, 30, 29, 30, 30]",3.5,1.0,0.5,3.0,112.56537912599764,,,,,,,,,,,
faithful_root_t-0.3_all_z0.5,faithful_root,-0.3,signflip,5,2,30,0.6448279489299229,0.6812479729969374,0.8258539101572137,1.0,0.0,0.0,0.6389666666666667,"{""Backdoor"": 0.899, ""DDoS_HTTP"": 0.99, ""DDoS_ICMP"": 0.998, ""DDoS_TCP"": 1.0, ""DDoS_UDP"": 0.99, ""Fingerprinting"": 0.0, ""MITM"": 0.996, ""Normal"": 1.0, ""Password"": 0.121, ""Port_Scanning"": 0.443, ""Ransomware"": 0.494, ""SQL_injection"": 0.969, ""Uploading"": 0.425, ""Vulnerability_scanner"": 0.839, ""XSS"": 0.056}","[0.2632, 0.4231, 0.5121, 0.5127, 0.5384, 0.5635, 0.5827, 0.5684, 0.5794, 0.5876, 0.5835, 0.5805, 0.5827, 0.5901, 0.5951, 0.6001, 0.6096, 0.6015, 0.5964, 0.6421, 0.6338, 0.646, 0.6476, 0.6467, 0.6467, 0.6569, 0.6412, 0.6338, 0.6383, 0.6448]","[0.5141, 0.346, 0.4774, 0.604, 0.4374, 0.3215, 0.2325, 0.3838, 0.2371, 0.2758]",5.2,5,240,60,60,"[0, 0, 0, 0, 0, 0, 0, 0, 0, 0, 0, 0, 0, 0, 0, 1, 0, 0, 0, 0, 0, 1, 0, 0, 0, 1, 0, 0, 0, 2]","[0, 0, 30, 30, 30, 30, 30, 27, 30, 28]",3.5,1.0,0.5,3.0,112.56537912599764,,,,,,,,,,,
faithful_root_t-0.3_all_z1.0,faithful_root,-0.3,none,5,0,30,0.6293018439917468,0.6673585623396361,0.8170176500930723,1.0,0.0,0.0,0.6344666666666666,"{""Backdoor"": 0.896, ""DDoS_HTTP"": 0.99, ""DDoS_ICMP"": 0.996, ""DDoS_TCP"": 0.986, ""DDoS_UDP"": 0.989, ""Fingerprinting"": 0.0, ""MITM"": 0.979, ""Normal"": 1.0, ""Password"": 0.102, ""Port_Scanning"": 0.531, ""Ransomware"": 0.457, ""SQL_injection"": 0.597, ""Uploading"": 0.638, ""Vulnerability_scanner"": 0.839, ""XSS"": 0.01}","[0.1579, 0.2612, 0.3643, 0.4632, 0.5453, 0.57, 0.5936, 0.569, 0.5705, 0.6095, 0.6005, 0.6017, 0.5832, 0.596, 0.6044, 0.6108, 0.6016, 0.6089, 0.6069, 0.6116, 0.6102, 0.5995, 0.6259, 0.6242, 0.6223, 0.6627, 0.6171, 0.6362, 0.6379, 0.6293]","[0.5141, 0.346, 0.4774, 0.604, 0.4374, 0.3215, 0.2325, 0.3838, 0.2371, 0.2758]",5.5,1,300,0,0,"[0, 0, 0, 0, 0, 0, 0, 0, 0, 0, 0, 0, 0, 0, 0, 0, 0, 0, 0, 0, 0, 0, 0, 0, 0, 0, 0, 0, 0, 1]","[30, 30, 30, 30, 30, 30, 30, 29, 30, 30]",3.5,1.0,1.0,3.0,41.285057226388886,0.2281949934123847,0.03241106719367589,0.003928571428571441,0.5,0.5,0.16587615283267454,0.20645586297760213,0.8103571428571428,0.6,0.8,-0.058025885318565944
faithful_root_t-0.3_all_z1.0,faithful_root,-0.3,backdoor,5,2,30,0.6500546820919876,0.6708931069666692,0.8186099710690977,0.9998778252901649,0.0,0.12999389126450825,0.6473666666666666,"{""Backdoor"": 0.443, ""DDoS_HTTP"": 0.747, ""DDoS_ICMP"": 0.991, ""DDoS_TCP"": 0.996, ""DDoS_UDP"": 0.988, ""Fingerprinting"": 0.0, ""MITM"": 1.0, ""Normal"": 1.0, ""Password"": 0.115, ""Port_Scanning"": 0.443, ""Ransomware"": 0.894, ""SQL_injection"": 0.849, ""Uploading"": 0.471, ""Vulnerability_scanner"": 0.784, ""XSS"": 0.343}","[0.1202, 0.2162, 0.3207, 0.3354, 0.4361, 0.4933, 0.56, 0.5315, 0.5461, 0.5303, 0.5425, 0.564, 0.5641, 0.5624, 0.6191, 0.6409, 0.6476, 0.6302, 0.6309, 0.6289, 0.5919, 0.6434, 0.6547, 0.6155, 0.6613, 0.6628, 0.6512, 0.653, 0.639, 0.6501]","[0.5141, 0.346, 0.4774, 0.604, 0.4374, 0.3215, 0.2325, 0.3838, 0.2371, 0.2758]",5.0,0,240,0,60,"[0, 0, 0, 0, 0, 0, 0, 0, 0, 0, 0, 0, 0, 0, 0, 0, 0, 0, 0, 0, 0, 0, 0, 0, 0, 0, 0, 0, 0, 0]","[30, 30, 30, 30, 30, 30, 30, 30, 30, 30]",3.5,1.0,1.0,3.0,41.285057226388886,,,,,,,,,,,
faithful_root_t-0.3_all_z1.0,faithful_root,-0.3,backdoor_boost,5,2,30,0.6465663895570651,0.6706867803976736,0.818497835789096,1.0,0.0,0.0019547953573610262,0.6427999999999999,"{""Backdoor"": 0.443, ""DDoS_HTTP"": 0.816, ""DDoS_ICMP"": 0.987, ""DDoS_TCP"": 1.0, ""DDoS_UDP"": 0.987, ""Fingerprinting"": 0.0, ""MITM"": 1.0, ""Normal"": 1.0, ""Password"": 0.106, ""Port_Scanning"": 0.443, ""Ransomware"": 0.896, ""SQL_injection"": 0.879, ""Uploading"": 0.458, ""Vulnerability_scanner"": 0.79, ""XSS"": 0.255}","[0.1202, 0.2159, 0.3239, 0.3262, 0.4325, 0.4939, 0.5408, 0.543, 0.5295, 0.53, 0.5395, 0.5558, 0.5627, 0.5609, 0.6081, 0.5958, 0.6233, 0.6279, 0.5876, 0.5875, 0.5957, 0.6356, 0.6476, 0.5977, 0.6639, 0.6547, 0.6072, 0.6461, 0.6357, 0.6466]","[0.5141, 0.346, 0.4774, 0.604, 0.4374, 0.3215, 0.2325, 0.3838, 0.2371, 0.2758]",4.8,0,240,53,60,"[0, 0, 0, 0, 0, 0, 0, 0, 0, 0, 0, 0, 0, 0, 0, 0, 0, 0, 0, 0, 0, 0, 0, 0, 0, 0, 0, 0, 0, 0]","[2, 5, 30, 30, 30, 30, 30, 30, 30, 30]",3.5,1.0,1.0,3.0,41.285057226388886,,,,,,,,,,,
faithful_root_t-0.3_all_z1.0,faithful_root,-0.3,adaptive_f30,5,3,30,0.5708335090056754,0.605838053025466,0.799681535804795,1.0,0.0,0.0,0.5947666666666666,"{""Backdoor"": 0.439, ""DDoS_HTTP"": 0.987, ""DDoS_ICMP"": 0.999, ""DDoS_TCP"": 1.0, ""DDoS_UDP"": 0.907, ""Fingerprinting"": 0.0, ""MITM"": 0.362, ""Normal"": 1.0, ""Password"": 0.066, ""Port_Scanning"": 0.443, ""Ransomware"": 0.891, ""SQL_injection"": 0.276, ""Uploading"": 0.865, ""Vulnerability_scanner"": 0.84, ""XSS"": 0.012}","[0.1142, 0.1352, 0.2334, 0.3123, 0.2982, 0.41, 0.5447, 0.4378, 0.4691, 0.5489, 0.5488, 0.5311, 0.5158, 0.5094, 0.5702, 0.5663, 0.5593, 0.5814, 0.5987, 0.5935, 0.5554, 0.6097, 0.6407, 0.6323, 0.6204, 0.6304, 0.6078, 0.6244, 0.5891, 0.5708]","[0.5141, 0.346, 0.4774, 0.604, 0.4374, 0.3215, 0.2325, 0.3838, 0.2371, 0.2758]",5.1,0,210,0,90,"[0, 0, 0, 0, 0, 0, 0, 0, 0, 0, 0, 0, 0, 0, 0, 0, 0, 0, 0, 0, 0, 0, 0, 0, 0, 0, 0, 0, 0, 0]","[30, 30, 30, 30, 30, 30, 30, 30, 30, 30]",3.5,1.0,1.0,3.0,41.285057226388886,,,,,,,,,,,
faithful_root_t-0.3_all_z1.0,faithful_root,-0.3,signflip,5,2,30,0.5835022987703112,0.6167821565355752,0.8071945995649151,1.0,0.0,0.0,0.5887666666666665,"{""Backdoor"": 0.504, ""DDoS_HTTP"": 0.99, ""DDoS_ICMP"": 1.0, ""DDoS_TCP"": 1.0, ""DDoS_UDP"": 0.99, ""Fingerprinting"": 0.0, ""MITM"": 0.362, ""Normal"": 1.0, ""Password"": 0.066, ""Port_Scanning"": 0.443, ""Ransomware"": 0.837, ""SQL_injection"": 0.439, ""Uploading"": 0.772, ""Vulnerability_scanner"": 0.839, ""XSS"": 0.009}","[0.11, 0.1912, 0.2737, 0.3459, 0.4656, 0.5381, 0.5846, 0.5401, 0.5155, 0.5831, 0.5881, 0.5688, 0.5548, 0.5537, 0.5991, 0.5914, 0.5858, 0.5976, 0.5955, 0.601, 0.5941, 0.6039, 0.6356, 0.6183, 0.6111, 0.6163, 0.5956, 0.5912, 0.5916, 0.5835]","[0.5141, 0.346, 0.4774, 0.604, 0.4374, 0.3215, 0.2325, 0.3838, 0.2371, 0.2758]",4.8,1,240,60,60,"[0, 0, 0, 0, 0, 0, 0, 0, 0, 0, 0, 0, 0, 0, 0, 0, 0, 0, 0, 0, 0, 0, 0, 0, 0, 0, 0, 0, 0, 1]","[0, 0, 30, 30, 30, 30, 30, 29, 30, 30]",3.5,1.0,1.0,3.0,41.285057226388886,,,,,,,,,,,
faithful_root_t-0.3_all_z2.0,faithful_root,-0.3,none,5,0,30,0.5575219769470742,0.5919586719749277,0.7963174774047411,1.0,0.0,0.04781103644878843,0.5853666666666667,"{""Backdoor"": 0.459, ""DDoS_HTTP"": 0.974, ""DDoS_ICMP"": 0.995, ""DDoS_TCP"": 0.885, ""DDoS_UDP"": 0.912, ""Fingerprinting"": 0.0, ""MITM"": 0.214, ""Normal"": 1.0, ""Password"": 0.007, ""Port_Scanning"": 0.46, ""Ransomware"": 0.849, ""SQL_injection"": 0.633, ""Uploading"": 0.629, ""Vulnerability_scanner"": 0.843, ""XSS"": 0.02}","[0.071, 0.1158, 0.2044, 0.2301, 0.2994, 0.3493, 0.4383, 0.4509, 0.4204, 0.4611, 0.4928, 0.4579, 0.4809, 0.4833, 0.5061, 0.5429, 0.5538, 0.531, 0.599, 0.6156, 0.6197, 0.5997, 0.6129, 0.6229, 0.6325, 0.6414, 0.6211, 0.5907, 0.6079, 0.5575]","[0.5141, 0.346, 0.4774, 0.604, 0.4374, 0.3215, 0.2325, 0.3838, 0.2371, 0.2758]",5.1,0,300,0,0,"[0, 0, 0, 0, 0, 0, 0, 0, 0, 0, 0, 0, 0, 0, 0, 0, 0, 0, 0, 0, 0, 0, 0, 0, 0, 0, 0, 0, 0, 0]","[30, 30, 30, 30, 30, 30, 30, 30, 30, 30]",3.5,1.0,2.0,3.0,16.891338818048375,0.2281949934123847,0.03241106719367589,0.003928571428571441,0.5,0.5,0.17773386034255598,0.1772068511198946,0.8110714285714284,0.4,0.8,
faithful_root_t-0.3_all_z2.0,faithful_root,-0.3,backdoor,5,2,30,0.5708547612181181,0.5854132772407357,0.8005113368768082,0.9989411525147628,0.0,0.14734270006108735,0.5624666666666667,"{""Backdoor"": 0.445, ""DDoS_HTTP"": 0.614, ""DDoS_ICMP"": 0.991, ""DDoS_TCP"": 0.918, ""DDoS_UDP"": 0.846, ""Fingerprinting"": 0.0, ""MITM"": 0.0, ""Normal"": 1.0, ""Password"": 0.19, ""Port_Scanning"": 0.394, ""Ransomware"": 0.947, ""SQL_injection"": 0.843, ""Uploading"": 0.394, ""Vulnerability_scanner"": 0.355, ""XSS"": 0.844}","[0.0314, 0.1681, 0.2493, 0.2656, 0.2626, 0.222, 0.3793, 0.3904, 0.4165, 0.4247, 0.4214, 0.4391, 0.4774, 0.4892, 0.4974, 0.5362, 0.5518, 0.5599, 0.548, 0.5404, 0.5479, 0.5453, 0.5454, 0.5152, 0.5885, 0.5924, 0.5873, 0.5726, 0.5439, 0.5709]","[0.5141, 0.346, 0.4774, 0.604, 0.4374, 0.3215, 0.2325, 0.3838, 0.2371, 0.2758]",5.0,0,240,0,60,"[0, 0, 0, 0, 0, 0, 0, 0, 0, 0, 0, 0, 0, 0, 0, 0, 0, 0, 0, 0, 0, 0, 0, 0, 0, 0, 0, 0, 0, 0]","[30, 30, 30, 30, 30, 30, 30, 30, 30, 30]",3.5,1.0,2.0,3.0,16.891338818048375,,,,,,,,,,,
faithful_root_t-0.3_all_z2.0,faithful_root,-0.3,backdoor_boost,5,2,30,0.5427658947084218,0.5587264160075793,0.7823229944605171,0.9964569334147831,0.0,0.06365302382406841,0.5439333333333333,"{""Backdoor"": 0.443, ""DDoS_HTTP"": 0.526, ""DDoS_ICMP"": 0.993, ""DDoS_TCP"": 0.976, ""DDoS_UDP"": 0.789, ""Fingerprinting"": 0.0, ""MITM"": 0.0, ""Normal"": 1.0, ""Password"": 0.22, ""Port_Scanning"": 0.225, ""Ransomware"": 0.945, ""SQL_injection"": 0.8, ""Uploading"": 0.41, ""Vulnerability_scanner"": 0.363, ""XSS"": 0.691}","[0.0314, 0.1681, 0.2512, 0.2662, 0.2631, 0.2241, 0.3856, 0.3859, 0.4188, 0.4087, 0.4253, 0.4217, 0.4406, 0.4673, 0.4856, 0.5325, 0.5398, 0.5435, 0.5, 0.5414, 0.5075, 0.5038, 0.5135, 0.4893, 0.5722, 0.5189, 0.5744, 0.5562, 0.5328, 0.5428]","[0.5141, 0.346, 0.4774, 0.604, 0.4374, 0.3215, 0.2325, 0.3838, 0.2371, 0.2758]",4.9,0,240,45,60,"[0, 0, 0, 0, 0, 0, 0, 0, 0, 0, 0, 0, 0, 0, 0, 0, 0, 0, 0, 0, 0, 0, 0, 0, 0, 0, 0, 0, 0, 0]","[7, 8, 30, 30, 30, 30, 30, 30, 30, 30]",3.5,1.0,2.0,3.0,16.891338818048375,,,,,,,,,,,
faithful_root_t-0.3_all_z2.0,faithful_root,-0.3,adaptive_f30,5,3,30,0.5020361501583653,0.5408729876333349,0.7325125030837202,1.0,0.0018468603374263751,0.10462227652209326,0.5401666666666667,"{""Backdoor"": 0.456, ""DDoS_HTTP"": 0.375, ""DDoS_ICMP"": 0.929, ""DDoS_TCP"": 0.595, ""DDoS_UDP"": 0.951, ""Fingerprinting"": 0.0, ""MITM"": 0.93, ""Normal"": 0.998, ""Password"": 0.009, ""Port_Scanning"": 0.033, ""Ransomware"": 0.836, ""SQL_injection"": 0.683, ""Uploading"": 0.495, ""Vulnerability_scanner"": 0.567, ""XSS"": 0.257}","[0.0686, 0.0982, 0.1856, 0.1395, 0.1948, 0.1949, 0.2353, 0.2094, 0.2458, 0.2578, 0.3009, 0.2872, 0.2904, 0.2653, 0.3003, 0.3821, 0.3371, 0.3359, 0.3815, 0.3997, 0.4323, 0.4437, 0.4382, 0.4501, 0.4139, 0.4892, 0.4954, 0.5551, 0.5634, 0.502]","[0.5141, 0.346, 0.4774, 0.604, 0.4374, 0.3215, 0.2325, 0.3838, 0.2371, 0.2758]",4.8,0,210,0,90,"[0, 0, 0, 0, 0, 0, 0, 0, 0, 0, 0, 0, 0, 0, 0, 0, 0, 0, 0, 0, 0, 0, 0, 0, 0, 0, 0, 0, 0, 0]","[30, 30, 30, 30, 30, 30, 30, 30, 30, 30]",3.5,1.0,2.0,3.0,16.891338818048375,,,,,,,,,,,
faithful_root_t-0.3_all_z2.0,faithful_root,-0.3,signflip,5,2,30,0.5097123422601111,0.5540991330624817,0.768934042028303,1.0,0.0025955875012478786,0.0884952148238648,0.5207333333333334,"{""Backdoor"": 0.456, ""DDoS_HTTP"": 0.672, ""DDoS_ICMP"": 0.941, ""DDoS_TCP"": 0.999, ""DDoS_UDP"": 0.996, ""Fingerprinting"": 0.0, ""MITM"": 0.23, ""Normal"": 0.997, ""Password"": 0.085, ""Port_Scanning"": 0.092, ""Ransomware"": 0.861, ""SQL_injection"": 0.693, ""Uploading"": 0.546, ""Vulnerability_scanner"": 0.742, ""XSS"": 0.001}","[0.0689, 0.1018, 0.1869, 0.1633, 0.1879, 0.2224, 0.2795, 0.2327, 0.2937, 0.2882, 0.2994, 0.3892, 0.344, 0.366, 0.4085, 0.4659, 0.5421, 0.4425, 0.5019, 0.4462, 0.4445, 0.4926, 0.5189, 0.5266, 0.5656, 0.5627, 0.5517, 0.5378, 0.5147, 0.5097]","[0.5141, 0.346, 0.4774, 0.604, 0.4374, 0.3215, 0.2325, 0.3838, 0.2371, 0.2758]",4.8,0,240,60,60,"[0, 0, 0, 0, 0, 0, 0, 0, 0, 0, 0, 0, 0, 0, 0, 0, 0, 0, 0, 0, 0, 0, 0, 0, 0, 0, 0, 0, 0, 0]","[0, 0, 30, 30, 30, 30, 30, 30, 30, 30]",3.5,1.0,2.0,3.0,16.891338818048375,,,,,,,,,,,
local_only,local_only,,none,6,0,30,0.5421666693501623,0.602305641373069,0.7743456906411895,0.9999389126450826,0.0,6.108735491753207e-05,0.5421666693501623,"{""Backdoor"": 0.431, ""DDoS_HTTP"": 0.983, ""DDoS_ICMP"": 0.93, ""DDoS_TCP"": 0.561, ""DDoS_UDP"": 0.997, ""Fingerprinting"": 0.0, ""MITM"": 0.28, ""Normal"": 1.0, ""Password"": 0.971, ""Port_Scanning"": 1.0, ""Ransomware"": 0.832, ""SQL_injection"": 0.188, ""Uploading"": 0.4, ""Vulnerability_scanner"": 0.78, ""XSS"": 0.095}",[],"[0.5439, 0.5534, 0.2536, 0.2133, 0.4909, 0.3299, 0.2783, 0.3411, 0.225, 0.3492]",1.8,,,,,[],[],,,,,,,,,,,,,,,,
centralized,centralized,,none,6,0,30,0.7276914994158186,0.7219729056990388,0.8465540828455449,1.0,0.0,0.0,0.7237666666666667,"{""Backdoor"": 0.828, ""DDoS_HTTP"": 0.625, ""DDoS_ICMP"": 0.992, ""DDoS_TCP"": 0.636, ""DDoS_UDP"": 0.994, ""Fingerprinting"": 0.16, ""MITM"": 1.0, ""Normal"": 1.0, ""Password"": 0.593, ""Port_Scanning"": 0.892, ""Ransomware"": 0.561, ""SQL_injection"": 0.521, ""Uploading"": 0.402, ""Vulnerability_scanner"": 0.784, ""XSS"": 0.841}","[0.508, 0.566, 0.5974, 0.6063, 0.609, 0.6283, 0.6526, 0.6984, 0.7019, 0.7054, 0.7025, 0.7041, 0.7068, 0.7025, 0.7063, 0.719, 0.7246, 0.7244, 0.7244, 0.7268, 0.72, 0.7209, 0.722, 0.729, 0.7303, 0.7267, 0.7288, 0.7191, 0.7245, 0.7277]","[0.5439, 0.5534, 0.2536, 0.2133, 0.4909, 0.3299, 0.2783, 0.3411, 0.225, 0.3492]",1.6,,,,,[],[],,,,,,,,,,,,,,,,
fedavg,fedavg,,none,6,0,30,0.696151600632534,0.706303012639708,0.836932875821391,1.0,0.0,0.0,0.6957,"{""Backdoor"": 0.448, ""DDoS_HTTP"": 0.913, ""DDoS_ICMP"": 0.993, ""DDoS_TCP"": 0.569, ""DDoS_UDP"": 0.993, ""Fingerprinting"": 0.135, ""MITM"": 1.0, ""Normal"": 1.0, ""Password"": 0.823, ""Port_Scanning"": 0.952, ""Ransomware"": 0.83, ""SQL_injection"": 0.126, ""Uploading"": 0.521, ""Vulnerability_scanner"": 0.794, ""XSS"": 0.497}","[0.3976, 0.5295, 0.5836, 0.6036, 0.6455, 0.6551, 0.6506, 0.6583, 0.6716, 0.6651, 0.6755, 0.6659, 0.6679, 0.6881, 0.6859, 0.6878, 0.6831, 0.6745, 0.6914, 0.6755, 0.6861, 0.6849, 0.6861, 0.7027, 0.6807, 0.6974, 0.6896, 0.6955, 0.6954, 0.6962]","[0.5439, 0.5534, 0.2536, 0.2133, 0.4909, 0.3299, 0.2783, 0.3411, 0.225, 0.3492]",2.5,,,,,[],[],,,,,,0.16521739130434782,0.16996047430830039,0.8353571428571428,0.6,0.7,,,,,,
fedavg,fedavg,,signflip,6,2,30,0.0762352894572745,0.12791773690576408,0.4682993563434928,0.989778049277133,0.05460716781471498,0.1534921604561189,0.08039999999999999,"{""Backdoor"": 0.969, ""DDoS_HTTP"": 0.0, ""DDoS_ICMP"": 0.0, ""DDoS_TCP"": 0.004, ""DDoS_UDP"": 0.0, ""Fingerprinting"": 0.0, ""MITM"": 0.0, ""Normal"": 0.945, ""Password"": 0.0, ""Port_Scanning"": 0.0, ""Ransomware"": 0.0, ""SQL_injection"": 0.0, ""Uploading"": 0.0, ""Vulnerability_scanner"": 0.0, ""XSS"": 0.0}","[0.0945, 0.1669, 0.1945, 0.1914, 0.2076, 0.2028, 0.2064, 0.2, 0.1983, 0.1845, 0.1791, 0.1453, 0.1191, 0.1191, 0.1453, 0.1329, 0.1154, 0.1353, 0.1133, 0.1144, 0.116, 0.1182, 0.1206, 0.1089, 0.0813, 0.0766, 0.0847, 0.089, 0.076, 0.0762]","[0.5439, 0.5534, 0.2536, 0.2133, 0.4909, 0.3299, 0.2783, 0.3411, 0.225, 0.3492]",2.5,,,,,[],[],,,,,,,,,,,,,,,,
fedavg,fedavg,,labelflip,6,2,30,0.6612940169880125,0.6879700824744135,0.8262127430532195,1.0,0.0,0.0,0.6565666666666666,"{""Backdoor"": 0.902, ""DDoS_HTTP"": 0.625, ""DDoS_ICMP"": 0.979, ""DDoS_TCP"": 0.991, ""DDoS_UDP"": 0.994, ""Fingerprinting"": 0.09, ""MITM"": 1.0, ""Normal"": 1.0, ""Password"": 0.107, ""Port_Scanning"": 0.453, ""Ransomware"": 0.491, ""SQL_injection"": 0.049, ""Uploading"": 1.0, ""Vulnerability_scanner"": 0.788, ""XSS"": 0.85}","[0.3194, 0.4682, 0.4754, 0.4978, 0.5587, 0.5754, 0.6138, 0.6182, 0.6335, 0.6232, 0.6392, 0.6278, 0.6342, 0.637, 0.6401, 0.6397, 0.6404, 0.639, 0.651, 0.6405, 0.6421, 0.6414, 0.6446, 0.6464, 0.6425, 0.6445, 0.6466, 0.6529, 0.6555, 0.6613]","[0.5439, 0.5534, 0.2536, 0.2133, 0.4909, 0.3299, 0.2783, 0.3411, 0.225, 0.3492]",2.5,,,,,[],[],,,,,,,,,,,,,,,,
fedavg,fedavg,,targeted_flip,6,2,30,0.6553849832978111,0.6815369150441513,0.8255399313732087,0.9974343310934637,0.0,0.018285481571981267,0.6567999999999999,"{""Backdoor"": 0.902, ""DDoS_HTTP"": 0.657, ""DDoS_ICMP"": 0.987, ""DDoS_TCP"": 0.821, ""DDoS_UDP"": 0.997, ""Fingerprinting"": 0.0, ""MITM"": 1.0, ""Normal"": 1.0, ""Password"": 0.12, ""Port_Scanning"": 0.699, ""Ransomware"": 0.446, ""SQL_injection"": 0.086, ""Uploading"": 0.991, ""Vulnerability_scanner"": 0.821, ""XSS"": 0.698}","[0.2615, 0.3874, 0.5151, 0.5359, 0.5452, 0.6061, 0.6077, 0.613, 0.6289, 0.6284, 0.6329, 0.6331, 0.6341, 0.6358, 0.6446, 0.6454, 0.6523, 0.6511, 0.6547, 0.6502, 0.6548, 0.6554, 0.6566, 0.656, 0.6548, 0.6564, 0.6564, 0.6588, 0.6562, 0.6554]","[0.5439, 0.5534, 0.2536, 0.2133, 0.4909, 0.3299, 0.2783, 0.3411, 0.225, 0.3492]",2.4,,,,,[],[],,,,,,,,,,,,,,,,
fedavg,fedavg,,backdoor,6,2,30,0.6860272506202274,0.6970820665745399,0.8357890959653727,1.0,0.0,1.0,0.6970000000000001,"{""Backdoor"": 0.489, ""DDoS_HTTP"": 0.627, ""DDoS_ICMP"": 0.991, ""DDoS_TCP"": 0.656, ""DDoS_UDP"": 0.994, ""Fingerprinting"": 0.01, ""MITM"": 1.0, ""Normal"": 1.0, ""Password"": 0.154, ""Port_Scanning"": 0.871, ""Ransomware"": 0.831, ""SQL_injection"": 0.457, ""Uploading"": 0.754, ""Vulnerability_scanner"": 0.789, ""XSS"": 0.834}","[0.4315, 0.5573, 0.5711, 0.6123, 0.6233, 0.6253, 0.6343, 0.6415, 0.6385, 0.6397, 0.6459, 0.6433, 0.683, 0.6812, 0.6892, 0.6919, 0.6823, 0.6985, 0.7029, 0.7014, 0.6922, 0.6986, 0.7003, 0.7019, 0.6971, 0.6979, 0.7013, 0.7068, 0.6982, 0.686]","[0.5439, 0.5534, 0.2536, 0.2133, 0.4909, 0.3299, 0.2783, 0.3411, 0.225, 0.3492]",2.5,,,,,[],[],,,,,,,,,,,,,,,,
fedavg,fedavg,,backdoor_boost,6,2,30,0.7137600373720312,0.714287591990798,0.8419116822534706,1.0,0.0,1.0,0.7154666666666666,"{""Backdoor"": 0.432, ""DDoS_HTTP"": 0.625, ""DDoS_ICMP"": 0.996, ""DDoS_TCP"": 0.561, ""DDoS_UDP"": 0.992, ""Fingerprinting"": 0.15, ""MITM"": 1.0, ""Normal"": 1.0, ""Password"": 0.277, ""Port_Scanning"": 0.963, ""Ransomware"": 0.831, ""SQL_injection"": 0.834, ""Uploading"": 0.434, ""Vulnerability_scanner"": 0.77, ""XSS"": 0.85}","[0.4683, 0.5734, 0.5912, 0.6379, 0.649, 0.6267, 0.6582, 0.6502, 0.657, 0.6504, 0.6532, 0.6918, 0.6912, 0.6928, 0.6978, 0.6905, 0.6962, 0.6932, 0.692, 0.697, 0.702, 0.71, 0.713, 0.7048, 0.7078, 0.7067, 0.7103, 0.7183, 0.7143, 0.7138]","[0.5439, 0.5534, 0.2536, 0.2133, 0.4909, 0.3299, 0.2783, 0.3411, 0.225, 0.3492]",2.6,,,,,[],[],,,,,,,,,,,,,,,,
fedavg,fedavg,,adaptive,6,2,30,0.3294899999863523,0.37574461388697145,0.6585704994505371,1.0,0.0,0.0,0.3247666666666667,"{""Backdoor"": 0.223, ""DDoS_HTTP"": 0.0, ""DDoS_ICMP"": 0.801, ""DDoS_TCP"": 0.978, ""DDoS_UDP"": 1.0, ""Fingerprinting"": 0.0, ""MITM"": 0.0, ""Normal"": 1.0, ""Password"": 0.0, ""Port_Scanning"": 0.269, ""Ransomware"": 0.0, ""SQL_injection"": 0.0, ""Uploading"": 1.0, ""Vulnerability_scanner"": 0.366, ""XSS"": 0.0}","[0.1204, 0.2231, 0.3132, 0.3372, 0.3448, 0.3502, 0.3517, 0.3515, 0.3533, 0.4135, 0.4133, 0.4132, 0.412, 0.42, 0.4252, 0.4259, 0.4238, 0.4259, 0.4351, 0.4347, 0.4387, 0.4403, 0.4121, 0.418, 0.3659, 0.3594, 0.3571, 0.3263, 0.3185, 0.3295]","[0.5439, 0.5534, 0.2536, 0.2133, 0.4909, 0.3299, 0.2783, 0.3411, 0.225, 0.3492]",2.7,,,,,[],[],,,,,,,,,,,,,,,,
fedavg,fedavg,,adaptive_f30,6,3,30,0.011511871256404705,0.06666666666666667,0.044719549664715516,1.0,1.0,0.0,0.013499999999999998,"{""Backdoor"": 1.0, ""DDoS_HTTP"": 0.0, ""DDoS_ICMP"": 0.0, ""DDoS_TCP"": 0.0, ""DDoS_UDP"": 0.0, ""Fingerprinting"": 0.0, ""MITM"": 0.0, ""Normal"": 0.0, ""Password"": 0.0, ""Port_Scanning"": 0.0, ""Ransomware"": 0.0, ""SQL_injection"": 0.0, ""Uploading"": 0.0, ""Vulnerability_scanner"": 0.0, ""XSS"": 0.0}","[0.0082, 0.0266, 0.0296, 0.035, 0.0323, 0.0299, 0.0266, 0.0269, 0.0102, 0.0102, 0.0104, 0.0121, 0.0124, 0.0126, 0.0135, 0.0168, 0.0393, 0.0616, 0.0627, 0.0691, 0.0637, 0.0663, 0.0688, 0.0644, 0.0494, 0.0394, 0.0326, 0.0177, 0.0113, 0.0115]","[0.5439, 0.5534, 0.2536, 0.2133, 0.4909, 0.3299, 0.2783, 0.3411, 0.225, 0.3492]",2.6,,,,,[],[],,,,,,,,,,,,,,,,
trimmed_mean,trimmed,,none,6,0,30,0.6846294094785335,0.69975294352086,0.8373814169413981,1.0,0.0,0.0,0.6894333333333332,"{""Backdoor"": 0.431, ""DDoS_HTTP"": 0.922, ""DDoS_ICMP"": 0.996, ""DDoS_TCP"": 0.561, ""DDoS_UDP"": 0.993, ""Fingerprinting"": 0.015, ""MITM"": 1.0, ""Normal"": 1.0, ""Password"": 0.914, ""Port_Scanning"": 0.963, ""Ransomware"": 0.831, ""SQL_injection"": 0.171, ""Uploading"": 0.442, ""Vulnerability_scanner"": 0.815, ""XSS"": 0.443}","[0.3172, 0.4632, 0.5109, 0.5363, 0.5778, 0.5953, 0.6407, 0.6488, 0.6636, 0.6511, 0.6555, 0.662, 0.6686, 0.67, 0.6792, 0.6823, 0.6861, 0.6904, 0.6969, 0.6552, 0.6831, 0.6819, 0.6841, 0.6961, 0.6882, 0.6963, 0.6923, 0.6909, 0.6928, 0.6846]","[0.5439, 0.5534, 0.2536, 0.2133, 0.4909, 0.3299, 0.2783, 0.3411, 0.225, 0.3492]",2.4,,,,,[],[],,,,,,0.144532279314888,0.16521739130434782,0.8364285714285714,0.6,0.7,,,,,,
trimmed_mean,trimmed,,signflip,6,2,30,0.6249362505815443,0.6598169777158696,0.8106932203009711,1.0,0.0,0.0,0.588,"{""Backdoor"": 0.935, ""DDoS_HTTP"": 0.41, ""DDoS_ICMP"": 0.983, ""DDoS_TCP"": 1.0, ""DDoS_UDP"": 0.997, ""Fingerprinting"": 0.0, ""MITM"": 1.0, ""Normal"": 1.0, ""Password"": 0.107, ""Port_Scanning"": 0.528, ""Ransomware"": 0.396, ""SQL_injection"": 0.085, ""Uploading"": 0.998, ""Vulnerability_scanner"": 0.885, ""XSS"": 0.574}","[0.2689, 0.3852, 0.4132, 0.4232, 0.4165, 0.4819, 0.4915, 0.4931, 0.504, 0.5038, 0.5182, 0.5461, 0.5386, 0.549, 0.5395, 0.5529, 0.5703, 0.5763, 0.5903, 0.5701, 0.5653, 0.567, 0.606, 0.6045, 0.562, 0.5823, 0.56, 0.5816, 0.5575, 0.6249]","[0.5439, 0.5534, 0.2536, 0.2133, 0.4909, 0.3299, 0.2783, 0.3411, 0.225, 0.3492]",2.6,,,,,[],[],,,,,,,,,,,,,,,,
trimmed_mean,trimmed,,labelflip,6,2,30,0.6662133602718647,0.6889621469351539,0.8297337908452758,1.0,0.0,0.0,0.6616666666666666,"{""Backdoor"": 0.702, ""DDoS_HTTP"": 0.625, ""DDoS_ICMP"": 0.987, ""DDoS_TCP"": 0.821, ""DDoS_UDP"": 0.995, ""Fingerprinting"": 0.02, ""MITM"": 1.0, ""Normal"": 1.0, ""Password"": 0.107, ""Port_Scanning"": 0.711, ""Ransomware"": 0.71, ""SQL_injection"": 0.085, ""Uploading"": 1.0, ""Vulnerability_scanner"": 0.774, ""XSS"": 0.796}","[0.2994, 0.4083, 0.45, 0.4669, 0.5373, 0.573, 0.5779, 0.6185, 0.6309, 0.6261, 0.6421, 0.6344, 0.6374, 0.6324, 0.6403, 0.6529, 0.6533, 0.6519, 0.6524, 0.641, 0.6468, 0.6536, 0.6544, 0.66, 0.6546, 0.6613, 0.6626, 0.6614, 0.6574, 0.6662]","[0.5439, 0.5534, 0.2536, 0.2133, 0.4909, 0.3299, 0.2783, 0.3411, 0.225, 0.3492]",2.7,,,,,[],[],,,,,,,,,,,,,,,,
trimmed_mean,trimmed,,targeted_flip,6,2,30,0.6534412131913597,0.6809869191682426,0.8252035255332033,1.0,0.0,0.0,0.6571,"{""Backdoor"": 0.903, ""DDoS_HTTP"": 0.736, ""DDoS_ICMP"": 0.991, ""DDoS_TCP"": 0.698, ""DDoS_UDP"": 0.995, ""Fingerprinting"": 0.0, ""MITM"": 1.0, ""Normal"": 1.0, ""Password"": 0.107, ""Port_Scanning"": 0.834, ""Ransomware"": 0.446, ""SQL_injection"": 0.085, ""Uploading"": 1.0, ""Vulnerability_scanner"": 0.812, ""XSS"": 0.607}","[0.2371, 0.3905, 0.4111, 0.5105, 0.542, 0.5814, 0.573, 0.5842, 0.6243, 0.6261, 0.6288, 0.6311, 0.6274, 0.6261, 0.6308, 0.6407, 0.6374, 0.6388, 0.6399, 0.6168, 0.6457, 0.6458, 0.6373, 0.6605, 0.6497, 0.6525, 0.6534, 0.6611, 0.6568, 0.6534]","[0.5439, 0.5534, 0.2536, 0.2133, 0.4909, 0.3299, 0.2783, 0.3411, 0.225, 0.3492]",2.6,,,,,[],[],,,,,,,,,,,,,,,,
trimmed_mean,trimmed,,backdoor,6,2,30,0.6722089160815311,0.6854324488551877,0.8282760322052524,1.0,0.0,0.00016289961311341885,0.6854666666666667,"{""Backdoor"": 0.432, ""DDoS_HTTP"": 0.625, ""DDoS_ICMP"": 0.991, ""DDoS_TCP"": 0.561, ""DDoS_UDP"": 0.994, ""Fingerprinting"": 0.0, ""MITM"": 1.0, ""Normal"": 1.0, ""Password"": 0.267, ""Port_Scanning"": 0.963, ""Ransomware"": 0.831, ""SQL_injection"": 0.198, ""Uploading"": 0.804, ""Vulnerability_scanner"": 0.768, ""XSS"": 0.848}","[0.3859, 0.5347, 0.5467, 0.5772, 0.5892, 0.5952, 0.6399, 0.6457, 0.6433, 0.6479, 0.6499, 0.6425, 0.6503, 0.6464, 0.6615, 0.6517, 0.64, 0.6531, 0.6857, 0.6846, 0.6855, 0.6977, 0.6884, 0.6773, 0.6848, 0.6884, 0.6861, 0.6955, 0.6887, 0.6722]","[0.5439, 0.5534, 0.2536, 0.2133, 0.4909, 0.3299, 0.2783, 0.3411, 0.225, 0.3492]",2.7,,,,,[],[],,,,,,,,,,,,,,,,
trimmed_mean,trimmed,,backdoor_boost,6,2,30,0.6827011322397246,0.6930684508595817,0.8320886317253134,1.0,0.0,0.00020362451639177357,0.6907000000000001,"{""Backdoor"": 0.432, ""DDoS_HTTP"": 0.625, ""DDoS_ICMP"": 0.995, ""DDoS_TCP"": 0.562, ""DDoS_UDP"": 0.993, ""Fingerprinting"": 0.035, ""MITM"": 1.0, ""Normal"": 1.0, ""Password"": 0.169, ""Port_Scanning"": 0.963, ""Ransomware"": 0.831, ""SQL_injection"": 0.423, ""Uploading"": 0.755, ""Vulnerability_scanner"": 0.767, ""XSS"": 0.848}","[0.4192, 0.5498, 0.5587, 0.5964, 0.6035, 0.6425, 0.6559, 0.6568, 0.6583, 0.6574, 0.6475, 0.6529, 0.6586, 0.6502, 0.66, 0.6509, 0.683, 0.6987, 0.6877, 0.6946, 0.6869, 0.6948, 0.689, 0.6925, 0.6871, 0.6905, 0.6877, 0.6921, 0.6973, 0.6827]","[0.5439, 0.5534, 0.2536, 0.2133, 0.4909, 0.3299, 0.2783, 0.3411, 0.225, 0.3492]",2.7,,,,,[],[],,,,,,,,,,,,,,,,
trimmed_mean,trimmed,,adaptive,6,2,30,0.6209059203617375,0.6567701393270641,0.8086075040929377,1.0,0.0,0.0,0.5904,"{""Backdoor"": 0.935, ""DDoS_HTTP"": 0.353, ""DDoS_ICMP"": 0.982, ""DDoS_TCP"": 0.997, ""DDoS_UDP"": 0.997, ""Fingerprinting"": 0.0, ""MITM"": 1.0, ""Normal"": 1.0, ""Password"": 0.107, ""Port_Scanning"": 0.528, ""Ransomware"": 0.396, ""SQL_injection"": 0.085, ""Uploading"": 0.998, ""Vulnerability_scanner"": 0.885, ""XSS"": 0.59}","[0.265, 0.3859, 0.4184, 0.4247, 0.4232, 0.4847, 0.4969, 0.5007, 0.5129, 0.5143, 0.5199, 0.5571, 0.5414, 0.5529, 0.536, 0.5541, 0.5672, 0.5745, 0.5748, 0.5614, 0.5672, 0.5655, 0.5954, 0.5989, 0.5608, 0.5796, 0.5618, 0.5867, 0.5636, 0.6209]","[0.5439, 0.5534, 0.2536, 0.2133, 0.4909, 0.3299, 0.2783, 0.3411, 0.225, 0.3492]",2.7,,,,,[],[],,,,,,,,,,,,,,,,
trimmed_mean,trimmed,,adaptive_f30,6,3,30,0.6150198899082155,0.6529735748353478,0.804122092892866,1.0,0.0,0.0,0.6050333333333333,"{""Backdoor"": 0.944, ""DDoS_HTTP"": 0.567, ""DDoS_ICMP"": 0.967, ""DDoS_TCP"": 1.0, ""DDoS_UDP"": 0.997, ""Fingerprinting"": 0.05, ""MITM"": 1.0, ""Normal"": 1.0, ""Password"": 0.107, ""Port_Scanning"": 0.133, ""Ransomware"": 0.396, ""SQL_injection"": 0.082, ""Uploading"": 1.0, ""Vulnerability_scanner"": 0.767, ""XSS"": 0.784}","[0.1954, 0.3082, 0.3541, 0.3619, 0.4365, 0.46, 0.4885, 0.5075, 0.5141, 0.548, 0.5546, 0.5539, 0.5558, 0.5528, 0.5592, 0.5595, 0.558, 0.5615, 0.5609, 0.5575, 0.568, 0.5645, 0.565, 0.5707, 0.566, 0.5828, 0.5914, 0.5975, 0.6026, 0.615]","[0.5439, 0.5534, 0.2536, 0.2133, 0.4909, 0.3299, 0.2783, 0.3411, 0.225, 0.3492]",2.6,,,,,[],[],,,,,,,,,,,,,,,,
multi_krum,krum,,none,6,0,30,0.6987870206756335,0.7060253562440314,0.8396914037094351,1.0,0.0,0.0,0.6931333333333334,"{""Backdoor"": 0.431, ""DDoS_HTTP"": 0.925, ""DDoS_ICMP"": 0.998, ""DDoS_TCP"": 0.561, ""DDoS_UDP"": 0.991, ""Fingerprinting"": 0.07, ""MITM"": 1.0, ""Normal"": 1.0, ""Password"": 0.256, ""Port_Scanning"": 0.963, ""Ransomware"": 0.831, ""SQL_injection"": 0.898, ""Uploading"": 0.404, ""Vulnerability_scanner"": 0.769, ""XSS"": 0.495}","[0.3532, 0.4365, 0.4918, 0.5266, 0.5776, 0.5865, 0.5924, 0.6036, 0.6498, 0.6466, 0.6583, 0.6489, 0.6494, 0.6491, 0.6581, 0.6664, 0.6698, 0.6746, 0.6817, 0.6635, 0.6896, 0.6792, 0.6818, 0.6901, 0.6848, 0.6875, 0.6865, 0.6904, 0.6902, 0.6988]","[0.5439, 0.5534, 0.2536, 0.2133, 0.4909, 0.3299, 0.2783, 0.3411, 0.225, 0.3492]",2.6,90,300,0,0,"[3, 3, 3, 3, 3, 3, 3, 3, 3, 3, 3, 3, 3, 3, 3, 3, 3, 3, 3, 3, 3, 3, 3, 3, 3, 3, 3, 3, 3, 3]","[26, 23, 30, 30, 0, 7, 4, 30, 30, 30]",,,,,,0.10974967061923584,0.1911725955204216,0.8328571428571427,0.6,0.7,,,,,,
multi_krum,krum,,signflip,6,2,30,0.6294677161903383,0.6667527239524017,0.81562717262105,1.0,0.0,0.0,0.6402,"{""Backdoor"": 0.935, ""DDoS_HTTP"": 0.953, ""DDoS_ICMP"": 0.988, ""DDoS_TCP"": 0.757, ""DDoS_UDP"": 0.997, ""Fingerprinting"": 0.0, ""MITM"": 1.0, ""Normal"": 1.0, ""Password"": 0.111, ""Port_Scanning"": 0.767, ""Ransomware"": 0.396, ""SQL_injection"": 0.089, ""Uploading"": 0.98, ""Vulnerability_scanner"": 0.838, ""XSS"": 0.19}","[0.3532, 0.4365, 0.4918, 0.5266, 0.5505, 0.5716, 0.6157, 0.6239, 0.6207, 0.6223, 0.623, 0.6271, 0.6177, 0.6221, 0.621, 0.6215, 0.6205, 0.6191, 0.6347, 0.6172, 0.6182, 0.6232, 0.62, 0.6507, 0.6166, 0.64, 0.6269, 0.6552, 0.6359, 0.6295]","[0.5439, 0.5534, 0.2536, 0.2133, 0.4909, 0.3299, 0.2783, 0.3411, 0.225, 0.3492]",2.7,30,240,60,60,"[1, 1, 1, 1, 1, 1, 1, 1, 1, 1, 1, 1, 1, 1, 1, 1, 1, 1, 1, 1, 1, 1, 1, 1, 1, 1, 1, 1, 1, 1]","[0, 0, 30, 30, 0, 30, 30, 30, 30, 30]",,,,,,,,,,,,,,,,
multi_krum,krum,,labelflip,6,2,30,0.6294677161903383,0.6667527239524017,0.81562717262105,1.0,0.0,0.0,0.6402,"{""Backdoor"": 0.935, ""DDoS_HTTP"": 0.953, ""DDoS_ICMP"": 0.988, ""DDoS_TCP"": 0.757, ""DDoS_UDP"": 0.997, ""Fingerprinting"": 0.0, ""MITM"": 1.0, ""Normal"": 1.0, ""Password"": 0.111, ""Port_Scanning"": 0.767, ""Ransomware"": 0.396, ""SQL_injection"": 0.089, ""Uploading"": 0.98, ""Vulnerability_scanner"": 0.838, ""XSS"": 0.19}","[0.3532, 0.4365, 0.4918, 0.5266, 0.5505, 0.5716, 0.6157, 0.6239, 0.6207, 0.6223, 0.623, 0.6271, 0.6177, 0.6221, 0.621, 0.6215, 0.6205, 0.6191, 0.6347, 0.6172, 0.6182, 0.6232, 0.62, 0.6507, 0.6166, 0.64, 0.6269, 0.6552, 0.6359, 0.6295]","[0.5439, 0.5534, 0.2536, 0.2133, 0.4909, 0.3299, 0.2783, 0.3411, 0.225, 0.3492]",3.0,30,240,60,60,"[1, 1, 1, 1, 1, 1, 1, 1, 1, 1, 1, 1, 1, 1, 1, 1, 1, 1, 1, 1, 1, 1, 1, 1, 1, 1, 1, 1, 1, 1]","[0, 0, 30, 30, 0, 30, 30, 30, 30, 30]",,,,,,,,,,,,,,,,
multi_krum,krum,,targeted_flip,6,2,30,0.6294677161903383,0.6667527239524017,0.81562717262105,1.0,0.0,0.0,0.6402,"{""Backdoor"": 0.935, ""DDoS_HTTP"": 0.953, ""DDoS_ICMP"": 0.988, ""DDoS_TCP"": 0.757, ""DDoS_UDP"": 0.997, ""Fingerprinting"": 0.0, ""MITM"": 1.0, ""Normal"": 1.0, ""Password"": 0.111, ""Port_Scanning"": 0.767, ""Ransomware"": 0.396, ""SQL_injection"": 0.089, ""Uploading"": 0.98, ""Vulnerability_scanner"": 0.838, ""XSS"": 0.19}","[0.3532, 0.4365, 0.4918, 0.5266, 0.5505, 0.5716, 0.6157, 0.6239, 0.6207, 0.6223, 0.623, 0.6271, 0.6177, 0.6221, 0.621, 0.6215, 0.6205, 0.6191, 0.6347, 0.6172, 0.6182, 0.6232, 0.62, 0.6507, 0.6166, 0.64, 0.6269, 0.6552, 0.6359, 0.6295]","[0.5439, 0.5534, 0.2536, 0.2133, 0.4909, 0.3299, 0.2783, 0.3411, 0.225, 0.3492]",2.9,30,240,60,60,"[1, 1, 1, 1, 1, 1, 1, 1, 1, 1, 1, 1, 1, 1, 1, 1, 1, 1, 1, 1, 1, 1, 1, 1, 1, 1, 1, 1, 1, 1]","[0, 0, 30, 30, 0, 30, 30, 30, 30, 30]",,,,,,,,,,,,,,,,
multi_krum,krum,,backdoor,6,2,30,0.6546572119409836,0.6818950846062763,0.8258987642692144,1.0,0.0,0.0,0.6542666666666667,"{""Backdoor"": 0.935, ""DDoS_HTTP"": 0.902, ""DDoS_ICMP"": 0.986, ""DDoS_TCP"": 0.95, ""DDoS_UDP"": 0.996, ""Fingerprinting"": 0.0, ""MITM"": 1.0, ""Normal"": 1.0, ""Password"": 0.107, ""Port_Scanning"": 0.569, ""Ransomware"": 0.397, ""SQL_injection"": 0.181, ""Uploading"": 0.943, ""Vulnerability_scanner"": 0.818, ""XSS"": 0.444}","[0.3372, 0.4884, 0.5482, 0.5639, 0.5836, 0.5773, 0.6065, 0.597, 0.6189, 0.6083, 0.6266, 0.5915, 0.6248, 0.6474, 0.6546, 0.6644, 0.6578, 0.6689, 0.6624, 0.6566, 0.6514, 0.6681, 0.658, 0.6486, 0.6432, 0.6568, 0.6481, 0.6524, 0.6557, 0.6547]","[0.5439, 0.5534, 0.2536, 0.2133, 0.4909, 0.3299, 0.2783, 0.3411, 0.225, 0.3492]",2.9,30,240,60,60,"[1, 1, 1, 1, 1, 1, 1, 1, 1, 1, 1, 1, 1, 1, 1, 1, 1, 1, 1, 1, 1, 1, 1, 1, 1, 1, 1, 1, 1, 1]","[0, 0, 30, 30, 0, 30, 30, 30, 30, 30]",,,,,,,,,,,,,,,,
multi_krum,krum,,backdoor_boost,6,2,30,0.6546572119409836,0.6818950846062763,0.8258987642692144,1.0,0.0,0.0,0.6542666666666667,"{""Backdoor"": 0.935, ""DDoS_HTTP"": 0.902, ""DDoS_ICMP"": 0.986, ""DDoS_TCP"": 0.95, ""DDoS_UDP"": 0.996, ""Fingerprinting"": 0.0, ""MITM"": 1.0, ""Normal"": 1.0, ""Password"": 0.107, ""Port_Scanning"": 0.569, ""Ransomware"": 0.397, ""SQL_injection"": 0.181, ""Uploading"": 0.943, ""Vulnerability_scanner"": 0.818, ""XSS"": 0.444}","[0.3372, 0.4884, 0.5482, 0.5639, 0.5836, 0.5773, 0.6065, 0.597, 0.6189, 0.6083, 0.6266, 0.5915, 0.6248, 0.6474, 0.6546, 0.6644, 0.6578, 0.6689, 0.6624, 0.6566, 0.6514, 0.6681, 0.658, 0.6486, 0.6432, 0.6568, 0.6481, 0.6524, 0.6557, 0.6547]","[0.5439, 0.5534, 0.2536, 0.2133, 0.4909, 0.3299, 0.2783, 0.3411, 0.225, 0.3492]",3.5,30,240,60,60,"[1, 1, 1, 1, 1, 1, 1, 1, 1, 1, 1, 1, 1, 1, 1, 1, 1, 1, 1, 1, 1, 1, 1, 1, 1, 1, 1, 1, 1, 1]","[0, 0, 30, 30, 0, 30, 30, 30, 30, 30]",,,,,,,,,,,,,,,,
multi_krum,krum,,adaptive,6,2,30,0.6294677161903383,0.6667527239524017,0.81562717262105,1.0,0.0,0.0,0.6402,"{""Backdoor"": 0.935, ""DDoS_HTTP"": 0.953, ""DDoS_ICMP"": 0.988, ""DDoS_TCP"": 0.757, ""DDoS_UDP"": 0.997, ""Fingerprinting"": 0.0, ""MITM"": 1.0, ""Normal"": 1.0, ""Password"": 0.111, ""Port_Scanning"": 0.767, ""Ransomware"": 0.396, ""SQL_injection"": 0.089, ""Uploading"": 0.98, ""Vulnerability_scanner"": 0.838, ""XSS"": 0.19}","[0.3532, 0.4365, 0.4918, 0.5266, 0.5505, 0.5716, 0.6157, 0.6239, 0.6207, 0.6223, 0.623, 0.6271, 0.6177, 0.6221, 0.621, 0.6215, 0.6205, 0.6191, 0.6347, 0.6172, 0.6182, 0.6232, 0.62, 0.6507, 0.6166, 0.64, 0.6269, 0.6552, 0.6359, 0.6295]","[0.5439, 0.5534, 0.2536, 0.2133, 0.4909, 0.3299, 0.2783, 0.3411, 0.225, 0.3492]",2.5,30,240,60,60,"[1, 1, 1, 1, 1, 1, 1, 1, 1, 1, 1, 1, 1, 1, 1, 1, 1, 1, 1, 1, 1, 1, 1, 1, 1, 1, 1, 1, 1, 1]","[0, 0, 30, 30, 0, 30, 30, 30, 30, 30]",,,,,,,,,,,,,,,,
multi_krum,krum,,adaptive_f30,6,3,30,0.6669586770777408,0.6899365467727405,0.826190315997219,1.0,0.0,0.0,0.6645333333333333,"{""Backdoor"": 0.902, ""DDoS_HTTP"": 0.846, ""DDoS_ICMP"": 0.989, ""DDoS_TCP"": 0.993, ""DDoS_UDP"": 0.995, ""Fingerprinting"": 0.125, ""MITM"": 1.0, ""Normal"": 1.0, ""Password"": 0.123, ""Port_Scanning"": 0.449, ""Ransomware"": 0.491, ""SQL_injection"": 0.085, ""Uploading"": 0.992, ""Vulnerability_scanner"": 0.789, ""XSS"": 0.569}","[0.3789, 0.4829, 0.5297, 0.6109, 0.616, 0.6246, 0.6129, 0.6292, 0.6423, 0.6324, 0.6437, 0.6362, 0.6315, 0.6498, 0.6564, 0.6536, 0.6554, 0.6515, 0.6575, 0.6111, 0.6559, 0.6582, 0.6546, 0.663, 0.6527, 0.6559, 0.6542, 0.6627, 0.6639, 0.667]","[0.5439, 0.5534, 0.2536, 0.2133, 0.4909, 0.3299, 0.2783, 0.3411, 0.225, 0.3492]",2.4,1,210,89,90,"[0, 0, 0, 0, 0, 0, 0, 0, 0, 0, 0, 0, 0, 0, 0, 0, 0, 0, 0, 1, 0, 0, 0, 0, 0, 0, 0, 0, 0, 0]","[0, 1, 0, 30, 29, 30, 30, 30, 30, 30]",,,,,,,,,,,,,,,,
secure_norm_only,norm_only,,none,6,0,30,0.6962095580196735,0.7063675105835687,0.8369777299333916,1.0,0.0,0.0,0.6956333333333333,"{""Backdoor"": 0.448, ""DDoS_HTTP"": 0.915, ""DDoS_ICMP"": 0.993, ""DDoS_TCP"": 0.569, ""DDoS_UDP"": 0.993, ""Fingerprinting"": 0.135, ""MITM"": 1.0, ""Normal"": 1.0, ""Password"": 0.822, ""Port_Scanning"": 0.952, ""Ransomware"": 0.83, ""SQL_injection"": 0.126, ""Uploading"": 0.521, ""Vulnerability_scanner"": 0.794, ""XSS"": 0.497}","[0.3976, 0.5295, 0.5836, 0.6037, 0.6455, 0.6551, 0.6506, 0.6584, 0.6717, 0.6651, 0.6756, 0.6659, 0.668, 0.6881, 0.6859, 0.6879, 0.6831, 0.6746, 0.6914, 0.6757, 0.6861, 0.6849, 0.6861, 0.7026, 0.6808, 0.6978, 0.6896, 0.6954, 0.6953, 0.6962]","[0.5439, 0.5534, 0.2536, 0.2133, 0.4909, 0.3299, 0.2783, 0.3411, 0.225, 0.3492]",5.0,0,300,0,0,"[0, 0, 0, 0, 0, 0, 0, 0, 0, 0, 0, 0, 0, 0, 0, 0, 0, 0, 0, 0, 0, 0, 0, 0, 0, 0, 0, 0, 0, 0]","[30, 30, 30, 30, 30, 30, 30, 30, 30, 30]",3.5,,,,,0.014756258234519102,0.04492753623188405,-0.037499999999999985,0.1,0.0,0.16521739130434782,0.16996047430830039,0.8353571428571428,0.6,0.7,
secure_norm_only,norm_only,,signflip,6,2,30,0.6556185659014684,0.683524374623825,0.8259436183812151,1.0,0.0,0.0,0.6550333333333332,"{""Backdoor"": 0.902, ""DDoS_HTTP"": 0.878, ""DDoS_ICMP"": 0.991, ""DDoS_TCP"": 0.845, ""DDoS_UDP"": 0.995, ""Fingerprinting"": 0.025, ""MITM"": 1.0, ""Normal"": 1.0, ""Password"": 0.107, ""Port_Scanning"": 0.675, ""Ransomware"": 0.446, ""SQL_injection"": 0.085, ""Uploading"": 1.0, ""Vulnerability_scanner"": 0.819, ""XSS"": 0.485}","[0.4029, 0.4884, 0.5292, 0.5666, 0.6117, 0.626, 0.6161, 0.6221, 0.6357, 0.6308, 0.6403, 0.6296, 0.6323, 0.6444, 0.6576, 0.6575, 0.6564, 0.6554, 0.6575, 0.6542, 0.6564, 0.6544, 0.6526, 0.6575, 0.6545, 0.6544, 0.6535, 0.6553, 0.6542, 0.6556]","[0.5439, 0.5534, 0.2536, 0.2133, 0.4909, 0.3299, 0.2783, 0.3411, 0.225, 0.3492]",4.5,0,240,60,60,"[0, 0, 0, 0, 0, 0, 0, 0, 0, 0, 0, 0, 0, 0, 0, 0, 0, 0, 0, 0, 0, 0, 0, 0, 0, 0, 0, 0, 0, 0]","[0, 0, 30, 30, 30, 30, 30, 30, 30, 30]",3.5,,,,,,,,,,,,,,,
secure_norm_only,norm_only,,labelflip,6,2,30,0.6615070045282,0.688168626512196,0.8263473053892215,1.0,0.0,0.0,0.6566333333333333,"{""Backdoor"": 0.902, ""DDoS_HTTP"": 0.625, ""DDoS_ICMP"": 0.979, ""DDoS_TCP"": 0.994, ""DDoS_UDP"": 0.994, ""Fingerprinting"": 0.09, ""MITM"": 1.0, ""Normal"": 1.0, ""Password"": 0.107, ""Port_Scanning"": 0.453, ""Ransomware"": 0.491, ""SQL_injection"": 0.049, ""Uploading"": 1.0, ""Vulnerability_scanner"": 0.788, ""XSS"": 0.85}","[0.3194, 0.4682, 0.4754, 0.4978, 0.5586, 0.5753, 0.6138, 0.6182, 0.6335, 0.6233, 0.6393, 0.6278, 0.6342, 0.6371, 0.6401, 0.6397, 0.6404, 0.639, 0.6511, 0.6404, 0.6421, 0.6414, 0.6446, 0.6464, 0.6426, 0.6445, 0.6466, 0.6529, 0.6555, 0.6615]","[0.5439, 0.5534, 0.2536, 0.2133, 0.4909, 0.3299, 0.2783, 0.3411, 0.225, 0.3492]",4.6,0,240,0,60,"[0, 0, 0, 0, 0, 0, 0, 0, 0, 0, 0, 0, 0, 0, 0, 0, 0, 0, 0, 0, 0, 0, 0, 0, 0, 0, 0, 0, 0, 0]","[30, 30, 30, 30, 30, 30, 30, 30, 30, 30]",3.5,,,,,,,,,,,,,,,
secure_norm_only,norm_only,,targeted_flip,6,2,30,0.6553865043980697,0.6815369150441513,0.8255399313732087,0.9974343310934637,0.0,0.018244756668702913,0.6568333333333334,"{""Backdoor"": 0.902, ""DDoS_HTTP"": 0.657, ""DDoS_ICMP"": 0.987, ""DDoS_TCP"": 0.821, ""DDoS_UDP"": 0.997, ""Fingerprinting"": 0.0, ""MITM"": 1.0, ""Normal"": 1.0, ""Password"": 0.12, ""Port_Scanning"": 0.699, ""Ransomware"": 0.446, ""SQL_injection"": 0.086, ""Uploading"": 0.991, ""Vulnerability_scanner"": 0.821, ""XSS"": 0.698}","[0.2615, 0.3874, 0.5152, 0.5359, 0.5452, 0.6061, 0.6076, 0.6131, 0.629, 0.6284, 0.6329, 0.6331, 0.6341, 0.6358, 0.6445, 0.6454, 0.6523, 0.6511, 0.6547, 0.6501, 0.6548, 0.6554, 0.6566, 0.656, 0.6549, 0.6564, 0.6565, 0.6588, 0.6563, 0.6554]","[0.5439, 0.5534, 0.2536, 0.2133, 0.4909, 0.3299, 0.2783, 0.3411, 0.225, 0.3492]",4.7,0,240,0,60,"[0, 0, 0, 0, 0, 0, 0, 0, 0, 0, 0, 0, 0, 0, 0, 0, 0, 0, 0, 0, 0, 0, 0, 0, 0, 0, 0, 0, 0, 0]","[30, 30, 30, 30, 30, 30, 30, 30, 30, 30]",3.5,,,,,,,,,,,,,,,
secure_norm_only,norm_only,,backdoor,6,2,30,0.6859160694403729,0.6969835342252768,0.8357218147973715,1.0,0.0,1.0,0.6970000000000001,"{""Backdoor"": 0.49, ""DDoS_HTTP"": 0.627, ""DDoS_ICMP"": 0.991, ""DDoS_TCP"": 0.658, ""DDoS_UDP"": 0.994, ""Fingerprinting"": 0.01, ""MITM"": 1.0, ""Normal"": 1.0, ""Password"": 0.153, ""Port_Scanning"": 0.871, ""Ransomware"": 0.831, ""SQL_injection"": 0.452, ""Uploading"": 0.755, ""Vulnerability_scanner"": 0.789, ""XSS"": 0.834}","[0.4315, 0.5573, 0.571, 0.6123, 0.6233, 0.6252, 0.6343, 0.6415, 0.6385, 0.6398, 0.6458, 0.6433, 0.6829, 0.6813, 0.6893, 0.6918, 0.6822, 0.6985, 0.7029, 0.7015, 0.6922, 0.6987, 0.7003, 0.7018, 0.6972, 0.6978, 0.701, 0.7068, 0.6983, 0.6859]","[0.5439, 0.5534, 0.2536, 0.2133, 0.4909, 0.3299, 0.2783, 0.3411, 0.225, 0.3492]",4.6,0,240,0,60,"[0, 0, 0, 0, 0, 0, 0, 0, 0, 0, 0, 0, 0, 0, 0, 0, 0, 0, 0, 0, 0, 0, 0, 0, 0, 0, 0, 0, 0, 0]","[30, 30, 30, 30, 30, 30, 30, 30, 30, 30]",3.5,,,,,,,,,,,,,,,
secure_norm_only,norm_only,,backdoor_boost,6,2,30,0.667648148183322,0.6930408864682472,0.8318643611653098,1.0,0.0,0.8452860924455304,0.6617,"{""Backdoor"": 0.912, ""DDoS_HTTP"": 0.688, ""DDoS_ICMP"": 0.988, ""DDoS_TCP"": 0.996, ""DDoS_UDP"": 0.995, ""Fingerprinting"": 0.035, ""MITM"": 1.0, ""Normal"": 1.0, ""Password"": 0.107, ""Port_Scanning"": 0.528, ""Ransomware"": 0.545, ""SQL_injection"": 0.086, ""Uploading"": 0.997, ""Vulnerability_scanner"": 0.817, ""XSS"": 0.702}","[0.4683, 0.5734, 0.5912, 0.6379, 0.649, 0.6267, 0.6097, 0.6178, 0.6166, 0.6171, 0.6218, 0.6541, 0.6584, 0.6558, 0.6589, 0.6563, 0.6586, 0.655, 0.6577, 0.6606, 0.661, 0.6635, 0.6615, 0.6602, 0.65, 0.6551, 0.6539, 0.6562, 0.6613, 0.6676]","[0.5439, 0.5534, 0.2536, 0.2133, 0.4909, 0.3299, 0.2783, 0.3411, 0.225, 0.3492]",4.6,0,240,47,60,"[0, 0, 0, 0, 0, 0, 0, 0, 0, 0, 0, 0, 0, 0, 0, 0, 0, 0, 0, 0, 0, 0, 0, 0, 0, 0, 0, 0, 0, 0]","[7, 6, 30, 30, 30, 30, 30, 30, 30, 30]",3.5,,,,,,,,,,,,,,,
secure_norm_only,norm_only,,adaptive,6,2,30,0.3372419178364314,0.38606885145446984,0.6654780326986477,1.0,0.0,0.0,0.32043333333333335,"{""Backdoor"": 0.415, ""DDoS_HTTP"": 0.0, ""DDoS_ICMP"": 0.806, ""DDoS_TCP"": 0.966, ""DDoS_UDP"": 1.0, ""Fingerprinting"": 0.0, ""MITM"": 0.0, ""Normal"": 1.0, ""Password"": 0.0, ""Port_Scanning"": 0.24, ""Ransomware"": 0.0, ""SQL_injection"": 0.0, ""Uploading"": 1.0, ""Vulnerability_scanner"": 0.364, ""XSS"": 0.0}","[0.1204, 0.2231, 0.3132, 0.3372, 0.3448, 0.3502, 0.3517, 0.3515, 0.3533, 0.4136, 0.4133, 0.4139, 0.4123, 0.4201, 0.4253, 0.4256, 0.4236, 0.4259, 0.4299, 0.4341, 0.4394, 0.4498, 0.4088, 0.4175, 0.3577, 0.3644, 0.3544, 0.3091, 0.315, 0.3372]","[0.5439, 0.5534, 0.2536, 0.2133, 0.4909, 0.3299, 0.2783, 0.3411, 0.225, 0.3492]",4.9,0,240,0,60,"[0, 0, 0, 0, 0, 0, 0, 0, 0, 0, 0, 0, 0, 0, 0, 0, 0, 0, 0, 0, 0, 0, 0, 0, 0, 0, 0, 0, 0, 0]","[30, 30, 30, 30, 30, 30, 30, 30, 30, 30]",3.5,,,,,,,,,,,,,,,
secure_norm_only,norm_only,,adaptive_f30,6,3,30,0.013392012246041347,0.06763502046520915,0.051245822960819934,1.0,0.9854746930218629,0.0,0.02123333333333333,"{""Backdoor"": 1.0, ""DDoS_HTTP"": 0.0, ""DDoS_ICMP"": 0.0, ""DDoS_TCP"": 0.0, ""DDoS_UDP"": 0.0, ""Fingerprinting"": 0.0, ""MITM"": 0.0, ""Normal"": 0.015, ""Password"": 0.0, ""Port_Scanning"": 0.0, ""Ransomware"": 0.0, ""SQL_injection"": 0.0, ""Uploading"": 0.0, ""Vulnerability_scanner"": 0.0, ""XSS"": 0.0}","[0.0082, 0.0266, 0.0296, 0.035, 0.0323, 0.0299, 0.0267, 0.0269, 0.0102, 0.0102, 0.0104, 0.0121, 0.0123, 0.0126, 0.0147, 0.0177, 0.0377, 0.0614, 0.0623, 0.0679, 0.0637, 0.0667, 0.0646, 0.0663, 0.0624, 0.0479, 0.0435, 0.0307, 0.0196, 0.0134]","[0.5439, 0.5534, 0.2536, 0.2133, 0.4909, 0.3299, 0.2783, 0.3411, 0.225, 0.3492]",6.0,0,210,0,90,"[0, 0, 0, 0, 0, 0, 0, 0, 0, 0, 0, 0, 0, 0, 0, 0, 0, 0, 0, 0, 0, 0, 0, 0, 0, 0, 0, 0, 0, 0]","[30, 30, 30, 30, 30, 30, 30, 30, 30, 30]",3.5,,,,,,,,,,,,,,,
faithful_prev_t0.0,faithful_prev,0.0,none,6,0,30,0.6939276847299266,0.7036690680686474,0.8374038439973984,1.0,0.0,0.0,0.6358333333333334,"{""Backdoor"": 0.431, ""DDoS_HTTP"": 0.858, ""DDoS_ICMP"": 0.997, ""DDoS_TCP"": 0.561, ""DDoS_UDP"": 0.991, ""Fingerprinting"": 0.08, ""MITM"": 1.0, ""Normal"": 1.0, ""Password"": 0.925, ""Port_Scanning"": 0.963, ""Ransomware"": 0.831, ""SQL_injection"": 0.173, ""Uploading"": 0.418, ""Vulnerability_scanner"": 0.768, ""XSS"": 0.559}","[0.3976, 0.5295, 0.5836, 0.6037, 0.6455, 0.6551, 0.6506, 0.6584, 0.6717, 0.6651, 0.6756, 0.6659, 0.668, 0.6881, 0.6859, 0.6879, 0.6831, 0.6835, 0.6759, 0.6695, 0.6712, 0.6772, 0.693, 0.6337, 0.5457, 0.5413, 0.5307, 0.5333, 0.6803, 0.6939]","[0.5439, 0.5534, 0.2536, 0.2133, 0.4909, 0.3299, 0.2783, 0.3411, 0.225, 0.3492]",4.9,65,300,0,0,"[0, 0, 0, 0, 0, 0, 0, 0, 0, 0, 0, 0, 0, 0, 0, 0, 0, 1, 3, 5, 5, 5, 3, 5, 7, 8, 8, 8, 5, 2]","[24, 25, 21, 21, 24, 25, 24, 24, 25, 22]",3.5,,,,,0.0303030303030303,-0.13386034255599472,0.006785714285714284,0.1,0.3,0.16521739130434782,0.16996047430830039,0.8353571428571428,0.6,0.7,0.3305336976051387
faithful_prev_t0.0,faithful_prev,0.0,adaptive,6,2,30,0.008441315354575216,0.06670013386880856,0.04462984144071408,1.0,1.0,0.0,0.0084,"{""Backdoor"": 0.0, ""DDoS_HTTP"": 0.0, ""DDoS_ICMP"": 0.0, ""DDoS_TCP"": 0.0, ""DDoS_UDP"": 0.0, ""Fingerprinting"": 0.0, ""MITM"": 0.0, ""Normal"": 0.0, ""Password"": 0.0, ""Port_Scanning"": 0.0, ""Ransomware"": 0.001, ""SQL_injection"": 0.0, ""Uploading"": 1.0, ""Vulnerability_scanner"": 0.0, ""XSS"": 0.0}","[0.1204, 0.2206, 0.3068, 0.2656, 0.1199, 0.0174, 0.0063, 0.0057, 0.0058, 0.0089, 0.0603, 0.0057, 0.01, 0.0057, 0.01, 0.0057, 0.01, 0.0057, 0.0084, 0.0084, 0.0084, 0.0084, 0.0084, 0.0084, 0.0084, 0.0084, 0.0084, 0.0084, 0.0084, 0.0084]","[0.5439, 0.5534, 0.2536, 0.2133, 0.4909, 0.3299, 0.2783, 0.3411, 0.225, 0.3492]",4.7,212,240,22,60,"[0, 0, 1, 3, 8, 8, 8, 8, 8, 8, 8, 8, 8, 8, 8, 8, 8, 8, 8, 8, 8, 8, 8, 8, 8, 8, 8, 8, 8, 8]","[19, 19, 4, 4, 3, 4, 4, 3, 2, 4]",3.5,,,,,,,,,,,,,,,
faithful_prev_t0.0,faithful_prev,0.0,adaptive_f30,6,3,30,0.005707443337850531,0.06666666666666667,0.04462984144071408,1.0,1.0,0.0,0.0057,"{""Backdoor"": 0.0, ""DDoS_HTTP"": 0.0, ""DDoS_ICMP"": 0.0, ""DDoS_TCP"": 0.0, ""DDoS_UDP"": 0.0, ""Fingerprinting"": 0.0, ""MITM"": 0.0, ""Normal"": 0.0, ""Password"": 0.0, ""Port_Scanning"": 0.0, ""Ransomware"": 0.0, ""SQL_injection"": 0.0, ""Uploading"": 0.0, ""Vulnerability_scanner"": 1.0, ""XSS"": 0.0}","[0.0082, 0.0184, 0.0056, 0.0265, 0.0241, 0.0085, 0.0062, 0.0101, 0.01, 0.0076, 0.0057, 0.0088, 0.0057, 0.0057, 0.0057, 0.0057, 0.0057, 0.0057, 0.0057, 0.0057, 0.0057, 0.0057, 0.0057, 0.0057, 0.0057, 0.0057, 0.0057, 0.0057, 0.0057, 0.0057]","[0.5439, 0.5534, 0.2536, 0.2133, 0.4909, 0.3299, 0.2783, 0.3411, 0.225, 0.3492]",4.5,201,210,36,90,"[0, 5, 7, 7, 7, 7, 7, 7, 7, 7, 7, 7, 7, 7, 7, 7, 7, 7, 7, 7, 7, 7, 7, 7, 7, 7, 7, 7, 7, 7]","[18, 18, 18, 1, 1, 2, 2, 1, 1, 1]",3.5,,,,,,,,,,,,,,,
faithful_root_t-0.3,faithful_root,-0.3,none,6,0,30,0.6962095580196735,0.7063675105835687,0.8369777299333916,1.0,0.0,0.0,0.6956333333333333,"{""Backdoor"": 0.448, ""DDoS_HTTP"": 0.915, ""DDoS_ICMP"": 0.993, ""DDoS_TCP"": 0.569, ""DDoS_UDP"": 0.993, ""Fingerprinting"": 0.135, ""MITM"": 1.0, ""Normal"": 1.0, ""Password"": 0.822, ""Port_Scanning"": 0.952, ""Ransomware"": 0.83, ""SQL_injection"": 0.126, ""Uploading"": 0.521, ""Vulnerability_scanner"": 0.794, ""XSS"": 0.497}","[0.3976, 0.5295, 0.5836, 0.6037, 0.6455, 0.6551, 0.6506, 0.6584, 0.6717, 0.6651, 0.6756, 0.6659, 0.668, 0.6881, 0.6859, 0.6879, 0.6831, 0.6746, 0.6914, 0.6757, 0.6861, 0.6849, 0.6861, 0.7026, 0.6808, 0.6978, 0.6896, 0.6954, 0.6953, 0.6962]","[0.5439, 0.5534, 0.2536, 0.2133, 0.4909, 0.3299, 0.2783, 0.3411, 0.225, 0.3492]",5.1,0,300,0,0,"[0, 0, 0, 0, 0, 0, 0, 0, 0, 0, 0, 0, 0, 0, 0, 0, 0, 0, 0, 0, 0, 0, 0, 0, 0, 0, 0, 0, 0, 0]","[30, 30, 30, 30, 30, 30, 30, 30, 30, 30]",3.5,,,,,0.00303030303030303,-0.03267457180500659,0.040357142857142855,0.2,0.1,0.16521739130434782,0.16996047430830039,0.8353571428571428,0.6,0.7,
faithful_root_t-0.3,faithful_root,-0.3,signflip,6,2,30,0.6566090123506592,0.6841088567582413,0.8261454618852183,1.0,0.0,0.0,0.6599,"{""Backdoor"": 0.902, ""DDoS_HTTP"": 0.889, ""DDoS_ICMP"": 0.992, ""DDoS_TCP"": 0.759, ""DDoS_UDP"": 0.994, ""Fingerprinting"": 0.03, ""MITM"": 1.0, ""Normal"": 1.0, ""Password"": 0.107, ""Port_Scanning"": 0.77, ""Ransomware"": 0.446, ""SQL_injection"": 0.085, ""Uploading"": 1.0, ""Vulnerability_scanner"": 0.816, ""XSS"": 0.472}","[0.4029, 0.4884, 0.5292, 0.5666, 0.6117, 0.626, 0.6161, 0.6221, 0.6357, 0.6308, 0.6403, 0.6296, 0.6323, 0.6444, 0.6576, 0.6575, 0.6564, 0.6554, 0.6575, 0.6542, 0.6599, 0.6543, 0.668, 0.6571, 0.6543, 0.6536, 0.6541, 0.655, 0.6681, 0.6566]","[0.5439, 0.5534, 0.2536, 0.2133, 0.4909, 0.3299, 0.2783, 0.3411, 0.225, 0.3492]",5.0,6,240,60,60,"[0, 0, 0, 0, 0, 0, 0, 0, 0, 0, 0, 0, 0, 0, 0, 0, 0, 0, 0, 0, 1, 0, 2, 0, 0, 1, 0, 0, 2, 0]","[0, 0, 30, 30, 30, 27, 27, 30, 30, 30]",3.5,,,,,,,,,,,,,,,
faithful_root_t-0.3,faithful_root,-0.3,labelflip,6,2,30,0.6566076926475314,0.684616611191355,0.8266837112292269,1.0,0.0,0.0,0.654,"{""Backdoor"": 0.902, ""DDoS_HTTP"": 0.889, ""DDoS_ICMP"": 0.992, ""DDoS_TCP"": 0.809, ""DDoS_UDP"": 0.994, ""Fingerprinting"": 0.025, ""MITM"": 1.0, ""Normal"": 1.0, ""Password"": 0.107, ""Port_Scanning"": 0.719, ""Ransomware"": 0.446, ""SQL_injection"": 0.085, ""Uploading"": 1.0, ""Vulnerability_scanner"": 0.829, ""XSS"": 0.472}","[0.3194, 0.4682, 0.4889, 0.5493, 0.5706, 0.6263, 0.6127, 0.621, 0.6343, 0.6284, 0.6367, 0.626, 0.6305, 0.6402, 0.6544, 0.6564, 0.6549, 0.6542, 0.6554, 0.6531, 0.6525, 0.6514, 0.6678, 0.6547, 0.6535, 0.6532, 0.6532, 0.6546, 0.6508, 0.6566]","[0.5439, 0.5534, 0.2536, 0.2133, 0.4909, 0.3299, 0.2783, 0.3411, 0.225, 0.3492]",4.8,5,240,55,60,"[0, 0, 0, 0, 0, 0, 0, 0, 0, 0, 0, 0, 0, 0, 0, 0, 0, 0, 0, 0, 1, 0, 2, 0, 0, 1, 0, 0, 1, 0]","[3, 2, 30, 30, 30, 27, 28, 30, 30, 30]",3.5,,,,,,,,,,,,,,,
faithful_root_t-0.3,faithful_root,-0.3,targeted_flip,6,2,30,0.6565016202967053,0.6839759435106714,0.8260557536612169,1.0,0.0,0.0,0.6594333333333333,"{""Backdoor"": 0.902, ""DDoS_HTTP"": 0.888, ""DDoS_ICMP"": 0.992, ""DDoS_TCP"": 0.754, ""DDoS_UDP"": 0.994, ""Fingerprinting"": 0.03, ""MITM"": 1.0, ""Normal"": 1.0, ""Password"": 0.107, ""Port_Scanning"": 0.774, ""Ransomware"": 0.446, ""SQL_injection"": 0.085, ""Uploading"": 1.0, ""Vulnerability_scanner"": 0.815, ""XSS"": 0.473}","[0.2615, 0.3874, 0.5173, 0.5949, 0.6054, 0.6209, 0.6098, 0.6263, 0.6343, 0.6306, 0.6381, 0.6304, 0.6335, 0.6418, 0.6572, 0.6575, 0.6565, 0.6563, 0.6575, 0.6543, 0.6596, 0.6546, 0.6671, 0.6572, 0.6545, 0.6534, 0.6537, 0.6547, 0.6671, 0.6565]","[0.5439, 0.5534, 0.2536, 0.2133, 0.4909, 0.3299, 0.2783, 0.3411, 0.225, 0.3492]",5.1,6,240,54,60,"[0, 0, 0, 0, 0, 0, 0, 0, 0, 0, 0, 0, 0, 0, 0, 0, 0, 0, 0, 0, 1, 0, 2, 0, 0, 1, 0, 0, 2, 0]","[3, 3, 30, 30, 30, 27, 27, 30, 30, 30]",3.5,,,,,,,,,,,,,,,
faithful_root_t-0.3,faithful_root,-0.3,backdoor,6,2,30,0.6859160694403729,0.6969835342252768,0.8357218147973715,1.0,0.0,1.0,0.6970000000000001,"{""Backdoor"": 0.49, ""DDoS_HTTP"": 0.627, ""DDoS_ICMP"": 0.991, ""DDoS_TCP"": 0.658, ""DDoS_UDP"": 0.994, ""Fingerprinting"": 0.01, ""MITM"": 1.0, ""Normal"": 1.0, ""Password"": 0.153, ""Port_Scanning"": 0.871, ""Ransomware"": 0.831, ""SQL_injection"": 0.452, ""Uploading"": 0.755, ""Vulnerability_scanner"": 0.789, ""XSS"": 0.834}","[0.4315, 0.5573, 0.571, 0.6123, 0.6233, 0.6252, 0.6343, 0.6415, 0.6385, 0.6398, 0.6458, 0.6433, 0.6829, 0.6813, 0.6893, 0.6918, 0.6822, 0.6985, 0.7029, 0.7015, 0.6922, 0.6987, 0.7003, 0.7018, 0.6972, 0.6978, 0.701, 0.7068, 0.6983, 0.6859]","[0.5439, 0.5534, 0.2536, 0.2133, 0.4909, 0.3299, 0.2783, 0.3411, 0.225, 0.3492]",6.0,0,240,0,60,"[0, 0, 0, 0, 0, 0, 0, 0, 0, 0, 0, 0, 0, 0, 0, 0, 0, 0, 0, 0, 0, 0, 0, 0, 0, 0, 0, 0, 0, 0]","[30, 30, 30, 30, 30, 30, 30, 30, 30, 30]",3.5,,,,,,,,,,,,,,,
faithful_root_t-0.3,faithful_root,-0.3,backdoor_boost,6,2,30,0.6593050492898236,0.680708783669487,0.8246428491331943,1.0,0.0,0.8517206271635105,0.6608666666666667,"{""Backdoor"": 0.434, ""DDoS_HTTP"": 0.7, ""DDoS_ICMP"": 0.992, ""DDoS_TCP"": 0.561, ""DDoS_UDP"": 0.994, ""Fingerprinting"": 0.01, ""MITM"": 1.0, ""Normal"": 1.0, ""Password"": 0.107, ""Port_Scanning"": 0.963, ""Ransomware"": 0.831, ""SQL_injection"": 0.173, ""Uploading"": 0.955, ""Vulnerability_scanner"": 0.817, ""XSS"": 0.674}","[0.4683, 0.5734, 0.5912, 0.6379, 0.649, 0.6267, 0.6097, 0.6178, 0.6166, 0.6171, 0.6218, 0.6541, 0.6584, 0.6558, 0.6589, 0.6563, 0.6586, 0.655, 0.6577, 0.6606, 0.661, 0.6635, 0.6615, 0.6602, 0.65, 0.6551, 0.6536, 0.6623, 0.661, 0.6593]","[0.5439, 0.5534, 0.2536, 0.2133, 0.4909, 0.3299, 0.2783, 0.3411, 0.225, 0.3492]",6.7,2,240,47,60,"[0, 0, 0, 0, 0, 0, 0, 0, 0, 0, 0, 0, 0, 0, 0, 0, 0, 0, 0, 0, 0, 0, 0, 0, 0, 0, 1, 0, 0, 1]","[7, 6, 30, 30, 30, 29, 29, 30, 30, 30]",3.5,,,,,,,,,,,,,,,
faithful_root_t-0.3,faithful_root,-0.3,adaptive,6,2,30,0.6640495965461746,0.6904115072560787,0.825495077261208,1.0,0.0,0.0,0.6616333333333334,"{""Backdoor"": 0.934, ""DDoS_HTTP"": 0.643, ""DDoS_ICMP"": 0.98, ""DDoS_TCP"": 0.996, ""DDoS_UDP"": 0.998, ""Fingerprinting"": 0.15, ""MITM"": 1.0, ""Normal"": 1.0, ""Password"": 0.046, ""Port_Scanning"": 0.528, ""Ransomware"": 0.396, ""SQL_injection"": 0.087, ""Uploading"": 1.0, ""Vulnerability_scanner"": 0.789, ""XSS"": 0.811}","[0.2757, 0.3748, 0.3727, 0.4508, 0.5659, 0.5928, 0.6005, 0.6127, 0.6095, 0.6075, 0.6035, 0.6117, 0.636, 0.6144, 0.6259, 0.6543, 0.62, 0.657, 0.6394, 0.6577, 0.6445, 0.659, 0.6497, 0.6611, 0.6622, 0.6745, 0.6637, 0.659, 0.6619, 0.664]","[0.5439, 0.5534, 0.2536, 0.2133, 0.4909, 0.3299, 0.2783, 0.3411, 0.225, 0.3492]",6.3,9,240,0,60,"[0, 0, 0, 0, 0, 0, 0, 0, 0, 0, 0, 0, 0, 0, 0, 0, 0, 0, 0, 0, 2, 0, 2, 0, 0, 2, 0, 1, 2, 0]","[30, 30, 30, 30, 30, 25, 26, 30, 30, 30]",3.5,,,,,,,,,,,,,,,
faithful_root_t-0.3,faithful_root,-0.3,adaptive_f30,6,3,30,0.6694429437184708,0.6926206358199237,0.8269304088452308,1.0,0.0,0.0,0.6586,"{""Backdoor"": 0.934, ""DDoS_HTTP"": 0.624, ""DDoS_ICMP"": 0.965, ""DDoS_TCP"": 0.999, ""DDoS_UDP"": 0.998, ""Fingerprinting"": 0.15, ""MITM"": 1.0, ""Normal"": 1.0, ""Password"": 0.107, ""Port_Scanning"": 0.447, ""Ransomware"": 0.441, ""SQL_injection"": 0.08, ""Uploading"": 1.0, ""Vulnerability_scanner"": 0.793, ""XSS"": 0.851}","[0.2723, 0.3886, 0.4754, 0.5367, 0.5458, 0.5559, 0.5568, 0.5892, 0.5932, 0.5996, 0.6089, 0.6205, 0.6324, 0.6263, 0.642, 0.6454, 0.6327, 0.6488, 0.636, 0.6493, 0.6348, 0.6502, 0.6516, 0.6465, 0.6485, 0.6523, 0.6619, 0.6419, 0.6645, 0.6694]","[0.5439, 0.5534, 0.2536, 0.2133, 0.4909, 0.3299, 0.2783, 0.3411, 0.225, 0.3492]",5.4,9,210,0,90,"[0, 0, 0, 0, 0, 0, 0, 0, 0, 0, 0, 1, 0, 1, 0, 0, 1, 0, 1, 0, 1, 0, 1, 0, 0, 1, 0, 1, 1, 0]","[30, 30, 30, 30, 30, 21, 30, 30, 30, 30]",3.5,,,,,,,,,,,,,,,
faithful_root_t0.0,faithful_root,0.0,none,6,0,30,0.6567006964160721,0.682949759500948,0.8259660454372154,1.0,0.0,0.0,0.6626333333333333,"{""Backdoor"": 0.902, ""DDoS_HTTP"": 0.871, ""DDoS_ICMP"": 0.994, ""DDoS_TCP"": 0.709, ""DDoS_UDP"": 0.993, ""Fingerprinting"": 0.015, ""MITM"": 1.0, ""Normal"": 1.0, ""Password"": 0.107, ""Port_Scanning"": 0.821, ""Ransomware"": 0.446, ""SQL_injection"": 0.129, ""Uploading"": 0.968, ""Vulnerability_scanner"": 0.844, ""XSS"": 0.445}","[0.3976, 0.5295, 0.5836, 0.6037, 0.6455, 0.6551, 0.6506, 0.6584, 0.6717, 0.6651, 0.6756, 0.671, 0.6606, 0.6535, 0.6885, 0.6765, 0.6763, 0.6889, 0.6772, 0.6511, 0.6947, 0.6139, 0.6831, 0.6693, 0.6862, 0.6346, 0.6825, 0.6419, 0.6893, 0.6567]","[0.5439, 0.5534, 0.2536, 0.2133, 0.4909, 0.3299, 0.2783, 0.3411, 0.225, 0.3492]",5.7,56,300,0,0,"[0, 0, 0, 0, 0, 0, 0, 0, 0, 0, 0, 2, 2, 2, 1, 1, 4, 2, 4, 3, 3, 5, 2, 2, 4, 4, 4, 4, 4, 3]","[27, 25, 24, 24, 24, 21, 22, 21, 26, 30]",3.5,,,,,0.00303030303030303,-0.03267457180500659,0.040357142857142855,0.2,0.1,0.16521739130434782,0.16996047430830039,0.8353571428571428,0.6,0.7,0.28311042925246527
faithful_root_t0.0,faithful_root,0.0,signflip,6,2,30,0.6373792134748488,0.6685221633162509,0.8160532866850568,1.0,0.0,0.0,0.6628,"{""Backdoor"": 0.935, ""DDoS_HTTP"": 0.637, ""DDoS_ICMP"": 0.993, ""DDoS_TCP"": 0.994, ""DDoS_UDP"": 0.995, ""Fingerprinting"": 0.015, ""MITM"": 1.0, ""Normal"": 1.0, ""Password"": 0.107, ""Port_Scanning"": 0.529, ""Ransomware"": 0.396, ""SQL_injection"": 0.085, ""Uploading"": 1.0, ""Vulnerability_scanner"": 0.898, ""XSS"": 0.445}","[0.4029, 0.4884, 0.5292, 0.5666, 0.6117, 0.626, 0.613, 0.6228, 0.6423, 0.6283, 0.6625, 0.6282, 0.6386, 0.6337, 0.6812, 0.6577, 0.6802, 0.6467, 0.6659, 0.6471, 0.6761, 0.6342, 0.674, 0.6469, 0.6691, 0.6414, 0.6685, 0.6511, 0.6999, 0.6374]","[0.5439, 0.5534, 0.2536, 0.2133, 0.4909, 0.3299, 0.2783, 0.3411, 0.225, 0.3492]",4.8,53,240,60,60,"[0, 0, 0, 0, 0, 0, 1, 0, 1, 0, 2, 0, 4, 2, 3, 1, 3, 2, 4, 2, 3, 2, 3, 2, 4, 2, 4, 2, 4, 2]","[0, 0, 22, 25, 22, 20, 18, 21, 30, 29]",3.5,,,,,,,,,,,,,,,
faithful_root_t0.0,faithful_root,0.0,labelflip,6,2,30,0.6373792134748488,0.6685221633162509,0.8160532866850568,1.0,0.0,0.0,0.6628,"{""Backdoor"": 0.935, ""DDoS_HTTP"": 0.637, ""DDoS_ICMP"": 0.993, ""DDoS_TCP"": 0.994, ""DDoS_UDP"": 0.995, ""Fingerprinting"": 0.015, ""MITM"": 1.0, ""Normal"": 1.0, ""Password"": 0.107, ""Port_Scanning"": 0.529, ""Ransomware"": 0.396, ""SQL_injection"": 0.085, ""Uploading"": 1.0, ""Vulnerability_scanner"": 0.898, ""XSS"": 0.445}","[0.4029, 0.4884, 0.5292, 0.5666, 0.6117, 0.626, 0.613, 0.6228, 0.6423, 0.6283, 0.6625, 0.6282, 0.6386, 0.6337, 0.6812, 0.6577, 0.6802, 0.6467, 0.6659, 0.6471, 0.6761, 0.6342, 0.674, 0.6469, 0.6691, 0.6414, 0.6685, 0.6511, 0.6999, 0.6374]","[0.5439, 0.5534, 0.2536, 0.2133, 0.4909, 0.3299, 0.2783, 0.3411, 0.225, 0.3492]",4.9,53,240,60,60,"[0, 0, 0, 0, 0, 0, 1, 0, 1, 0, 2, 0, 4, 2, 3, 1, 3, 2, 4, 2, 3, 2, 3, 2, 4, 2, 4, 2, 4, 2]","[0, 0, 22, 25, 22, 20, 18, 21, 30, 29]",3.5,,,,,,,,,,,,,,,
faithful_root_t0.0,faithful_root,0.0,targeted_flip,6,2,30,0.6376011182356864,0.6687517237291245,0.8162102760770593,1.0,0.0,0.0,0.6628,"{""Backdoor"": 0.935, ""DDoS_HTTP"": 0.641, ""DDoS_ICMP"": 0.993, ""DDoS_TCP"": 0.994, ""DDoS_UDP"": 0.995, ""Fingerprinting"": 0.015, ""MITM"": 1.0, ""Normal"": 1.0, ""Password"": 0.107, ""Port_Scanning"": 0.529, ""Ransomware"": 0.396, ""SQL_injection"": 0.085, ""Uploading"": 1.0, ""Vulnerability_scanner"": 0.898, ""XSS"": 0.445}","[0.2615, 0.4792, 0.523, 0.5613, 0.6053, 0.6206, 0.6126, 0.6231, 0.6353, 0.6283, 0.6589, 0.6289, 0.635, 0.6311, 0.6815, 0.6575, 0.6802, 0.6469, 0.6664, 0.647, 0.6762, 0.6339, 0.6746, 0.6461, 0.6702, 0.6412, 0.6672, 0.651, 0.6998, 0.6376]","[0.5439, 0.5534, 0.2536, 0.2133, 0.4909, 0.3299, 0.2783, 0.3411, 0.225, 0.3492]",4.8,53,240,58,60,"[0, 0, 0, 0, 0, 0, 1, 0, 1, 0, 2, 0, 4, 2, 3, 1, 3, 2, 4, 2, 3, 2, 3, 2, 4, 2, 4, 2, 4, 2]","[1, 1, 22, 25, 22, 20, 18, 21, 30, 29]",3.5,,,,,,,,,,,,,,,
faithful_root_t0.0,faithful_root,0.0,backdoor,6,2,30,0.6845139090260115,0.6922336174444449,0.8282984592612528,1.0,0.0,1.0,0.6800999999999999,"{""Backdoor"": 0.431, ""DDoS_HTTP"": 0.625, ""DDoS_ICMP"": 0.99, ""DDoS_TCP"": 0.561, ""DDoS_UDP"": 0.984, ""Fingerprinting"": 0.115, ""MITM"": 1.0, ""Normal"": 1.0, ""Password"": 0.973, ""Port_Scanning"": 0.882, ""Ransomware"": 0.949, ""SQL_injection"": 0.187, ""Uploading"": 0.4, ""Vulnerability_scanner"": 0.365, ""XSS"": 0.92}","[0.4315, 0.5573, 0.571, 0.6123, 0.6233, 0.6252, 0.6343, 0.6415, 0.6385, 0.6398, 0.6434, 0.6542, 0.6227, 0.6983, 0.6464, 0.6975, 0.6483, 0.6969, 0.6881, 0.6683, 0.657, 0.6928, 0.6024, 0.679, 0.6449, 0.7013, 0.6542, 0.6766, 0.6792, 0.6845]","[0.5439, 0.5534, 0.2536, 0.2133, 0.4909, 0.3299, 0.2783, 0.3411, 0.225, 0.3492]",5.0,52,240,9,60,"[0, 0, 0, 0, 0, 0, 0, 0, 0, 0, 1, 3, 1, 3, 2, 2, 2, 2, 2, 4, 1, 4, 3, 4, 2, 3, 2, 4, 2, 5]","[28, 23, 24, 23, 27, 20, 20, 20, 25, 29]",3.5,,,,,,,,,,,,,,,
faithful_root_t0.0,faithful_root,0.0,backdoor_boost,6,2,30,0.6642816407568676,0.6866276181413565,0.827692928749243,1.0,0.0,0.8511912034208918,0.6490666666666667,"{""Backdoor"": 0.923, ""DDoS_HTTP"": 0.906, ""DDoS_ICMP"": 0.987, ""DDoS_TCP"": 0.854, ""DDoS_UDP"": 0.995, ""Fingerprinting"": 0.035, ""MITM"": 1.0, ""Normal"": 1.0, ""Password"": 0.107, ""Port_Scanning"": 0.667, ""Ransomware"": 0.409, ""SQL_injection"": 0.202, ""Uploading"": 0.934, ""Vulnerability_scanner"": 0.817, ""XSS"": 0.463}","[0.4683, 0.5734, 0.5912, 0.6379, 0.649, 0.656, 0.6116, 0.6183, 0.6286, 0.6194, 0.6233, 0.6476, 0.63, 0.675, 0.6304, 0.681, 0.6632, 0.69, 0.6538, 0.652, 0.6818, 0.6379, 0.68, 0.6531, 0.6755, 0.6005, 0.6861, 0.6007, 0.6822, 0.6643]","[0.5439, 0.5534, 0.2536, 0.2133, 0.4909, 0.3299, 0.2783, 0.3411, 0.225, 0.3492]",4.8,53,240,47,60,"[0, 0, 0, 0, 0, 1, 0, 0, 1, 0, 1, 3, 2, 3, 2, 2, 1, 2, 3, 2, 4, 2, 4, 2, 4, 3, 4, 3, 3, 1]","[7, 6, 23, 22, 22, 21, 20, 22, 27, 30]",3.5,,,,,,,,,,,,,,,
faithful_root_t0.0,faithful_root,0.0,adaptive,6,2,30,0.6667759028277815,0.691090382582437,0.8259660454372154,1.0,0.0,0.0,0.6606666666666666,"{""Backdoor"": 0.934, ""DDoS_HTTP"": 0.659, ""DDoS_ICMP"": 0.978, ""DDoS_TCP"": 0.863, ""DDoS_UDP"": 0.998, ""Fingerprinting"": 0.15, ""MITM"": 1.0, ""Normal"": 1.0, ""Password"": 0.046, ""Port_Scanning"": 0.666, ""Ransomware"": 0.396, ""SQL_injection"": 0.094, ""Uploading"": 1.0, ""Vulnerability_scanner"": 0.789, ""XSS"": 0.794}","[0.2757, 0.3748, 0.3727, 0.4508, 0.5659, 0.5928, 0.6041, 0.6128, 0.6097, 0.6081, 0.6016, 0.6105, 0.6375, 0.6165, 0.6473, 0.6493, 0.6239, 0.6697, 0.6503, 0.6599, 0.642, 0.6606, 0.6501, 0.6592, 0.6683, 0.6635, 0.6715, 0.6463, 0.6689, 0.6668]","[0.5439, 0.5534, 0.2536, 0.2133, 0.4909, 0.3299, 0.2783, 0.3411, 0.225, 0.3492]",5.0,38,240,0,60,"[0, 0, 0, 0, 0, 0, 1, 1, 0, 2, 0, 2, 0, 2, 2, 2, 1, 2, 1, 2, 3, 1, 2, 1, 3, 1, 4, 2, 2, 1]","[30, 30, 27, 25, 28, 13, 19, 30, 30, 30]",3.5,,,,,,,,,,,,,,,
faithful_root_t0.0,faithful_root,0.0,adaptive_f30,6,3,30,0.6697591472025302,0.6928213383457986,0.827064971181233,1.0,0.0,0.0,0.6568666666666667,"{""Backdoor"": 0.936, ""DDoS_HTTP"": 0.624, ""DDoS_ICMP"": 0.965, ""DDoS_TCP"": 0.999, ""DDoS_UDP"": 0.998, ""Fingerprinting"": 0.15, ""MITM"": 1.0, ""Normal"": 1.0, ""Password"": 0.107, ""Port_Scanning"": 0.447, ""Ransomware"": 0.441, ""SQL_injection"": 0.08, ""Uploading"": 0.999, ""Vulnerability_scanner"": 0.795, ""XSS"": 0.851}","[0.2723, 0.3886, 0.4754, 0.5367, 0.5453, 0.5571, 0.5651, 0.5996, 0.5996, 0.606, 0.6193, 0.6251, 0.6263, 0.6208, 0.6457, 0.6449, 0.6334, 0.6472, 0.6333, 0.6492, 0.6314, 0.6567, 0.6469, 0.6629, 0.633, 0.6399, 0.6755, 0.6296, 0.6712, 0.6698]","[0.5439, 0.5534, 0.2536, 0.2133, 0.4909, 0.3299, 0.2783, 0.3411, 0.225, 0.3492]",5.7,44,210,0,90,"[0, 0, 0, 0, 1, 0, 2, 1, 1, 1, 1, 2, 1, 2, 2, 1, 2, 2, 2, 2, 2, 1, 2, 3, 3, 2, 2, 2, 2, 2]","[30, 30, 30, 29, 24, 9, 19, 25, 30, 30]",3.5,,,,,,,,,,,,,,,
faithful_root_t-0.3_kappa1.5,faithful_root,-0.3,none,6,0,30,0.6825509817365424,0.7017796060437059,0.8396689766534347,1.0,0.0,0.0,0.6708,"{""Backdoor"": 0.431, ""DDoS_HTTP"": 0.922, ""DDoS_ICMP"": 0.997, ""DDoS_TCP"": 0.561, ""DDoS_UDP"": 0.991, ""Fingerprinting"": 0.0, ""MITM"": 1.0, ""Normal"": 1.0, ""Password"": 0.107, ""Port_Scanning"": 1.0, ""Ransomware"": 0.831, ""SQL_injection"": 0.98, ""Uploading"": 0.431, ""Vulnerability_scanner"": 0.835, ""XSS"": 0.441}","[0.3976, 0.5295, 0.5836, 0.6108, 0.5945, 0.6, 0.5979, 0.6034, 0.6075, 0.6083, 0.6114, 0.5984, 0.6421, 0.6013, 0.6447, 0.649, 0.6452, 0.646, 0.6578, 0.6581, 0.6874, 0.6937, 0.6804, 0.7045, 0.7075, 0.7135, 0.6932, 0.647, 0.6828, 0.6826]","[0.5439, 0.5534, 0.2536, 0.2133, 0.4909, 0.3299, 0.2783, 0.3411, 0.225, 0.3492]",5.6,136,300,0,0,"[0, 0, 0, 1, 4, 3, 4, 5, 5, 5, 4, 6, 4, 6, 5, 5, 5, 6, 8, 4, 8, 3, 8, 5, 5, 6, 3, 8, 5, 5]","[30, 11, 26, 22, 4, 4, 3, 17, 29, 18]",1.5,,,,,0.00303030303030303,-0.03267457180500659,0.040357142857142855,0.2,0.1,0.1587615283267457,0.16627140974967058,0.8324999999999999,0.6,0.7,-0.18237166310401937
faithful_root_t-0.3_kappa1.5,faithful_root,-0.3,signflip,6,2,30,0.6379772302261693,0.6713635239078426,0.8188342416291013,1.0,0.0,0.0,0.6627,"{""Backdoor"": 0.903, ""DDoS_HTTP"": 0.634, ""DDoS_ICMP"": 0.999, ""DDoS_TCP"": 0.561, ""DDoS_UDP"": 0.991, ""Fingerprinting"": 0.0, ""MITM"": 1.0, ""Normal"": 1.0, ""Password"": 0.107, ""Port_Scanning"": 1.0, ""Ransomware"": 0.446, ""SQL_injection"": 0.975, ""Uploading"": 0.442, ""Vulnerability_scanner"": 0.968, ""XSS"": 0.043}","[0.4029, 0.4884, 0.5292, 0.5666, 0.6045, 0.6019, 0.5911, 0.6495, 0.5886, 0.6008, 0.6084, 0.6585, 0.6433, 0.6225, 0.6465, 0.6596, 0.6226, 0.6343, 0.5938, 0.5434, 0.6861, 0.669, 0.6527, 0.6888, 0.6912, 0.6262, 0.6536, 0.6856, 0.6645, 0.638]","[0.5439, 0.5534, 0.2536, 0.2133, 0.4909, 0.3299, 0.2783, 0.3411, 0.225, 0.3492]",5.0,98,240,60,60,"[0, 0, 0, 0, 1, 2, 2, 3, 4, 2, 2, 3, 4, 5, 4, 4, 4, 2, 4, 4, 4, 5, 6, 3, 5, 6, 7, 3, 4, 5]","[0, 0, 21, 28, 4, 22, 11, 5, 21, 30]",1.5,,,,,,,,,,,,,,,
faithful_root_t-0.3_kappa1.5,faithful_root,-0.3,adaptive_f30,6,3,30,0.6688352786417118,0.6910823297436209,0.8258763372132141,1.0,0.0,0.0,0.6658,"{""Backdoor"": 0.935, ""DDoS_HTTP"": 0.642, ""DDoS_ICMP"": 0.987, ""DDoS_TCP"": 1.0, ""DDoS_UDP"": 0.998, ""Fingerprinting"": 0.15, ""MITM"": 1.0, ""Normal"": 1.0, ""Password"": 0.104, ""Port_Scanning"": 0.447, ""Ransomware"": 0.441, ""SQL_injection"": 0.095, ""Uploading"": 0.993, ""Vulnerability_scanner"": 0.831, ""XSS"": 0.743}","[0.2603, 0.3914, 0.4653, 0.5295, 0.5409, 0.5429, 0.5519, 0.5922, 0.5961, 0.5968, 0.6025, 0.613, 0.6232, 0.611, 0.6398, 0.6474, 0.6334, 0.6513, 0.6395, 0.6364, 0.609, 0.6547, 0.6383, 0.6419, 0.6646, 0.6534, 0.6541, 0.6598, 0.6688, 0.6688]","[0.5439, 0.5534, 0.2536, 0.2133, 0.4909, 0.3299, 0.2783, 0.3411, 0.225, 0.3492]",6.1,80,210,0,90,"[0, 0, 0, 0, 0, 1, 1, 1, 1, 2, 1, 2, 1, 1, 3, 4, 5, 4, 5, 4, 5, 3, 5, 4, 5, 5, 6, 3, 5, 3]","[30, 30, 30, 29, 14, 16, 22, 14, 5, 30]",1.5,,,,,,,,,,,,,,,
faithful_root_t-0.3_kappa2.5,faithful_root,-0.3,none,6,0,30,0.7079000633708628,0.7078257890398176,0.8362600641413802,1.0,0.0,0.0,0.7045666666666666,"{""Backdoor"": 0.431, ""DDoS_HTTP"": 0.644, ""DDoS_ICMP"": 0.997, ""DDoS_TCP"": 0.561, ""DDoS_UDP"": 0.992, ""Fingerprinting"": 0.18, ""MITM"": 1.0, ""Normal"": 1.0, ""Password"": 0.259, ""Port_Scanning"": 0.963, ""Ransomware"": 0.831, ""SQL_injection"": 0.631, ""Uploading"": 0.561, ""Vulnerability_scanner"": 0.768, ""XSS"": 0.8}","[0.3976, 0.5295, 0.5836, 0.6037, 0.6455, 0.6551, 0.6506, 0.6584, 0.6803, 0.6688, 0.6781, 0.6754, 0.6827, 0.6936, 0.6962, 0.6934, 0.6823, 0.6937, 0.6852, 0.6898, 0.6886, 0.6876, 0.6865, 0.6887, 0.7038, 0.6934, 0.7064, 0.6929, 0.7129, 0.7079]","[0.5439, 0.5534, 0.2536, 0.2133, 0.4909, 0.3299, 0.2783, 0.3411, 0.225, 0.3492]",5.2,45,300,0,0,"[0, 0, 0, 0, 0, 0, 0, 0, 1, 1, 1, 1, 1, 1, 2, 1, 3, 2, 3, 2, 3, 2, 3, 3, 2, 3, 2, 4, 2, 2]","[30, 30, 30, 30, 28, 16, 8, 24, 29, 30]",2.5,,,,,0.00303030303030303,-0.03267457180500659,0.040357142857142855,0.2,0.1,0.16403162055335968,0.16996047430830039,0.8353571428571428,0.6,0.7,0.14869688228210426
faithful_root_t-0.3_kappa2.5,faithful_root,-0.3,signflip,6,2,30,0.6564658061714923,0.6836947399442864,0.8260557536612169,1.0,0.0,0.0,0.6547999999999999,"{""Backdoor"": 0.902, ""DDoS_HTTP"": 0.855, ""DDoS_ICMP"": 0.992, ""DDoS_TCP"": 0.765, ""DDoS_UDP"": 0.995, ""Fingerprinting"": 0.025, ""MITM"": 1.0, ""Normal"": 1.0, ""Password"": 0.107, ""Port_Scanning"": 0.762, ""Ransomware"": 0.446, ""SQL_injection"": 0.085, ""Uploading"": 1.0, ""Vulnerability_scanner"": 0.818, ""XSS"": 0.504}","[0.4029, 0.4884, 0.5292, 0.5666, 0.6117, 0.626, 0.6161, 0.6221, 0.6357, 0.6308, 0.6403, 0.6296, 0.6323, 0.6444, 0.6576, 0.6575, 0.6564, 0.6554, 0.647, 0.6607, 0.6461, 0.6509, 0.6515, 0.6553, 0.6535, 0.6532, 0.6637, 0.6359, 0.672, 0.6565]","[0.5439, 0.5534, 0.2536, 0.2133, 0.4909, 0.3299, 0.2783, 0.3411, 0.225, 0.3492]",5.2,20,240,60,60,"[0, 0, 0, 0, 0, 0, 0, 0, 0, 0, 0, 0, 0, 0, 0, 0, 0, 0, 2, 3, 1, 2, 1, 1, 1, 1, 3, 3, 2, 0]","[0, 0, 29, 29, 25, 29, 22, 26, 30, 30]",2.5,,,,,,,,,,,,,,,
faithful_root_t-0.3_kappa2.5,faithful_root,-0.3,adaptive_f30,6,3,30,0.6692250079856603,0.6915919929153804,0.8262351701092198,1.0,0.0,0.0,0.6689666666666666,"{""Backdoor"": 0.934, ""DDoS_HTTP"": 0.63, ""DDoS_ICMP"": 0.971, ""DDoS_TCP"": 0.996, ""DDoS_UDP"": 0.998, ""Fingerprinting"": 0.15, ""MITM"": 1.0, ""Normal"": 1.0, ""Password"": 0.109, ""Port_Scanning"": 0.447, ""Ransomware"": 0.441, ""SQL_injection"": 0.085, ""Uploading"": 0.998, ""Vulnerability_scanner"": 0.793, ""XSS"": 0.821}","[0.271, 0.4027, 0.4443, 0.5361, 0.5446, 0.5493, 0.5854, 0.5957, 0.6026, 0.6048, 0.6117, 0.6268, 0.6378, 0.6308, 0.6423, 0.6581, 0.6362, 0.6538, 0.6458, 0.6555, 0.6357, 0.6632, 0.6501, 0.6693, 0.6659, 0.6654, 0.6721, 0.6632, 0.6745, 0.6692]","[0.5439, 0.5534, 0.2536, 0.2133, 0.4909, 0.3299, 0.2783, 0.3411, 0.225, 0.3492]",4.9,18,210,0,90,"[0, 0, 0, 0, 0, 0, 0, 0, 0, 0, 0, 1, 0, 0, 1, 0, 1, 0, 1, 0, 1, 1, 1, 1, 0, 2, 4, 1, 2, 1]","[30, 30, 30, 29, 28, 19, 27, 29, 30, 30]",2.5,,,,,,,,,,,,,,,
faithful_root_t-0.3_kappa5.0,faithful_root,-0.3,none,6,0,30,0.6962095580196735,0.7063675105835687,0.8369777299333916,1.0,0.0,0.0,0.6956333333333333,"{""Backdoor"": 0.448, ""DDoS_HTTP"": 0.915, ""DDoS_ICMP"": 0.993, ""DDoS_TCP"": 0.569, ""DDoS_UDP"": 0.993, ""Fingerprinting"": 0.135, ""MITM"": 1.0, ""Normal"": 1.0, ""Password"": 0.822, ""Port_Scanning"": 0.952, ""Ransomware"": 0.83, ""SQL_injection"": 0.126, ""Uploading"": 0.521, ""Vulnerability_scanner"": 0.794, ""XSS"": 0.497}","[0.3976, 0.5295, 0.5836, 0.6037, 0.6455, 0.6551, 0.6506, 0.6584, 0.6717, 0.6651, 0.6756, 0.6659, 0.668, 0.6881, 0.6859, 0.6879, 0.6831, 0.6746, 0.6914, 0.6757, 0.6861, 0.6849, 0.6861, 0.7026, 0.6808, 0.6978, 0.6896, 0.6954, 0.6953, 0.6962]","[0.5439, 0.5534, 0.2536, 0.2133, 0.4909, 0.3299, 0.2783, 0.3411, 0.225, 0.3492]",5.5,0,300,0,0,"[0, 0, 0, 0, 0, 0, 0, 0, 0, 0, 0, 0, 0, 0, 0, 0, 0, 0, 0, 0, 0, 0, 0, 0, 0, 0, 0, 0, 0, 0]","[30, 30, 30, 30, 30, 30, 30, 30, 30, 30]",5.0,,,,,0.00303030303030303,-0.03267457180500659,0.040357142857142855,0.2,0.1,0.16521739130434782,0.16996047430830039,0.8353571428571428,0.6,0.7,
faithful_root_t-0.3_kappa5.0,faithful_root,-0.3,signflip,6,2,30,0.6566090123506592,0.6841088567582413,0.8261454618852183,1.0,0.0,0.0,0.6599,"{""Backdoor"": 0.902, ""DDoS_HTTP"": 0.889, ""DDoS_ICMP"": 0.992, ""DDoS_TCP"": 0.759, ""DDoS_UDP"": 0.994, ""Fingerprinting"": 0.03, ""MITM"": 1.0, ""Normal"": 1.0, ""Password"": 0.107, ""Port_Scanning"": 0.77, ""Ransomware"": 0.446, ""SQL_injection"": 0.085, ""Uploading"": 1.0, ""Vulnerability_scanner"": 0.816, ""XSS"": 0.472}","[0.4029, 0.4884, 0.5292, 0.5666, 0.6117, 0.626, 0.6161, 0.6221, 0.6357, 0.6308, 0.6403, 0.6296, 0.6323, 0.6444, 0.6576, 0.6575, 0.6564, 0.6554, 0.6575, 0.6542, 0.6599, 0.6543, 0.668, 0.6571, 0.6543, 0.6536, 0.6541, 0.655, 0.6681, 0.6566]","[0.5439, 0.5534, 0.2536, 0.2133, 0.4909, 0.3299, 0.2783, 0.3411, 0.225, 0.3492]",5.0,6,240,60,60,"[0, 0, 0, 0, 0, 0, 0, 0, 0, 0, 0, 0, 0, 0, 0, 0, 0, 0, 0, 0, 1, 0, 2, 0, 0, 1, 0, 0, 2, 0]","[0, 0, 30, 30, 30, 27, 27, 30, 30, 30]",5.0,,,,,,,,,,,,,,,
faithful_root_t-0.3_kappa5.0,faithful_root,-0.3,adaptive_f30,6,3,30,0.6591702439117306,0.6860517043014107,0.8225122788131602,1.0,0.0,0.0,0.6491333333333333,"{""Backdoor"": 0.936, ""DDoS_HTTP"": 0.642, ""DDoS_ICMP"": 0.953, ""DDoS_TCP"": 1.0, ""DDoS_UDP"": 0.999, ""Fingerprinting"": 0.15, ""MITM"": 1.0, ""Normal"": 1.0, ""Password"": 0.046, ""Port_Scanning"": 0.447, ""Ransomware"": 0.441, ""SQL_injection"": 0.08, ""Uploading"": 0.995, ""Vulnerability_scanner"": 0.79, ""XSS"": 0.812}","[0.2759, 0.3788, 0.4784, 0.5174, 0.5392, 0.5509, 0.5544, 0.5616, 0.5573, 0.5942, 0.6152, 0.6254, 0.6283, 0.6229, 0.6389, 0.6411, 0.6239, 0.6403, 0.626, 0.641, 0.6318, 0.6507, 0.6295, 0.6543, 0.6332, 0.6293, 0.6605, 0.6195, 0.6687, 0.6592]","[0.5439, 0.5534, 0.2536, 0.2133, 0.4909, 0.3299, 0.2783, 0.3411, 0.225, 0.3492]",5.1,6,210,0,90,"[0, 0, 0, 0, 0, 0, 0, 0, 0, 0, 0, 1, 0, 1, 0, 0, 0, 0, 0, 0, 1, 0, 1, 0, 0, 1, 0, 1, 0, 0]","[30, 30, 30, 30, 30, 24, 30, 30, 30, 30]",5.0,,,,,,,,,,,,,,,
faithful_root_t-0.3_clip,faithful_root,-0.3,none,6,0,30,0.691391366666838,0.6967137957634498,0.8360133665253762,1.0,0.0,0.0,0.6923,"{""Backdoor"": 0.437, ""DDoS_HTTP"": 0.713, ""DDoS_ICMP"": 0.989, ""DDoS_TCP"": 0.561, ""DDoS_UDP"": 0.993, ""Fingerprinting"": 0.0, ""MITM"": 1.0, ""Normal"": 1.0, ""Password"": 0.456, ""Port_Scanning"": 0.963, ""Ransomware"": 0.83, ""SQL_injection"": 0.563, ""Uploading"": 0.481, ""Vulnerability_scanner"": 0.815, ""XSS"": 0.649}","[0.3797, 0.4975, 0.5791, 0.5856, 0.6032, 0.6085, 0.6043, 0.6493, 0.6595, 0.6557, 0.6643, 0.6619, 0.6635, 0.6637, 0.6663, 0.6681, 0.6695, 0.6718, 0.6802, 0.6756, 0.6866, 0.6737, 0.6833, 0.6919, 0.6898, 0.6914, 0.6912, 0.6936, 0.6919, 0.6914]","[0.5439, 0.5534, 0.2536, 0.2133, 0.4909, 0.3299, 0.2783, 0.3411, 0.225, 0.3492]",5.3,0,300,0,0,"[0, 0, 0, 0, 0, 0, 0, 0, 0, 0, 0, 0, 0, 0, 0, 0, 0, 0, 0, 0, 0, 0, 0, 0, 0, 0, 0, 0, 0, 0]","[30, 30, 30, 30, 30, 30, 30, 30, 30, 30]",3.5,1.0,,,,0.00303030303030303,-0.03267457180500659,0.040357142857142855,0.2,0.1,0.15757575757575756,0.1691699604743083,0.8314285714285713,0.6,0.7,
faithful_root_t-0.3_clip,faithful_root,-0.3,backdoor,6,2,30,0.6885866449633645,0.7025690003449634,0.8401175177734419,1.0,0.0,0.9999185501934433,0.6926333333333333,"{""Backdoor"": 0.434, ""DDoS_HTTP"": 0.625, ""DDoS_ICMP"": 0.981, ""DDoS_TCP"": 0.561, ""DDoS_UDP"": 0.993, ""Fingerprinting"": 0.0, ""MITM"": 1.0, ""Normal"": 1.0, ""Password"": 0.149, ""Port_Scanning"": 0.963, ""Ransomware"": 0.831, ""SQL_injection"": 0.942, ""Uploading"": 0.44, ""Vulnerability_scanner"": 0.771, ""XSS"": 0.847}","[0.4132, 0.5427, 0.5772, 0.5985, 0.6139, 0.6232, 0.6349, 0.647, 0.6512, 0.6515, 0.651, 0.6529, 0.6557, 0.656, 0.6592, 0.6624, 0.6607, 0.6618, 0.6607, 0.6619, 0.6608, 0.695, 0.6942, 0.6962, 0.6967, 0.6975, 0.6974, 0.6968, 0.6925, 0.6886]","[0.5439, 0.5534, 0.2536, 0.2133, 0.4909, 0.3299, 0.2783, 0.3411, 0.225, 0.3492]",5.1,0,240,0,60,"[0, 0, 0, 0, 0, 0, 0, 0, 0, 0, 0, 0, 0, 0, 0, 0, 0, 0, 0, 0, 0, 0, 0, 0, 0, 0, 0, 0, 0, 0]","[30, 30, 30, 30, 30, 30, 30, 30, 30, 30]",3.5,1.0,,,,,,,,,,,,,,
faithful_root_t-0.3_clip,faithful_root,-0.3,backdoor_boost,6,2,30,0.662297036519571,0.684320148682758,0.8274462311332391,1.0,0.0,0.0,0.6637333333333334,"{""Backdoor"": 0.699, ""DDoS_HTTP"": 0.625, ""DDoS_ICMP"": 0.985, ""DDoS_TCP"": 0.561, ""DDoS_UDP"": 0.994, ""Fingerprinting"": 0.0, ""MITM"": 1.0, ""Normal"": 1.0, ""Password"": 0.107, ""Port_Scanning"": 0.963, ""Ransomware"": 0.626, ""SQL_injection"": 0.133, ""Uploading"": 0.972, ""Vulnerability_scanner"": 0.817, ""XSS"": 0.783}","[0.4133, 0.5281, 0.5415, 0.5982, 0.612, 0.6089, 0.6171, 0.6129, 0.6169, 0.617, 0.613, 0.6114, 0.6151, 0.6152, 0.6179, 0.6186, 0.6564, 0.6577, 0.6577, 0.6557, 0.6578, 0.6578, 0.6576, 0.6552, 0.6536, 0.6542, 0.6534, 0.6647, 0.6642, 0.6623]","[0.5439, 0.5534, 0.2536, 0.2133, 0.4909, 0.3299, 0.2783, 0.3411, 0.225, 0.3492]",5.6,3,240,58,60,"[0, 0, 0, 0, 0, 0, 0, 0, 0, 0, 0, 0, 0, 0, 0, 0, 0, 0, 0, 0, 0, 0, 0, 0, 0, 0, 0, 2, 0, 1]","[1, 1, 29, 30, 30, 29, 29, 30, 30, 30]",3.5,1.0,,,,,,,,,,,,,,
faithful_root_t-0.3_clip,faithful_root,-0.3,adaptive_f30,6,3,30,0.6670178440061797,0.6888747699235677,0.8268407006212295,1.0,0.0,0.0,0.6652333333333333,"{""Backdoor"": 0.908, ""DDoS_HTTP"": 0.642, ""DDoS_ICMP"": 0.978, ""DDoS_TCP"": 0.997, ""DDoS_UDP"": 0.997, ""Fingerprinting"": 0.09, ""MITM"": 1.0, ""Normal"": 1.0, ""Password"": 0.145, ""Port_Scanning"": 0.447, ""Ransomware"": 0.482, ""SQL_injection"": 0.085, ""Uploading"": 0.974, ""Vulnerability_scanner"": 0.773, ""XSS"": 0.816}","[0.2264, 0.3715, 0.4172, 0.4679, 0.5399, 0.5445, 0.554, 0.5812, 0.5937, 0.5926, 0.6026, 0.6071, 0.6194, 0.6096, 0.6228, 0.6347, 0.6308, 0.6377, 0.6368, 0.6424, 0.6275, 0.635, 0.6359, 0.6526, 0.6531, 0.6536, 0.6563, 0.6592, 0.6695, 0.667]","[0.5439, 0.5534, 0.2536, 0.2133, 0.4909, 0.3299, 0.2783, 0.3411, 0.225, 0.3492]",5.8,10,210,0,90,"[0, 0, 0, 0, 0, 0, 0, 0, 0, 0, 0, 0, 0, 0, 1, 0, 1, 0, 1, 0, 1, 0, 1, 1, 0, 2, 0, 1, 1, 0]","[30, 30, 30, 30, 30, 21, 29, 30, 30, 30]",3.5,1.0,,,,,,,,,,,,,,
faithful_root_t-0.3_clip,faithful_root,-0.3,signflip,6,2,30,0.6565414101329379,0.6837632532894957,0.8270425441252327,1.0,0.0,0.0,0.6581999999999999,"{""Backdoor"": 0.902, ""DDoS_HTTP"": 0.643, ""DDoS_ICMP"": 0.988, ""DDoS_TCP"": 0.678, ""DDoS_UDP"": 0.995, ""Fingerprinting"": 0.0, ""MITM"": 1.0, ""Normal"": 1.0, ""Password"": 0.107, ""Port_Scanning"": 0.846, ""Ransomware"": 0.446, ""SQL_injection"": 0.085, ""Uploading"": 0.998, ""Vulnerability_scanner"": 0.837, ""XSS"": 0.732}","[0.3766, 0.4718, 0.523, 0.5401, 0.5693, 0.6238, 0.6136, 0.6201, 0.6328, 0.6288, 0.6344, 0.63, 0.6304, 0.6325, 0.6353, 0.6366, 0.6399, 0.64, 0.6426, 0.639, 0.6454, 0.6348, 0.6379, 0.6587, 0.6541, 0.6593, 0.6585, 0.6595, 0.6586, 0.6565]","[0.5439, 0.5534, 0.2536, 0.2133, 0.4909, 0.3299, 0.2783, 0.3411, 0.225, 0.3492]",6.3,2,240,60,60,"[0, 0, 0, 0, 0, 0, 0, 0, 0, 0, 0, 0, 0, 0, 0, 0, 0, 0, 0, 0, 0, 0, 2, 0, 0, 0, 0, 0, 0, 0]","[0, 0, 30, 30, 30, 29, 29, 30, 30, 30]",3.5,1.0,,,,,,,,,,,,,,
faithful_root_t-0.3_clipnoise_z0.5,faithful_root,-0.3,none,6,0,30,0.6737018688086043,0.6872329318109615,0.8296216555652739,1.0,0.0,0.0002443494196701283,0.6834333333333333,"{""Backdoor"": 0.431, ""DDoS_HTTP"": 0.791, ""DDoS_ICMP"": 0.996, ""DDoS_TCP"": 0.561, ""DDoS_UDP"": 0.997, ""Fingerprinting"": 0.0, ""MITM"": 1.0, ""Normal"": 1.0, ""Password"": 0.167, ""Port_Scanning"": 0.963, ""Ransomware"": 0.832, ""SQL_injection"": 0.509, ""Uploading"": 0.686, ""Vulnerability_scanner"": 0.818, ""XSS"": 0.558}","[0.2277, 0.3874, 0.5036, 0.5741, 0.5731, 0.5805, 0.5834, 0.5843, 0.6093, 0.5571, 0.6025, 0.5633, 0.6029, 0.608, 0.6568, 0.6714, 0.6701, 0.6656, 0.6706, 0.6796, 0.6664, 0.6773, 0.6792, 0.6817, 0.6784, 0.6854, 0.6855, 0.6908, 0.6858, 0.6737]","[0.5439, 0.5534, 0.2536, 0.2133, 0.4909, 0.3299, 0.2783, 0.3411, 0.225, 0.3492]",6.0,0,300,0,0,"[0, 0, 0, 0, 0, 0, 0, 0, 0, 0, 0, 0, 0, 0, 0, 0, 0, 0, 0, 0, 0, 0, 0, 0, 0, 0, 0, 0, 0, 0]","[30, 30, 30, 30, 30, 30, 30, 30, 30, 30]",3.5,1.0,0.5,,112.56537912599764,0.12292490118577075,0.027009222661396572,0.07785714285714285,0.2,0.2,0.13135704874835308,0.20197628458498024,0.8339285714285714,0.6,0.7,
faithful_root_t-0.3_clipnoise_z0.5,faithful_root,-0.3,backdoor,6,2,30,0.6820048767959157,0.6984238749462798,0.8372917087173967,1.0,0.0,0.9985339034819792,0.6878666666666667,"{""Backdoor"": 0.433, ""DDoS_HTTP"": 0.63, ""DDoS_ICMP"": 0.987, ""DDoS_TCP"": 0.564, ""DDoS_UDP"": 0.991, ""Fingerprinting"": 0.0, ""MITM"": 1.0, ""Normal"": 1.0, ""Password"": 0.107, ""Port_Scanning"": 0.963, ""Ransomware"": 0.831, ""SQL_injection"": 0.88, ""Uploading"": 0.506, ""Vulnerability_scanner"": 0.77, ""XSS"": 0.813}","[0.2569, 0.4489, 0.4976, 0.5242, 0.5655, 0.5936, 0.6012, 0.6171, 0.6359, 0.6683, 0.6725, 0.6195, 0.6879, 0.6828, 0.6362, 0.6893, 0.6931, 0.6917, 0.6934, 0.6952, 0.6929, 0.6969, 0.6901, 0.6871, 0.677, 0.6843, 0.6886, 0.6953, 0.6863, 0.682]","[0.5439, 0.5534, 0.2536, 0.2133, 0.4909, 0.3299, 0.2783, 0.3411, 0.225, 0.3492]",5.2,0,240,0,60,"[0, 0, 0, 0, 0, 0, 0, 0, 0, 0, 0, 0, 0, 0, 0, 0, 0, 0, 0, 0, 0, 0, 0, 0, 0, 0, 0, 0, 0, 0]","[30, 30, 30, 30, 30, 30, 30, 30, 30, 30]",3.5,1.0,0.5,,112.56537912599764,,,,,,,,,,,
faithful_root_t-0.3_clipnoise_z0.5,faithful_root,-0.3,backdoor_boost,6,2,30,0.6570948672021601,0.6810019771505117,0.8252259525892036,1.0,0.0,0.0015068214212991245,0.6665666666666666,"{""Backdoor"": 0.712, ""DDoS_HTTP"": 0.626, ""DDoS_ICMP"": 0.991, ""DDoS_TCP"": 0.584, ""DDoS_UDP"": 0.992, ""Fingerprinting"": 0.0, ""MITM"": 1.0, ""Normal"": 1.0, ""Password"": 0.107, ""Port_Scanning"": 0.944, ""Ransomware"": 0.558, ""SQL_injection"": 0.108, ""Uploading"": 0.986, ""Vulnerability_scanner"": 0.803, ""XSS"": 0.804}","[0.257, 0.4488, 0.474, 0.5099, 0.5173, 0.5539, 0.6356, 0.6431, 0.6498, 0.6455, 0.6414, 0.6025, 0.6638, 0.6494, 0.6102, 0.6521, 0.6423, 0.6493, 0.6435, 0.658, 0.6655, 0.6825, 0.6597, 0.6742, 0.6677, 0.6678, 0.6652, 0.6756, 0.667, 0.6571]","[0.5439, 0.5534, 0.2536, 0.2133, 0.4909, 0.3299, 0.2783, 0.3411, 0.225, 0.3492]",5.6,0,240,56,60,"[0, 0, 0, 0, 0, 0, 0, 0, 0, 0, 0, 0, 0, 0, 0, 0, 0, 0, 0, 0, 0, 0, 0, 0, 0, 0, 0, 0, 0, 0]","[2, 2, 30, 30, 30, 30, 30, 30, 30, 30]",3.5,1.0,0.5,,112.56537912599764,,,,,,,,,,,
faithful_root_t-0.3_clipnoise_z0.5,faithful_root,-0.3,adaptive_f30,6,3,30,0.6679690318204561,0.6875489715103569,0.8244858597411918,1.0,0.0,0.0002443494196701283,0.6633333333333334,"{""Backdoor"": 0.912, ""DDoS_HTTP"": 0.682, ""DDoS_ICMP"": 0.983, ""DDoS_TCP"": 0.889, ""DDoS_UDP"": 0.999, ""Fingerprinting"": 0.15, ""MITM"": 0.975, ""Normal"": 1.0, ""Password"": 0.101, ""Port_Scanning"": 0.556, ""Ransomware"": 0.481, ""SQL_injection"": 0.085, ""Uploading"": 0.996, ""Vulnerability_scanner"": 0.804, ""XSS"": 0.698}","[0.1936, 0.2888, 0.3663, 0.4612, 0.4674, 0.4608, 0.4875, 0.53, 0.5719, 0.57, 0.6191, 0.6224, 0.6273, 0.6362, 0.6431, 0.6399, 0.6297, 0.628, 0.6302, 0.6378, 0.6261, 0.6475, 0.6364, 0.6645, 0.6488, 0.6622, 0.668, 0.6579, 0.6641, 0.668]","[0.5439, 0.5534, 0.2536, 0.2133, 0.4909, 0.3299, 0.2783, 0.3411, 0.225, 0.3492]",5.6,6,210,0,90,"[0, 0, 0, 0, 0, 0, 0, 0, 0, 0, 0, 0, 0, 0, 0, 0, 0, 0, 0, 0, 1, 0, 1, 1, 0, 1, 0, 1, 1, 0]","[30, 30, 30, 30, 30, 24, 30, 30, 30, 30]",3.5,1.0,0.5,,112.56537912599764,,,,,,,,,,,
faithful_root_t-0.3_clipnoise_z0.5,faithful_root,-0.3,signflip,6,2,30,0.6468476595032624,0.6765536732928124,0.8232075175491713,1.0,0.0,0.031073101201384647,0.6533666666666667,"{""Backdoor"": 0.891, ""DDoS_HTTP"": 0.813, ""DDoS_ICMP"": 0.996, ""DDoS_TCP"": 0.561, ""DDoS_UDP"": 0.998, ""Fingerprinting"": 0.0, ""MITM"": 0.975, ""Normal"": 1.0, ""Password"": 0.106, ""Port_Scanning"": 0.963, ""Ransomware"": 0.447, ""SQL_injection"": 0.084, ""Uploading"": 0.998, ""Vulnerability_scanner"": 0.833, ""XSS"": 0.483}","[0.1685, 0.347, 0.4585, 0.4975, 0.5269, 0.5066, 0.5293, 0.5744, 0.6397, 0.5643, 0.5666, 0.636, 0.6347, 0.6462, 0.6386, 0.6509, 0.6398, 0.6366, 0.6261, 0.6596, 0.6396, 0.648, 0.6403, 0.655, 0.6553, 0.6601, 0.6561, 0.6631, 0.6502, 0.6468]","[0.5439, 0.5534, 0.2536, 0.2133, 0.4909, 0.3299, 0.2783, 0.3411, 0.225, 0.3492]",5.1,2,240,60,60,"[0, 0, 0, 0, 0, 0, 0, 0, 0, 0, 0, 0, 0, 0, 0, 0, 0, 0, 0, 1, 0, 0, 1, 0, 0, 0, 0, 0, 0, 0]","[0, 0, 30, 30, 30, 30, 28, 30, 30, 30]",3.5,1.0,0.5,,112.56537912599764,,,,,,,,,,,
faithful_root_t-0.3_all_z0.5,faithful_root,-0.3,none,6,0,30,0.6734476608282698,0.6847675877351033,0.8279620534212474,1.0,0.0,0.0,0.6836333333333333,"{""Backdoor"": 0.494, ""DDoS_HTTP"": 0.75, ""DDoS_ICMP"": 0.994, ""DDoS_TCP"": 0.58, ""DDoS_UDP"": 0.997, ""Fingerprinting"": 0.0, ""MITM"": 1.0, ""Normal"": 1.0, ""Password"": 0.185, ""Port_Scanning"": 0.944, ""Ransomware"": 0.774, ""SQL_injection"": 0.565, ""Uploading"": 0.622, ""Vulnerability_scanner"": 0.818, ""XSS"": 0.549}","[0.2592, 0.4071, 0.5115, 0.5758, 0.5749, 0.58, 0.5838, 0.5849, 0.5938, 0.5608, 0.601, 0.5748, 0.6006, 0.622, 0.6638, 0.6644, 0.6718, 0.6607, 0.6596, 0.6632, 0.6558, 0.6816, 0.6662, 0.6735, 0.6697, 0.6818, 0.6847, 0.6926, 0.6849, 0.6734]","[0.5439, 0.5534, 0.2536, 0.2133, 0.4909, 0.3299, 0.2783, 0.3411, 0.225, 0.3492]",5.1,0,300,0,0,"[0, 0, 0, 0, 0, 0, 0, 0, 0, 0, 0, 0, 0, 0, 0, 0, 0, 0, 0, 0, 0, 0, 0, 0, 0, 0, 0, 0, 0, 0]","[30, 30, 30, 30, 30, 30, 30, 30, 30, 30]",3.5,1.0,0.5,3.0,112.56537912599764,0.12292490118577075,0.027009222661396572,0.07785714285714285,0.2,0.2,0.15191040843214756,0.1885375494071146,0.8392857142857142,0.6,0.7,
faithful_root_t-0.3_all_z0.5,faithful_root,-0.3,backdoor,6,2,30,0.6798819840614541,0.6953342254096333,0.8351387113413622,1.0,0.0,0.4064752596212584,0.6819333333333333,"{""Backdoor"": 0.437, ""DDoS_HTTP"": 0.643, ""DDoS_ICMP"": 0.977, ""DDoS_TCP"": 0.565, ""DDoS_UDP"": 0.993, ""Fingerprinting"": 0.0, ""MITM"": 1.0, ""Normal"": 1.0, ""Password"": 0.113, ""Port_Scanning"": 0.963, ""Ransomware"": 0.831, ""SQL_injection"": 0.746, ""Uploading"": 0.579, ""Vulnerability_scanner"": 0.809, ""XSS"": 0.774}","[0.3084, 0.4692, 0.5096, 0.587, 0.586, 0.5854, 0.6159, 0.632, 0.646, 0.6381, 0.6403, 0.5955, 0.6499, 0.6798, 0.6434, 0.6806, 0.6928, 0.6873, 0.6921, 0.691, 0.6898, 0.6985, 0.6904, 0.6855, 0.6832, 0.6826, 0.6847, 0.6864, 0.6795, 0.6799]","[0.5439, 0.5534, 0.2536, 0.2133, 0.4909, 0.3299, 0.2783, 0.3411, 0.225, 0.3492]",5.3,0,240,0,60,"[0, 0, 0, 0, 0, 0, 0, 0, 0, 0, 0, 0, 0, 0, 0, 0, 0, 0, 0, 0, 0, 0, 0, 0, 0, 0, 0, 0, 0, 0]","[30, 30, 30, 30, 30, 30, 30, 30, 30, 30]",3.5,1.0,0.5,3.0,112.56537912599764,,,,,,,,,,,
faithful_root_t-0.3_all_z0.5,faithful_root,-0.3,backdoor_boost,6,2,30,0.6674126212916186,0.6874069605409088,0.8295543743972729,1.0,0.0,0.00012217470983506414,0.6730666666666666,"{""Backdoor"": 0.847, ""DDoS_HTTP"": 0.643, ""DDoS_ICMP"": 0.979, ""DDoS_TCP"": 0.565, ""DDoS_UDP"": 0.993, ""Fingerprinting"": 0.0, ""MITM"": 1.0, ""Normal"": 1.0, ""Password"": 0.107, ""Port_Scanning"": 0.963, ""Ransomware"": 0.517, ""SQL_injection"": 0.205, ""Uploading"": 0.926, ""Vulnerability_scanner"": 0.816, ""XSS"": 0.75}","[0.3085, 0.4693, 0.4908, 0.5362, 0.5571, 0.5723, 0.5986, 0.6184, 0.6292, 0.6106, 0.6569, 0.6038, 0.6705, 0.6578, 0.6178, 0.6622, 0.6616, 0.663, 0.6672, 0.6719, 0.6732, 0.687, 0.6794, 0.681, 0.6742, 0.6678, 0.667, 0.6773, 0.6745, 0.6674]","[0.5439, 0.5534, 0.2536, 0.2133, 0.4909, 0.3299, 0.2783, 0.3411, 0.225, 0.3492]",5.2,0,240,56,60,"[0, 0, 0, 0, 0, 0, 0, 0, 0, 0, 0, 0, 0, 0, 0, 0, 0, 0, 0, 0, 0, 0, 0, 0, 0, 0, 0, 0, 0, 0]","[2, 2, 30, 30, 30, 30, 30, 30, 30, 30]",3.5,1.0,0.5,3.0,112.56537912599764,,,,,,,,,,,
faithful_root_t-0.3_all_z0.5,faithful_root,-0.3,adaptive_f30,6,3,30,0.6592241428990907,0.6824190089250368,0.8206508331651304,1.0,0.0,0.0,0.6483,"{""Backdoor"": 0.912, ""DDoS_HTTP"": 0.709, ""DDoS_ICMP"": 0.99, ""DDoS_TCP"": 0.956, ""DDoS_UDP"": 0.999, ""Fingerprinting"": 0.135, ""MITM"": 1.0, ""Normal"": 1.0, ""Password"": 0.092, ""Port_Scanning"": 0.498, ""Ransomware"": 0.481, ""SQL_injection"": 0.08, ""Uploading"": 0.982, ""Vulnerability_scanner"": 0.812, ""XSS"": 0.591}","[0.2015, 0.2968, 0.3727, 0.4768, 0.4589, 0.4677, 0.4835, 0.5062, 0.5036, 0.5134, 0.5719, 0.5787, 0.5866, 0.583, 0.6217, 0.6443, 0.6477, 0.647, 0.6451, 0.6494, 0.64, 0.6497, 0.6354, 0.6621, 0.6388, 0.6479, 0.6469, 0.647, 0.6387, 0.6592]","[0.5439, 0.5534, 0.2536, 0.2133, 0.4909, 0.3299, 0.2783, 0.3411, 0.225, 0.3492]",5.7,6,210,0,90,"[0, 0, 0, 0, 0, 0, 0, 0, 0, 0, 0, 0, 0, 0, 0, 0, 0, 0, 0, 1, 0, 0, 1, 1, 0, 1, 0, 1, 1, 0]","[30, 30, 30, 30, 30, 24, 30, 30, 30, 30]",3.5,1.0,0.5,3.0,112.56537912599764,,,,,,,,,,,
faithful_root_t-0.3_all_z0.5,faithful_root,-0.3,signflip,6,2,30,0.6345264244726231,0.6669810541755671,0.8157393079010519,1.0,0.0,0.0,0.6465666666666667,"{""Backdoor"": 0.928, ""DDoS_HTTP"": 0.804, ""DDoS_ICMP"": 0.994, ""DDoS_TCP"": 0.682, ""DDoS_UDP"": 0.998, ""Fingerprinting"": 0.0, ""MITM"": 1.0, ""Normal"": 1.0, ""Password"": 0.101, ""Port_Scanning"": 0.848, ""Ransomware"": 0.401, ""SQL_injection"": 0.086, ""Uploading"": 0.992, ""Vulnerability_scanner"": 0.83, ""XSS"": 0.342}","[0.2286, 0.3659, 0.4601, 0.5126, 0.5054, 0.5238, 0.5573, 0.5716, 0.5622, 0.5471, 0.5805, 0.5524, 0.57, 0.5649, 0.593, 0.6019, 0.6518, 0.6489, 0.6512, 0.6532, 0.6431, 0.6515, 0.6236, 0.6372, 0.6343, 0.667, 0.6591, 0.661, 0.6442, 0.6345]","[0.5439, 0.5534, 0.2536, 0.2133, 0.4909, 0.3299, 0.2783, 0.3411, 0.225, 0.3492]",5.1,1,240,60,60,"[0, 0, 0, 0, 0, 0, 0, 0, 0, 0, 0, 0, 0, 0, 0, 0, 0, 0, 0, 0, 0, 0, 1, 0, 0, 0, 0, 0, 0, 0]","[0, 0, 30, 30, 30, 30, 29, 30, 30, 30]",3.5,1.0,0.5,3.0,112.56537912599764,,,,,,,,,,,
faithful_root_t-0.3_all_z1.0,faithful_root,-0.3,none,6,0,30,0.6432786743042739,0.6524691209036599,0.8192379286371078,1.0,0.0,0.0,0.6496,"{""Backdoor"": 0.8, ""DDoS_HTTP"": 0.72, ""DDoS_ICMP"": 0.993, ""DDoS_TCP"": 0.637, ""DDoS_UDP"": 0.991, ""Fingerprinting"": 0.0, ""MITM"": 0.667, ""Normal"": 1.0, ""Password"": 0.093, ""Port_Scanning"": 0.926, ""Ransomware"": 0.5, ""SQL_injection"": 0.306, ""Uploading"": 0.813, ""Vulnerability_scanner"": 0.815, ""XSS"": 0.526}","[0.1798, 0.2454, 0.3777, 0.488, 0.5194, 0.5326, 0.5455, 0.5672, 0.5863, 0.5418, 0.589, 0.553, 0.5996, 0.584, 0.6345, 0.5924, 0.6685, 0.6642, 0.6557, 0.665, 0.6384, 0.6589, 0.6414, 0.6616, 0.639, 0.6735, 0.6681, 0.6621, 0.6434, 0.6433]","[0.5439, 0.5534, 0.2536, 0.2133, 0.4909, 0.3299, 0.2783, 0.3411, 0.225, 0.3492]",5.5,0,300,0,0,"[0, 0, 0, 0, 0, 0, 0, 0, 0, 0, 0, 0, 0, 0, 0, 0, 0, 0, 0, 0, 0, 0, 0, 0, 0, 0, 0, 0, 0, 0]","[30, 30, 30, 30, 30, 30, 30, 30, 30, 30]",3.5,1.0,1.0,3.0,41.285057226388886,0.12292490118577075,0.027009222661396572,0.07785714285714285,0.2,0.2,0.1654808959156785,0.19855072463768114,0.837142857142857,0.6,0.7,
faithful_root_t-0.3_all_z1.0,faithful_root,-0.3,backdoor,6,2,30,0.6739221641430285,0.68709379553751,0.8314606741573034,0.9997963754836082,0.0,0.07444512319283242,0.6773666666666668,"{""Backdoor"": 0.436, ""DDoS_HTTP"": 0.625, ""DDoS_ICMP"": 0.984, ""DDoS_TCP"": 0.609, ""DDoS_UDP"": 0.989, ""Fingerprinting"": 0.0, ""MITM"": 0.951, ""Normal"": 1.0, ""Password"": 0.111, ""Port_Scanning"": 0.923, ""Ransomware"": 0.831, ""SQL_injection"": 0.533, ""Uploading"": 0.698, ""Vulnerability_scanner"": 0.787, ""XSS"": 0.829}","[0.256, 0.3833, 0.439, 0.4554, 0.5437, 0.5459, 0.5701, 0.5967, 0.6183, 0.6027, 0.6076, 0.5944, 0.631, 0.6247, 0.6371, 0.6604, 0.6628, 0.6705, 0.666, 0.6673, 0.6781, 0.6828, 0.6751, 0.6699, 0.6829, 0.6705, 0.6708, 0.6808, 0.6774, 0.6739]","[0.5439, 0.5534, 0.2536, 0.2133, 0.4909, 0.3299, 0.2783, 0.3411, 0.225, 0.3492]",5.2,0,240,1,60,"[0, 0, 0, 0, 0, 0, 0, 0, 0, 0, 0, 0, 0, 0, 0, 0, 0, 0, 0, 0, 0, 0, 0, 0, 0, 0, 0, 0, 0, 0]","[29, 30, 30, 30, 30, 30, 30, 30, 30, 30]",3.5,1.0,1.0,3.0,41.285057226388886,,,,,,,,,,,
faithful_root_t-0.3_all_z1.0,faithful_root,-0.3,backdoor_boost,6,2,30,0.6683489329236113,0.6853106619607441,0.8301150507972819,1.0,0.0,0.007982081042557524,0.6719666666666666,"{""Backdoor"": 0.8, ""DDoS_HTTP"": 0.625, ""DDoS_ICMP"": 0.988, ""DDoS_TCP"": 0.643, ""DDoS_UDP"": 0.989, ""Fingerprinting"": 0.0, ""MITM"": 0.951, ""Normal"": 1.0, ""Password"": 0.094, ""Port_Scanning"": 0.881, ""Ransomware"": 0.55, ""SQL_injection"": 0.248, ""Uploading"": 0.893, ""Vulnerability_scanner"": 0.812, ""XSS"": 0.806}","[0.2561, 0.3833, 0.4241, 0.4332, 0.5235, 0.5318, 0.5593, 0.5962, 0.5993, 0.5744, 0.5974, 0.5743, 0.6127, 0.6599, 0.6414, 0.6315, 0.6608, 0.6564, 0.6556, 0.6578, 0.6456, 0.6774, 0.671, 0.6658, 0.6695, 0.6697, 0.6694, 0.6734, 0.6742, 0.6683]","[0.5439, 0.5534, 0.2536, 0.2133, 0.4909, 0.3299, 0.2783, 0.3411, 0.225, 0.3492]",5.0,0,240,55,60,"[0, 0, 0, 0, 0, 0, 0, 0, 0, 0, 0, 0, 0, 0, 0, 0, 0, 0, 0, 0, 0, 0, 0, 0, 0, 0, 0, 0, 0, 0]","[2, 3, 30, 30, 30, 30, 30, 30, 30, 30]",3.5,1.0,1.0,3.0,41.285057226388886,,,,,,,,,,,
faithful_root_t-0.3_all_z1.0,faithful_root,-0.3,adaptive_f30,6,3,30,0.6227440283234669,0.6470745772159586,0.8113884590369822,1.0,0.0,0.0017511708409692526,0.6145666666666667,"{""Backdoor"": 0.914, ""DDoS_HTTP"": 0.659, ""DDoS_ICMP"": 0.981, ""DDoS_TCP"": 0.828, ""DDoS_UDP"": 1.0, ""Fingerprinting"": 0.035, ""MITM"": 0.733, ""Normal"": 1.0, ""Password"": 0.082, ""Port_Scanning"": 0.593, ""Ransomware"": 0.479, ""SQL_injection"": 0.034, ""Uploading"": 0.984, ""Vulnerability_scanner"": 0.805, ""XSS"": 0.579}","[0.1411, 0.2095, 0.3001, 0.4098, 0.4156, 0.4436, 0.4759, 0.4845, 0.4717, 0.5326, 0.5314, 0.5338, 0.55, 0.5291, 0.5387, 0.5553, 0.5989, 0.5863, 0.5818, 0.6103, 0.6062, 0.6282, 0.6046, 0.6115, 0.5913, 0.6225, 0.6195, 0.6243, 0.5967, 0.6227]","[0.5439, 0.5534, 0.2536, 0.2133, 0.4909, 0.3299, 0.2783, 0.3411, 0.225, 0.3492]",5.1,0,210,0,90,"[0, 0, 0, 0, 0, 0, 0, 0, 0, 0, 0, 0, 0, 0, 0, 0, 0, 0, 0, 0, 0, 0, 0, 0, 0, 0, 0, 0, 0, 0]","[30, 30, 30, 30, 30, 30, 30, 30, 30, 30]",3.5,1.0,1.0,3.0,41.285057226388886,,,,,,,,,,,
faithful_root_t-0.3_all_z1.0,faithful_root,-0.3,signflip,6,2,30,0.6403450064044933,0.6587500978831679,0.8233196528291731,1.0,0.0,0.06076155569130523,0.6332,"{""Backdoor"": 0.908, ""DDoS_HTTP"": 0.612, ""DDoS_ICMP"": 0.983, ""DDoS_TCP"": 0.728, ""DDoS_UDP"": 0.997, ""Fingerprinting"": 0.0, ""MITM"": 0.667, ""Normal"": 1.0, ""Password"": 0.094, ""Port_Scanning"": 0.747, ""Ransomware"": 0.487, ""SQL_injection"": 0.088, ""Uploading"": 0.991, ""Vulnerability_scanner"": 0.812, ""XSS"": 0.769}","[0.1539, 0.235, 0.3519, 0.4072, 0.4619, 0.4129, 0.493, 0.5337, 0.5295, 0.5123, 0.5654, 0.5364, 0.5821, 0.5707, 0.6212, 0.57, 0.6228, 0.617, 0.6078, 0.6304, 0.6252, 0.6119, 0.613, 0.6251, 0.6095, 0.6544, 0.646, 0.6352, 0.6241, 0.6403]","[0.5439, 0.5534, 0.2536, 0.2133, 0.4909, 0.3299, 0.2783, 0.3411, 0.225, 0.3492]",5.2,0,240,60,60,"[0, 0, 0, 0, 0, 0, 0, 0, 0, 0, 0, 0, 0, 0, 0, 0, 0, 0, 0, 0, 0, 0, 0, 0, 0, 0, 0, 0, 0, 0]","[0, 0, 30, 30, 30, 30, 30, 30, 30, 30]",3.5,1.0,1.0,3.0,41.285057226388886,,,,,,,,,,,
faithful_root_t-0.3_all_z2.0,faithful_root,-0.3,none,6,0,30,0.594334938266499,0.6069946895153746,0.8147076633250353,0.9997556505803299,0.0,0.007289757686825494,0.5640666666666667,"{""Backdoor"": 0.735, ""DDoS_HTTP"": 0.506, ""DDoS_ICMP"": 0.977, ""DDoS_TCP"": 0.661, ""DDoS_UDP"": 0.992, ""Fingerprinting"": 0.0, ""MITM"": 0.0, ""Normal"": 1.0, ""Password"": 0.292, ""Port_Scanning"": 0.746, ""Ransomware"": 0.682, ""SQL_injection"": 0.207, ""Uploading"": 0.78, ""Vulnerability_scanner"": 0.804, ""XSS"": 0.725}","[0.1021, 0.2136, 0.2505, 0.3015, 0.4117, 0.4053, 0.4075, 0.4834, 0.4739, 0.5018, 0.4969, 0.457, 0.4983, 0.5009, 0.486, 0.4693, 0.4813, 0.5816, 0.5626, 0.5421, 0.5417, 0.5212, 0.575, 0.6338, 0.5534, 0.5787, 0.6166, 0.5493, 0.5486, 0.5943]","[0.5439, 0.5534, 0.2536, 0.2133, 0.4909, 0.3299, 0.2783, 0.3411, 0.225, 0.3492]",5.2,0,300,0,0,"[0, 0, 0, 0, 0, 0, 0, 0, 0, 0, 0, 0, 0, 0, 0, 0, 0, 0, 0, 0, 0, 0, 0, 0, 0, 0, 0, 0, 0, 0]","[30, 30, 30, 30, 30, 30, 30, 30, 30, 30]",3.5,1.0,2.0,3.0,16.891338818048375,0.12292490118577075,0.027009222661396572,0.07785714285714285,0.2,0.2,0.21488801054018444,0.22595520421607376,0.8499999999999999,0.6,0.7,
faithful_root_t-0.3_all_z2.0,faithful_root,-0.3,backdoor,6,2,30,0.6001232226088244,0.611748024258145,0.80688062078091,1.0,0.0,0.0600692323355732,0.6092333333333334,"{""Backdoor"": 0.541, ""DDoS_HTTP"": 0.253, ""DDoS_ICMP"": 0.992, ""DDoS_TCP"": 0.555, ""DDoS_UDP"": 0.953, ""Fingerprinting"": 0.0, ""MITM"": 0.28, ""Normal"": 1.0, ""Password"": 0.096, ""Port_Scanning"": 0.962, ""Ransomware"": 0.752, ""SQL_injection"": 0.349, ""Uploading"": 0.755, ""Vulnerability_scanner"": 0.764, ""XSS"": 0.926}","[0.2069, 0.2821, 0.2736, 0.3805, 0.3939, 0.4123, 0.4463, 0.4438, 0.4298, 0.4926, 0.4601, 0.4634, 0.5314, 0.5544, 0.5107, 0.5398, 0.5509, 0.5164, 0.5357, 0.54, 0.5833, 0.5968, 0.5592, 0.5884, 0.5907, 0.6004, 0.5872, 0.6202, 0.6074, 0.6001]","[0.5439, 0.5534, 0.2536, 0.2133, 0.4909, 0.3299, 0.2783, 0.3411, 0.225, 0.3492]",5.2,0,240,0,60,"[0, 0, 0, 0, 0, 0, 0, 0, 0, 0, 0, 0, 0, 0, 0, 0, 0, 0, 0, 0, 0, 0, 0, 0, 0, 0, 0, 0, 0, 0]","[30, 30, 30, 30, 30, 30, 30, 30, 30, 30]",3.5,1.0,2.0,3.0,16.891338818048375,,,,,,,,,,,
faithful_root_t-0.3_all_z2.0,faithful_root,-0.3,backdoor_boost,6,2,30,0.5800019937199543,0.5984314443974057,0.7987620265087801,1.0,0.0,0.0013031969049073508,0.5955,"{""Backdoor"": 0.585, ""DDoS_HTTP"": 0.209, ""DDoS_ICMP"": 0.995, ""DDoS_TCP"": 0.548, ""DDoS_UDP"": 0.984, ""Fingerprinting"": 0.0, ""MITM"": 0.255, ""Normal"": 1.0, ""Password"": 0.064, ""Port_Scanning"": 0.926, ""Ransomware"": 0.739, ""SQL_injection"": 0.237, ""Uploading"": 0.853, ""Vulnerability_scanner"": 0.794, ""XSS"": 0.787}","[0.2069, 0.2822, 0.2736, 0.3805, 0.3939, 0.4027, 0.4469, 0.4575, 0.3656, 0.481, 0.4484, 0.4457, 0.5353, 0.5555, 0.5286, 0.5377, 0.5349, 0.4743, 0.5367, 0.5175, 0.5639, 0.5301, 0.5297, 0.5445, 0.5564, 0.5826, 0.6163, 0.6137, 0.5928, 0.58]","[0.5439, 0.5534, 0.2536, 0.2133, 0.4909, 0.3299, 0.2783, 0.3411, 0.225, 0.3492]",5.2,0,240,50,60,"[0, 0, 0, 0, 0, 0, 0, 0, 0, 0, 0, 0, 0, 0, 0, 0, 0, 0, 0, 0, 0, 0, 0, 0, 0, 0, 0, 0, 0, 0]","[5, 5, 30, 30, 30, 30, 30, 30, 30, 30]",3.5,1.0,2.0,3.0,16.891338818048375,,,,,,,,,,,
faithful_root_t-0.3_all_z2.0,faithful_root,-0.3,adaptive_f30,6,3,30,0.5825450944194652,0.612451577683998,0.7703469465563255,0.999307676644268,0.053309374064091045,0.00777845652616575,0.5500333333333334,"{""Backdoor"": 0.937, ""DDoS_HTTP"": 0.309, ""DDoS_ICMP"": 0.985, ""DDoS_TCP"": 0.544, ""DDoS_UDP"": 0.994, ""Fingerprinting"": 0.0, ""MITM"": 0.667, ""Normal"": 0.947, ""Password"": 0.355, ""Port_Scanning"": 0.652, ""Ransomware"": 0.529, ""SQL_injection"": 0.0, ""Uploading"": 0.752, ""Vulnerability_scanner"": 0.686, ""XSS"": 0.831}","[0.0779, 0.2265, 0.2244, 0.3271, 0.3659, 0.3574, 0.3549, 0.4231, 0.4282, 0.3893, 0.3546, 0.3461, 0.3451, 0.3814, 0.3874, 0.4228, 0.4875, 0.5051, 0.3662, 0.4347, 0.4831, 0.4629, 0.398, 0.4996, 0.4836, 0.4814, 0.5136, 0.5315, 0.5361, 0.5825]","[0.5439, 0.5534, 0.2536, 0.2133, 0.4909, 0.3299, 0.2783, 0.3411, 0.225, 0.3492]",5.4,0,210,0,90,"[0, 0, 0, 0, 0, 0, 0, 0, 0, 0, 0, 0, 0, 0, 0, 0, 0, 0, 0, 0, 0, 0, 0, 0, 0, 0, 0, 0, 0, 0]","[30, 30, 30, 30, 30, 30, 30, 30, 30, 30]",3.5,1.0,2.0,3.0,16.891338818048375,,,,,,,,,,,
faithful_root_t-0.3_all_z2.0,faithful_root,-0.3,signflip,6,2,30,0.5196362329889603,0.5566357384384275,0.780371840588486,0.9994705762573813,4.99151442547669e-05,0.0013031969049073508,0.5626666666666668,"{""Backdoor"": 0.915, ""DDoS_HTTP"": 0.0, ""DDoS_ICMP"": 0.997, ""DDoS_TCP"": 0.539, ""DDoS_UDP"": 0.996, ""Fingerprinting"": 0.0, ""MITM"": 0.0, ""Normal"": 1.0, ""Password"": 0.553, ""Port_Scanning"": 0.828, ""Ransomware"": 0.473, ""SQL_injection"": 0.093, ""Uploading"": 0.606, ""Vulnerability_scanner"": 0.837, ""XSS"": 0.512}","[0.0873, 0.2202, 0.2524, 0.2744, 0.4042, 0.3985, 0.3909, 0.4118, 0.4515, 0.432, 0.419, 0.3759, 0.398, 0.415, 0.4057, 0.4598, 0.4967, 0.5227, 0.5457, 0.482, 0.5285, 0.5556, 0.5583, 0.6104, 0.5349, 0.4792, 0.5789, 0.5904, 0.578, 0.5196]","[0.5439, 0.5534, 0.2536, 0.2133, 0.4909, 0.3299, 0.2783, 0.3411, 0.225, 0.3492]",5.6,0,240,60,60,"[0, 0, 0, 0, 0, 0, 0, 0, 0, 0, 0, 0, 0, 0, 0, 0, 0, 0, 0, 0, 0, 0, 0, 0, 0, 0, 0, 0, 0, 0]","[0, 0, 30, 30, 30, 30, 30, 30, 30, 30]",3.5,1.0,2.0,3.0,16.891338818048375,,,,,,,,,,,
local_only,local_only,,none,7,0,30,0.5624937496310926,0.6227156587776973,0.7847451165085559,1.0,0.0,3.6652412950519246e-05,0.5624937496310926,"{""Backdoor"": 0.946, ""DDoS_HTTP"": 0.0, ""DDoS_ICMP"": 0.985, ""DDoS_TCP"": 1.0, ""DDoS_UDP"": 0.859, ""Fingerprinting"": 0.0, ""MITM"": 1.0, ""Normal"": 1.0, ""Password"": 0.045, ""Port_Scanning"": 0.445, ""Ransomware"": 0.452, ""SQL_injection"": 0.082, ""Uploading"": 0.939, ""Vulnerability_scanner"": 0.798, ""XSS"": 0.912}",[],"[0.2862, 0.5336, 0.3492, 0.4215, 0.4153, 0.4071, 0.5777, 0.3773, 0.2752, 0.4899]",2.4,,,,,[],[],,,,,,,,,,,,,,,,
centralized,centralized,,none,7,0,30,0.7080252245359023,0.7140728540725942,0.8434815761734957,1.0,0.0,0.0,0.7114666666666668,"{""Backdoor"": 0.816, ""DDoS_HTTP"": 0.598, ""DDoS_ICMP"": 0.989, ""DDoS_TCP"": 0.825, ""DDoS_UDP"": 0.993, ""Fingerprinting"": 0.1, ""MITM"": 1.0, ""Normal"": 1.0, ""Password"": 0.922, ""Port_Scanning"": 0.711, ""Ransomware"": 0.522, ""SQL_injection"": 0.173, ""Uploading"": 0.439, ""Vulnerability_scanner"": 0.82, ""XSS"": 0.803}","[0.4161, 0.5859, 0.6226, 0.6209, 0.6763, 0.6904, 0.6915, 0.6936, 0.6894, 0.6971, 0.6982, 0.6975, 0.6985, 0.6966, 0.698, 0.6984, 0.6996, 0.7108, 0.7107, 0.7096, 0.7111, 0.708, 0.7103, 0.7128, 0.7114, 0.712, 0.7085, 0.7128, 0.7136, 0.708]","[0.2862, 0.5336, 0.3492, 0.4215, 0.4153, 0.4071, 0.5777, 0.3773, 0.2752, 0.4899]",2.4,,,,,[],[],,,,,,,,,,,,,,,,
fedavg,fedavg,,none,7,0,30,0.7078334718725448,0.7163275046246743,0.8450066159815202,1.0,0.0,0.0,0.7056999999999999,"{""Backdoor"": 0.864, ""DDoS_HTTP"": 0.658, ""DDoS_ICMP"": 0.991, ""DDoS_TCP"": 1.0, ""DDoS_UDP"": 0.995, ""Fingerprinting"": 0.1, ""MITM"": 1.0, ""Normal"": 1.0, ""Password"": 0.973, ""Port_Scanning"": 0.522, ""Ransomware"": 0.538, ""SQL_injection"": 0.168, ""Uploading"": 0.408, ""Vulnerability_scanner"": 0.788, ""XSS"": 0.74}","[0.4376, 0.5496, 0.5981, 0.6162, 0.6283, 0.6682, 0.6799, 0.6867, 0.6805, 0.6861, 0.7003, 0.6946, 0.6971, 0.6981, 0.6993, 0.7085, 0.7047, 0.7049, 0.7068, 0.7038, 0.7029, 0.7057, 0.709, 0.7091, 0.7018, 0.7097, 0.707, 0.7061, 0.7032, 0.7078]","[0.2862, 0.5336, 0.3492, 0.4215, 0.4153, 0.4071, 0.5777, 0.3773, 0.2752, 0.4899]",2.7,,,,,[],[],,,,,,0.37299077733860336,0.17799736495388668,0.7882142857142856,0.7,0.8,,,,,,
fedavg,fedavg,,signflip,7,2,30,0.04990538175694696,0.14315426765180989,0.0964811949135437,1.0,1.0,0.0,0.048133333333333334,"{""Backdoor"": 0.0, ""DDoS_HTTP"": 0.0, ""DDoS_ICMP"": 0.0, ""DDoS_TCP"": 0.0, ""DDoS_UDP"": 0.0, ""Fingerprinting"": 0.0, ""MITM"": 0.0, ""Normal"": 0.0, ""Password"": 0.075, ""Port_Scanning"": 1.0, ""Ransomware"": 0.823, ""SQL_injection"": 0.0, ""Uploading"": 0.249, ""Vulnerability_scanner"": 0.0, ""XSS"": 0.0}","[0.0745, 0.1666, 0.1905, 0.1914, 0.1719, 0.1439, 0.1361, 0.115, 0.1194, 0.1223, 0.1381, 0.1372, 0.1361, 0.1286, 0.1362, 0.1397, 0.1396, 0.127, 0.1274, 0.1041, 0.0726, 0.0563, 0.0486, 0.0417, 0.0476, 0.0558, 0.0479, 0.0435, 0.051, 0.0499]","[0.2862, 0.5336, 0.3492, 0.4215, 0.4153, 0.4071, 0.5777, 0.3773, 0.2752, 0.4899]",2.5,,,,,[],[],,,,,,,,,,,,,,,,
fedavg,fedavg,,labelflip,7,2,30,0.6824605484794216,0.6979088848366798,0.8385924779654175,0.9995113011606598,0.0,0.0004886988393402566,0.6833666666666667,"{""Backdoor"": 0.424, ""DDoS_HTTP"": 0.594, ""DDoS_ICMP"": 0.983, ""DDoS_TCP"": 0.575, ""DDoS_UDP"": 0.996, ""Fingerprinting"": 0.0, ""MITM"": 0.951, ""Normal"": 1.0, ""Password"": 0.973, ""Port_Scanning"": 0.961, ""Ransomware"": 0.823, ""SQL_injection"": 0.111, ""Uploading"": 0.459, ""Vulnerability_scanner"": 0.778, ""XSS"": 0.841}","[0.3206, 0.4482, 0.5081, 0.5917, 0.6125, 0.6112, 0.6155, 0.6278, 0.6274, 0.6662, 0.6698, 0.679, 0.6636, 0.6782, 0.6831, 0.6759, 0.6754, 0.6673, 0.6727, 0.6804, 0.6852, 0.6859, 0.6741, 0.6727, 0.6839, 0.6768, 0.6792, 0.679, 0.6886, 0.6825]","[0.2862, 0.5336, 0.3492, 0.4215, 0.4153, 0.4071, 0.5777, 0.3773, 0.2752, 0.4899]",2.5,,,,,[],[],,,,,,,,,,,,,,,,
fedavg,fedavg,,targeted_flip,7,2,30,0.6861181880572285,0.699897939644176,0.8380318015654085,0.9986560781918143,0.0,0.024923640806353085,0.6866666666666666,"{""Backdoor"": 0.412, ""DDoS_HTTP"": 0.665, ""DDoS_ICMP"": 0.988, ""DDoS_TCP"": 0.575, ""DDoS_UDP"": 0.996, ""Fingerprinting"": 0.0, ""MITM"": 1.0, ""Normal"": 1.0, ""Password"": 0.973, ""Port_Scanning"": 0.961, ""Ransomware"": 0.823, ""SQL_injection"": 0.168, ""Uploading"": 0.408, ""Vulnerability_scanner"": 0.782, ""XSS"": 0.748}","[0.3525, 0.5473, 0.5993, 0.6071, 0.615, 0.6225, 0.6352, 0.6396, 0.6684, 0.677, 0.6766, 0.6758, 0.6754, 0.6773, 0.677, 0.6802, 0.6811, 0.6814, 0.6851, 0.6825, 0.6905, 0.6867, 0.6838, 0.6839, 0.6802, 0.6824, 0.6861, 0.686, 0.6879, 0.6861]","[0.2862, 0.5336, 0.3492, 0.4215, 0.4153, 0.4071, 0.5777, 0.3773, 0.2752, 0.4899]",2.5,,,,,[],[],,,,,,,,,,,,,,,,
fedavg,fedavg,,backdoor,7,2,30,0.6940565068831602,0.7085483829649227,0.8438179820135011,1.0,0.0,1.0,0.6909333333333333,"{""Backdoor"": 0.806, ""DDoS_HTTP"": 0.613, ""DDoS_ICMP"": 0.989, ""DDoS_TCP"": 0.947, ""DDoS_UDP"": 0.996, ""Fingerprinting"": 0.0, ""MITM"": 1.0, ""Normal"": 1.0, ""Password"": 0.973, ""Port_Scanning"": 0.578, ""Ransomware"": 0.543, ""SQL_injection"": 0.165, ""Uploading"": 0.408, ""Vulnerability_scanner"": 0.786, ""XSS"": 0.824}","[0.3491, 0.5318, 0.5544, 0.6229, 0.6555, 0.6459, 0.6839, 0.6783, 0.683, 0.6899, 0.6888, 0.6888, 0.691, 0.6909, 0.6915, 0.6922, 0.6909, 0.6908, 0.6924, 0.6908, 0.6892, 0.6902, 0.691, 0.6883, 0.6876, 0.6933, 0.6904, 0.6889, 0.6898, 0.6941]","[0.2862, 0.5336, 0.3492, 0.4215, 0.4153, 0.4071, 0.5777, 0.3773, 0.2752, 0.4899]",2.6,,,,,[],[],,,,,,,,,,,,,,,,
fedavg,fedavg,,backdoor_boost,7,2,30,0.7032054031219966,0.7149659604555123,0.8413510058534616,1.0,0.0,1.0,0.7016,"{""Backdoor"": 0.915, ""DDoS_HTTP"": 0.879, ""DDoS_ICMP"": 0.988, ""DDoS_TCP"": 1.0, ""DDoS_UDP"": 0.995, ""Fingerprinting"": 0.17, ""MITM"": 1.0, ""Normal"": 1.0, ""Password"": 0.973, ""Port_Scanning"": 0.522, ""Ransomware"": 0.401, ""SQL_injection"": 0.165, ""Uploading"": 0.407, ""Vulnerability_scanner"": 0.796, ""XSS"": 0.513}","[0.3919, 0.5097, 0.5504, 0.5799, 0.6137, 0.6101, 0.674, 0.6743, 0.6842, 0.6852, 0.6858, 0.6848, 0.6865, 0.6808, 0.6871, 0.6866, 0.6854, 0.6878, 0.6889, 0.6913, 0.6979, 0.6937, 0.6949, 0.6944, 0.6991, 0.7041, 0.6992, 0.6995, 0.7021, 0.7032]","[0.2862, 0.5336, 0.3492, 0.4215, 0.4153, 0.4071, 0.5777, 0.3773, 0.2752, 0.4899]",2.5,,,,,[],[],,,,,,,,,,,,,,,,
fedavg,fedavg,,adaptive,7,2,30,0.5201656498804622,0.5800892802714253,0.7877279149566037,0.9999592750967217,0.0,0.000285074322948483,0.5200333333333333,"{""Backdoor"": 0.0, ""DDoS_HTTP"": 0.594, ""DDoS_ICMP"": 0.983, ""DDoS_TCP"": 0.0, ""DDoS_UDP"": 0.997, ""Fingerprinting"": 0.0, ""MITM"": 0.226, ""Normal"": 1.0, ""Password"": 0.995, ""Port_Scanning"": 0.961, ""Ransomware"": 0.824, ""SQL_injection"": 0.085, ""Uploading"": 0.412, ""Vulnerability_scanner"": 0.781, ""XSS"": 0.842}","[0.129, 0.2418, 0.2755, 0.3057, 0.3529, 0.3828, 0.3983, 0.4042, 0.4076, 0.4326, 0.4549, 0.458, 0.4773, 0.4942, 0.5034, 0.5072, 0.5138, 0.5064, 0.514, 0.5165, 0.5273, 0.5273, 0.5307, 0.5245, 0.5226, 0.5262, 0.5207, 0.5202, 0.5197, 0.5202]","[0.2862, 0.5336, 0.3492, 0.4215, 0.4153, 0.4071, 0.5777, 0.3773, 0.2752, 0.4899]",2.5,,,,,[],[],,,,,,,,,,,,,,,,
fedavg,fedavg,,adaptive_f30,7,3,30,0.00939761563472363,0.06666666666666667,0.04521294489672341,1.0,1.0,0.0,0.0094,"{""Backdoor"": 0.0, ""DDoS_HTTP"": 0.0, ""DDoS_ICMP"": 0.0, ""DDoS_TCP"": 0.0, ""DDoS_UDP"": 0.0, ""Fingerprinting"": 0.0, ""MITM"": 0.0, ""Normal"": 0.0, ""Password"": 0.0, ""Port_Scanning"": 0.0, ""Ransomware"": 0.0, ""SQL_injection"": 0.0, ""Uploading"": 0.0, ""Vulnerability_scanner"": 0.0, ""XSS"": 1.0}","[0.0119, 0.0158, 0.014, 0.0135, 0.0116, 0.0112, 0.0097, 0.0065, 0.0048, 0.0031, 0.002, 0.002, 0.0021, 0.002, 0.0016, 0.0017, 0.0017, 0.0016, 0.0016, 0.0015, 0.0094, 0.0094, 0.0094, 0.0096, 0.0094, 0.0094, 0.0094, 0.0094, 0.0094, 0.0094]","[0.2862, 0.5336, 0.3492, 0.4215, 0.4153, 0.4071, 0.5777, 0.3773, 0.2752, 0.4899]",2.5,,,,,[],[],,,,,,,,,,,,,,,,
trimmed_mean,trimmed,,none,7,0,30,0.7096076221661131,0.7182090687346274,0.8462625311175402,1.0,0.0,0.0,0.7084333333333334,"{""Backdoor"": 0.859, ""DDoS_HTTP"": 0.594, ""DDoS_ICMP"": 0.986, ""DDoS_TCP"": 1.0, ""DDoS_UDP"": 0.996, ""Fingerprinting"": 0.1, ""MITM"": 1.0, ""Normal"": 1.0, ""Password"": 0.973, ""Port_Scanning"": 0.522, ""Ransomware"": 0.541, ""SQL_injection"": 0.168, ""Uploading"": 0.412, ""Vulnerability_scanner"": 0.784, ""XSS"": 0.839}","[0.3091, 0.509, 0.5451, 0.5502, 0.6096, 0.6197, 0.6317, 0.6821, 0.6739, 0.6857, 0.6884, 0.6879, 0.6921, 0.6836, 0.693, 0.6968, 0.6965, 0.6967, 0.6916, 0.6932, 0.6966, 0.6942, 0.6969, 0.7018, 0.7086, 0.7091, 0.7105, 0.7136, 0.7021, 0.7096]","[0.2862, 0.5336, 0.3492, 0.4215, 0.4153, 0.4071, 0.5777, 0.3773, 0.2752, 0.4899]",2.4,,,,,[],[],,,,,,0.3482213438735177,0.180764163372859,0.789642857142857,0.7,0.6,,,,,,
trimmed_mean,trimmed,,signflip,7,2,30,0.6772556553635634,0.6967952244089329,0.8359012312453744,1.0,0.0,0.0,0.6783000000000001,"{""Backdoor"": 0.413, ""DDoS_HTTP"": 0.594, ""DDoS_ICMP"": 0.982, ""DDoS_TCP"": 0.575, ""DDoS_UDP"": 0.997, ""Fingerprinting"": 0.0, ""MITM"": 1.0, ""Normal"": 1.0, ""Password"": 0.996, ""Port_Scanning"": 0.961, ""Ransomware"": 0.823, ""SQL_injection"": 0.082, ""Uploading"": 0.408, ""Vulnerability_scanner"": 0.779, ""XSS"": 0.842}","[0.2829, 0.3944, 0.4385, 0.4837, 0.5198, 0.5677, 0.6013, 0.6176, 0.6567, 0.6587, 0.6595, 0.6603, 0.6623, 0.6634, 0.6626, 0.6648, 0.6648, 0.6649, 0.6645, 0.6644, 0.6645, 0.6647, 0.6665, 0.674, 0.6753, 0.6787, 0.6781, 0.6796, 0.678, 0.6773]","[0.2862, 0.5336, 0.3492, 0.4215, 0.4153, 0.4071, 0.5777, 0.3773, 0.2752, 0.4899]",2.6,,,,,[],[],,,,,,,,,,,,,,,,
trimmed_mean,trimmed,,labelflip,7,2,30,0.6851266809923893,0.7001613743892995,0.8381887909574111,1.0,0.0,0.00016289961311341885,0.6875333333333332,"{""Backdoor"": 0.411, ""DDoS_HTTP"": 0.594, ""DDoS_ICMP"": 0.976, ""DDoS_TCP"": 0.575, ""DDoS_UDP"": 0.997, ""Fingerprinting"": 0.0, ""MITM"": 1.0, ""Normal"": 1.0, ""Password"": 0.973, ""Port_Scanning"": 0.961, ""Ransomware"": 0.823, ""SQL_injection"": 0.165, ""Uploading"": 0.407, ""Vulnerability_scanner"": 0.781, ""XSS"": 0.839}","[0.2536, 0.4322, 0.5363, 0.5974, 0.6114, 0.6173, 0.6145, 0.6569, 0.6598, 0.6605, 0.6698, 0.6718, 0.6651, 0.6708, 0.6845, 0.6714, 0.6705, 0.6685, 0.672, 0.6749, 0.6766, 0.6733, 0.6722, 0.6743, 0.6751, 0.6743, 0.6819, 0.6843, 0.6932, 0.6851]","[0.2862, 0.5336, 0.3492, 0.4215, 0.4153, 0.4071, 0.5777, 0.3773, 0.2752, 0.4899]",2.5,,,,,[],[],,,,,,,,,,,,,,,,
trimmed_mean,trimmed,,targeted_flip,7,2,30,0.6849163952132256,0.7008746222259685,0.83874946735742,1.0,0.0,0.0,0.6836666666666668,"{""Backdoor"": 0.413, ""DDoS_HTTP"": 0.848, ""DDoS_ICMP"": 0.972, ""DDoS_TCP"": 0.575, ""DDoS_UDP"": 0.997, ""Fingerprinting"": 0.0, ""MITM"": 1.0, ""Normal"": 1.0, ""Password"": 0.973, ""Port_Scanning"": 0.961, ""Ransomware"": 0.823, ""SQL_injection"": 0.166, ""Uploading"": 0.408, ""Vulnerability_scanner"": 0.792, ""XSS"": 0.584}","[0.264, 0.4851, 0.56, 0.5712, 0.583, 0.5867, 0.6186, 0.6231, 0.6616, 0.6396, 0.6655, 0.6656, 0.6654, 0.6635, 0.6731, 0.6836, 0.676, 0.6784, 0.677, 0.6779, 0.6778, 0.6821, 0.6831, 0.6835, 0.6834, 0.6823, 0.6826, 0.683, 0.6831, 0.6849]","[0.2862, 0.5336, 0.3492, 0.4215, 0.4153, 0.4071, 0.5777, 0.3773, 0.2752, 0.4899]",3.0,,,,,[],[],,,,,,,,,,,,,,,,
trimmed_mean,trimmed,,backdoor,7,2,30,0.6916640867654359,0.7074614172005229,0.8430778891654892,1.0,0.0,0.0,0.6897333333333333,"{""Backdoor"": 0.826, ""DDoS_HTTP"": 0.612, ""DDoS_ICMP"": 0.982, ""DDoS_TCP"": 1.0, ""DDoS_UDP"": 0.997, ""Fingerprinting"": 0.0, ""MITM"": 1.0, ""Normal"": 1.0, ""Password"": 0.973, ""Port_Scanning"": 0.522, ""Ransomware"": 0.509, ""SQL_injection"": 0.165, ""Uploading"": 0.408, ""Vulnerability_scanner"": 0.803, ""XSS"": 0.815}","[0.3206, 0.4588, 0.5058, 0.5248, 0.5736, 0.608, 0.631, 0.6379, 0.6648, 0.6605, 0.6738, 0.6716, 0.6811, 0.6594, 0.6873, 0.6908, 0.6865, 0.6867, 0.689, 0.6875, 0.6893, 0.6899, 0.6886, 0.6877, 0.6887, 0.692, 0.6898, 0.6892, 0.6883, 0.6917]","[0.2862, 0.5336, 0.3492, 0.4215, 0.4153, 0.4071, 0.5777, 0.3773, 0.2752, 0.4899]",3.2,,,,,[],[],,,,,,,,,,,,,,,,
trimmed_mean,trimmed,,backdoor_boost,7,2,30,0.6924079598859374,0.7083481380912152,0.8436609926214986,1.0,0.0,0.0,0.6898333333333334,"{""Backdoor"": 0.804, ""DDoS_HTTP"": 0.704, ""DDoS_ICMP"": 0.982, ""DDoS_TCP"": 1.0, ""DDoS_UDP"": 0.997, ""Fingerprinting"": 0.0, ""MITM"": 1.0, ""Normal"": 1.0, ""Password"": 0.973, ""Port_Scanning"": 0.522, ""Ransomware"": 0.545, ""SQL_injection"": 0.152, ""Uploading"": 0.456, ""Vulnerability_scanner"": 0.824, ""XSS"": 0.667}","[0.3113, 0.4881, 0.5054, 0.5689, 0.6221, 0.6321, 0.6597, 0.6573, 0.6801, 0.6824, 0.6892, 0.6866, 0.6859, 0.6715, 0.6915, 0.6915, 0.6871, 0.6878, 0.6916, 0.6897, 0.69, 0.6902, 0.6894, 0.6825, 0.6904, 0.6925, 0.6869, 0.6889, 0.6882, 0.6924]","[0.2862, 0.5336, 0.3492, 0.4215, 0.4153, 0.4071, 0.5777, 0.3773, 0.2752, 0.4899]",2.7,,,,,[],[],,,,,,,,,,,,,,,,
trimmed_mean,trimmed,,adaptive,7,2,30,0.6770799710185166,0.6966316087113976,0.8357890959653727,1.0,0.0,0.0,0.6779000000000001,"{""Backdoor"": 0.413, ""DDoS_HTTP"": 0.594, ""DDoS_ICMP"": 0.982, ""DDoS_TCP"": 0.575, ""DDoS_UDP"": 0.997, ""Fingerprinting"": 0.0, ""MITM"": 1.0, ""Normal"": 1.0, ""Password"": 0.996, ""Port_Scanning"": 0.961, ""Ransomware"": 0.823, ""SQL_injection"": 0.082, ""Uploading"": 0.408, ""Vulnerability_scanner"": 0.781, ""XSS"": 0.837}","[0.2816, 0.3949, 0.4386, 0.4853, 0.5207, 0.5698, 0.6007, 0.6183, 0.6195, 0.6586, 0.6596, 0.6603, 0.6625, 0.6637, 0.6633, 0.6633, 0.6646, 0.6648, 0.6646, 0.6644, 0.6645, 0.6646, 0.6665, 0.6664, 0.6662, 0.6737, 0.6776, 0.6795, 0.6771, 0.6771]","[0.2862, 0.5336, 0.3492, 0.4215, 0.4153, 0.4071, 0.5777, 0.3773, 0.2752, 0.4899]",2.7,,,,,[],[],,,,,,,,,,,,,,,,
trimmed_mean,trimmed,,adaptive_f30,7,3,30,0.673909506661308,0.693249068229079,0.8300701966852811,1.0,0.0,0.0,0.6613666666666668,"{""Backdoor"": 0.413, ""DDoS_HTTP"": 0.594, ""DDoS_ICMP"": 0.988, ""DDoS_TCP"": 0.575, ""DDoS_UDP"": 0.997, ""Fingerprinting"": 0.085, ""MITM"": 1.0, ""Normal"": 1.0, ""Password"": 0.935, ""Port_Scanning"": 0.961, ""Ransomware"": 0.823, ""SQL_injection"": 0.002, ""Uploading"": 0.419, ""Vulnerability_scanner"": 0.762, ""XSS"": 0.843}","[0.2034, 0.2945, 0.3183, 0.3941, 0.4391, 0.4624, 0.4836, 0.5112, 0.5125, 0.5358, 0.5541, 0.603, 0.5961, 0.6153, 0.6128, 0.6133, 0.6067, 0.5899, 0.5906, 0.5987, 0.5926, 0.6232, 0.6243, 0.6618, 0.6634, 0.6696, 0.6523, 0.6603, 0.6499, 0.6739]","[0.2862, 0.5336, 0.3492, 0.4215, 0.4153, 0.4071, 0.5777, 0.3773, 0.2752, 0.4899]",2.6,,,,,[],[],,,,,,,,,,,,,,,,
multi_krum,krum,,none,7,0,30,0.6662999381180147,0.6849524626806605,0.823813048061181,1.0,0.0,0.0,0.6794333333333333,"{""Backdoor"": 0.414, ""DDoS_HTTP"": 0.594, ""DDoS_ICMP"": 0.976, ""DDoS_TCP"": 0.642, ""DDoS_UDP"": 0.997, ""Fingerprinting"": 0.1, ""MITM"": 1.0, ""Normal"": 1.0, ""Password"": 0.156, ""Port_Scanning"": 0.893, ""Ransomware"": 0.823, ""SQL_injection"": 0.085, ""Uploading"": 0.977, ""Vulnerability_scanner"": 0.799, ""XSS"": 0.817}","[0.411, 0.5432, 0.588, 0.6033, 0.619, 0.6359, 0.638, 0.6378, 0.6459, 0.6716, 0.6731, 0.6928, 0.6767, 0.6959, 0.6944, 0.6869, 0.6892, 0.6904, 0.662, 0.6932, 0.6935, 0.6628, 0.6906, 0.6932, 0.6994, 0.6919, 0.6966, 0.6953, 0.6767, 0.6663]","[0.2862, 0.5336, 0.3492, 0.4215, 0.4153, 0.4071, 0.5777, 0.3773, 0.2752, 0.4899]",2.5,90,300,0,0,"[3, 3, 3, 3, 3, 3, 3, 3, 3, 3, 3, 3, 3, 3, 3, 3, 3, 3, 3, 3, 3, 3, 3, 3, 3, 3, 3, 3, 3, 3]","[30, 0, 30, 26, 30, 30, 4, 30, 30, 0]",,,,,,0.11159420289855072,0.24861660079051381,0.7864285714285713,0.7,0.9,,,,,,
multi_krum,krum,,signflip,7,2,30,0.6961548546969648,0.7058635555850977,0.8380766556774092,1.0,0.0,0.0,0.6950666666666666,"{""Backdoor"": 0.413, ""DDoS_HTTP"": 0.908, ""DDoS_ICMP"": 0.977, ""DDoS_TCP"": 0.659, ""DDoS_UDP"": 0.997, ""Fingerprinting"": 0.1, ""MITM"": 1.0, ""Normal"": 1.0, ""Password"": 0.961, ""Port_Scanning"": 0.872, ""Ransomware"": 0.823, ""SQL_injection"": 0.168, ""Uploading"": 0.424, ""Vulnerability_scanner"": 0.784, ""XSS"": 0.501}","[0.3641, 0.5413, 0.6015, 0.608, 0.6258, 0.6346, 0.6426, 0.6769, 0.6757, 0.6801, 0.6802, 0.6768, 0.674, 0.6766, 0.6752, 0.6792, 0.6901, 0.6906, 0.6948, 0.6929, 0.6923, 0.6924, 0.6929, 0.6923, 0.6884, 0.6904, 0.6999, 0.6957, 0.6933, 0.6962]","[0.2862, 0.5336, 0.3492, 0.4215, 0.4153, 0.4071, 0.5777, 0.3773, 0.2752, 0.4899]",2.7,30,240,60,60,"[1, 1, 1, 1, 1, 1, 1, 1, 1, 1, 1, 1, 1, 1, 1, 1, 1, 1, 1, 1, 1, 1, 1, 1, 1, 1, 1, 1, 1, 1]","[0, 0, 30, 27, 30, 30, 24, 30, 30, 9]",,,,,,,,,,,,,,,,
multi_krum,krum,,labelflip,7,2,30,0.6961548546969648,0.7058635555850977,0.8380766556774092,1.0,0.0,0.0,0.6950666666666666,"{""Backdoor"": 0.413, ""DDoS_HTTP"": 0.908, ""DDoS_ICMP"": 0.977, ""DDoS_TCP"": 0.659, ""DDoS_UDP"": 0.997, ""Fingerprinting"": 0.1, ""MITM"": 1.0, ""Normal"": 1.0, ""Password"": 0.961, ""Port_Scanning"": 0.872, ""Ransomware"": 0.823, ""SQL_injection"": 0.168, ""Uploading"": 0.424, ""Vulnerability_scanner"": 0.784, ""XSS"": 0.501}","[0.3641, 0.5413, 0.6015, 0.608, 0.6258, 0.6346, 0.6426, 0.6769, 0.6757, 0.6801, 0.6802, 0.6768, 0.674, 0.6766, 0.6752, 0.6792, 0.6901, 0.6906, 0.6948, 0.6929, 0.6923, 0.6924, 0.6929, 0.6923, 0.6884, 0.6904, 0.6999, 0.6957, 0.6933, 0.6962]","[0.2862, 0.5336, 0.3492, 0.4215, 0.4153, 0.4071, 0.5777, 0.3773, 0.2752, 0.4899]",2.4,30,240,60,60,"[1, 1, 1, 1, 1, 1, 1, 1, 1, 1, 1, 1, 1, 1, 1, 1, 1, 1, 1, 1, 1, 1, 1, 1, 1, 1, 1, 1, 1, 1]","[0, 0, 30, 27, 30, 30, 24, 30, 30, 9]",,,,,,,,,,,,,,,,
multi_krum,krum,,targeted_flip,7,2,30,0.6961548546969648,0.7058635555850977,0.8380766556774092,1.0,0.0,0.0,0.6950666666666666,"{""Backdoor"": 0.413, ""DDoS_HTTP"": 0.908, ""DDoS_ICMP"": 0.977, ""DDoS_TCP"": 0.659, ""DDoS_UDP"": 0.997, ""Fingerprinting"": 0.1, ""MITM"": 1.0, ""Normal"": 1.0, ""Password"": 0.961, ""Port_Scanning"": 0.872, ""Ransomware"": 0.823, ""SQL_injection"": 0.168, ""Uploading"": 0.424, ""Vulnerability_scanner"": 0.784, ""XSS"": 0.501}","[0.3641, 0.5413, 0.6015, 0.608, 0.6258, 0.6346, 0.6426, 0.6769, 0.6757, 0.6801, 0.6802, 0.6768, 0.674, 0.6766, 0.6752, 0.6792, 0.6901, 0.6906, 0.6948, 0.6929, 0.6923, 0.6924, 0.6929, 0.6923, 0.6884, 0.6904, 0.6999, 0.6957, 0.6933, 0.6962]","[0.2862, 0.5336, 0.3492, 0.4215, 0.4153, 0.4071, 0.5777, 0.3773, 0.2752, 0.4899]",2.4,30,240,60,60,"[1, 1, 1, 1, 1, 1, 1, 1, 1, 1, 1, 1, 1, 1, 1, 1, 1, 1, 1, 1, 1, 1, 1, 1, 1, 1, 1, 1, 1, 1]","[0, 0, 30, 27, 30, 30, 24, 30, 30, 9]",,,,,,,,,,,,,,,,
multi_krum,krum,,backdoor,7,2,30,0.67859863230861,0.6981962927922978,0.8368431675973895,1.0,0.0,0.0,0.6812666666666667,"{""Backdoor"": 0.412, ""DDoS_HTTP"": 0.647, ""DDoS_ICMP"": 0.973, ""DDoS_TCP"": 0.6, ""DDoS_UDP"": 0.997, ""Fingerprinting"": 0.0, ""MITM"": 1.0, ""Normal"": 1.0, ""Password"": 0.973, ""Port_Scanning"": 0.941, ""Ransomware"": 0.823, ""SQL_injection"": 0.082, ""Uploading"": 0.459, ""Vulnerability_scanner"": 0.786, ""XSS"": 0.778}","[0.3791, 0.4847, 0.5264, 0.5612, 0.5855, 0.6245, 0.6423, 0.6453, 0.6783, 0.6848, 0.6866, 0.6791, 0.6846, 0.678, 0.6845, 0.6846, 0.6803, 0.6849, 0.6853, 0.6832, 0.6863, 0.6858, 0.6899, 0.6782, 0.6786, 0.6776, 0.6809, 0.6865, 0.6787, 0.6786]","[0.2862, 0.5336, 0.3492, 0.4215, 0.4153, 0.4071, 0.5777, 0.3773, 0.2752, 0.4899]",2.9,32,240,58,60,"[2, 2, 1, 1, 1, 1, 1, 1, 1, 1, 1, 1, 1, 1, 1, 1, 1, 1, 1, 1, 1, 1, 1, 1, 1, 1, 1, 1, 1, 1]","[2, 0, 30, 29, 30, 30, 12, 29, 30, 18]",,,,,,,,,,,,,,,,
multi_krum,krum,,backdoor_boost,7,2,30,0.6786209491922449,0.6982988767931263,0.8369104487653906,1.0,0.0,0.0,0.6808666666666666,"{""Backdoor"": 0.413, ""DDoS_HTTP"": 0.642, ""DDoS_ICMP"": 0.974, ""DDoS_TCP"": 0.59, ""DDoS_UDP"": 0.997, ""Fingerprinting"": 0.0, ""MITM"": 1.0, ""Normal"": 1.0, ""Password"": 0.973, ""Port_Scanning"": 0.941, ""Ransomware"": 0.823, ""SQL_injection"": 0.082, ""Uploading"": 0.461, ""Vulnerability_scanner"": 0.785, ""XSS"": 0.793}","[0.4041, 0.5033, 0.5285, 0.5638, 0.5874, 0.6215, 0.6455, 0.6487, 0.6787, 0.6855, 0.6865, 0.6807, 0.6839, 0.6803, 0.6844, 0.6844, 0.6804, 0.6849, 0.6856, 0.6837, 0.6865, 0.6857, 0.6871, 0.6785, 0.6786, 0.6775, 0.6809, 0.6864, 0.6776, 0.6786]","[0.2862, 0.5336, 0.3492, 0.4215, 0.4153, 0.4071, 0.5777, 0.3773, 0.2752, 0.4899]",2.7,30,240,60,60,"[1, 1, 1, 1, 1, 1, 1, 1, 1, 1, 1, 1, 1, 1, 1, 1, 1, 1, 1, 1, 1, 1, 1, 1, 1, 1, 1, 1, 1, 1]","[0, 0, 30, 30, 30, 30, 12, 30, 30, 18]",,,,,,,,,,,,,,,,
multi_krum,krum,,adaptive,7,2,30,0.6961548546969648,0.7058635555850977,0.8380766556774092,1.0,0.0,0.0,0.6950666666666666,"{""Backdoor"": 0.413, ""DDoS_HTTP"": 0.908, ""DDoS_ICMP"": 0.977, ""DDoS_TCP"": 0.659, ""DDoS_UDP"": 0.997, ""Fingerprinting"": 0.1, ""MITM"": 1.0, ""Normal"": 1.0, ""Password"": 0.961, ""Port_Scanning"": 0.872, ""Ransomware"": 0.823, ""SQL_injection"": 0.168, ""Uploading"": 0.424, ""Vulnerability_scanner"": 0.784, ""XSS"": 0.501}","[0.3641, 0.5413, 0.6015, 0.608, 0.6258, 0.6346, 0.6426, 0.6769, 0.6757, 0.6801, 0.6802, 0.6768, 0.674, 0.6766, 0.6752, 0.6792, 0.6901, 0.6906, 0.6948, 0.6929, 0.6923, 0.6924, 0.6929, 0.6923, 0.6884, 0.6904, 0.6999, 0.6957, 0.6933, 0.6962]","[0.2862, 0.5336, 0.3492, 0.4215, 0.4153, 0.4071, 0.5777, 0.3773, 0.2752, 0.4899]",2.7,30,240,60,60,"[1, 1, 1, 1, 1, 1, 1, 1, 1, 1, 1, 1, 1, 1, 1, 1, 1, 1, 1, 1, 1, 1, 1, 1, 1, 1, 1, 1, 1, 1]","[0, 0, 30, 27, 30, 30, 24, 30, 30, 9]",,,,,,,,,,,,,,,,
multi_krum,krum,,adaptive_f30,7,3,30,0.7068944428217064,0.7132884801243597,0.8429881809414879,1.0,0.0,0.0,0.7072333333333334,"{""Backdoor"": 0.689, ""DDoS_HTTP"": 0.594, ""DDoS_ICMP"": 0.991, ""DDoS_TCP"": 0.575, ""DDoS_UDP"": 0.995, ""Fingerprinting"": 0.1, ""MITM"": 1.0, ""Normal"": 1.0, ""Password"": 0.973, ""Port_Scanning"": 0.961, ""Ransomware"": 0.617, ""SQL_injection"": 0.168, ""Uploading"": 0.412, ""Vulnerability_scanner"": 0.782, ""XSS"": 0.842}","[0.3587, 0.5453, 0.6113, 0.6306, 0.6373, 0.6407, 0.6533, 0.6939, 0.6864, 0.6966, 0.6915, 0.6902, 0.6923, 0.7008, 0.704, 0.7081, 0.7094, 0.7051, 0.7112, 0.7078, 0.708, 0.7061, 0.7056, 0.7111, 0.703, 0.7044, 0.7157, 0.7078, 0.707, 0.7069]","[0.2862, 0.5336, 0.3492, 0.4215, 0.4153, 0.4071, 0.5777, 0.3773, 0.2752, 0.4899]",2.7,0,210,90,90,"[0, 0, 0, 0, 0, 0, 0, 0, 0, 0, 0, 0, 0, 0, 0, 0, 0, 0, 0, 0, 0, 0, 0, 0, 0, 0, 0, 0, 0, 0]","[0, 0, 0, 30, 30, 30, 30, 30, 30, 30]",,,,,,,,,,,,,,,,
secure_norm_only,norm_only,,none,7,0,30,0.7078334718725448,0.7163275046246743,0.8450066159815202,1.0,0.0,0.0,0.7056999999999999,"{""Backdoor"": 0.864, ""DDoS_HTTP"": 0.658, ""DDoS_ICMP"": 0.991, ""DDoS_TCP"": 1.0, ""DDoS_UDP"": 0.995, ""Fingerprinting"": 0.1, ""MITM"": 1.0, ""Normal"": 1.0, ""Password"": 0.973, ""Port_Scanning"": 0.522, ""Ransomware"": 0.538, ""SQL_injection"": 0.168, ""Uploading"": 0.408, ""Vulnerability_scanner"": 0.788, ""XSS"": 0.74}","[0.4376, 0.5495, 0.5981, 0.6162, 0.6283, 0.6682, 0.6799, 0.6867, 0.6805, 0.6861, 0.7003, 0.6946, 0.6971, 0.6982, 0.6993, 0.7085, 0.7047, 0.7049, 0.7068, 0.7038, 0.7029, 0.7057, 0.709, 0.7091, 0.7017, 0.7097, 0.707, 0.7061, 0.7032, 0.7078]","[0.2862, 0.5336, 0.3492, 0.4215, 0.4153, 0.4071, 0.5777, 0.3773, 0.2752, 0.4899]",4.9,0,300,0,0,"[0, 0, 0, 0, 0, 0, 0, 0, 0, 0, 0, 0, 0, 0, 0, 0, 0, 0, 0, 0, 0, 0, 0, 0, 0, 0, 0, 0, 0, 0]","[30, 30, 30, 30, 30, 30, 30, 30, 30, 30]",3.5,,,,,-0.05876152832674571,-0.08787878787878786,0.005357142857142849,0.2,0.3,0.37299077733860336,0.17799736495388668,0.7882142857142856,0.7,0.8,
secure_norm_only,norm_only,,signflip,7,2,30,0.6986323010662877,0.7070205366431395,0.8387718944134204,1.0,0.0,0.0,0.7002,"{""Backdoor"": 0.415, ""DDoS_HTTP"": 0.618, ""DDoS_ICMP"": 0.989, ""DDoS_TCP"": 0.575, ""DDoS_UDP"": 0.996, ""Fingerprinting"": 0.1, ""MITM"": 1.0, ""Normal"": 1.0, ""Password"": 0.973, ""Port_Scanning"": 0.961, ""Ransomware"": 0.823, ""SQL_injection"": 0.168, ""Uploading"": 0.408, ""Vulnerability_scanner"": 0.783, ""XSS"": 0.797}","[0.4074, 0.5158, 0.6066, 0.6194, 0.6257, 0.642, 0.6411, 0.6769, 0.6755, 0.6801, 0.681, 0.6892, 0.6815, 0.6891, 0.6875, 0.6844, 0.6918, 0.6935, 0.6995, 0.6978, 0.7046, 0.7008, 0.6981, 0.6984, 0.697, 0.6981, 0.6997, 0.6997, 0.7023, 0.6986]","[0.2862, 0.5336, 0.3492, 0.4215, 0.4153, 0.4071, 0.5777, 0.3773, 0.2752, 0.4899]",4.6,0,240,60,60,"[0, 0, 0, 0, 0, 0, 0, 0, 0, 0, 0, 0, 0, 0, 0, 0, 0, 0, 0, 0, 0, 0, 0, 0, 0, 0, 0, 0, 0, 0]","[0, 0, 30, 30, 30, 30, 30, 30, 30, 30]",3.5,,,,,,,,,,,,,,,
secure_norm_only,norm_only,,labelflip,7,2,30,0.6944833240811268,0.7029394364435972,0.8360133665253762,1.0,0.0,0.0,0.6971333333333334,"{""Backdoor"": 0.414, ""DDoS_HTTP"": 0.67, ""DDoS_ICMP"": 0.988, ""DDoS_TCP"": 0.575, ""DDoS_UDP"": 0.996, ""Fingerprinting"": 0.1, ""MITM"": 1.0, ""Normal"": 1.0, ""Password"": 0.973, ""Port_Scanning"": 0.961, ""Ransomware"": 0.823, ""SQL_injection"": 0.167, ""Uploading"": 0.409, ""Vulnerability_scanner"": 0.797, ""XSS"": 0.672}","[0.3206, 0.4482, 0.5081, 0.5917, 0.6125, 0.6112, 0.6156, 0.6278, 0.6274, 0.6415, 0.6779, 0.6844, 0.6797, 0.6816, 0.6813, 0.6817, 0.6828, 0.6817, 0.6841, 0.6844, 0.6878, 0.6903, 0.6926, 0.6934, 0.6924, 0.6967, 0.6989, 0.6991, 0.6978, 0.6945]","[0.2862, 0.5336, 0.3492, 0.4215, 0.4153, 0.4071, 0.5777, 0.3773, 0.2752, 0.4899]",4.5,0,240,41,60,"[0, 0, 0, 0, 0, 0, 0, 0, 0, 0, 0, 0, 0, 0, 0, 0, 0, 0, 0, 0, 0, 0, 0, 0, 0, 0, 0, 0, 0, 0]","[10, 9, 30, 30, 30, 30, 30, 30, 30, 30]",3.5,,,,,,,,,,,,,,,
secure_norm_only,norm_only,,targeted_flip,7,2,30,0.6861505646595404,0.6999307641969416,0.8380542286214089,0.9986560781918143,0.0,0.02504581551618815,0.6867,"{""Backdoor"": 0.412, ""DDoS_HTTP"": 0.666, ""DDoS_ICMP"": 0.988, ""DDoS_TCP"": 0.575, ""DDoS_UDP"": 0.996, ""Fingerprinting"": 0.0, ""MITM"": 1.0, ""Normal"": 1.0, ""Password"": 0.973, ""Port_Scanning"": 0.961, ""Ransomware"": 0.823, ""SQL_injection"": 0.168, ""Uploading"": 0.408, ""Vulnerability_scanner"": 0.782, ""XSS"": 0.748}","[0.3525, 0.5473, 0.5993, 0.6071, 0.615, 0.6226, 0.6352, 0.6396, 0.6684, 0.677, 0.6766, 0.6758, 0.6754, 0.6774, 0.677, 0.6802, 0.6811, 0.6814, 0.6851, 0.6825, 0.6905, 0.6866, 0.6838, 0.6839, 0.6803, 0.6823, 0.6861, 0.686, 0.6879, 0.6862]","[0.2862, 0.5336, 0.3492, 0.4215, 0.4153, 0.4071, 0.5777, 0.3773, 0.2752, 0.4899]",4.5,0,240,0,60,"[0, 0, 0, 0, 0, 0, 0, 0, 0, 0, 0, 0, 0, 0, 0, 0, 0, 0, 0, 0, 0, 0, 0, 0, 0, 0, 0, 0, 0, 0]","[30, 30, 30, 30, 30, 30, 30, 30, 30, 30]",3.5,,,,,,,,,,,,,,,
secure_norm_only,norm_only,,backdoor,7,2,30,0.6938328314797081,0.708314933147976,0.8436609926214986,1.0,0.0,1.0,0.6908333333333333,"{""Backdoor"": 0.806, ""DDoS_HTTP"": 0.613, ""DDoS_ICMP"": 0.989, ""DDoS_TCP"": 0.943, ""DDoS_UDP"": 0.996, ""Fingerprinting"": 0.0, ""MITM"": 1.0, ""Normal"": 1.0, ""Password"": 0.973, ""Port_Scanning"": 0.58, ""Ransomware"": 0.541, ""SQL_injection"": 0.165, ""Uploading"": 0.408, ""Vulnerability_scanner"": 0.787, ""XSS"": 0.824}","[0.3491, 0.5318, 0.5544, 0.6229, 0.6555, 0.6459, 0.6839, 0.6784, 0.683, 0.6899, 0.6888, 0.6889, 0.6909, 0.6908, 0.6914, 0.6922, 0.691, 0.6908, 0.6919, 0.6908, 0.6893, 0.6902, 0.691, 0.6882, 0.6876, 0.7007, 0.6906, 0.6887, 0.69, 0.6938]","[0.2862, 0.5336, 0.3492, 0.4215, 0.4153, 0.4071, 0.5777, 0.3773, 0.2752, 0.4899]",4.8,1,240,0,60,"[0, 0, 0, 0, 0, 0, 0, 0, 0, 0, 0, 0, 0, 0, 0, 0, 0, 0, 0, 0, 0, 0, 0, 0, 0, 1, 0, 0, 0, 0]","[30, 30, 30, 30, 30, 30, 29, 30, 30, 30]",3.5,,,,,,,,,,,,,,,
secure_norm_only,norm_only,,backdoor_boost,7,2,30,0.6824590088533957,0.7009020759217909,0.8386597591334185,1.0,0.0,0.8977397678680513,0.6847,"{""Backdoor"": 0.413, ""DDoS_HTTP"": 0.594, ""DDoS_ICMP"": 0.986, ""DDoS_TCP"": 0.575, ""DDoS_UDP"": 0.996, ""Fingerprinting"": 0.0, ""MITM"": 1.0, ""Normal"": 1.0, ""Password"": 0.973, ""Port_Scanning"": 0.961, ""Ransomware"": 0.823, ""SQL_injection"": 0.105, ""Uploading"": 0.459, ""Vulnerability_scanner"": 0.786, ""XSS"": 0.842}","[0.3919, 0.5284, 0.5683, 0.6726, 0.6795, 0.6811, 0.6846, 0.6869, 0.6849, 0.6874, 0.6763, 0.6774, 0.6844, 0.6848, 0.6848, 0.6851, 0.6846, 0.6815, 0.6867, 0.6828, 0.6858, 0.6854, 0.6886, 0.6847, 0.6857, 0.6881, 0.6855, 0.6857, 0.6859, 0.6825]","[0.2862, 0.5336, 0.3492, 0.4215, 0.4153, 0.4071, 0.5777, 0.3773, 0.2752, 0.4899]",4.5,0,240,49,60,"[0, 0, 0, 0, 0, 0, 0, 0, 0, 0, 0, 0, 0, 0, 0, 0, 0, 0, 0, 0, 0, 0, 0, 0, 0, 0, 0, 0, 0, 0]","[10, 1, 30, 30, 30, 30, 30, 30, 30, 30]",3.5,,,,,,,,,,,,,,,
secure_norm_only,norm_only,,adaptive,7,2,30,0.5203429518810532,0.5797263254834307,0.7874812173405997,0.9999592750967217,0.0,0.000285074322948483,0.5201666666666667,"{""Backdoor"": 0.0, ""DDoS_HTTP"": 0.596, ""DDoS_ICMP"": 0.983, ""DDoS_TCP"": 0.0, ""DDoS_UDP"": 0.997, ""Fingerprinting"": 0.0, ""MITM"": 0.226, ""Normal"": 1.0, ""Password"": 0.995, ""Port_Scanning"": 0.961, ""Ransomware"": 0.824, ""SQL_injection"": 0.085, ""Uploading"": 0.413, ""Vulnerability_scanner"": 0.782, ""XSS"": 0.832}","[0.129, 0.2418, 0.2754, 0.3056, 0.3529, 0.3827, 0.3983, 0.4042, 0.4073, 0.4326, 0.4559, 0.458, 0.4774, 0.496, 0.5039, 0.5094, 0.5138, 0.5068, 0.5134, 0.5164, 0.527, 0.5271, 0.5309, 0.5247, 0.5228, 0.5263, 0.5208, 0.5205, 0.5197, 0.5203]","[0.2862, 0.5336, 0.3492, 0.4215, 0.4153, 0.4071, 0.5777, 0.3773, 0.2752, 0.4899]",4.6,0,240,0,60,"[0, 0, 0, 0, 0, 0, 0, 0, 0, 0, 0, 0, 0, 0, 0, 0, 0, 0, 0, 0, 0, 0, 0, 0, 0, 0, 0, 0, 0, 0]","[30, 30, 30, 30, 30, 30, 30, 30, 30, 30]",3.5,,,,,,,,,,,,,,,
secure_norm_only,norm_only,,adaptive_f30,7,3,30,0.00939761563472363,0.06666666666666667,0.04521294489672341,1.0,1.0,0.0,0.0094,"{""Backdoor"": 0.0, ""DDoS_HTTP"": 0.0, ""DDoS_ICMP"": 0.0, ""DDoS_TCP"": 0.0, ""DDoS_UDP"": 0.0, ""Fingerprinting"": 0.0, ""MITM"": 0.0, ""Normal"": 0.0, ""Password"": 0.0, ""Port_Scanning"": 0.0, ""Ransomware"": 0.0, ""SQL_injection"": 0.0, ""Uploading"": 0.0, ""Vulnerability_scanner"": 0.0, ""XSS"": 1.0}","[0.0119, 0.0158, 0.014, 0.0135, 0.0116, 0.0112, 0.0097, 0.0065, 0.0047, 0.0031, 0.002, 0.002, 0.0021, 0.0021, 0.0016, 0.0016, 0.0015, 0.0016, 0.0015, 0.0089, 0.0098, 0.0098, 0.0101, 0.0094, 0.0094, 0.0094, 0.0094, 0.0094, 0.0094, 0.0094]","[0.2862, 0.5336, 0.3492, 0.4215, 0.4153, 0.4071, 0.5777, 0.3773, 0.2752, 0.4899]",5.0,0,210,0,90,"[0, 0, 0, 0, 0, 0, 0, 0, 0, 0, 0, 0, 0, 0, 0, 0, 0, 0, 0, 0, 0, 0, 0, 0, 0, 0, 0, 0, 0, 0]","[30, 30, 30, 30, 30, 30, 30, 30, 30, 30]",3.5,,,,,,,,,,,,,,,
faithful_prev_t0.0,faithful_prev,0.0,none,7,0,30,0.7103748899099755,0.7217521591123922,0.8486173719975779,1.0,0.0,0.0,0.7060666666666666,"{""Backdoor"": 0.671, ""DDoS_HTTP"": 0.594, ""DDoS_ICMP"": 0.995, ""DDoS_TCP"": 0.575, ""DDoS_UDP"": 0.995, ""Fingerprinting"": 0.1, ""MITM"": 1.0, ""Normal"": 1.0, ""Password"": 0.973, ""Port_Scanning"": 0.961, ""Ransomware"": 0.796, ""SQL_injection"": 0.082, ""Uploading"": 0.461, ""Vulnerability_scanner"": 0.782, ""XSS"": 0.842}","[0.4376, 0.5495, 0.5981, 0.6162, 0.6283, 0.6682, 0.6799, 0.6867, 0.6805, 0.6861, 0.7003, 0.6946, 0.6971, 0.6982, 0.6984, 0.7011, 0.6995, 0.7033, 0.7052, 0.7043, 0.6949, 0.696, 0.6946, 0.6545, 0.6672, 0.7167, 0.7145, 0.7157, 0.6921, 0.7104]","[0.2862, 0.5336, 0.3492, 0.4215, 0.4153, 0.4071, 0.5777, 0.3773, 0.2752, 0.4899]",5.0,65,300,0,0,"[0, 0, 0, 0, 0, 0, 0, 0, 0, 0, 0, 0, 0, 0, 1, 1, 1, 1, 2, 2, 5, 6, 6, 6, 6, 5, 6, 6, 5, 6]","[23, 24, 24, 22, 20, 26, 26, 25, 23, 22]",3.5,,,,,-0.08076416337285901,-0.08050065876152832,-0.08535714285714284,0.1,0.3,0.37299077733860336,0.17799736495388668,0.7882142857142856,0.7,0.8,0.08589603667957882
faithful_prev_t0.0,faithful_prev,0.0,adaptive,7,2,30,0.005712854638474472,0.06666666666666667,0.04476440377671623,1.0,1.0,0.0,0.0057,"{""Backdoor"": 0.0, ""DDoS_HTTP"": 0.0, ""DDoS_ICMP"": 0.0, ""DDoS_TCP"": 0.0, ""DDoS_UDP"": 0.0, ""Fingerprinting"": 0.0, ""MITM"": 0.0, ""Normal"": 0.0, ""Password"": 1.0, ""Port_Scanning"": 0.0, ""Ransomware"": 0.0, ""SQL_injection"": 0.0, ""Uploading"": 0.0, ""Vulnerability_scanner"": 0.0, ""XSS"": 0.0}","[0.129, 0.2423, 0.2691, 0.2492, 0.015, 0.0063, 0.0059, 0.0056, 0.0057, 0.0057, 0.0057, 0.0057, 0.0057, 0.0089, 0.0057, 0.0089, 0.0057, 0.0089, 0.0057, 0.0089, 0.0089, 0.0057, 0.0057, 0.0057, 0.0057, 0.0057, 0.0057, 0.0057, 0.0057, 0.0057]","[0.2862, 0.5336, 0.3492, 0.4215, 0.4153, 0.4071, 0.5777, 0.3773, 0.2752, 0.4899]",4.9,209,240,19,60,"[0, 0, 0, 1, 8, 8, 8, 8, 8, 8, 8, 8, 8, 8, 8, 8, 8, 8, 8, 8, 8, 8, 8, 8, 8, 8, 8, 8, 8, 8]","[20, 21, 4, 4, 4, 3, 4, 4, 4, 4]",3.5,,,,,,,,,,,,,,,
faithful_prev_t0.0,faithful_prev,0.0,adaptive_f30,7,3,30,0.0010772234565407661,0.06666666666666667,0.004485411200071766,1.0,1.0,0.0,0.0011,"{""Backdoor"": 0.0, ""DDoS_HTTP"": 0.0, ""DDoS_ICMP"": 0.0, ""DDoS_TCP"": 0.0, ""DDoS_UDP"": 0.0, ""Fingerprinting"": 1.0, ""MITM"": 0.0, ""Normal"": 0.0, ""Password"": 0.0, ""Port_Scanning"": 0.0, ""Ransomware"": 0.0, ""SQL_injection"": 0.0, ""Uploading"": 0.0, ""Vulnerability_scanner"": 0.0, ""XSS"": 0.0}","[0.0119, 0.0262, 0.0005, 0.0006, 0.0006, 0.0006, 0.0006, 0.0006, 0.0006, 0.0006, 0.0006, 0.0006, 0.0006, 0.0006, 0.0677, 0.0006, 0.0011, 0.0011, 0.0011, 0.0011, 0.0011, 0.0011, 0.0011, 0.0011, 0.0011, 0.0011, 0.0011, 0.0011, 0.0011, 0.0011]","[0.2862, 0.5336, 0.3492, 0.4215, 0.4153, 0.4071, 0.5777, 0.3773, 0.2752, 0.4899]",4.6,203,210,39,90,"[0, 7, 7, 7, 7, 7, 7, 7, 7, 7, 7, 7, 7, 7, 7, 7, 7, 7, 7, 7, 7, 7, 7, 7, 7, 7, 7, 7, 7, 7]","[17, 17, 17, 1, 1, 1, 1, 1, 1, 1]",3.5,,,,,,,,,,,,,,,
faithful_root_t-0.3,faithful_root,-0.3,none,7,0,30,0.7080612219476127,0.716559963027369,0.8451636053735226,1.0,0.0,0.0,0.7058333333333334,"{""Backdoor"": 0.864, ""DDoS_HTTP"": 0.656, ""DDoS_ICMP"": 0.991, ""DDoS_TCP"": 1.0, ""DDoS_UDP"": 0.995, ""Fingerprinting"": 0.1, ""MITM"": 1.0, ""Normal"": 1.0, ""Password"": 0.973, ""Port_Scanning"": 0.522, ""Ransomware"": 0.538, ""SQL_injection"": 0.168, ""Uploading"": 0.408, ""Vulnerability_scanner"": 0.788, ""XSS"": 0.746}","[0.4376, 0.5495, 0.5981, 0.6162, 0.6283, 0.6682, 0.6799, 0.6867, 0.6805, 0.6861, 0.7003, 0.6946, 0.6971, 0.6982, 0.6993, 0.7085, 0.7047, 0.7049, 0.7068, 0.7038, 0.7029, 0.7057, 0.709, 0.7091, 0.7107, 0.7094, 0.707, 0.7062, 0.7032, 0.7081]","[0.2862, 0.5336, 0.3492, 0.4215, 0.4153, 0.4071, 0.5777, 0.3773, 0.2752, 0.4899]",4.8,1,300,0,0,"[0, 0, 0, 0, 0, 0, 0, 0, 0, 0, 0, 0, 0, 0, 0, 0, 0, 0, 0, 0, 0, 0, 0, 0, 1, 0, 0, 0, 0, 0]","[30, 29, 30, 30, 30, 30, 30, 30, 30, 30]",3.5,,,,,-0.10909090909090909,0.0828722002635046,-0.0675,0.1,0.3,0.37299077733860336,0.17799736495388668,0.7882142857142856,0.7,0.8,-0.40618119722996154
faithful_root_t-0.3,faithful_root,-0.3,signflip,7,2,30,0.6986323010662877,0.7070205366431395,0.8387718944134204,1.0,0.0,0.0,0.7002,"{""Backdoor"": 0.415, ""DDoS_HTTP"": 0.618, ""DDoS_ICMP"": 0.989, ""DDoS_TCP"": 0.575, ""DDoS_UDP"": 0.996, ""Fingerprinting"": 0.1, ""MITM"": 1.0, ""Normal"": 1.0, ""Password"": 0.973, ""Port_Scanning"": 0.961, ""Ransomware"": 0.823, ""SQL_injection"": 0.168, ""Uploading"": 0.408, ""Vulnerability_scanner"": 0.783, ""XSS"": 0.797}","[0.4074, 0.5158, 0.6066, 0.6194, 0.6257, 0.642, 0.6411, 0.6769, 0.6755, 0.6801, 0.681, 0.6892, 0.6815, 0.6891, 0.6875, 0.6844, 0.6918, 0.6935, 0.6995, 0.6978, 0.7046, 0.7008, 0.6981, 0.6984, 0.697, 0.6981, 0.6997, 0.6997, 0.7023, 0.6986]","[0.2862, 0.5336, 0.3492, 0.4215, 0.4153, 0.4071, 0.5777, 0.3773, 0.2752, 0.4899]",4.9,0,240,60,60,"[0, 0, 0, 0, 0, 0, 0, 0, 0, 0, 0, 0, 0, 0, 0, 0, 0, 0, 0, 0, 0, 0, 0, 0, 0, 0, 0, 0, 0, 0]","[0, 0, 30, 30, 30, 30, 30, 30, 30, 30]",3.5,,,,,,,,,,,,,,,
faithful_root_t-0.3,faithful_root,-0.3,labelflip,7,2,30,0.6973901354863681,0.7057774777236864,0.8379196662854067,1.0,0.0,0.0,0.6996333333333333,"{""Backdoor"": 0.414, ""DDoS_HTTP"": 0.608, ""DDoS_ICMP"": 0.988, ""DDoS_TCP"": 0.575, ""DDoS_UDP"": 0.996, ""Fingerprinting"": 0.1, ""MITM"": 1.0, ""Normal"": 1.0, ""Password"": 0.973, ""Port_Scanning"": 0.961, ""Ransomware"": 0.823, ""SQL_injection"": 0.168, ""Uploading"": 0.411, ""Vulnerability_scanner"": 0.79, ""XSS"": 0.78}","[0.3206, 0.4482, 0.5669, 0.6104, 0.6218, 0.6268, 0.6416, 0.676, 0.6746, 0.6809, 0.6805, 0.6874, 0.6798, 0.6838, 0.6818, 0.6817, 0.6833, 0.6862, 0.6946, 0.6951, 0.7044, 0.698, 0.6973, 0.6982, 0.696, 0.6985, 0.6994, 0.6997, 0.7018, 0.6974]","[0.2862, 0.5336, 0.3492, 0.4215, 0.4153, 0.4071, 0.5777, 0.3773, 0.2752, 0.4899]",4.8,0,240,56,60,"[0, 0, 0, 0, 0, 0, 0, 0, 0, 0, 0, 0, 0, 0, 0, 0, 0, 0, 0, 0, 0, 0, 0, 0, 0, 0, 0, 0, 0, 0]","[2, 2, 30, 30, 30, 30, 30, 30, 30, 30]",3.5,,,,,,,,,,,,,,,
faithful_root_t-0.3,faithful_root,-0.3,targeted_flip,7,2,30,0.6987655923806674,0.7071479927169857,0.8388616026374218,1.0,0.0,0.0,0.6999,"{""Backdoor"": 0.415, ""DDoS_HTTP"": 0.628, ""DDoS_ICMP"": 0.988, ""DDoS_TCP"": 0.575, ""DDoS_UDP"": 0.996, ""Fingerprinting"": 0.1, ""MITM"": 1.0, ""Normal"": 1.0, ""Password"": 0.973, ""Port_Scanning"": 0.961, ""Ransomware"": 0.823, ""SQL_injection"": 0.168, ""Uploading"": 0.408, ""Vulnerability_scanner"": 0.783, ""XSS"": 0.79}","[0.3525, 0.5473, 0.5985, 0.6105, 0.6221, 0.6269, 0.6426, 0.6746, 0.676, 0.6806, 0.6823, 0.6882, 0.6807, 0.6853, 0.6849, 0.6834, 0.6898, 0.6932, 0.6993, 0.6968, 0.7042, 0.7, 0.6973, 0.6976, 0.6962, 0.6973, 0.6995, 0.6994, 0.7015, 0.6988]","[0.2862, 0.5336, 0.3492, 0.4215, 0.4153, 0.4071, 0.5777, 0.3773, 0.2752, 0.4899]",4.8,0,240,54,60,"[0, 0, 0, 0, 0, 0, 0, 0, 0, 0, 0, 0, 0, 0, 0, 0, 0, 0, 0, 0, 0, 0, 0, 0, 0, 0, 0, 0, 0, 0]","[4, 2, 30, 30, 30, 30, 30, 30, 30, 30]",3.5,,,,,,,,,,,,,,,
faithful_root_t-0.3,faithful_root,-0.3,backdoor,7,2,30,0.6938328314797081,0.708314933147976,0.8436609926214986,1.0,0.0,1.0,0.6908333333333333,"{""Backdoor"": 0.806, ""DDoS_HTTP"": 0.613, ""DDoS_ICMP"": 0.989, ""DDoS_TCP"": 0.943, ""DDoS_UDP"": 0.996, ""Fingerprinting"": 0.0, ""MITM"": 1.0, ""Normal"": 1.0, ""Password"": 0.973, ""Port_Scanning"": 0.58, ""Ransomware"": 0.541, ""SQL_injection"": 0.165, ""Uploading"": 0.408, ""Vulnerability_scanner"": 0.787, ""XSS"": 0.824}","[0.3491, 0.5318, 0.5544, 0.6229, 0.6555, 0.6459, 0.6839, 0.6784, 0.683, 0.6899, 0.6888, 0.6889, 0.6909, 0.6908, 0.6914, 0.6922, 0.691, 0.6908, 0.6919, 0.6908, 0.6893, 0.6902, 0.691, 0.6882, 0.6876, 0.7007, 0.6906, 0.6887, 0.69, 0.6938]","[0.2862, 0.5336, 0.3492, 0.4215, 0.4153, 0.4071, 0.5777, 0.3773, 0.2752, 0.4899]",4.8,1,240,0,60,"[0, 0, 0, 0, 0, 0, 0, 0, 0, 0, 0, 0, 0, 0, 0, 0, 0, 0, 0, 0, 0, 0, 0, 0, 0, 1, 0, 0, 0, 0]","[30, 30, 30, 30, 30, 30, 29, 30, 30, 30]",3.5,,,,,,,,,,,,,,,
faithful_root_t-0.3,faithful_root,-0.3,backdoor_boost,7,2,30,0.6885935801951936,0.7033655452892762,0.8403417883334454,1.0,0.0,0.8985949908368968,0.6867333333333333,"{""Backdoor"": 0.413, ""DDoS_HTTP"": 0.594, ""DDoS_ICMP"": 0.988, ""DDoS_TCP"": 0.575, ""DDoS_UDP"": 0.996, ""Fingerprinting"": 0.0, ""MITM"": 1.0, ""Normal"": 1.0, ""Password"": 0.973, ""Port_Scanning"": 0.961, ""Ransomware"": 0.823, ""SQL_injection"": 0.165, ""Uploading"": 0.433, ""Vulnerability_scanner"": 0.786, ""XSS"": 0.842}","[0.3919, 0.5284, 0.5683, 0.6726, 0.6795, 0.6811, 0.6846, 0.6869, 0.6849, 0.6874, 0.6763, 0.6774, 0.6844, 0.6848, 0.6848, 0.6851, 0.6846, 0.6815, 0.6867, 0.6828, 0.6858, 0.6854, 0.6886, 0.6847, 0.6857, 0.6881, 0.6855, 0.6857, 0.6859, 0.6886]","[0.2862, 0.5336, 0.3492, 0.4215, 0.4153, 0.4071, 0.5777, 0.3773, 0.2752, 0.4899]",5.4,1,240,49,60,"[0, 0, 0, 0, 0, 0, 0, 0, 0, 0, 0, 0, 0, 0, 0, 0, 0, 0, 0, 0, 0, 0, 0, 0, 0, 0, 0, 0, 0, 1]","[10, 1, 29, 30, 30, 30, 30, 30, 30, 30]",3.5,,,,,,,,,,,,,,,
faithful_root_t-0.3,faithful_root,-0.3,adaptive,7,2,30,0.698175486738695,0.7034987698399975,0.8365067617573841,1.0,0.0,0.0,0.6971333333333334,"{""Backdoor"": 0.413, ""DDoS_HTTP"": 0.879, ""DDoS_ICMP"": 0.991, ""DDoS_TCP"": 0.575, ""DDoS_UDP"": 0.993, ""Fingerprinting"": 0.1, ""MITM"": 1.0, ""Normal"": 1.0, ""Password"": 0.839, ""Port_Scanning"": 0.961, ""Ransomware"": 0.823, ""SQL_injection"": 0.255, ""Uploading"": 0.44, ""Vulnerability_scanner"": 0.781, ""XSS"": 0.501}","[0.3189, 0.4425, 0.4597, 0.4804, 0.5267, 0.5573, 0.564, 0.5634, 0.6696, 0.6802, 0.6778, 0.6746, 0.6742, 0.6707, 0.6738, 0.6727, 0.6777, 0.6805, 0.6795, 0.6825, 0.6893, 0.6914, 0.6909, 0.6929, 0.6955, 0.6914, 0.6957, 0.6968, 0.6964, 0.6982]","[0.2862, 0.5336, 0.3492, 0.4215, 0.4153, 0.4071, 0.5777, 0.3773, 0.2752, 0.4899]",10.8,1,240,0,60,"[0, 0, 0, 0, 0, 0, 0, 0, 0, 0, 0, 0, 0, 0, 0, 0, 0, 0, 0, 0, 0, 0, 0, 1, 0, 0, 0, 0, 0, 0]","[30, 30, 29, 30, 30, 30, 30, 30, 30, 30]",3.5,,,,,,,,,,,,,,,
faithful_root_t-0.3,faithful_root,-0.3,adaptive_f30,7,3,30,0.7152443333872184,0.7078871897041095,0.8456121464935298,1.0,0.0,0.0,0.7018666666666666,"{""Backdoor"": 0.677, ""DDoS_HTTP"": 0.71, ""DDoS_ICMP"": 0.992, ""DDoS_TCP"": 0.575, ""DDoS_UDP"": 0.991, ""Fingerprinting"": 0.1, ""MITM"": 0.844, ""Normal"": 1.0, ""Password"": 0.708, ""Port_Scanning"": 0.961, ""Ransomware"": 0.734, ""SQL_injection"": 0.39, ""Uploading"": 0.44, ""Vulnerability_scanner"": 0.778, ""XSS"": 0.719}","[0.2861, 0.4136, 0.4798, 0.5192, 0.5192, 0.532, 0.5312, 0.5733, 0.6017, 0.5967, 0.612, 0.6664, 0.662, 0.6654, 0.6668, 0.6709, 0.6702, 0.6821, 0.6843, 0.6831, 0.6844, 0.6827, 0.6857, 0.6857, 0.6914, 0.6964, 0.6883, 0.6956, 0.6948, 0.7152]","[0.2862, 0.5336, 0.3492, 0.4215, 0.4153, 0.4071, 0.5777, 0.3773, 0.2752, 0.4899]",12.7,0,210,0,90,"[0, 0, 0, 0, 0, 0, 0, 0, 0, 0, 0, 0, 0, 0, 0, 0, 0, 0, 0, 0, 0, 0, 0, 0, 0, 0, 0, 0, 0, 0]","[30, 30, 30, 30, 30, 30, 30, 30, 30, 30]",3.5,,,,,,,,,,,,,,,
faithful_root_t0.0,faithful_root,0.0,none,7,0,30,0.7140038413051645,0.7210305153873751,0.8481464038215704,1.0,0.0,0.0,0.7031666666666667,"{""Backdoor"": 0.635, ""DDoS_HTTP"": 0.594, ""DDoS_ICMP"": 0.989, ""DDoS_TCP"": 0.575, ""DDoS_UDP"": 0.995, ""Fingerprinting"": 0.1, ""MITM"": 1.0, ""Normal"": 1.0, ""Password"": 0.931, ""Port_Scanning"": 0.961, ""Ransomware"": 0.821, ""SQL_injection"": 0.127, ""Uploading"": 0.462, ""Vulnerability_scanner"": 0.784, ""XSS"": 0.842}","[0.4376, 0.5495, 0.5981, 0.6162, 0.6283, 0.6682, 0.6799, 0.6867, 0.6805, 0.6861, 0.7003, 0.6997, 0.6895, 0.7007, 0.7019, 0.7084, 0.6981, 0.7067, 0.708, 0.7116, 0.7017, 0.7003, 0.7086, 0.6951, 0.7137, 0.6977, 0.7118, 0.6991, 0.6964, 0.714]","[0.2862, 0.5336, 0.3492, 0.4215, 0.4153, 0.4071, 0.5777, 0.3773, 0.2752, 0.4899]",19.8,43,300,0,0,"[0, 0, 0, 0, 0, 0, 0, 0, 0, 0, 0, 2, 2, 1, 2, 1, 2, 3, 2, 3, 3, 3, 2, 2, 3, 3, 2, 2, 3, 2]","[29, 21, 27, 22, 28, 26, 21, 29, 28, 26]",3.5,,,,,-0.10909090909090909,0.0828722002635046,-0.0675,0.1,0.3,0.37299077733860336,0.17799736495388668,0.7882142857142856,0.7,0.8,-0.8221477796473973
faithful_root_t0.0,faithful_root,0.0,signflip,7,2,30,0.6958185477775205,0.7052313721970822,0.8376056875014017,1.0,0.0,0.0,0.6950333333333333,"{""Backdoor"": 0.415, ""DDoS_HTTP"": 0.802, ""DDoS_ICMP"": 0.99, ""DDoS_TCP"": 0.575, ""DDoS_UDP"": 0.995, ""Fingerprinting"": 0.1, ""MITM"": 1.0, ""Normal"": 1.0, ""Password"": 0.973, ""Port_Scanning"": 0.961, ""Ransomware"": 0.823, ""SQL_injection"": 0.168, ""Uploading"": 0.408, ""Vulnerability_scanner"": 0.808, ""XSS"": 0.561}","[0.4074, 0.5158, 0.6066, 0.6194, 0.6257, 0.642, 0.6411, 0.6769, 0.6755, 0.6801, 0.681, 0.6969, 0.6802, 0.6911, 0.6979, 0.7007, 0.6945, 0.7006, 0.7056, 0.7052, 0.7039, 0.7068, 0.6897, 0.6958, 0.7031, 0.6958, 0.6884, 0.6998, 0.6895, 0.6958]","[0.2862, 0.5336, 0.3492, 0.4215, 0.4153, 0.4071, 0.5777, 0.3773, 0.2752, 0.4899]",9.0,33,240,60,60,"[0, 0, 0, 0, 0, 0, 0, 0, 0, 0, 0, 1, 1, 1, 2, 1, 1, 2, 1, 2, 2, 1, 3, 2, 3, 2, 3, 1, 3, 1]","[0, 0, 24, 29, 30, 28, 20, 25, 28, 23]",3.5,,,,,,,,,,,,,,,
faithful_root_t0.0,faithful_root,0.0,labelflip,7,2,30,0.6948188718728588,0.7043062749313196,0.8369777299333916,1.0,0.0,0.0,0.6950666666666666,"{""Backdoor"": 0.415, ""DDoS_HTTP"": 0.798, ""DDoS_ICMP"": 0.99, ""DDoS_TCP"": 0.575, ""DDoS_UDP"": 0.995, ""Fingerprinting"": 0.1, ""MITM"": 1.0, ""Normal"": 1.0, ""Password"": 0.973, ""Port_Scanning"": 0.961, ""Ransomware"": 0.823, ""SQL_injection"": 0.168, ""Uploading"": 0.408, ""Vulnerability_scanner"": 0.807, ""XSS"": 0.552}","[0.3206, 0.5033, 0.598, 0.6156, 0.6243, 0.6279, 0.64, 0.6754, 0.6745, 0.6813, 0.6807, 0.6968, 0.6768, 0.688, 0.6872, 0.6944, 0.6954, 0.6977, 0.6978, 0.6989, 0.6999, 0.7018, 0.6896, 0.6956, 0.7035, 0.6942, 0.6883, 0.6998, 0.6906, 0.6948]","[0.2862, 0.5336, 0.3492, 0.4215, 0.4153, 0.4071, 0.5777, 0.3773, 0.2752, 0.4899]",8.4,32,240,58,60,"[0, 0, 0, 0, 0, 0, 0, 0, 0, 0, 0, 1, 1, 1, 2, 1, 0, 1, 2, 1, 3, 1, 3, 2, 3, 2, 3, 1, 3, 1]","[1, 1, 24, 29, 30, 28, 20, 25, 29, 23]",3.5,,,,,,,,,,,,,,,
faithful_root_t0.0,faithful_root,0.0,targeted_flip,7,2,30,0.6984340179209424,0.7072787443732742,0.8389961649734239,1.0,0.0,0.0,0.6957333333333332,"{""Backdoor"": 0.415, ""DDoS_HTTP"": 0.792, ""DDoS_ICMP"": 0.99, ""DDoS_TCP"": 0.575, ""DDoS_UDP"": 0.995, ""Fingerprinting"": 0.1, ""MITM"": 1.0, ""Normal"": 1.0, ""Password"": 0.973, ""Port_Scanning"": 0.961, ""Ransomware"": 0.823, ""SQL_injection"": 0.168, ""Uploading"": 0.408, ""Vulnerability_scanner"": 0.798, ""XSS"": 0.611}","[0.3525, 0.5258, 0.6034, 0.6158, 0.6255, 0.6397, 0.6409, 0.6757, 0.677, 0.6815, 0.6828, 0.6989, 0.6797, 0.6942, 0.6991, 0.6999, 0.6943, 0.7013, 0.7057, 0.7073, 0.7033, 0.7069, 0.6896, 0.6986, 0.7031, 0.699, 0.688, 0.6998, 0.689, 0.6984]","[0.2862, 0.5336, 0.3492, 0.4215, 0.4153, 0.4071, 0.5777, 0.3773, 0.2752, 0.4899]",8.1,33,240,58,60,"[0, 0, 0, 0, 0, 0, 0, 0, 0, 0, 0, 1, 1, 1, 2, 1, 1, 2, 1, 2, 2, 1, 3, 2, 3, 2, 3, 1, 3, 1]","[1, 1, 24, 29, 30, 28, 20, 25, 28, 23]",3.5,,,,,,,,,,,,,,,
faithful_root_t0.0,faithful_root,0.0,backdoor,7,2,30,0.6959171388385459,0.7048922044533389,0.8414855681894637,1.0,0.0,1.0,0.6901666666666667,"{""Backdoor"": 0.924, ""DDoS_HTTP"": 0.594, ""DDoS_ICMP"": 0.994, ""DDoS_TCP"": 1.0, ""DDoS_UDP"": 0.994, ""Fingerprinting"": 0.0, ""MITM"": 1.0, ""Normal"": 1.0, ""Password"": 0.652, ""Port_Scanning"": 0.522, ""Ransomware"": 0.389, ""SQL_injection"": 0.483, ""Uploading"": 0.407, ""Vulnerability_scanner"": 0.771, ""XSS"": 0.842}","[0.3491, 0.5318, 0.5544, 0.6229, 0.6555, 0.6459, 0.6839, 0.6784, 0.683, 0.6936, 0.6895, 0.686, 0.6882, 0.6919, 0.6911, 0.6799, 0.6828, 0.6761, 0.6966, 0.6783, 0.6977, 0.6804, 0.6938, 0.6866, 0.686, 0.6884, 0.6851, 0.6903, 0.6843, 0.6959]","[0.2862, 0.5336, 0.3492, 0.4215, 0.4153, 0.4071, 0.5777, 0.3773, 0.2752, 0.4899]",8.2,36,240,10,60,"[0, 0, 0, 0, 0, 0, 0, 0, 0, 1, 0, 0, 1, 0, 0, 1, 3, 1, 2, 3, 2, 3, 1, 2, 2, 4, 2, 3, 1, 4]","[28, 22, 24, 24, 29, 26, 21, 27, 28, 25]",3.5,,,,,,,,,,,,,,,
faithful_root_t0.0,faithful_root,0.0,backdoor_boost,7,2,30,0.6968955065693537,0.7091605782593288,0.8442440960775079,1.0,0.0,0.8949297495418448,0.6931666666666666,"{""Backdoor"": 0.705, ""DDoS_HTTP"": 0.594, ""DDoS_ICMP"": 0.991, ""DDoS_TCP"": 0.633, ""DDoS_UDP"": 0.996, ""Fingerprinting"": 0.0, ""MITM"": 1.0, ""Normal"": 1.0, ""Password"": 0.973, ""Port_Scanning"": 0.913, ""Ransomware"": 0.619, ""SQL_injection"": 0.165, ""Uploading"": 0.42, ""Vulnerability_scanner"": 0.786, ""XSS"": 0.843}","[0.3919, 0.5284, 0.5683, 0.6726, 0.6795, 0.6811, 0.6846, 0.6869, 0.692, 0.6852, 0.6763, 0.6765, 0.6721, 0.6807, 0.6839, 0.6925, 0.6487, 0.694, 0.6842, 0.6864, 0.689, 0.6884, 0.6868, 0.675, 0.6924, 0.6506, 0.6865, 0.6885, 0.6941, 0.6969]","[0.2862, 0.5336, 0.3492, 0.4215, 0.4153, 0.4071, 0.5777, 0.3773, 0.2752, 0.4899]",6.4,36,240,50,60,"[0, 0, 0, 0, 0, 0, 0, 0, 1, 0, 0, 1, 2, 1, 1, 2, 2, 1, 1, 2, 2, 1, 2, 2, 3, 3, 2, 2, 3, 2]","[9, 1, 24, 28, 28, 27, 20, 23, 29, 25]",3.5,,,,,,,,,,,,,,,
faithful_root_t0.0,faithful_root,0.0,adaptive,7,2,30,0.6979974525168813,0.6993516638402644,0.8364843347013837,1.0,0.0,0.0,0.6899000000000001,"{""Backdoor"": 0.413, ""DDoS_HTTP"": 0.854, ""DDoS_ICMP"": 0.993, ""DDoS_TCP"": 0.575, ""DDoS_UDP"": 0.992, ""Fingerprinting"": 0.1, ""MITM"": 0.93, ""Normal"": 1.0, ""Password"": 0.794, ""Port_Scanning"": 0.961, ""Ransomware"": 0.823, ""SQL_injection"": 0.304, ""Uploading"": 0.44, ""Vulnerability_scanner"": 0.78, ""XSS"": 0.532}","[0.3189, 0.4425, 0.4597, 0.4804, 0.5267, 0.5573, 0.564, 0.5634, 0.6696, 0.6802, 0.6778, 0.6746, 0.6742, 0.6707, 0.6768, 0.6723, 0.6722, 0.684, 0.6833, 0.687, 0.6947, 0.6908, 0.6853, 0.6937, 0.694, 0.6854, 0.7035, 0.6743, 0.6974, 0.698]","[0.2862, 0.5336, 0.3492, 0.4215, 0.4153, 0.4071, 0.5777, 0.3773, 0.2752, 0.4899]",6.7,23,240,0,60,"[0, 0, 0, 0, 0, 0, 0, 0, 0, 0, 0, 0, 0, 0, 2, 0, 1, 1, 1, 2, 1, 1, 1, 1, 2, 2, 2, 4, 1, 1]","[30, 30, 18, 30, 30, 30, 26, 29, 29, 25]",3.5,,,,,,,,,,,,,,,
faithful_root_t0.0,faithful_root,0.0,adaptive_f30,7,3,30,0.6897643985971836,0.6831352712277147,0.836125501805378,1.0,0.0,0.0,0.6889666666666666,"{""Backdoor"": 0.413, ""DDoS_HTTP"": 0.861, ""DDoS_ICMP"": 0.99, ""DDoS_TCP"": 0.575, ""DDoS_UDP"": 0.991, ""Fingerprinting"": 0.1, ""MITM"": 0.667, ""Normal"": 1.0, ""Password"": 0.368, ""Port_Scanning"": 0.961, ""Ransomware"": 0.823, ""SQL_injection"": 0.723, ""Uploading"": 0.44, ""Vulnerability_scanner"": 0.778, ""XSS"": 0.558}","[0.2861, 0.4136, 0.4798, 0.5192, 0.5192, 0.532, 0.5312, 0.5733, 0.6017, 0.5967, 0.612, 0.6664, 0.662, 0.6644, 0.6671, 0.6711, 0.6709, 0.6841, 0.6916, 0.6838, 0.6842, 0.6811, 0.6843, 0.6824, 0.6901, 0.7035, 0.6839, 0.6856, 0.6915, 0.6898]","[0.2862, 0.5336, 0.3492, 0.4215, 0.4153, 0.4071, 0.5777, 0.3773, 0.2752, 0.4899]",6.3,12,210,0,90,"[0, 0, 0, 0, 0, 0, 0, 0, 0, 0, 0, 0, 1, 0, 1, 0, 0, 1, 1, 0, 0, 0, 1, 0, 1, 1, 2, 1, 1, 1]","[30, 30, 30, 30, 30, 30, 26, 30, 29, 23]",3.5,,,,,,,,,,,,,,,
faithful_root_t-0.3_kappa1.5,faithful_root,-0.3,none,7,0,30,0.6636164815981115,0.6883112918870704,0.8260781807172173,1.0,0.0,0.0,0.6633666666666667,"{""Backdoor"": 0.923, ""DDoS_HTTP"": 0.594, ""DDoS_ICMP"": 0.992, ""DDoS_TCP"": 1.0, ""DDoS_UDP"": 0.995, ""Fingerprinting"": 0.1, ""MITM"": 1.0, ""Normal"": 1.0, ""Password"": 0.112, ""Port_Scanning"": 0.522, ""Ransomware"": 0.38, ""SQL_injection"": 0.083, ""Uploading"": 0.999, ""Vulnerability_scanner"": 0.782, ""XSS"": 0.843}","[0.4376, 0.5495, 0.6153, 0.5858, 0.6114, 0.6139, 0.6152, 0.6242, 0.6281, 0.6313, 0.6324, 0.6674, 0.6678, 0.6756, 0.6744, 0.6783, 0.686, 0.6723, 0.656, 0.6405, 0.6475, 0.647, 0.6614, 0.6487, 0.6556, 0.6723, 0.6478, 0.6641, 0.6624, 0.6636]","[0.2862, 0.5336, 0.3492, 0.4215, 0.4153, 0.4071, 0.5777, 0.3773, 0.2752, 0.4899]",9.7,156,300,0,0,"[0, 0, 1, 4, 5, 5, 5, 5, 5, 5, 5, 5, 5, 5, 7, 7, 5, 7, 6, 6, 6, 6, 7, 6, 6, 6, 7, 7, 5, 7]","[30, 2, 14, 3, 30, 17, 4, 15, 26, 3]",1.5,,,,,-0.10909090909090909,0.0828722002635046,-0.0675,0.1,0.3,0.0898550724637681,0.23610013175230563,0.7878571428571427,0.7,0.9,-0.7073302226501608
faithful_root_t-0.3_kappa1.5,faithful_root,-0.3,signflip,7,2,30,0.705258687531802,0.7146318068864735,0.8347574513893561,1.0,0.0,0.0,0.6956333333333333,"{""Backdoor"": 0.411, ""DDoS_HTTP"": 0.921, ""DDoS_ICMP"": 0.959, ""DDoS_TCP"": 0.575, ""DDoS_UDP"": 0.997, ""Fingerprinting"": 0.335, ""MITM"": 1.0, ""Normal"": 1.0, ""Password"": 0.112, ""Port_Scanning"": 0.961, ""Ransomware"": 0.823, ""SQL_injection"": 0.981, ""Uploading"": 0.43, ""Vulnerability_scanner"": 0.829, ""XSS"": 0.385}","[0.4074, 0.5158, 0.6066, 0.6194, 0.6012, 0.603, 0.6213, 0.6057, 0.6363, 0.629, 0.6354, 0.6735, 0.6728, 0.6691, 0.6704, 0.6781, 0.6796, 0.6811, 0.6894, 0.6873, 0.6897, 0.6896, 0.6853, 0.6865, 0.6834, 0.6816, 0.7142, 0.6926, 0.689, 0.7053]","[0.2862, 0.5336, 0.3492, 0.4215, 0.4153, 0.4071, 0.5777, 0.3773, 0.2752, 0.4899]",7.2,104,240,60,60,"[0, 0, 0, 0, 4, 4, 4, 4, 4, 4, 4, 4, 4, 4, 4, 4, 4, 4, 4, 4, 4, 4, 4, 4, 4, 4, 4, 4, 4, 4]","[0, 0, 30, 4, 30, 4, 4, 30, 30, 4]",1.5,,,,,,,,,,,,,,,
faithful_root_t-0.3_kappa1.5,faithful_root,-0.3,adaptive_f30,7,3,30,0.6631571568130384,0.675012626435964,0.8307205813092915,1.0,0.0,0.0,0.6625333333333333,"{""Backdoor"": 0.413, ""DDoS_HTTP"": 0.739, ""DDoS_ICMP"": 0.981, ""DDoS_TCP"": 0.575, ""DDoS_UDP"": 0.989, ""Fingerprinting"": 0.1, ""MITM"": 0.667, ""Normal"": 1.0, ""Password"": 0.0, ""Port_Scanning"": 0.961, ""Ransomware"": 0.823, ""SQL_injection"": 0.993, ""Uploading"": 0.44, ""Vulnerability_scanner"": 0.779, ""XSS"": 0.666}","[0.2819, 0.4618, 0.5003, 0.5232, 0.5364, 0.5349, 0.5459, 0.5587, 0.593, 0.5979, 0.5898, 0.5907, 0.6006, 0.5996, 0.5895, 0.5953, 0.5909, 0.5919, 0.5903, 0.5905, 0.5988, 0.6009, 0.5992, 0.6056, 0.6603, 0.6628, 0.6623, 0.6614, 0.663, 0.6632]","[0.2862, 0.5336, 0.3492, 0.4215, 0.4153, 0.4071, 0.5777, 0.3773, 0.2752, 0.4899]",6.2,84,210,0,90,"[0, 0, 0, 0, 0, 2, 2, 2, 2, 3, 2, 3, 3, 3, 3, 3, 4, 4, 4, 4, 4, 4, 4, 4, 4, 4, 4, 4, 4, 4]","[30, 30, 30, 10, 30, 5, 5, 30, 30, 16]",1.5,,,,,,,,,,,,,,,
faithful_root_t-0.3_kappa2.5,faithful_root,-0.3,none,7,0,30,0.6909176790338112,0.702667141641984,0.8361479288613783,1.0,0.0,0.0,0.6818,"{""Backdoor"": 0.414, ""DDoS_HTTP"": 0.743, ""DDoS_ICMP"": 0.978, ""DDoS_TCP"": 0.61, ""DDoS_UDP"": 0.997, ""Fingerprinting"": 0.1, ""MITM"": 1.0, ""Normal"": 1.0, ""Password"": 0.114, ""Port_Scanning"": 0.928, ""Ransomware"": 0.823, ""SQL_injection"": 0.978, ""Uploading"": 0.44, ""Vulnerability_scanner"": 0.824, ""XSS"": 0.591}","[0.4376, 0.5495, 0.5981, 0.6162, 0.6283, 0.6682, 0.6799, 0.6867, 0.6846, 0.6923, 0.6877, 0.6849, 0.6855, 0.7028, 0.7032, 0.6954, 0.7075, 0.6638, 0.6609, 0.7065, 0.675, 0.6629, 0.6908, 0.6893, 0.6857, 0.6887, 0.7012, 0.6851, 0.6694, 0.6909]","[0.2862, 0.5336, 0.3492, 0.4215, 0.4153, 0.4071, 0.5777, 0.3773, 0.2752, 0.4899]",6.8,45,300,0,0,"[0, 0, 0, 0, 0, 0, 0, 0, 1, 1, 1, 1, 1, 1, 1, 1, 1, 4, 3, 1, 4, 3, 2, 2, 2, 2, 3, 4, 3, 3]","[30, 8, 30, 24, 30, 30, 25, 30, 30, 18]",2.5,,,,,-0.10909090909090909,0.0828722002635046,-0.0675,0.1,0.3,0.36508563899868246,0.17799736495388668,0.7882142857142856,0.7,0.8,-0.8056907155587242
faithful_root_t-0.3_kappa2.5,faithful_root,-0.3,signflip,7,2,30,0.6975041917695795,0.7057451263493373,0.8379196662854067,1.0,0.0,0.0,0.6947666666666666,"{""Backdoor"": 0.416, ""DDoS_HTTP"": 0.658, ""DDoS_ICMP"": 0.986, ""DDoS_TCP"": 0.575, ""DDoS_UDP"": 0.996, ""Fingerprinting"": 0.1, ""MITM"": 1.0, ""Normal"": 1.0, ""Password"": 0.973, ""Port_Scanning"": 0.961, ""Ransomware"": 0.823, ""SQL_injection"": 0.168, ""Uploading"": 0.408, ""Vulnerability_scanner"": 0.783, ""XSS"": 0.739}","[0.4074, 0.5158, 0.6066, 0.6194, 0.6257, 0.642, 0.6411, 0.6769, 0.6755, 0.6801, 0.681, 0.6892, 0.6815, 0.6891, 0.6875, 0.6844, 0.6918, 0.6961, 0.7031, 0.699, 0.7064, 0.7021, 0.6986, 0.6988, 0.701, 0.6924, 0.7008, 0.6952, 0.6916, 0.6975]","[0.2862, 0.5336, 0.3492, 0.4215, 0.4153, 0.4071, 0.5777, 0.3773, 0.2752, 0.4899]",5.6,16,240,60,60,"[0, 0, 0, 0, 0, 0, 0, 0, 0, 0, 0, 0, 0, 0, 0, 0, 0, 2, 1, 0, 1, 1, 1, 1, 1, 2, 2, 2, 2, 0]","[0, 0, 30, 30, 30, 30, 19, 30, 30, 25]",2.5,,,,,,,,,,,,,,,
faithful_root_t-0.3_kappa2.5,faithful_root,-0.3,adaptive_f30,7,3,30,0.7178439358018068,0.7163282944924073,0.847809997981565,1.0,0.0,0.0,0.7069333333333333,"{""Backdoor"": 0.645, ""DDoS_HTTP"": 0.647, ""DDoS_ICMP"": 0.992, ""DDoS_TCP"": 0.575, ""DDoS_UDP"": 0.992, ""Fingerprinting"": 0.1, ""MITM"": 0.93, ""Normal"": 1.0, ""Password"": 0.845, ""Port_Scanning"": 0.961, ""Ransomware"": 0.795, ""SQL_injection"": 0.255, ""Uploading"": 0.44, ""Vulnerability_scanner"": 0.779, ""XSS"": 0.789}","[0.2872, 0.4308, 0.491, 0.5176, 0.5144, 0.5357, 0.601, 0.6016, 0.6027, 0.6096, 0.6118, 0.6673, 0.6784, 0.677, 0.6806, 0.6807, 0.6773, 0.6831, 0.6843, 0.6846, 0.6928, 0.6923, 0.6964, 0.6939, 0.7003, 0.7084, 0.7066, 0.7053, 0.6977, 0.7178]","[0.2862, 0.5336, 0.3492, 0.4215, 0.4153, 0.4071, 0.5777, 0.3773, 0.2752, 0.4899]",5.5,8,210,0,90,"[0, 0, 0, 0, 0, 0, 0, 0, 0, 0, 0, 0, 0, 0, 0, 0, 0, 0, 0, 0, 0, 0, 0, 2, 4, 0, 1, 1, 0, 0]","[30, 30, 30, 28, 30, 29, 26, 30, 30, 29]",2.5,,,,,,,,,,,,,,,
faithful_root_t-0.3_kappa5.0,faithful_root,-0.3,none,7,0,30,0.7080612219476127,0.716559963027369,0.8451636053735226,1.0,0.0,0.0,0.7058333333333334,"{""Backdoor"": 0.864, ""DDoS_HTTP"": 0.656, ""DDoS_ICMP"": 0.991, ""DDoS_TCP"": 1.0, ""DDoS_UDP"": 0.995, ""Fingerprinting"": 0.1, ""MITM"": 1.0, ""Normal"": 1.0, ""Password"": 0.973, ""Port_Scanning"": 0.522, ""Ransomware"": 0.538, ""SQL_injection"": 0.168, ""Uploading"": 0.408, ""Vulnerability_scanner"": 0.788, ""XSS"": 0.746}","[0.4376, 0.5495, 0.5981, 0.6162, 0.6283, 0.6682, 0.6799, 0.6867, 0.6805, 0.6861, 0.7003, 0.6946, 0.6971, 0.6982, 0.6993, 0.7085, 0.7047, 0.7049, 0.7068, 0.7038, 0.7029, 0.7057, 0.709, 0.7091, 0.7107, 0.7094, 0.707, 0.7062, 0.7032, 0.7081]","[0.2862, 0.5336, 0.3492, 0.4215, 0.4153, 0.4071, 0.5777, 0.3773, 0.2752, 0.4899]",6.2,1,300,0,0,"[0, 0, 0, 0, 0, 0, 0, 0, 0, 0, 0, 0, 0, 0, 0, 0, 0, 0, 0, 0, 0, 0, 0, 0, 1, 0, 0, 0, 0, 0]","[30, 29, 30, 30, 30, 30, 30, 30, 30, 30]",5.0,,,,,-0.10909090909090909,0.0828722002635046,-0.0675,0.1,0.3,0.37299077733860336,0.17799736495388668,0.7882142857142856,0.7,0.8,-0.40618119722996154
faithful_root_t-0.3_kappa5.0,faithful_root,-0.3,signflip,7,2,30,0.6986323010662877,0.7070205366431395,0.8387718944134204,1.0,0.0,0.0,0.7002,"{""Backdoor"": 0.415, ""DDoS_HTTP"": 0.618, ""DDoS_ICMP"": 0.989, ""DDoS_TCP"": 0.575, ""DDoS_UDP"": 0.996, ""Fingerprinting"": 0.1, ""MITM"": 1.0, ""Normal"": 1.0, ""Password"": 0.973, ""Port_Scanning"": 0.961, ""Ransomware"": 0.823, ""SQL_injection"": 0.168, ""Uploading"": 0.408, ""Vulnerability_scanner"": 0.783, ""XSS"": 0.797}","[0.4074, 0.5158, 0.6066, 0.6194, 0.6257, 0.642, 0.6411, 0.6769, 0.6755, 0.6801, 0.681, 0.6892, 0.6815, 0.6891, 0.6875, 0.6844, 0.6918, 0.6935, 0.6995, 0.6978, 0.7046, 0.7008, 0.6981, 0.6984, 0.697, 0.6981, 0.6997, 0.6997, 0.7023, 0.6986]","[0.2862, 0.5336, 0.3492, 0.4215, 0.4153, 0.4071, 0.5777, 0.3773, 0.2752, 0.4899]",6.2,0,240,60,60,"[0, 0, 0, 0, 0, 0, 0, 0, 0, 0, 0, 0, 0, 0, 0, 0, 0, 0, 0, 0, 0, 0, 0, 0, 0, 0, 0, 0, 0, 0]","[0, 0, 30, 30, 30, 30, 30, 30, 30, 30]",5.0,,,,,,,,,,,,,,,
faithful_root_t-0.3_kappa5.0,faithful_root,-0.3,adaptive_f30,7,3,30,0.6922910315063663,0.6835260764246347,0.8363273453093812,1.0,0.0,0.0006108735491753207,0.6907,"{""Backdoor"": 0.415, ""DDoS_HTTP"": 0.807, ""DDoS_ICMP"": 0.995, ""DDoS_TCP"": 0.575, ""DDoS_UDP"": 0.99, ""Fingerprinting"": 0.1, ""MITM"": 0.667, ""Normal"": 1.0, ""Password"": 0.485, ""Port_Scanning"": 0.961, ""Ransomware"": 0.823, ""SQL_injection"": 0.598, ""Uploading"": 0.44, ""Vulnerability_scanner"": 0.776, ""XSS"": 0.621}","[0.2748, 0.381, 0.4614, 0.5002, 0.5325, 0.531, 0.533, 0.5258, 0.5351, 0.5363, 0.5566, 0.6113, 0.6575, 0.6664, 0.6761, 0.6778, 0.6518, 0.6775, 0.6814, 0.6773, 0.6763, 0.6804, 0.6875, 0.6794, 0.6801, 0.6941, 0.6908, 0.6892, 0.6906, 0.6923]","[0.2862, 0.5336, 0.3492, 0.4215, 0.4153, 0.4071, 0.5777, 0.3773, 0.2752, 0.4899]",5.5,0,210,0,90,"[0, 0, 0, 0, 0, 0, 0, 0, 0, 0, 0, 0, 0, 0, 0, 0, 0, 0, 0, 0, 0, 0, 0, 0, 0, 0, 0, 0, 0, 0]","[30, 30, 30, 30, 30, 30, 30, 30, 30, 30]",5.0,,,,,,,,,,,,,,,
faithful_root_t-0.3_clip,faithful_root,-0.3,none,7,0,30,0.7030387208142588,0.7130783928917055,0.8427863374374845,1.0,0.0,0.0,0.7043666666666666,"{""Backdoor"": 0.855, ""DDoS_HTTP"": 0.594, ""DDoS_ICMP"": 0.986, ""DDoS_TCP"": 1.0, ""DDoS_UDP"": 0.994, ""Fingerprinting"": 0.1, ""MITM"": 1.0, ""Normal"": 1.0, ""Password"": 0.931, ""Port_Scanning"": 0.522, ""Ransomware"": 0.507, ""SQL_injection"": 0.138, ""Uploading"": 0.457, ""Vulnerability_scanner"": 0.801, ""XSS"": 0.814}","[0.4001, 0.5177, 0.5895, 0.607, 0.6216, 0.6215, 0.6327, 0.638, 0.6436, 0.6802, 0.6818, 0.6837, 0.6856, 0.6842, 0.6845, 0.6865, 0.6873, 0.6868, 0.6935, 0.6993, 0.7037, 0.7058, 0.7045, 0.7055, 0.705, 0.7056, 0.7063, 0.7072, 0.7029, 0.703]","[0.2862, 0.5336, 0.3492, 0.4215, 0.4153, 0.4071, 0.5777, 0.3773, 0.2752, 0.4899]",5.5,0,300,0,0,"[0, 0, 0, 0, 0, 0, 0, 0, 0, 0, 0, 0, 0, 0, 0, 0, 0, 0, 0, 0, 0, 0, 0, 0, 0, 0, 0, 0, 0, 0]","[30, 30, 30, 30, 30, 30, 30, 30, 30, 30]",3.5,1.0,,,,-0.10909090909090909,0.0828722002635046,-0.0675,0.1,0.3,0.3733860342555994,0.18050065876152832,0.7839285714285713,0.7,0.8,
faithful_root_t-0.3_clip,faithful_root,-0.3,backdoor,7,2,30,0.6908852784544037,0.7078404013555614,0.8433245867814932,1.0,0.0,0.9985746283852576,0.6888666666666666,"{""Backdoor"": 0.885, ""DDoS_HTTP"": 0.594, ""DDoS_ICMP"": 0.983, ""DDoS_TCP"": 0.996, ""DDoS_UDP"": 0.996, ""Fingerprinting"": 0.0, ""MITM"": 1.0, ""Normal"": 1.0, ""Password"": 0.973, ""Port_Scanning"": 0.522, ""Ransomware"": 0.439, ""SQL_injection"": 0.161, ""Uploading"": 0.455, ""Vulnerability_scanner"": 0.775, ""XSS"": 0.839}","[0.3266, 0.5078, 0.5393, 0.5603, 0.6232, 0.6342, 0.6612, 0.666, 0.6779, 0.6831, 0.6851, 0.6835, 0.6818, 0.6863, 0.6912, 0.692, 0.6919, 0.6921, 0.6932, 0.6906, 0.6915, 0.6916, 0.6908, 0.6933, 0.6905, 0.6907, 0.6885, 0.6877, 0.688, 0.6909]","[0.2862, 0.5336, 0.3492, 0.4215, 0.4153, 0.4071, 0.5777, 0.3773, 0.2752, 0.4899]",5.9,0,240,0,60,"[0, 0, 0, 0, 0, 0, 0, 0, 0, 0, 0, 0, 0, 0, 0, 0, 0, 0, 0, 0, 0, 0, 0, 0, 0, 0, 0, 0, 0, 0]","[30, 30, 30, 30, 30, 30, 30, 30, 30, 30]",3.5,1.0,,,,,,,,,,,,,,
faithful_root_t-0.3_clip,faithful_root,-0.3,backdoor_boost,7,2,30,0.6780771775809499,0.6981087743163115,0.8367758864293884,1.0,0.0,4.0724903278354713e-05,0.6813666666666668,"{""Backdoor"": 0.413, ""DDoS_HTTP"": 0.594, ""DDoS_ICMP"": 0.983, ""DDoS_TCP"": 0.575, ""DDoS_UDP"": 0.996, ""Fingerprinting"": 0.0, ""MITM"": 1.0, ""Normal"": 1.0, ""Password"": 0.973, ""Port_Scanning"": 0.961, ""Ransomware"": 0.823, ""SQL_injection"": 0.082, ""Uploading"": 0.459, ""Vulnerability_scanner"": 0.77, ""XSS"": 0.842}","[0.327, 0.5136, 0.5511, 0.5939, 0.6081, 0.6397, 0.6592, 0.661, 0.6749, 0.6767, 0.6767, 0.6767, 0.678, 0.6796, 0.6838, 0.6862, 0.6868, 0.6846, 0.6838, 0.6786, 0.6851, 0.6869, 0.6846, 0.6788, 0.6789, 0.6788, 0.6812, 0.6839, 0.6821, 0.6781]","[0.2862, 0.5336, 0.3492, 0.4215, 0.4153, 0.4071, 0.5777, 0.3773, 0.2752, 0.4899]",6.3,1,240,56,60,"[0, 0, 0, 0, 0, 0, 0, 0, 0, 0, 0, 0, 0, 0, 0, 0, 0, 0, 0, 0, 0, 0, 0, 0, 0, 0, 0, 0, 0, 1]","[3, 1, 29, 30, 30, 30, 30, 30, 30, 30]",3.5,1.0,,,,,,,,,,,,,,
faithful_root_t-0.3_clip,faithful_root,-0.3,adaptive_f30,7,3,30,0.689104053188592,0.6975953194343396,0.8384130615174146,1.0,0.0,0.0,0.6885333333333333,"{""Backdoor"": 0.484, ""DDoS_HTTP"": 0.594, ""DDoS_ICMP"": 0.989, ""DDoS_TCP"": 0.575, ""DDoS_UDP"": 0.991, ""Fingerprinting"": 0.0, ""MITM"": 0.951, ""Normal"": 1.0, ""Password"": 0.837, ""Port_Scanning"": 0.961, ""Ransomware"": 0.816, ""SQL_injection"": 0.199, ""Uploading"": 0.461, ""Vulnerability_scanner"": 0.764, ""XSS"": 0.841}","[0.2422, 0.4524, 0.4878, 0.5076, 0.5183, 0.5463, 0.5855, 0.6119, 0.6235, 0.6285, 0.6355, 0.6375, 0.6385, 0.6431, 0.6424, 0.6489, 0.6492, 0.6489, 0.6504, 0.6877, 0.687, 0.6898, 0.6872, 0.687, 0.6882, 0.6884, 0.6891, 0.6888, 0.6877, 0.6891]","[0.2862, 0.5336, 0.3492, 0.4215, 0.4153, 0.4071, 0.5777, 0.3773, 0.2752, 0.4899]",6.0,0,210,0,90,"[0, 0, 0, 0, 0, 0, 0, 0, 0, 0, 0, 0, 0, 0, 0, 0, 0, 0, 0, 0, 0, 0, 0, 0, 0, 0, 0, 0, 0, 0]","[30, 30, 30, 30, 30, 30, 30, 30, 30, 30]",3.5,1.0,,,,,,,,,,,,,,
faithful_root_t-0.3_clip,faithful_root,-0.3,signflip,7,2,30,0.6873206172644346,0.7011585857735159,0.8372244275493956,1.0,0.0,0.0,0.6833333333333332,"{""Backdoor"": 0.413, ""DDoS_HTTP"": 0.594, ""DDoS_ICMP"": 0.985, ""DDoS_TCP"": 0.575, ""DDoS_UDP"": 0.996, ""Fingerprinting"": 0.04, ""MITM"": 1.0, ""Normal"": 1.0, ""Password"": 0.931, ""Port_Scanning"": 0.961, ""Ransomware"": 0.823, ""SQL_injection"": 0.117, ""Uploading"": 0.459, ""Vulnerability_scanner"": 0.782, ""XSS"": 0.841}","[0.3693, 0.5152, 0.5996, 0.6124, 0.6178, 0.6248, 0.6343, 0.6466, 0.6425, 0.6478, 0.6851, 0.6834, 0.6797, 0.6793, 0.6797, 0.6846, 0.681, 0.681, 0.6815, 0.6808, 0.6807, 0.6809, 0.6813, 0.6814, 0.6807, 0.6799, 0.6818, 0.6816, 0.6811, 0.6873]","[0.2862, 0.5336, 0.3492, 0.4215, 0.4153, 0.4071, 0.5777, 0.3773, 0.2752, 0.4899]",6.2,0,240,60,60,"[0, 0, 0, 0, 0, 0, 0, 0, 0, 0, 0, 0, 0, 0, 0, 0, 0, 0, 0, 0, 0, 0, 0, 0, 0, 0, 0, 0, 0, 0]","[0, 0, 30, 30, 30, 30, 30, 30, 30, 30]",3.5,1.0,,,,,,,,,,,,,,
faithful_root_t-0.3_clipnoise_z0.5,faithful_root,-0.3,none,7,0,30,0.707175571841681,0.7130651635798813,0.8427639103814842,1.0,0.0,0.0008144980655670943,0.7006666666666668,"{""Backdoor"": 0.842, ""DDoS_HTTP"": 0.605, ""DDoS_ICMP"": 0.973, ""DDoS_TCP"": 0.876, ""DDoS_UDP"": 0.993, ""Fingerprinting"": 0.1, ""MITM"": 1.0, ""Normal"": 1.0, ""Password"": 0.85, ""Port_Scanning"": 0.644, ""Ransomware"": 0.543, ""SQL_injection"": 0.168, ""Uploading"": 0.502, ""Vulnerability_scanner"": 0.827, ""XSS"": 0.772}","[0.2924, 0.4242, 0.5373, 0.5697, 0.6207, 0.635, 0.6596, 0.6596, 0.6575, 0.6733, 0.6809, 0.6763, 0.6851, 0.6757, 0.6798, 0.7036, 0.6999, 0.7061, 0.7121, 0.7002, 0.7048, 0.7015, 0.7068, 0.6986, 0.6978, 0.6853, 0.7051, 0.6932, 0.7016, 0.7072]","[0.2862, 0.5336, 0.3492, 0.4215, 0.4153, 0.4071, 0.5777, 0.3773, 0.2752, 0.4899]",8.3,1,300,0,0,"[0, 0, 0, 0, 0, 0, 0, 0, 0, 0, 0, 0, 0, 0, 0, 0, 0, 0, 0, 0, 0, 0, 0, 0, 0, 0, 0, 0, 0, 1]","[30, 30, 30, 30, 30, 30, 29, 30, 30, 30]",3.5,1.0,0.5,,112.56537912599764,-0.06205533596837944,-0.013965744400527008,0.004642857142857135,0.2,0.2,0.3978919631093544,0.17193675889328064,0.7928571428571427,0.7,0.8,-0.5222329678670935
faithful_root_t-0.3_clipnoise_z0.5,faithful_root,-0.3,backdoor,7,2,30,0.6832077727017235,0.7035928723073208,0.8405212047814483,1.0,0.0,0.9979230299328039,0.6870666666666668,"{""Backdoor"": 0.771, ""DDoS_HTTP"": 0.877, ""DDoS_ICMP"": 0.975, ""DDoS_TCP"": 1.0, ""DDoS_UDP"": 0.995, ""Fingerprinting"": 0.0, ""MITM"": 1.0, ""Normal"": 1.0, ""Password"": 0.945, ""Port_Scanning"": 0.522, ""Ransomware"": 0.588, ""SQL_injection"": 0.083, ""Uploading"": 0.48, ""Vulnerability_scanner"": 0.768, ""XSS"": 0.55}","[0.3145, 0.4257, 0.5564, 0.5901, 0.5923, 0.5833, 0.6253, 0.6366, 0.6452, 0.6597, 0.6682, 0.6799, 0.6749, 0.6901, 0.6874, 0.6842, 0.6992, 0.7027, 0.7052, 0.6979, 0.6882, 0.6962, 0.6912, 0.6843, 0.6986, 0.7017, 0.6964, 0.6905, 0.6875, 0.6832]","[0.2862, 0.5336, 0.3492, 0.4215, 0.4153, 0.4071, 0.5777, 0.3773, 0.2752, 0.4899]",6.6,0,240,0,60,"[0, 0, 0, 0, 0, 0, 0, 0, 0, 0, 0, 0, 0, 0, 0, 0, 0, 0, 0, 0, 0, 0, 0, 0, 0, 0, 0, 0, 0, 0]","[30, 30, 30, 30, 30, 30, 30, 30, 30, 30]",3.5,1.0,0.5,,112.56537912599764,,,,,,,,,,,
faithful_root_t-0.3_clipnoise_z0.5,faithful_root,-0.3,backdoor_boost,7,2,30,0.6754747721550135,0.6959135075350639,0.8353854089573661,1.0,0.0,0.0,0.6748333333333333,"{""Backdoor"": 0.412, ""DDoS_HTTP"": 0.89, ""DDoS_ICMP"": 0.971, ""DDoS_TCP"": 0.575, ""DDoS_UDP"": 0.996, ""Fingerprinting"": 0.0, ""MITM"": 1.0, ""Normal"": 1.0, ""Password"": 0.944, ""Port_Scanning"": 0.961, ""Ransomware"": 0.829, ""SQL_injection"": 0.082, ""Uploading"": 0.479, ""Vulnerability_scanner"": 0.768, ""XSS"": 0.531}","[0.3146, 0.437, 0.537, 0.5751, 0.5945, 0.5904, 0.6312, 0.6402, 0.644, 0.6612, 0.6717, 0.6688, 0.6599, 0.6809, 0.684, 0.684, 0.6859, 0.6901, 0.6947, 0.6791, 0.6788, 0.6738, 0.6884, 0.6773, 0.686, 0.6821, 0.6846, 0.6653, 0.6837, 0.6755]","[0.2862, 0.5336, 0.3492, 0.4215, 0.4153, 0.4071, 0.5777, 0.3773, 0.2752, 0.4899]",6.3,0,240,56,60,"[0, 0, 0, 0, 0, 0, 0, 0, 0, 0, 0, 0, 0, 0, 0, 0, 0, 0, 0, 0, 0, 0, 0, 0, 0, 0, 0, 0, 0, 0]","[3, 1, 30, 30, 30, 30, 30, 30, 30, 30]",3.5,1.0,0.5,,112.56537912599764,,,,,,,,,,,
faithful_root_t-0.3_clipnoise_z0.5,faithful_root,-0.3,adaptive_f30,7,3,30,0.697081089119207,0.7046441329961606,0.839063446141425,1.0,0.0,0.002443494196701283,0.6932,"{""Backdoor"": 0.57, ""DDoS_HTTP"": 0.603, ""DDoS_ICMP"": 0.971, ""DDoS_TCP"": 0.576, ""DDoS_UDP"": 0.993, ""Fingerprinting"": 0.1, ""MITM"": 0.951, ""Normal"": 1.0, ""Password"": 0.778, ""Port_Scanning"": 0.961, ""Ransomware"": 0.779, ""SQL_injection"": 0.105, ""Uploading"": 0.565, ""Vulnerability_scanner"": 0.777, ""XSS"": 0.841}","[0.215, 0.3375, 0.4311, 0.4722, 0.4916, 0.5204, 0.526, 0.5598, 0.5868, 0.6292, 0.6466, 0.6519, 0.6583, 0.6761, 0.6844, 0.6785, 0.6775, 0.6847, 0.6864, 0.6928, 0.6926, 0.7029, 0.6928, 0.6801, 0.6802, 0.6796, 0.6991, 0.6854, 0.6971, 0.6971]","[0.2862, 0.5336, 0.3492, 0.4215, 0.4153, 0.4071, 0.5777, 0.3773, 0.2752, 0.4899]",6.3,0,210,0,90,"[0, 0, 0, 0, 0, 0, 0, 0, 0, 0, 0, 0, 0, 0, 0, 0, 0, 0, 0, 0, 0, 0, 0, 0, 0, 0, 0, 0, 0, 0]","[30, 30, 30, 30, 30, 30, 30, 30, 30, 30]",3.5,1.0,0.5,,112.56537912599764,,,,,,,,,,,
faithful_root_t-0.3_clipnoise_z0.5,faithful_root,-0.3,signflip,7,2,30,0.693056260077826,0.7066350541383689,0.8384579156294153,1.0,0.0,0.0009366727754021584,0.6940333333333334,"{""Backdoor"": 0.428, ""DDoS_HTTP"": 0.606, ""DDoS_ICMP"": 0.973, ""DDoS_TCP"": 0.588, ""DDoS_UDP"": 0.995, ""Fingerprinting"": 0.1, ""MITM"": 1.0, ""Normal"": 1.0, ""Password"": 0.954, ""Port_Scanning"": 0.953, ""Ransomware"": 0.824, ""SQL_injection"": 0.091, ""Uploading"": 0.467, ""Vulnerability_scanner"": 0.813, ""XSS"": 0.808}","[0.2523, 0.3576, 0.4842, 0.5537, 0.6025, 0.6044, 0.6421, 0.6458, 0.6564, 0.6675, 0.6683, 0.6662, 0.6684, 0.6819, 0.6812, 0.6798, 0.6792, 0.6869, 0.6948, 0.6851, 0.6871, 0.7033, 0.6881, 0.6744, 0.674, 0.6708, 0.6916, 0.6824, 0.7066, 0.6931]","[0.2862, 0.5336, 0.3492, 0.4215, 0.4153, 0.4071, 0.5777, 0.3773, 0.2752, 0.4899]",6.4,1,240,60,60,"[0, 0, 0, 0, 0, 0, 0, 0, 0, 0, 0, 0, 0, 0, 0, 0, 0, 0, 0, 0, 0, 0, 0, 0, 0, 0, 0, 0, 0, 1]","[0, 0, 30, 30, 30, 30, 29, 30, 30, 30]",3.5,1.0,0.5,,112.56537912599764,,,,,,,,,,,
faithful_root_t-0.3_all_z0.5,faithful_root,-0.3,none,7,0,30,0.7114912705327219,0.7142500440842393,0.8436161385094979,1.0,0.0,0.0008144980655670943,0.7082333333333333,"{""Backdoor"": 0.847, ""DDoS_HTTP"": 0.607, ""DDoS_ICMP"": 0.973, ""DDoS_TCP"": 0.882, ""DDoS_UDP"": 0.993, ""Fingerprinting"": 0.1, ""MITM"": 1.0, ""Normal"": 1.0, ""Password"": 0.837, ""Port_Scanning"": 0.64, ""Ransomware"": 0.543, ""SQL_injection"": 0.229, ""Uploading"": 0.465, ""Vulnerability_scanner"": 0.781, ""XSS"": 0.818}","[0.239, 0.4133, 0.5438, 0.5667, 0.5882, 0.605, 0.6679, 0.674, 0.6684, 0.6776, 0.6855, 0.685, 0.6836, 0.6813, 0.6797, 0.6907, 0.6795, 0.6906, 0.6944, 0.697, 0.7085, 0.7047, 0.7038, 0.7044, 0.6933, 0.6953, 0.7077, 0.7036, 0.7096, 0.7115]","[0.2862, 0.5336, 0.3492, 0.4215, 0.4153, 0.4071, 0.5777, 0.3773, 0.2752, 0.4899]",6.7,0,300,0,0,"[0, 0, 0, 0, 0, 0, 0, 0, 0, 0, 0, 0, 0, 0, 0, 0, 0, 0, 0, 0, 0, 0, 0, 0, 0, 0, 0, 0, 0, 0]","[30, 30, 30, 30, 30, 30, 30, 30, 30, 30]",3.5,1.0,0.5,3.0,112.56537912599764,-0.06205533596837944,-0.013965744400527008,0.004642857142857135,0.2,0.2,0.3679841897233201,0.16310935441370222,0.7932142857142856,0.7,0.7,
faithful_root_t-0.3_all_z0.5,faithful_root,-0.3,backdoor,7,2,30,0.6661324095337761,0.6883405132126528,0.8302720401892844,1.0,0.0,0.07692934229281205,0.6724,"{""Backdoor"": 0.41, ""DDoS_HTTP"": 0.941, ""DDoS_ICMP"": 0.971, ""DDoS_TCP"": 0.575, ""DDoS_UDP"": 0.993, ""Fingerprinting"": 0.0, ""MITM"": 1.0, ""Normal"": 1.0, ""Password"": 0.939, ""Port_Scanning"": 0.961, ""Ransomware"": 0.823, ""SQL_injection"": 0.082, ""Uploading"": 0.477, ""Vulnerability_scanner"": 0.769, ""XSS"": 0.382}","[0.2815, 0.4402, 0.5167, 0.5908, 0.6136, 0.5995, 0.62, 0.6288, 0.6282, 0.6464, 0.6575, 0.6631, 0.6679, 0.6761, 0.6753, 0.6809, 0.6853, 0.6866, 0.6879, 0.6876, 0.6773, 0.6796, 0.6847, 0.6814, 0.6849, 0.6849, 0.6859, 0.6647, 0.6864, 0.6661]","[0.2862, 0.5336, 0.3492, 0.4215, 0.4153, 0.4071, 0.5777, 0.3773, 0.2752, 0.4899]",6.1,0,240,26,60,"[0, 0, 0, 0, 0, 0, 0, 0, 0, 0, 0, 0, 0, 0, 0, 0, 0, 0, 0, 0, 0, 0, 0, 0, 0, 0, 0, 0, 0, 0]","[20, 14, 30, 30, 30, 30, 30, 30, 30, 30]",3.5,1.0,0.5,3.0,112.56537912599764,,,,,,,,,,,
faithful_root_t-0.3_all_z0.5,faithful_root,-0.3,backdoor_boost,7,2,30,0.6740468915946003,0.6944045967120516,0.83437619143735,1.0,0.0,0.0,0.6794666666666666,"{""Backdoor"": 0.411, ""DDoS_HTTP"": 0.914, ""DDoS_ICMP"": 0.97, ""DDoS_TCP"": 0.575, ""DDoS_UDP"": 0.993, ""Fingerprinting"": 0.0, ""MITM"": 1.0, ""Normal"": 1.0, ""Password"": 0.933, ""Port_Scanning"": 0.961, ""Ransomware"": 0.823, ""SQL_injection"": 0.082, ""Uploading"": 0.48, ""Vulnerability_scanner"": 0.769, ""XSS"": 0.503}","[0.2818, 0.4379, 0.5121, 0.5805, 0.5794, 0.6021, 0.6382, 0.6384, 0.6314, 0.6588, 0.6675, 0.664, 0.6658, 0.6794, 0.6786, 0.6825, 0.6853, 0.6897, 0.6876, 0.694, 0.6784, 0.6841, 0.6837, 0.679, 0.6859, 0.6856, 0.6864, 0.6748, 0.6896, 0.674]","[0.2862, 0.5336, 0.3492, 0.4215, 0.4153, 0.4071, 0.5777, 0.3773, 0.2752, 0.4899]",6.6,0,240,57,60,"[0, 0, 0, 0, 0, 0, 0, 0, 0, 0, 0, 0, 0, 0, 0, 0, 0, 0, 0, 0, 0, 0, 0, 0, 0, 0, 0, 0, 0, 0]","[2, 1, 30, 30, 30, 30, 30, 30, 30, 30]",3.5,1.0,0.5,3.0,112.56537912599764,,,,,,,,,,,
faithful_root_t-0.3_all_z0.5,faithful_root,-0.3,adaptive_f30,7,3,30,0.6891945937092887,0.6979189896360551,0.8385924779654175,1.0,0.0,0.0008144980655670943,0.6868333333333334,"{""Backdoor"": 0.521, ""DDoS_HTTP"": 0.605, ""DDoS_ICMP"": 0.974, ""DDoS_TCP"": 0.575, ""DDoS_UDP"": 0.987, ""Fingerprinting"": 0.0, ""MITM"": 0.951, ""Normal"": 1.0, ""Password"": 0.837, ""Port_Scanning"": 0.961, ""Ransomware"": 0.811, ""SQL_injection"": 0.176, ""Uploading"": 0.491, ""Vulnerability_scanner"": 0.779, ""XSS"": 0.801}","[0.1566, 0.3486, 0.4609, 0.4555, 0.4937, 0.5193, 0.5558, 0.5753, 0.6055, 0.6201, 0.6201, 0.6749, 0.6701, 0.6791, 0.6835, 0.6849, 0.6825, 0.6861, 0.6862, 0.6868, 0.6892, 0.6913, 0.6892, 0.6898, 0.6887, 0.6842, 0.6849, 0.681, 0.6903, 0.6892]","[0.2862, 0.5336, 0.3492, 0.4215, 0.4153, 0.4071, 0.5777, 0.3773, 0.2752, 0.4899]",5.6,0,210,0,90,"[0, 0, 0, 0, 0, 0, 0, 0, 0, 0, 0, 0, 0, 0, 0, 0, 0, 0, 0, 0, 0, 0, 0, 0, 0, 0, 0, 0, 0, 0]","[30, 30, 30, 30, 30, 30, 30, 30, 30, 30]",3.5,1.0,0.5,3.0,112.56537912599764,,,,,,,,,,,
faithful_root_t-0.3_all_z0.5,faithful_root,-0.3,signflip,7,2,30,0.6792027092641517,0.6966309397353015,0.8357666689093722,1.0,0.0,0.0,0.6807666666666666,"{""Backdoor"": 0.413, ""DDoS_HTTP"": 0.61, ""DDoS_ICMP"": 0.974, ""DDoS_TCP"": 0.626, ""DDoS_UDP"": 0.993, ""Fingerprinting"": 0.0, ""MITM"": 1.0, ""Normal"": 1.0, ""Password"": 0.931, ""Port_Scanning"": 0.907, ""Ransomware"": 0.823, ""SQL_injection"": 0.095, ""Uploading"": 0.491, ""Vulnerability_scanner"": 0.781, ""XSS"": 0.805}","[0.2194, 0.4298, 0.4557, 0.5096, 0.5766, 0.5999, 0.6509, 0.6682, 0.6537, 0.6685, 0.6705, 0.6712, 0.6688, 0.6722, 0.6782, 0.6823, 0.6752, 0.6852, 0.6851, 0.6806, 0.689, 0.6895, 0.6926, 0.6922, 0.682, 0.6813, 0.6841, 0.6807, 0.6824, 0.6792]","[0.2862, 0.5336, 0.3492, 0.4215, 0.4153, 0.4071, 0.5777, 0.3773, 0.2752, 0.4899]",5.5,0,240,60,60,"[0, 0, 0, 0, 0, 0, 0, 0, 0, 0, 0, 0, 0, 0, 0, 0, 0, 0, 0, 0, 0, 0, 0, 0, 0, 0, 0, 0, 0, 0]","[0, 0, 30, 30, 30, 30, 30, 30, 30, 30]",3.5,1.0,0.5,3.0,112.56537912599764,,,,,,,,,,,
faithful_root_t-0.3_all_z1.0,faithful_root,-0.3,none,7,0,30,0.6873245836048202,0.6955993916710175,0.8351162842853619,1.0,0.0,0.0,0.6901,"{""Backdoor"": 0.688, ""DDoS_HTTP"": 0.61, ""DDoS_ICMP"": 0.97, ""DDoS_TCP"": 0.87, ""DDoS_UDP"": 0.992, ""Fingerprinting"": 0.0, ""MITM"": 1.0, ""Normal"": 1.0, ""Password"": 0.832, ""Port_Scanning"": 0.653, ""Ransomware"": 0.543, ""SQL_injection"": 0.252, ""Uploading"": 0.455, ""Vulnerability_scanner"": 0.798, ""XSS"": 0.772}","[0.1658, 0.2578, 0.3854, 0.4381, 0.5596, 0.6213, 0.6373, 0.6307, 0.6251, 0.641, 0.6509, 0.6444, 0.6372, 0.6478, 0.6574, 0.6585, 0.6741, 0.6887, 0.6861, 0.6867, 0.6955, 0.6889, 0.6818, 0.6771, 0.677, 0.6654, 0.6957, 0.6956, 0.6874, 0.6873]","[0.2862, 0.5336, 0.3492, 0.4215, 0.4153, 0.4071, 0.5777, 0.3773, 0.2752, 0.4899]",6.4,0,300,0,0,"[0, 0, 0, 0, 0, 0, 0, 0, 0, 0, 0, 0, 0, 0, 0, 0, 0, 0, 0, 0, 0, 0, 0, 0, 0, 0, 0, 0, 0, 0]","[30, 30, 30, 30, 30, 30, 30, 30, 30, 30]",3.5,1.0,1.0,3.0,41.285057226388886,-0.06205533596837944,-0.013965744400527008,0.004642857142857135,0.2,0.2,0.36903820816864297,0.16034255599472988,0.7960714285714284,0.7,0.8,
faithful_root_t-0.3_all_z1.0,faithful_root,-0.3,backdoor,7,2,30,0.6554068310822312,0.6797136248850904,0.82437372446119,1.0,0.0,0.08026878436163715,0.6568333333333334,"{""Backdoor"": 0.507, ""DDoS_HTTP"": 0.879, ""DDoS_ICMP"": 0.96, ""DDoS_TCP"": 0.601, ""DDoS_UDP"": 0.993, ""Fingerprinting"": 0.0, ""MITM"": 1.0, ""Normal"": 1.0, ""Password"": 0.931, ""Port_Scanning"": 0.931, ""Ransomware"": 0.769, ""SQL_injection"": 0.036, ""Uploading"": 0.492, ""Vulnerability_scanner"": 0.777, ""XSS"": 0.321}","[0.2099, 0.3213, 0.3813, 0.5055, 0.5299, 0.5611, 0.5863, 0.5898, 0.5897, 0.6298, 0.6293, 0.6316, 0.6282, 0.655, 0.6328, 0.6341, 0.6882, 0.6844, 0.6857, 0.6675, 0.6758, 0.6597, 0.6626, 0.6511, 0.6774, 0.68, 0.6601, 0.6402, 0.6749, 0.6554]","[0.2862, 0.5336, 0.3492, 0.4215, 0.4153, 0.4071, 0.5777, 0.3773, 0.2752, 0.4899]",7.0,0,240,5,60,"[0, 0, 0, 0, 0, 0, 0, 0, 0, 0, 0, 0, 0, 0, 0, 0, 0, 0, 0, 0, 0, 0, 0, 0, 0, 0, 0, 0, 0, 0]","[30, 25, 30, 30, 30, 30, 30, 30, 30, 30]",3.5,1.0,1.0,3.0,41.285057226388886,,,,,,,,,,,
faithful_root_t-0.3_all_z1.0,faithful_root,-0.3,backdoor_boost,7,2,30,0.6375104357339285,0.6677755197081309,0.8162775572450605,1.0,0.0,0.0,0.6450666666666666,"{""Backdoor"": 0.414, ""DDoS_HTTP"": 0.905, ""DDoS_ICMP"": 0.963, ""DDoS_TCP"": 0.575, ""DDoS_UDP"": 0.993, ""Fingerprinting"": 0.0, ""MITM"": 1.0, ""Normal"": 1.0, ""Password"": 0.931, ""Port_Scanning"": 0.884, ""Ransomware"": 0.873, ""SQL_injection"": 0.039, ""Uploading"": 0.492, ""Vulnerability_scanner"": 0.772, ""XSS"": 0.176}","[0.2106, 0.3224, 0.3905, 0.4961, 0.5239, 0.5537, 0.5858, 0.5816, 0.5786, 0.617, 0.5989, 0.5926, 0.6298, 0.6477, 0.6366, 0.6386, 0.6787, 0.6856, 0.6766, 0.6717, 0.67, 0.6496, 0.6491, 0.6413, 0.6603, 0.6721, 0.6579, 0.6303, 0.6674, 0.6375]","[0.2862, 0.5336, 0.3492, 0.4215, 0.4153, 0.4071, 0.5777, 0.3773, 0.2752, 0.4899]",6.9,0,240,55,60,"[0, 0, 0, 0, 0, 0, 0, 0, 0, 0, 0, 0, 0, 0, 0, 0, 0, 0, 0, 0, 0, 0, 0, 0, 0, 0, 0, 0, 0, 0]","[4, 1, 30, 30, 30, 30, 30, 30, 30, 30]",3.5,1.0,1.0,3.0,41.285057226388886,,,,,,,,,,,
faithful_root_t-0.3_all_z1.0,faithful_root,-0.3,adaptive_f30,7,3,30,0.6802107555484175,0.6893839768219011,0.8342416291013479,1.0,0.0,0.0,0.6732666666666667,"{""Backdoor"": 0.572, ""DDoS_HTTP"": 0.657, ""DDoS_ICMP"": 0.972, ""DDoS_TCP"": 0.643, ""DDoS_UDP"": 0.956, ""Fingerprinting"": 0.0, ""MITM"": 0.914, ""Normal"": 1.0, ""Password"": 0.833, ""Port_Scanning"": 0.892, ""Ransomware"": 0.822, ""SQL_injection"": 0.129, ""Uploading"": 0.515, ""Vulnerability_scanner"": 0.764, ""XSS"": 0.672}","[0.1249, 0.2304, 0.2855, 0.3824, 0.4216, 0.4812, 0.5057, 0.5671, 0.5599, 0.5577, 0.6026, 0.6275, 0.5959, 0.641, 0.6626, 0.6598, 0.64, 0.6649, 0.6417, 0.6374, 0.6736, 0.6766, 0.6674, 0.6754, 0.6872, 0.6706, 0.6783, 0.6536, 0.686, 0.6802]","[0.2862, 0.5336, 0.3492, 0.4215, 0.4153, 0.4071, 0.5777, 0.3773, 0.2752, 0.4899]",6.4,0,210,0,90,"[0, 0, 0, 0, 0, 0, 0, 0, 0, 0, 0, 0, 0, 0, 0, 0, 0, 0, 0, 0, 0, 0, 0, 0, 0, 0, 0, 0, 0, 0]","[30, 30, 30, 30, 30, 30, 30, 30, 30, 30]",3.5,1.0,1.0,3.0,41.285057226388886,,,,,,,,,,,
faithful_root_t-0.3_all_z1.0,faithful_root,-0.3,signflip,7,2,30,0.690540474332782,0.6988547672983978,0.8373365628293974,1.0,0.0,0.0,0.6755,"{""Backdoor"": 0.528, ""DDoS_HTTP"": 0.807, ""DDoS_ICMP"": 0.967, ""DDoS_TCP"": 0.777, ""DDoS_UDP"": 0.992, ""Fingerprinting"": 0.0, ""MITM"": 1.0, ""Normal"": 1.0, ""Password"": 0.764, ""Port_Scanning"": 0.749, ""Ransomware"": 0.822, ""SQL_injection"": 0.219, ""Uploading"": 0.512, ""Vulnerability_scanner"": 0.772, ""XSS"": 0.573}","[0.1884, 0.2592, 0.3024, 0.4283, 0.4718, 0.5229, 0.5709, 0.5922, 0.598, 0.6463, 0.6611, 0.6371, 0.6402, 0.6579, 0.6613, 0.6621, 0.6689, 0.6623, 0.6822, 0.6727, 0.6756, 0.6759, 0.6759, 0.6808, 0.6663, 0.6603, 0.6783, 0.6479, 0.6881, 0.6905]","[0.2862, 0.5336, 0.3492, 0.4215, 0.4153, 0.4071, 0.5777, 0.3773, 0.2752, 0.4899]",5.9,0,240,60,60,"[0, 0, 0, 0, 0, 0, 0, 0, 0, 0, 0, 0, 0, 0, 0, 0, 0, 0, 0, 0, 0, 0, 0, 0, 0, 0, 0, 0, 0, 0]","[0, 0, 30, 30, 30, 30, 30, 30, 30, 30]",3.5,1.0,1.0,3.0,41.285057226388886,,,,,,,,,,,
faithful_root_t-0.3_all_z2.0,faithful_root,-0.3,none,7,0,30,0.6631037241473088,0.6779645038118571,0.8237233398371796,1.0,0.00144753918338824,0.0,0.6636333333333333,"{""Backdoor"": 0.599, ""DDoS_HTTP"": 0.932, ""DDoS_ICMP"": 0.95, ""DDoS_TCP"": 0.868, ""DDoS_UDP"": 0.993, ""Fingerprinting"": 0.04, ""MITM"": 0.93, ""Normal"": 0.999, ""Password"": 0.358, ""Port_Scanning"": 0.598, ""Ransomware"": 0.821, ""SQL_injection"": 0.113, ""Uploading"": 0.81, ""Vulnerability_scanner"": 0.812, ""XSS"": 0.347}","[0.1324, 0.1443, 0.2185, 0.3009, 0.3992, 0.4461, 0.5339, 0.5812, 0.5287, 0.5824, 0.5544, 0.5896, 0.6266, 0.6065, 0.6082, 0.6123, 0.5814, 0.6093, 0.6214, 0.5967, 0.6551, 0.6402, 0.6484, 0.6338, 0.6406, 0.6091, 0.6612, 0.646, 0.6818, 0.6631]","[0.2862, 0.5336, 0.3492, 0.4215, 0.4153, 0.4071, 0.5777, 0.3773, 0.2752, 0.4899]",6.8,0,300,0,0,"[0, 0, 0, 0, 0, 0, 0, 0, 0, 0, 0, 0, 0, 0, 0, 0, 0, 0, 0, 0, 0, 0, 0, 0, 0, 0, 0, 0, 0, 0]","[30, 30, 30, 30, 30, 30, 30, 30, 30, 30]",3.5,1.0,2.0,3.0,16.891338818048375,-0.06205533596837944,-0.013965744400527008,0.004642857142857135,0.2,0.2,0.4922266139657443,0.17957839262187084,0.794642857142857,0.7,0.8,
faithful_root_t-0.3_all_z2.0,faithful_root,-0.3,backdoor,7,2,30,0.6090672664252259,0.6439966728659031,0.8030680212608491,0.9999185501934433,0.001497454327643007,0.13895336998574628,0.6121,"{""Backdoor"": 0.41, ""DDoS_HTTP"": 0.971, ""DDoS_ICMP"": 0.829, ""DDoS_TCP"": 0.825, ""DDoS_UDP"": 0.998, ""Fingerprinting"": 0.0, ""MITM"": 0.914, ""Normal"": 0.999, ""Password"": 0.699, ""Port_Scanning"": 0.705, ""Ransomware"": 0.823, ""SQL_injection"": 0.001, ""Uploading"": 0.607, ""Vulnerability_scanner"": 0.754, ""XSS"": 0.125}","[0.1963, 0.2246, 0.2208, 0.2714, 0.3259, 0.384, 0.4634, 0.4402, 0.4124, 0.3947, 0.4621, 0.4575, 0.4053, 0.5018, 0.4484, 0.5083, 0.54, 0.5479, 0.5987, 0.5539, 0.5785, 0.602, 0.6015, 0.599, 0.6072, 0.5873, 0.5844, 0.6085, 0.6187, 0.6091]","[0.2862, 0.5336, 0.3492, 0.4215, 0.4153, 0.4071, 0.5777, 0.3773, 0.2752, 0.4899]",7.5,0,240,0,60,"[0, 0, 0, 0, 0, 0, 0, 0, 0, 0, 0, 0, 0, 0, 0, 0, 0, 0, 0, 0, 0, 0, 0, 0, 0, 0, 0, 0, 0, 0]","[30, 30, 30, 30, 30, 30, 30, 30, 30, 30]",3.5,1.0,2.0,3.0,16.891338818048375,,,,,,,,,,,
faithful_root_t-0.3_all_z2.0,faithful_root,-0.3,backdoor_boost,7,2,30,0.6081960234736317,0.6439039528391703,0.8029783130368476,1.0,0.001497454327643007,0.00012217470983506414,0.6030333333333333,"{""Backdoor"": 0.41, ""DDoS_HTTP"": 0.972, ""DDoS_ICMP"": 0.902, ""DDoS_TCP"": 0.866, ""DDoS_UDP"": 0.973, ""Fingerprinting"": 0.0, ""MITM"": 0.914, ""Normal"": 0.999, ""Password"": 0.824, ""Port_Scanning"": 0.561, ""Ransomware"": 0.873, ""SQL_injection"": 0.0, ""Uploading"": 0.495, ""Vulnerability_scanner"": 0.749, ""XSS"": 0.123}","[0.1963, 0.1783, 0.1586, 0.2622, 0.3303, 0.3749, 0.4663, 0.4243, 0.3579, 0.3915, 0.3919, 0.4035, 0.4028, 0.4679, 0.4779, 0.4837, 0.4941, 0.5302, 0.5855, 0.5295, 0.5352, 0.5869, 0.5854, 0.5914, 0.5513, 0.5715, 0.5746, 0.5845, 0.6164, 0.6082]","[0.2862, 0.5336, 0.3492, 0.4215, 0.4153, 0.4071, 0.5777, 0.3773, 0.2752, 0.4899]",6.1,0,240,46,60,"[0, 0, 0, 0, 0, 0, 0, 0, 0, 0, 0, 0, 0, 0, 0, 0, 0, 0, 0, 0, 0, 0, 0, 0, 0, 0, 0, 0, 0, 0]","[13, 1, 30, 30, 30, 30, 30, 30, 30, 30]",3.5,1.0,2.0,3.0,16.891338818048375,,,,,,,,,,,
faithful_root_t-0.3_all_z2.0,faithful_root,-0.3,adaptive_f30,7,3,30,0.512698198207564,0.5596216015846498,0.7538854874520622,1.0,0.0015473694718977737,0.0,0.5028,"{""Backdoor"": 0.412, ""DDoS_HTTP"": 0.787, ""DDoS_ICMP"": 0.77, ""DDoS_TCP"": 0.652, ""DDoS_UDP"": 0.993, ""Fingerprinting"": 0.0, ""MITM"": 0.716, ""Normal"": 0.998, ""Password"": 0.575, ""Port_Scanning"": 0.479, ""Ransomware"": 0.573, ""SQL_injection"": 0.001, ""Uploading"": 0.717, ""Vulnerability_scanner"": 0.493, ""XSS"": 0.227}","[0.0977, 0.0898, 0.1989, 0.2397, 0.3235, 0.3673, 0.3604, 0.4633, 0.4506, 0.4647, 0.4545, 0.476, 0.4858, 0.4841, 0.4957, 0.4704, 0.46, 0.4748, 0.4571, 0.4508, 0.4626, 0.5271, 0.4405, 0.538, 0.545, 0.5208, 0.5197, 0.49, 0.5057, 0.5127]","[0.2862, 0.5336, 0.3492, 0.4215, 0.4153, 0.4071, 0.5777, 0.3773, 0.2752, 0.4899]",5.6,0,210,0,90,"[0, 0, 0, 0, 0, 0, 0, 0, 0, 0, 0, 0, 0, 0, 0, 0, 0, 0, 0, 0, 0, 0, 0, 0, 0, 0, 0, 0, 0, 0]","[30, 30, 30, 30, 30, 30, 30, 30, 30, 30]",3.5,1.0,2.0,3.0,16.891338818048375,,,,,,,,,,,
faithful_root_t-0.3_all_z2.0,faithful_root,-0.3,signflip,7,2,30,0.5783855062025329,0.6199732627324599,0.7861131669245778,1.0,0.00144753918338824,0.0,0.6091666666666666,"{""Backdoor"": 0.421, ""DDoS_HTTP"": 0.774, ""DDoS_ICMP"": 0.886, ""DDoS_TCP"": 0.597, ""DDoS_UDP"": 0.996, ""Fingerprinting"": 0.0, ""MITM"": 0.93, ""Normal"": 0.999, ""Password"": 0.32, ""Port_Scanning"": 0.527, ""Ransomware"": 0.873, ""SQL_injection"": 0.031, ""Uploading"": 0.823, ""Vulnerability_scanner"": 0.701, ""XSS"": 0.423}","[0.1129, 0.1296, 0.2171, 0.2743, 0.3519, 0.3692, 0.4138, 0.4682, 0.4929, 0.4931, 0.4599, 0.4616, 0.5236, 0.4895, 0.486, 0.5174, 0.5031, 0.578, 0.5408, 0.5199, 0.5292, 0.5624, 0.5568, 0.5881, 0.6261, 0.5843, 0.6205, 0.6239, 0.6252, 0.5784]","[0.2862, 0.5336, 0.3492, 0.4215, 0.4153, 0.4071, 0.5777, 0.3773, 0.2752, 0.4899]",5.1,0,240,60,60,"[0, 0, 0, 0, 0, 0, 0, 0, 0, 0, 0, 0, 0, 0, 0, 0, 0, 0, 0, 0, 0, 0, 0, 0, 0, 0, 0, 0, 0, 0]","[0, 0, 30, 30, 30, 30, 30, 30, 30, 30]",3.5,1.0,2.0,3.0,16.891338818048375,,,,,,,,,,,
local_only,local_only,,none,8,0,30,0.5764424801480315,0.6202085941662109,0.7930453699342888,0.999902260232132,0.0,0.0007004683363877011,0.5764424801480315,"{""Backdoor"": 0.984, ""DDoS_HTTP"": 0.597, ""DDoS_ICMP"": 0.994, ""DDoS_TCP"": 0.601, ""DDoS_UDP"": 0.996, ""Fingerprinting"": 0.0, ""MITM"": 1.0, ""Normal"": 1.0, ""Password"": 0.652, ""Port_Scanning"": 0.0, ""Ransomware"": 0.389, ""SQL_injection"": 0.524, ""Uploading"": 0.413, ""Vulnerability_scanner"": 0.84, ""XSS"": 0.788}",[],"[0.5305, 0.4124, 0.2628, 0.3285, 0.5937, 0.2371, 0.4873, 0.2858, 0.2714, 0.4343]",2.3,,,,,[],[],,,,,,,,,,,,,,,,
centralized,centralized,,none,8,0,30,0.7119660216478619,0.7160743161770997,0.8432348785574918,1.0,0.0,0.0,0.7158666666666665,"{""Backdoor"": 0.718, ""DDoS_HTTP"": 0.909, ""DDoS_ICMP"": 0.991, ""DDoS_TCP"": 0.591, ""DDoS_UDP"": 0.995, ""Fingerprinting"": 0.15, ""MITM"": 1.0, ""Normal"": 1.0, ""Password"": 0.194, ""Port_Scanning"": 0.964, ""Ransomware"": 0.563, ""SQL_injection"": 0.917, ""Uploading"": 0.448, ""Vulnerability_scanner"": 0.789, ""XSS"": 0.512}","[0.4876, 0.5644, 0.6009, 0.6211, 0.6297, 0.7022, 0.6978, 0.7089, 0.7103, 0.7042, 0.7006, 0.7122, 0.7156, 0.7032, 0.6999, 0.6991, 0.7033, 0.6973, 0.7012, 0.6947, 0.7016, 0.7135, 0.7026, 0.698, 0.7038, 0.7182, 0.6965, 0.7149, 0.7207, 0.712]","[0.5305, 0.4124, 0.2628, 0.3285, 0.5937, 0.2371, 0.4873, 0.2858, 0.2714, 0.4343]",1.5,,,,,[],[],,,,,,,,,,,,,,,,
fedavg,fedavg,,none,8,0,30,0.708316541820239,0.7188468702791428,0.8464195205095427,1.0,0.0,0.0,0.7120000000000001,"{""Backdoor"": 0.905, ""DDoS_HTTP"": 0.597, ""DDoS_ICMP"": 0.996, ""DDoS_TCP"": 0.591, ""DDoS_UDP"": 0.996, ""Fingerprinting"": 0.115, ""MITM"": 1.0, ""Normal"": 1.0, ""Password"": 0.13, ""Port_Scanning"": 0.964, ""Ransomware"": 0.441, ""SQL_injection"": 0.977, ""Uploading"": 0.449, ""Vulnerability_scanner"": 0.814, ""XSS"": 0.809}","[0.4235, 0.5543, 0.5965, 0.6062, 0.6143, 0.6263, 0.653, 0.6539, 0.6908, 0.6901, 0.6898, 0.6866, 0.6976, 0.7007, 0.7079, 0.7068, 0.7071, 0.7025, 0.7145, 0.712, 0.7106, 0.7076, 0.7079, 0.7061, 0.7154, 0.7077, 0.7089, 0.7138, 0.7139, 0.7083]","[0.5305, 0.4124, 0.2628, 0.3285, 0.5937, 0.2371, 0.4873, 0.2858, 0.2714, 0.4343]",2.3,,,,,[],[],,,,,,0.18550724637681157,0.26640316205533593,0.8410714285714285,0.7,0.5,,,,,,
fedavg,fedavg,,signflip,8,2,30,0.15372193649891305,0.21171798870430542,0.4752068895916033,1.0,0.17834681042228212,0.0,0.15316666666666667,"{""Backdoor"": 0.0, ""DDoS_HTTP"": 0.0, ""DDoS_ICMP"": 0.0, ""DDoS_TCP"": 0.37, ""DDoS_UDP"": 0.0, ""Fingerprinting"": 0.0, ""MITM"": 0.0, ""Normal"": 0.822, ""Password"": 0.0, ""Port_Scanning"": 0.403, ""Ransomware"": 0.0, ""SQL_injection"": 0.0, ""Uploading"": 0.136, ""Vulnerability_scanner"": 0.549, ""XSS"": 0.897}","[0.1361, 0.1835, 0.2077, 0.224, 0.2401, 0.2354, 0.2339, 0.1892, 0.1856, 0.2033, 0.1989, 0.1789, 0.1594, 0.1491, 0.1447, 0.1294, 0.1273, 0.1288, 0.1273, 0.127, 0.1299, 0.1268, 0.1209, 0.1187, 0.1329, 0.1492, 0.1478, 0.1516, 0.1542, 0.1537]","[0.5305, 0.4124, 0.2628, 0.3285, 0.5937, 0.2371, 0.4873, 0.2858, 0.2714, 0.4343]",2.4,,,,,[],[],,,,,,,,,,,,,,,,
fedavg,fedavg,,labelflip,8,2,30,0.6842494975066346,0.7010332959439428,0.8328511516293257,0.9997963754836082,0.0,0.0,0.6866,"{""Backdoor"": 0.898, ""DDoS_HTTP"": 0.597, ""DDoS_ICMP"": 0.996, ""DDoS_TCP"": 0.591, ""DDoS_UDP"": 0.995, ""Fingerprinting"": 0.165, ""MITM"": 0.979, ""Normal"": 1.0, ""Password"": 0.13, ""Port_Scanning"": 0.964, ""Ransomware"": 0.461, ""SQL_injection"": 0.089, ""Uploading"": 0.997, ""Vulnerability_scanner"": 0.795, ""XSS"": 0.858}","[0.4162, 0.5005, 0.5373, 0.5548, 0.5611, 0.5702, 0.5698, 0.572, 0.5881, 0.6048, 0.6121, 0.6143, 0.6186, 0.6647, 0.6679, 0.6682, 0.6765, 0.6782, 0.6754, 0.6834, 0.6813, 0.6779, 0.679, 0.68, 0.6853, 0.6824, 0.684, 0.6876, 0.688, 0.6842]","[0.5305, 0.4124, 0.2628, 0.3285, 0.5937, 0.2371, 0.4873, 0.2858, 0.2714, 0.4343]",2.5,,,,,[],[],,,,,,,,,,,,,,,,
fedavg,fedavg,,targeted_flip,8,2,30,0.7105182780388215,0.7141563787538557,0.8431003162214896,0.9997149256770516,0.0,0.2113215231113826,0.7067333333333333,"{""Backdoor"": 0.903, ""DDoS_HTTP"": 0.597, ""DDoS_ICMP"": 0.995, ""DDoS_TCP"": 0.591, ""DDoS_UDP"": 0.996, ""Fingerprinting"": 0.115, ""MITM"": 1.0, ""Normal"": 1.0, ""Password"": 0.233, ""Port_Scanning"": 0.964, ""Ransomware"": 0.473, ""SQL_injection"": 0.554, ""Uploading"": 0.657, ""Vulnerability_scanner"": 0.776, ""XSS"": 0.858}","[0.4008, 0.533, 0.5709, 0.5752, 0.5806, 0.596, 0.6063, 0.611, 0.6032, 0.6053, 0.6064, 0.6348, 0.6453, 0.6422, 0.6885, 0.685, 0.685, 0.6774, 0.6974, 0.683, 0.6783, 0.6966, 0.7015, 0.6879, 0.7023, 0.69, 0.7146, 0.7004, 0.7093, 0.7105]","[0.5305, 0.4124, 0.2628, 0.3285, 0.5937, 0.2371, 0.4873, 0.2858, 0.2714, 0.4343]",2.4,,,,,[],[],,,,,,,,,,,,,,,,
fedavg,fedavg,,backdoor,8,2,30,0.6978957795119031,0.711274688752782,0.8459485523335352,1.0,0.0,0.9982895540623091,0.7018999999999999,"{""Backdoor"": 0.89, ""DDoS_HTTP"": 0.597, ""DDoS_ICMP"": 0.988, ""DDoS_TCP"": 0.603, ""DDoS_UDP"": 0.994, ""Fingerprinting"": 0.0, ""MITM"": 1.0, ""Normal"": 1.0, ""Password"": 0.192, ""Port_Scanning"": 0.947, ""Ransomware"": 0.432, ""SQL_injection"": 0.902, ""Uploading"": 0.459, ""Vulnerability_scanner"": 0.814, ""XSS"": 0.851}","[0.4156, 0.5316, 0.5873, 0.6069, 0.6105, 0.6762, 0.6837, 0.692, 0.6924, 0.6957, 0.6918, 0.6944, 0.6963, 0.693, 0.694, 0.6988, 0.6964, 0.6975, 0.6969, 0.6969, 0.6955, 0.6998, 0.6969, 0.6992, 0.6972, 0.6978, 0.697, 0.7009, 0.7069, 0.6979]","[0.5305, 0.4124, 0.2628, 0.3285, 0.5937, 0.2371, 0.4873, 0.2858, 0.2714, 0.4343]",2.4,,,,,[],[],,,,,,,,,,,,,,,,
fedavg,fedavg,,backdoor_boost,8,2,30,0.6919920148572947,0.7082164385427111,0.8439301172935029,1.0,0.0,1.0,0.6970333333333333,"{""Backdoor"": 0.893, ""DDoS_HTTP"": 0.706, ""DDoS_ICMP"": 0.99, ""DDoS_TCP"": 0.591, ""DDoS_UDP"": 0.993, ""Fingerprinting"": 0.0, ""MITM"": 1.0, ""Normal"": 1.0, ""Password"": 0.164, ""Port_Scanning"": 0.964, ""Ransomware"": 0.431, ""SQL_injection"": 0.976, ""Uploading"": 0.431, ""Vulnerability_scanner"": 0.823, ""XSS"": 0.661}","[0.4915, 0.5956, 0.6117, 0.6849, 0.6851, 0.6919, 0.6933, 0.6903, 0.6913, 0.6901, 0.6898, 0.6922, 0.694, 0.6964, 0.6912, 0.7033, 0.6966, 0.6973, 0.6924, 0.6991, 0.6946, 0.6992, 0.7056, 0.6987, 0.6971, 0.6958, 0.6971, 0.6971, 0.702, 0.692]","[0.5305, 0.4124, 0.2628, 0.3285, 0.5937, 0.2371, 0.4873, 0.2858, 0.2714, 0.4343]",2.4,,,,,[],[],,,,,,,,,,,,,,,,
fedavg,fedavg,,adaptive,8,2,30,0.5337983182750782,0.5842250048566432,0.795308259884725,1.0,0.0,0.0,0.5244000000000001,"{""Backdoor"": 0.938, ""DDoS_HTTP"": 0.083, ""DDoS_ICMP"": 0.98, ""DDoS_TCP"": 0.974, ""DDoS_UDP"": 0.996, ""Fingerprinting"": 0.095, ""MITM"": 0.0, ""Normal"": 1.0, ""Password"": 0.075, ""Port_Scanning"": 0.545, ""Ransomware"": 0.389, ""SQL_injection"": 0.0, ""Uploading"": 0.985, ""Vulnerability_scanner"": 0.772, ""XSS"": 0.932}","[0.1728, 0.2654, 0.3006, 0.3377, 0.3538, 0.3606, 0.37, 0.3753, 0.3817, 0.405, 0.4281, 0.4598, 0.4598, 0.4593, 0.4628, 0.4627, 0.4592, 0.4569, 0.4597, 0.4708, 0.476, 0.4895, 0.5011, 0.5003, 0.5054, 0.5067, 0.5154, 0.5185, 0.5209, 0.5338]","[0.5305, 0.4124, 0.2628, 0.3285, 0.5937, 0.2371, 0.4873, 0.2858, 0.2714, 0.4343]",2.4,,,,,[],[],,,,,,,,,,,,,,,,
fedavg,fedavg,,adaptive_f30,8,3,30,0.005770358609048906,0.06666666666666667,0.045235371952723764,1.0,1.0,0.0,0.0058,"{""Backdoor"": 0.0, ""DDoS_HTTP"": 0.0, ""DDoS_ICMP"": 0.0, ""DDoS_TCP"": 0.0, ""DDoS_UDP"": 0.0, ""Fingerprinting"": 0.0, ""MITM"": 0.0, ""Normal"": 0.0, ""Password"": 0.0, ""Port_Scanning"": 1.0, ""Ransomware"": 0.0, ""SQL_injection"": 0.0, ""Uploading"": 0.0, ""Vulnerability_scanner"": 0.0, ""XSS"": 0.0}","[0.0549, 0.0533, 0.0399, 0.0501, 0.0541, 0.0599, 0.0594, 0.0587, 0.0571, 0.0304, 0.0269, 0.0239, 0.0239, 0.0239, 0.0239, 0.0228, 0.0236, 0.0216, 0.0093, 0.0097, 0.0098, 0.0058, 0.0058, 0.0058, 0.0058, 0.0058, 0.0058, 0.0058, 0.0058, 0.0058]","[0.5305, 0.4124, 0.2628, 0.3285, 0.5937, 0.2371, 0.4873, 0.2858, 0.2714, 0.4343]",2.6,,,,,[],[],,,,,,,,,,,,,,,,
trimmed_mean,trimmed,,none,8,0,30,0.7086782202407728,0.7187619133752184,0.846374666397542,1.0,0.0,0.0,0.7099333333333333,"{""Backdoor"": 0.907, ""DDoS_HTTP"": 0.597, ""DDoS_ICMP"": 0.997, ""DDoS_TCP"": 0.654, ""DDoS_UDP"": 0.995, ""Fingerprinting"": 0.115, ""MITM"": 1.0, ""Normal"": 1.0, ""Password"": 0.13, ""Port_Scanning"": 0.889, ""Ransomware"": 0.441, ""SQL_injection"": 0.977, ""Uploading"": 0.446, ""Vulnerability_scanner"": 0.787, ""XSS"": 0.846}","[0.4109, 0.5649, 0.5816, 0.5952, 0.6073, 0.6088, 0.6127, 0.6211, 0.6246, 0.6462, 0.6892, 0.6951, 0.7001, 0.7022, 0.7069, 0.7066, 0.7081, 0.7066, 0.7063, 0.7099, 0.7082, 0.7083, 0.7084, 0.7079, 0.7092, 0.7085, 0.7091, 0.7115, 0.7096, 0.7087]","[0.5305, 0.4124, 0.2628, 0.3285, 0.5937, 0.2371, 0.4873, 0.2858, 0.2714, 0.4343]",2.4,,,,,[],[],,,,,,0.14492753623188404,0.27878787878787875,0.835,0.6,0.5,,,,,,
trimmed_mean,trimmed,,signflip,8,2,30,0.6206583285999684,0.6341128983667877,0.8252035255332033,1.0,0.0,0.0,0.6090666666666666,"{""Backdoor"": 0.908, ""DDoS_HTTP"": 0.569, ""DDoS_ICMP"": 0.997, ""DDoS_TCP"": 0.994, ""DDoS_UDP"": 0.995, ""Fingerprinting"": 0.115, ""MITM"": 0.082, ""Normal"": 1.0, ""Password"": 0.13, ""Port_Scanning"": 0.519, ""Ransomware"": 0.441, ""SQL_injection"": 0.202, ""Uploading"": 0.924, ""Vulnerability_scanner"": 0.771, ""XSS"": 0.865}","[0.4252, 0.4942, 0.5054, 0.5306, 0.5367, 0.5302, 0.5266, 0.5285, 0.5272, 0.5212, 0.5391, 0.5333, 0.5429, 0.5595, 0.5788, 0.5966, 0.5928, 0.5846, 0.586, 0.5849, 0.5873, 0.6017, 0.5981, 0.5858, 0.5868, 0.6014, 0.603, 0.6032, 0.6033, 0.6207]","[0.5305, 0.4124, 0.2628, 0.3285, 0.5937, 0.2371, 0.4873, 0.2858, 0.2714, 0.4343]",2.4,,,,,[],[],,,,,,,,,,,,,,,,
trimmed_mean,trimmed,,labelflip,8,2,30,0.7094810195080653,0.7175629069142381,0.8445132207495122,1.0,0.0,0.0,0.7032666666666666,"{""Backdoor"": 0.908, ""DDoS_HTTP"": 0.597, ""DDoS_ICMP"": 0.997, ""DDoS_TCP"": 0.765, ""DDoS_UDP"": 0.995, ""Fingerprinting"": 0.14, ""MITM"": 1.0, ""Normal"": 1.0, ""Password"": 0.13, ""Port_Scanning"": 0.768, ""Ransomware"": 0.441, ""SQL_injection"": 0.888, ""Uploading"": 0.506, ""Vulnerability_scanner"": 0.778, ""XSS"": 0.852}","[0.4185, 0.4959, 0.5165, 0.5194, 0.5306, 0.556, 0.5551, 0.5809, 0.5917, 0.5936, 0.6035, 0.6098, 0.6096, 0.6213, 0.6868, 0.6949, 0.6824, 0.6779, 0.7018, 0.6978, 0.6812, 0.6917, 0.6962, 0.6986, 0.7048, 0.6867, 0.6961, 0.6944, 0.7059, 0.7095]","[0.5305, 0.4124, 0.2628, 0.3285, 0.5937, 0.2371, 0.4873, 0.2858, 0.2714, 0.4343]",2.5,,,,,[],[],,,,,,,,,,,,,,,,
trimmed_mean,trimmed,,targeted_flip,8,2,30,0.7091775742374494,0.7195776623412178,0.846935342797551,1.0,0.0,0.0,0.7051,"{""Backdoor"": 0.909, ""DDoS_HTTP"": 0.597, ""DDoS_ICMP"": 0.997, ""DDoS_TCP"": 0.596, ""DDoS_UDP"": 0.995, ""Fingerprinting"": 0.115, ""MITM"": 1.0, ""Normal"": 1.0, ""Password"": 0.13, ""Port_Scanning"": 0.96, ""Ransomware"": 0.436, ""SQL_injection"": 0.973, ""Uploading"": 0.451, ""Vulnerability_scanner"": 0.777, ""XSS"": 0.857}","[0.408, 0.505, 0.5161, 0.5236, 0.5408, 0.5747, 0.5673, 0.5845, 0.5875, 0.6066, 0.6116, 0.6119, 0.6227, 0.6292, 0.6337, 0.6311, 0.6518, 0.6325, 0.6967, 0.6916, 0.6822, 0.6969, 0.6997, 0.6975, 0.7097, 0.6921, 0.7012, 0.7026, 0.7035, 0.7092]","[0.5305, 0.4124, 0.2628, 0.3285, 0.5937, 0.2371, 0.4873, 0.2858, 0.2714, 0.4343]",2.4,,,,,[],[],,,,,,,,,,,,,,,,
trimmed_mean,trimmed,,backdoor,8,2,30,0.6969238952054511,0.7116922556004247,0.8462625311175402,1.0,0.0,0.0,0.6963333333333334,"{""Backdoor"": 0.891, ""DDoS_HTTP"": 0.597, ""DDoS_ICMP"": 0.989, ""DDoS_TCP"": 0.717, ""DDoS_UDP"": 0.994, ""Fingerprinting"": 0.0, ""MITM"": 1.0, ""Normal"": 1.0, ""Password"": 0.16, ""Port_Scanning"": 0.837, ""Ransomware"": 0.434, ""SQL_injection"": 0.975, ""Uploading"": 0.431, ""Vulnerability_scanner"": 0.796, ""XSS"": 0.856}","[0.4147, 0.4725, 0.5754, 0.595, 0.6048, 0.6135, 0.6745, 0.6848, 0.6886, 0.6905, 0.6915, 0.6903, 0.6933, 0.6875, 0.6907, 0.6885, 0.6894, 0.6892, 0.6918, 0.6915, 0.6917, 0.6925, 0.6939, 0.6923, 0.6938, 0.6926, 0.6931, 0.6962, 0.6959, 0.6969]","[0.5305, 0.4124, 0.2628, 0.3285, 0.5937, 0.2371, 0.4873, 0.2858, 0.2714, 0.4343]",2.4,,,,,[],[],,,,,,,,,,,,,,,,
trimmed_mean,trimmed,,backdoor_boost,8,2,30,0.6965619536113324,0.7116236876593489,0.8462176770055395,1.0,0.0,0.0,0.6960666666666667,"{""Backdoor"": 0.891, ""DDoS_HTTP"": 0.6, ""DDoS_ICMP"": 0.992, ""DDoS_TCP"": 0.662, ""DDoS_UDP"": 0.993, ""Fingerprinting"": 0.0, ""MITM"": 1.0, ""Normal"": 1.0, ""Password"": 0.156, ""Port_Scanning"": 0.895, ""Ransomware"": 0.435, ""SQL_injection"": 0.977, ""Uploading"": 0.436, ""Vulnerability_scanner"": 0.796, ""XSS"": 0.843}","[0.4459, 0.5323, 0.5935, 0.6047, 0.6133, 0.6795, 0.6815, 0.6895, 0.6906, 0.6911, 0.6914, 0.6901, 0.693, 0.6889, 0.6907, 0.6871, 0.6908, 0.69, 0.6924, 0.6929, 0.6938, 0.6929, 0.697, 0.6948, 0.6951, 0.6938, 0.6929, 0.6973, 0.6943, 0.6966]","[0.5305, 0.4124, 0.2628, 0.3285, 0.5937, 0.2371, 0.4873, 0.2858, 0.2714, 0.4343]",2.4,,,,,[],[],,,,,,,,,,,,,,,,
trimmed_mean,trimmed,,adaptive,8,2,30,0.624085525801751,0.634974008387212,0.8258090560452129,1.0,0.0,0.0,0.6090666666666666,"{""Backdoor"": 0.908, ""DDoS_HTTP"": 0.533, ""DDoS_ICMP"": 0.997, ""DDoS_TCP"": 0.994, ""DDoS_UDP"": 0.995, ""Fingerprinting"": 0.115, ""MITM"": 0.082, ""Normal"": 1.0, ""Password"": 0.13, ""Port_Scanning"": 0.519, ""Ransomware"": 0.438, ""SQL_injection"": 0.309, ""Uploading"": 0.858, ""Vulnerability_scanner"": 0.771, ""XSS"": 0.875}","[0.4246, 0.4893, 0.5097, 0.5329, 0.5391, 0.5344, 0.5294, 0.5326, 0.5272, 0.5209, 0.5373, 0.5331, 0.5353, 0.5556, 0.5697, 0.5875, 0.5852, 0.5843, 0.5877, 0.5853, 0.5845, 0.6022, 0.5877, 0.5867, 0.5874, 0.6002, 0.6041, 0.5961, 0.607, 0.6241]","[0.5305, 0.4124, 0.2628, 0.3285, 0.5937, 0.2371, 0.4873, 0.2858, 0.2714, 0.4343]",2.5,,,,,[],[],,,,,,,,,,,,,,,,
trimmed_mean,trimmed,,adaptive_f30,8,3,30,0.5946680855778251,0.6186051103783936,0.8178025970530849,1.0,0.0,0.0,0.5846666666666667,"{""Backdoor"": 0.557, ""DDoS_HTTP"": 0.325, ""DDoS_ICMP"": 0.987, ""DDoS_TCP"": 0.88, ""DDoS_UDP"": 0.998, ""Fingerprinting"": 0.115, ""MITM"": 0.0, ""Normal"": 1.0, ""Password"": 0.13, ""Port_Scanning"": 0.659, ""Ransomware"": 0.821, ""SQL_injection"": 0.089, ""Uploading"": 1.0, ""Vulnerability_scanner"": 0.79, ""XSS"": 0.928}","[0.3498, 0.4918, 0.4935, 0.4928, 0.5009, 0.4966, 0.5038, 0.5057, 0.503, 0.5159, 0.5338, 0.5327, 0.5306, 0.5361, 0.5408, 0.5348, 0.5335, 0.5305, 0.5415, 0.5459, 0.5488, 0.5712, 0.5681, 0.5625, 0.5587, 0.5774, 0.5912, 0.5733, 0.586, 0.5947]","[0.5305, 0.4124, 0.2628, 0.3285, 0.5937, 0.2371, 0.4873, 0.2858, 0.2714, 0.4343]",2.4,,,,,[],[],,,,,,,,,,,,,,,,
multi_krum,krum,,none,8,0,30,0.7087278590082959,0.7193070980506963,0.8467559263495481,1.0,0.0,0.0,0.7066333333333333,"{""Backdoor"": 0.904, ""DDoS_HTTP"": 0.597, ""DDoS_ICMP"": 0.997, ""DDoS_TCP"": 0.591, ""DDoS_UDP"": 0.995, ""Fingerprinting"": 0.115, ""MITM"": 1.0, ""Normal"": 1.0, ""Password"": 0.13, ""Port_Scanning"": 0.964, ""Ransomware"": 0.441, ""SQL_injection"": 0.977, ""Uploading"": 0.447, ""Vulnerability_scanner"": 0.774, ""XSS"": 0.858}","[0.4121, 0.5049, 0.5715, 0.5793, 0.591, 0.6065, 0.6084, 0.592, 0.6104, 0.6297, 0.6558, 0.6661, 0.7041, 0.704, 0.7048, 0.7105, 0.7085, 0.708, 0.7117, 0.7045, 0.7077, 0.7111, 0.7045, 0.7092, 0.7091, 0.7099, 0.7087, 0.7061, 0.7051, 0.7087]","[0.5305, 0.4124, 0.2628, 0.3285, 0.5937, 0.2371, 0.4873, 0.2858, 0.2714, 0.4343]",3.2,90,300,0,0,"[3, 3, 3, 3, 3, 3, 3, 3, 3, 3, 3, 3, 3, 3, 3, 3, 3, 3, 3, 3, 3, 3, 3, 3, 3, 3, 3, 3, 3, 3]","[10, 30, 30, 20, 1, 30, 0, 30, 29, 30]",,,,,,-0.016205533596837945,0.3737812911725955,0.8342857142857142,0.6,0.6,,,,,,
multi_krum,krum,,signflip,8,2,30,0.7265760240053715,0.7234298506553434,0.8477875709255646,1.0,0.0,0.0,0.7232333333333334,"{""Backdoor"": 0.824, ""DDoS_HTTP"": 0.597, ""DDoS_ICMP"": 0.995, ""DDoS_TCP"": 0.591, ""DDoS_UDP"": 0.996, ""Fingerprinting"": 0.155, ""MITM"": 1.0, ""Normal"": 1.0, ""Password"": 0.362, ""Port_Scanning"": 0.964, ""Ransomware"": 0.564, ""SQL_injection"": 0.684, ""Uploading"": 0.488, ""Vulnerability_scanner"": 0.774, ""XSS"": 0.858}","[0.4465, 0.5567, 0.5428, 0.5489, 0.5672, 0.5909, 0.5988, 0.5807, 0.6067, 0.5794, 0.6014, 0.5938, 0.6363, 0.643, 0.6722, 0.6751, 0.6415, 0.6742, 0.7136, 0.7192, 0.7192, 0.7164, 0.7178, 0.7133, 0.7094, 0.7128, 0.7268, 0.7268, 0.7163, 0.7266]","[0.5305, 0.4124, 0.2628, 0.3285, 0.5937, 0.2371, 0.4873, 0.2858, 0.2714, 0.4343]",2.9,30,240,60,60,"[1, 1, 1, 1, 1, 1, 1, 1, 1, 1, 1, 1, 1, 1, 1, 1, 1, 1, 1, 1, 1, 1, 1, 1, 1, 1, 1, 1, 1, 1]","[0, 0, 30, 22, 18, 30, 20, 30, 30, 30]",,,,,,,,,,,,,,,,
multi_krum,krum,,labelflip,8,2,30,0.7265760240053715,0.7234298506553434,0.8477875709255646,1.0,0.0,0.0,0.7232333333333334,"{""Backdoor"": 0.824, ""DDoS_HTTP"": 0.597, ""DDoS_ICMP"": 0.995, ""DDoS_TCP"": 0.591, ""DDoS_UDP"": 0.996, ""Fingerprinting"": 0.155, ""MITM"": 1.0, ""Normal"": 1.0, ""Password"": 0.362, ""Port_Scanning"": 0.964, ""Ransomware"": 0.564, ""SQL_injection"": 0.684, ""Uploading"": 0.488, ""Vulnerability_scanner"": 0.774, ""XSS"": 0.858}","[0.4465, 0.5567, 0.5428, 0.5489, 0.5672, 0.5909, 0.5988, 0.5807, 0.6067, 0.5794, 0.6014, 0.5938, 0.6363, 0.643, 0.6722, 0.6751, 0.6415, 0.6742, 0.7136, 0.7192, 0.7192, 0.7164, 0.7178, 0.7133, 0.7094, 0.7128, 0.7268, 0.7268, 0.7163, 0.7266]","[0.5305, 0.4124, 0.2628, 0.3285, 0.5937, 0.2371, 0.4873, 0.2858, 0.2714, 0.4343]",2.8,30,240,60,60,"[1, 1, 1, 1, 1, 1, 1, 1, 1, 1, 1, 1, 1, 1, 1, 1, 1, 1, 1, 1, 1, 1, 1, 1, 1, 1, 1, 1, 1, 1]","[0, 0, 30, 22, 18, 30, 20, 30, 30, 30]",,,,,,,,,,,,,,,,
multi_krum,krum,,targeted_flip,8,2,30,0.7265760240053715,0.7234298506553434,0.8477875709255646,1.0,0.0,0.0,0.7232333333333334,"{""Backdoor"": 0.824, ""DDoS_HTTP"": 0.597, ""DDoS_ICMP"": 0.995, ""DDoS_TCP"": 0.591, ""DDoS_UDP"": 0.996, ""Fingerprinting"": 0.155, ""MITM"": 1.0, ""Normal"": 1.0, ""Password"": 0.362, ""Port_Scanning"": 0.964, ""Ransomware"": 0.564, ""SQL_injection"": 0.684, ""Uploading"": 0.488, ""Vulnerability_scanner"": 0.774, ""XSS"": 0.858}","[0.4465, 0.5567, 0.5428, 0.5489, 0.5672, 0.5909, 0.5988, 0.5807, 0.6067, 0.5794, 0.6014, 0.5938, 0.6363, 0.643, 0.6722, 0.6751, 0.6415, 0.6742, 0.7136, 0.7192, 0.7192, 0.7164, 0.7178, 0.7133, 0.7094, 0.7128, 0.7268, 0.7268, 0.7163, 0.7266]","[0.5305, 0.4124, 0.2628, 0.3285, 0.5937, 0.2371, 0.4873, 0.2858, 0.2714, 0.4343]",2.5,30,240,60,60,"[1, 1, 1, 1, 1, 1, 1, 1, 1, 1, 1, 1, 1, 1, 1, 1, 1, 1, 1, 1, 1, 1, 1, 1, 1, 1, 1, 1, 1, 1]","[0, 0, 30, 22, 18, 30, 20, 30, 30, 30]",,,,,,,,,,,,,,,,
multi_krum,krum,,backdoor,8,2,30,0.7055349419669901,0.7164160002026233,0.8456570006055305,1.0,0.0,0.0,0.6953333333333335,"{""Backdoor"": 0.882, ""DDoS_HTTP"": 0.597, ""DDoS_ICMP"": 0.985, ""DDoS_TCP"": 0.591, ""DDoS_UDP"": 0.995, ""Fingerprinting"": 0.085, ""MITM"": 1.0, ""Normal"": 1.0, ""Password"": 0.789, ""Port_Scanning"": 0.964, ""Ransomware"": 0.534, ""SQL_injection"": 0.109, ""Uploading"": 0.57, ""Vulnerability_scanner"": 0.789, ""XSS"": 0.856}","[0.4022, 0.4925, 0.5783, 0.5894, 0.5901, 0.6066, 0.6092, 0.6322, 0.6951, 0.7007, 0.6936, 0.7009, 0.7012, 0.6953, 0.7013, 0.6999, 0.7057, 0.6924, 0.6973, 0.7047, 0.6982, 0.7036, 0.6997, 0.7105, 0.7047, 0.7048, 0.7101, 0.7034, 0.6771, 0.7055]","[0.5305, 0.4124, 0.2628, 0.3285, 0.5937, 0.2371, 0.4873, 0.2858, 0.2714, 0.4343]",2.6,30,240,60,60,"[1, 1, 1, 1, 1, 1, 1, 1, 1, 1, 1, 1, 1, 1, 1, 1, 1, 1, 1, 1, 1, 1, 1, 1, 1, 1, 1, 1, 1, 1]","[0, 0, 30, 29, 10, 30, 21, 30, 30, 30]",,,,,,,,,,,,,,,,
multi_krum,krum,,backdoor_boost,8,2,30,0.7055349419669901,0.7164160002026233,0.8456570006055305,1.0,0.0,0.0,0.6953333333333335,"{""Backdoor"": 0.882, ""DDoS_HTTP"": 0.597, ""DDoS_ICMP"": 0.985, ""DDoS_TCP"": 0.591, ""DDoS_UDP"": 0.995, ""Fingerprinting"": 0.085, ""MITM"": 1.0, ""Normal"": 1.0, ""Password"": 0.789, ""Port_Scanning"": 0.964, ""Ransomware"": 0.534, ""SQL_injection"": 0.109, ""Uploading"": 0.57, ""Vulnerability_scanner"": 0.789, ""XSS"": 0.856}","[0.4022, 0.4925, 0.5783, 0.5894, 0.5901, 0.6066, 0.6092, 0.6322, 0.6951, 0.7007, 0.6936, 0.7009, 0.7012, 0.6953, 0.7013, 0.6999, 0.7057, 0.6924, 0.6973, 0.7047, 0.6982, 0.7036, 0.6997, 0.7105, 0.7047, 0.7048, 0.7101, 0.7034, 0.6771, 0.7055]","[0.5305, 0.4124, 0.2628, 0.3285, 0.5937, 0.2371, 0.4873, 0.2858, 0.2714, 0.4343]",2.5,30,240,60,60,"[1, 1, 1, 1, 1, 1, 1, 1, 1, 1, 1, 1, 1, 1, 1, 1, 1, 1, 1, 1, 1, 1, 1, 1, 1, 1, 1, 1, 1, 1]","[0, 0, 30, 29, 10, 30, 21, 30, 30, 30]",,,,,,,,,,,,,,,,
multi_krum,krum,,adaptive,8,2,30,0.7265760240053715,0.7234298506553434,0.8477875709255646,1.0,0.0,0.0,0.7232333333333334,"{""Backdoor"": 0.824, ""DDoS_HTTP"": 0.597, ""DDoS_ICMP"": 0.995, ""DDoS_TCP"": 0.591, ""DDoS_UDP"": 0.996, ""Fingerprinting"": 0.155, ""MITM"": 1.0, ""Normal"": 1.0, ""Password"": 0.362, ""Port_Scanning"": 0.964, ""Ransomware"": 0.564, ""SQL_injection"": 0.684, ""Uploading"": 0.488, ""Vulnerability_scanner"": 0.774, ""XSS"": 0.858}","[0.4465, 0.5567, 0.5428, 0.5489, 0.5672, 0.5909, 0.5988, 0.5807, 0.6067, 0.5794, 0.6014, 0.5938, 0.6363, 0.643, 0.6722, 0.6751, 0.6415, 0.6742, 0.7136, 0.7192, 0.7192, 0.7164, 0.7178, 0.7133, 0.7094, 0.7128, 0.7268, 0.7268, 0.7163, 0.7266]","[0.5305, 0.4124, 0.2628, 0.3285, 0.5937, 0.2371, 0.4873, 0.2858, 0.2714, 0.4343]",2.4,30,240,60,60,"[1, 1, 1, 1, 1, 1, 1, 1, 1, 1, 1, 1, 1, 1, 1, 1, 1, 1, 1, 1, 1, 1, 1, 1, 1, 1, 1, 1, 1, 1]","[0, 0, 30, 22, 18, 30, 20, 30, 30, 30]",,,,,,,,,,,,,,,,
multi_krum,krum,,adaptive_f30,8,3,30,0.695591520784247,0.7029665600991507,0.8354078360133665,1.0,0.0,0.0,0.6927333333333333,"{""Backdoor"": 0.806, ""DDoS_HTTP"": 0.597, ""DDoS_ICMP"": 0.996, ""DDoS_TCP"": 0.591, ""DDoS_UDP"": 0.996, ""Fingerprinting"": 0.115, ""MITM"": 1.0, ""Normal"": 1.0, ""Password"": 0.184, ""Port_Scanning"": 0.964, ""Ransomware"": 0.563, ""SQL_injection"": 0.261, ""Uploading"": 0.849, ""Vulnerability_scanner"": 0.825, ""XSS"": 0.798}","[0.4524, 0.5387, 0.584, 0.5733, 0.5957, 0.5956, 0.5955, 0.6085, 0.6068, 0.6249, 0.6305, 0.6314, 0.6381, 0.6767, 0.6846, 0.6863, 0.6879, 0.6836, 0.7042, 0.682, 0.6817, 0.693, 0.6921, 0.6799, 0.7018, 0.6828, 0.7006, 0.6802, 0.7024, 0.6956]","[0.5305, 0.4124, 0.2628, 0.3285, 0.5937, 0.2371, 0.4873, 0.2858, 0.2714, 0.4343]",2.4,0,210,90,90,"[0, 0, 0, 0, 0, 0, 0, 0, 0, 0, 0, 0, 0, 0, 0, 0, 0, 0, 0, 0, 0, 0, 0, 0, 0, 0, 0, 0, 0, 0]","[0, 0, 0, 30, 30, 30, 30, 30, 30, 30]",,,,,,,,,,,,,,,,
secure_norm_only,norm_only,,none,8,0,30,0.708316541820239,0.7188468702791428,0.8464195205095427,1.0,0.0,0.0,0.7120333333333333,"{""Backdoor"": 0.905, ""DDoS_HTTP"": 0.597, ""DDoS_ICMP"": 0.996, ""DDoS_TCP"": 0.591, ""DDoS_UDP"": 0.996, ""Fingerprinting"": 0.115, ""MITM"": 1.0, ""Normal"": 1.0, ""Password"": 0.13, ""Port_Scanning"": 0.964, ""Ransomware"": 0.441, ""SQL_injection"": 0.977, ""Uploading"": 0.449, ""Vulnerability_scanner"": 0.814, ""XSS"": 0.809}","[0.4235, 0.5543, 0.5965, 0.6062, 0.6143, 0.6264, 0.653, 0.654, 0.691, 0.6902, 0.6899, 0.6868, 0.6983, 0.7008, 0.7078, 0.7067, 0.7072, 0.7026, 0.7145, 0.7121, 0.7106, 0.7077, 0.7078, 0.706, 0.7154, 0.7077, 0.7089, 0.7138, 0.714, 0.7083]","[0.5305, 0.4124, 0.2628, 0.3285, 0.5937, 0.2371, 0.4873, 0.2858, 0.2714, 0.4343]",4.8,0,300,0,0,"[0, 0, 0, 0, 0, 0, 0, 0, 0, 0, 0, 0, 0, 0, 0, 0, 0, 0, 0, 0, 0, 0, 0, 0, 0, 0, 0, 0, 0, 0]","[30, 30, 30, 30, 30, 30, 30, 30, 30, 30]",3.5,,,,,-0.052832674571805,0.021475625823451906,0.06249999999999998,0.2,0.4,0.18550724637681157,0.26640316205533593,0.8410714285714285,0.7,0.5,
secure_norm_only,norm_only,,signflip,8,2,30,0.7074356503875726,0.7168232923344816,0.8449841889255197,1.0,0.0,0.0,0.7093333333333334,"{""Backdoor"": 0.9, ""DDoS_HTTP"": 0.597, ""DDoS_ICMP"": 0.996, ""DDoS_TCP"": 0.591, ""DDoS_UDP"": 0.996, ""Fingerprinting"": 0.115, ""MITM"": 1.0, ""Normal"": 1.0, ""Password"": 0.13, ""Port_Scanning"": 0.964, ""Ransomware"": 0.464, ""SQL_injection"": 0.808, ""Uploading"": 0.562, ""Vulnerability_scanner"": 0.807, ""XSS"": 0.823}","[0.4357, 0.4866, 0.5693, 0.5757, 0.5867, 0.6081, 0.6097, 0.6148, 0.6102, 0.6175, 0.6387, 0.6427, 0.6578, 0.6977, 0.7052, 0.702, 0.7026, 0.6877, 0.7154, 0.7054, 0.6967, 0.7075, 0.71, 0.7007, 0.7149, 0.6975, 0.706, 0.704, 0.7166, 0.7074]","[0.5305, 0.4124, 0.2628, 0.3285, 0.5937, 0.2371, 0.4873, 0.2858, 0.2714, 0.4343]",4.6,0,240,59,60,"[0, 0, 0, 0, 0, 0, 0, 0, 0, 0, 0, 0, 0, 0, 0, 0, 0, 0, 0, 0, 0, 0, 0, 0, 0, 0, 0, 0, 0, 0]","[0, 1, 30, 30, 30, 30, 30, 30, 30, 30]",3.5,,,,,,,,,,,,,,,
secure_norm_only,norm_only,,labelflip,8,2,30,0.7086848766908304,0.718332333555893,0.8460158335015363,1.0,0.0,0.0,0.7079333333333334,"{""Backdoor"": 0.904, ""DDoS_HTTP"": 0.597, ""DDoS_ICMP"": 0.996, ""DDoS_TCP"": 0.591, ""DDoS_UDP"": 0.995, ""Fingerprinting"": 0.115, ""MITM"": 1.0, ""Normal"": 1.0, ""Password"": 0.13, ""Port_Scanning"": 0.964, ""Ransomware"": 0.441, ""SQL_injection"": 0.853, ""Uploading"": 0.539, ""Vulnerability_scanner"": 0.829, ""XSS"": 0.821}","[0.4162, 0.5005, 0.5373, 0.5548, 0.5611, 0.5702, 0.5698, 0.6067, 0.603, 0.603, 0.6365, 0.6321, 0.6527, 0.6584, 0.7042, 0.7024, 0.7002, 0.6855, 0.7109, 0.7031, 0.6927, 0.7042, 0.7083, 0.7008, 0.7104, 0.6946, 0.7063, 0.7032, 0.7119, 0.7087]","[0.5305, 0.4124, 0.2628, 0.3285, 0.5937, 0.2371, 0.4873, 0.2858, 0.2714, 0.4343]",4.6,0,240,45,60,"[0, 0, 0, 0, 0, 0, 0, 0, 0, 0, 0, 0, 0, 0, 0, 0, 0, 0, 0, 0, 0, 0, 0, 0, 0, 0, 0, 0, 0, 0]","[7, 8, 30, 30, 30, 30, 30, 30, 30, 30]",3.5,,,,,,,,,,,,,,,
secure_norm_only,norm_only,,targeted_flip,8,2,30,0.7076682770733203,0.7174035291340738,0.8453878759335262,1.0,0.0,0.0,0.7068,"{""Backdoor"": 0.905, ""DDoS_HTTP"": 0.597, ""DDoS_ICMP"": 0.996, ""DDoS_TCP"": 0.591, ""DDoS_UDP"": 0.995, ""Fingerprinting"": 0.115, ""MITM"": 1.0, ""Normal"": 1.0, ""Password"": 0.13, ""Port_Scanning"": 0.964, ""Ransomware"": 0.453, ""SQL_injection"": 0.846, ""Uploading"": 0.539, ""Vulnerability_scanner"": 0.815, ""XSS"": 0.815}","[0.4008, 0.533, 0.5709, 0.5752, 0.5806, 0.596, 0.6063, 0.611, 0.6032, 0.6052, 0.6062, 0.6348, 0.6454, 0.6421, 0.6884, 0.685, 0.6974, 0.688, 0.7112, 0.701, 0.6926, 0.7078, 0.7081, 0.7018, 0.7107, 0.6946, 0.7058, 0.7011, 0.7116, 0.7077]","[0.5305, 0.4124, 0.2628, 0.3285, 0.5937, 0.2371, 0.4873, 0.2858, 0.2714, 0.4343]",4.5,0,240,27,60,"[0, 0, 0, 0, 0, 0, 0, 0, 0, 0, 0, 0, 0, 0, 0, 0, 0, 0, 0, 0, 0, 0, 0, 0, 0, 0, 0, 0, 0, 0]","[16, 17, 30, 30, 30, 30, 30, 30, 30, 30]",3.5,,,,,,,,,,,,,,,
secure_norm_only,norm_only,,backdoor,8,2,30,0.6977594951405702,0.7111422359184875,0.8458588441095337,1.0,0.0,0.9982895540623091,0.702,"{""Backdoor"": 0.89, ""DDoS_HTTP"": 0.597, ""DDoS_ICMP"": 0.988, ""DDoS_TCP"": 0.603, ""DDoS_UDP"": 0.994, ""Fingerprinting"": 0.0, ""MITM"": 1.0, ""Normal"": 1.0, ""Password"": 0.192, ""Port_Scanning"": 0.947, ""Ransomware"": 0.432, ""SQL_injection"": 0.899, ""Uploading"": 0.46, ""Vulnerability_scanner"": 0.814, ""XSS"": 0.852}","[0.4156, 0.5316, 0.5873, 0.6069, 0.6105, 0.6762, 0.6837, 0.692, 0.6924, 0.6958, 0.6918, 0.6944, 0.6963, 0.6929, 0.6939, 0.6988, 0.6965, 0.6975, 0.6969, 0.697, 0.6955, 0.6997, 0.6968, 0.6993, 0.6973, 0.6977, 0.697, 0.7012, 0.707, 0.6978]","[0.5305, 0.4124, 0.2628, 0.3285, 0.5937, 0.2371, 0.4873, 0.2858, 0.2714, 0.4343]",4.6,0,240,0,60,"[0, 0, 0, 0, 0, 0, 0, 0, 0, 0, 0, 0, 0, 0, 0, 0, 0, 0, 0, 0, 0, 0, 0, 0, 0, 0, 0, 0, 0, 0]","[30, 30, 30, 30, 30, 30, 30, 30, 30, 30]",3.5,,,,,,,,,,,,,,,
secure_norm_only,norm_only,,backdoor_boost,8,2,30,0.6992441102082796,0.7108724326424132,0.8435264302854965,1.0,0.0,0.9463245774791285,0.6953333333333335,"{""Backdoor"": 0.485, ""DDoS_HTTP"": 0.922, ""DDoS_ICMP"": 0.985, ""DDoS_TCP"": 0.591, ""DDoS_UDP"": 0.994, ""Fingerprinting"": 0.055, ""MITM"": 1.0, ""Normal"": 1.0, ""Password"": 0.147, ""Port_Scanning"": 0.964, ""Ransomware"": 0.823, ""SQL_injection"": 0.846, ""Uploading"": 0.533, ""Vulnerability_scanner"": 0.793, ""XSS"": 0.525}","[0.4915, 0.5956, 0.6117, 0.6626, 0.6695, 0.6752, 0.6739, 0.6796, 0.6773, 0.6851, 0.6828, 0.6793, 0.6851, 0.6809, 0.6863, 0.684, 0.6931, 0.6859, 0.6831, 0.6914, 0.6757, 0.69, 0.6947, 0.6898, 0.697, 0.7043, 0.6841, 0.6936, 0.6932, 0.6992]","[0.5305, 0.4124, 0.2628, 0.3285, 0.5937, 0.2371, 0.4873, 0.2858, 0.2714, 0.4343]",4.5,0,240,30,60,"[0, 0, 0, 0, 0, 0, 0, 0, 0, 0, 0, 0, 0, 0, 0, 0, 0, 0, 0, 0, 0, 0, 0, 0, 0, 0, 0, 0, 0, 0]","[3, 27, 30, 30, 30, 30, 30, 30, 30, 30]",3.5,,,,,,,,,,,,,,,
secure_norm_only,norm_only,,adaptive,8,2,30,0.5343483744566906,0.5841227077523591,0.7952409787167238,1.0,0.0,0.0,0.5252333333333333,"{""Backdoor"": 0.938, ""DDoS_HTTP"": 0.084, ""DDoS_ICMP"": 0.981, ""DDoS_TCP"": 0.972, ""DDoS_UDP"": 0.996, ""Fingerprinting"": 0.095, ""MITM"": 0.0, ""Normal"": 1.0, ""Password"": 0.076, ""Port_Scanning"": 0.547, ""Ransomware"": 0.389, ""SQL_injection"": 0.0, ""Uploading"": 0.984, ""Vulnerability_scanner"": 0.769, ""XSS"": 0.932}","[0.1728, 0.2654, 0.3005, 0.3377, 0.3538, 0.3607, 0.37, 0.3753, 0.3818, 0.4052, 0.4284, 0.4597, 0.4594, 0.4593, 0.463, 0.4628, 0.4593, 0.4571, 0.4615, 0.4716, 0.4776, 0.4897, 0.502, 0.5003, 0.5063, 0.507, 0.5154, 0.5187, 0.5227, 0.5343]","[0.5305, 0.4124, 0.2628, 0.3285, 0.5937, 0.2371, 0.4873, 0.2858, 0.2714, 0.4343]",4.6,0,240,0,60,"[0, 0, 0, 0, 0, 0, 0, 0, 0, 0, 0, 0, 0, 0, 0, 0, 0, 0, 0, 0, 0, 0, 0, 0, 0, 0, 0, 0, 0, 0]","[30, 30, 30, 30, 30, 30, 30, 30, 30, 30]",3.5,,,,,,,,,,,,,,,
secure_norm_only,norm_only,,adaptive_f30,8,3,30,0.005770358609048906,0.06666666666666667,0.045235371952723764,1.0,1.0,0.0,0.0058,"{""Backdoor"": 0.0, ""DDoS_HTTP"": 0.0, ""DDoS_ICMP"": 0.0, ""DDoS_TCP"": 0.0, ""DDoS_UDP"": 0.0, ""Fingerprinting"": 0.0, ""MITM"": 0.0, ""Normal"": 0.0, ""Password"": 0.0, ""Port_Scanning"": 1.0, ""Ransomware"": 0.0, ""SQL_injection"": 0.0, ""Uploading"": 0.0, ""Vulnerability_scanner"": 0.0, ""XSS"": 0.0}","[0.0549, 0.0532, 0.0399, 0.0502, 0.054, 0.0599, 0.0593, 0.0587, 0.0571, 0.0307, 0.027, 0.0239, 0.0239, 0.0239, 0.0239, 0.0239, 0.0239, 0.0237, 0.0213, 0.0212, 0.0212, 0.0212, 0.0206, 0.0195, 0.0099, 0.0058, 0.0058, 0.0058, 0.0058, 0.0058]","[0.5305, 0.4124, 0.2628, 0.3285, 0.5937, 0.2371, 0.4873, 0.2858, 0.2714, 0.4343]",4.6,0,210,0,90,"[0, 0, 0, 0, 0, 0, 0, 0, 0, 0, 0, 0, 0, 0, 0, 0, 0, 0, 0, 0, 0, 0, 0, 0, 0, 0, 0, 0, 0, 0]","[30, 30, 30, 30, 30, 30, 30, 30, 30, 30]",3.5,,,,,,,,,,,,,,,
faithful_prev_t0.0,faithful_prev,0.0,none,8,0,30,0.6732982237789792,0.7013571731229216,0.8183408463970935,1.0,0.0,0.0,0.6751999999999999,"{""Backdoor"": 0.439, ""DDoS_HTTP"": 0.987, ""DDoS_ICMP"": 0.917, ""DDoS_TCP"": 0.591, ""DDoS_UDP"": 0.92, ""Fingerprinting"": 0.515, ""MITM"": 1.0, ""Normal"": 1.0, ""Password"": 0.109, ""Port_Scanning"": 0.884, ""Ransomware"": 0.951, ""SQL_injection"": 0.966, ""Uploading"": 0.459, ""Vulnerability_scanner"": 0.761, ""XSS"": 0.021}","[0.4235, 0.5543, 0.5965, 0.6062, 0.6143, 0.6264, 0.653, 0.654, 0.691, 0.6902, 0.6899, 0.6868, 0.6983, 0.7008, 0.7078, 0.7067, 0.7072, 0.7026, 0.7145, 0.7121, 0.7031, 0.7107, 0.7113, 0.6723, 0.667, 0.6793, 0.6766, 0.679, 0.6733, 0.6733]","[0.5305, 0.4124, 0.2628, 0.3285, 0.5937, 0.2371, 0.4873, 0.2858, 0.2714, 0.4343]",4.8,66,300,0,0,"[0, 0, 0, 0, 0, 0, 0, 0, 0, 0, 0, 0, 0, 0, 0, 0, 0, 0, 0, 0, 1, 2, 4, 7, 8, 8, 8, 9, 9, 10]","[20, 29, 23, 27, 21, 24, 23, 22, 22, 23]",3.5,,,,,-0.005401844532279315,-0.203030303030303,-0.015714285714285715,0.0,0.2,0.18550724637681157,0.26640316205533593,0.8410714285714285,0.7,0.5,-0.4185110693297313
faithful_prev_t0.0,faithful_prev,0.0,adaptive,8,2,30,0.035347642528761734,0.08222688096901934,0.1500818587544013,1.0,0.76659678546471,0.0,0.039299999999999995,"{""Backdoor"": 0.0, ""DDoS_HTTP"": 0.0, ""DDoS_ICMP"": 0.0, ""DDoS_TCP"": 0.0, ""DDoS_UDP"": 0.0, ""Fingerprinting"": 0.0, ""MITM"": 0.0, ""Normal"": 0.233, ""Password"": 0.0, ""Port_Scanning"": 0.0, ""Ransomware"": 0.0, ""SQL_injection"": 0.0, ""Uploading"": 0.0, ""Vulnerability_scanner"": 0.0, ""XSS"": 1.0}","[0.1728, 0.2773, 0.3073, 0.3503, 0.3601, 0.369, 0.3797, 0.3865, 0.4128, 0.4544, 0.4596, 0.4596, 0.4559, 0.4326, 0.2988, 0.0722, 0.0527, 0.0379, 0.0347, 0.0379, 0.0101, 0.0101, 0.0098, 0.0101, 0.0101, 0.0058, 0.0058, 0.0768, 0.0058, 0.0353]","[0.5305, 0.4124, 0.2628, 0.3285, 0.5937, 0.2371, 0.4873, 0.2858, 0.2714, 0.4343]",4.8,136,240,0,60,"[0, 0, 0, 0, 0, 0, 0, 0, 0, 0, 0, 0, 2, 6, 8, 8, 8, 8, 8, 8, 8, 8, 8, 8, 8, 8, 8, 8, 8, 8]","[30, 30, 13, 12, 14, 13, 12, 13, 14, 13]",3.5,,,,,,,,,,,,,,,
faithful_prev_t0.0,faithful_prev,0.0,adaptive_f30,8,3,30,0.005773095600803885,0.06666666666666667,0.04525779900872413,1.0,1.0,0.0,0.0058,"{""Backdoor"": 0.0, ""DDoS_HTTP"": 0.0, ""DDoS_ICMP"": 1.0, ""DDoS_TCP"": 0.0, ""DDoS_UDP"": 0.0, ""Fingerprinting"": 0.0, ""MITM"": 0.0, ""Normal"": 0.0, ""Password"": 0.0, ""Port_Scanning"": 0.0, ""Ransomware"": 0.0, ""SQL_injection"": 0.0, ""Uploading"": 0.0, ""Vulnerability_scanner"": 0.0, ""XSS"": 0.0}","[0.0549, 0.0, 0.0042, 0.0041, 0.0046, 0.0058, 0.0058, 0.0058, 0.0058, 0.0058, 0.0058, 0.0058, 0.0058, 0.0058, 0.0058, 0.0058, 0.0058, 0.0058, 0.0058, 0.0058, 0.0058, 0.0058, 0.0058, 0.0058, 0.0058, 0.0058, 0.0058, 0.0058, 0.0058, 0.0058]","[0.5305, 0.4124, 0.2628, 0.3285, 0.5937, 0.2371, 0.4873, 0.2858, 0.2714, 0.4343]",4.7,203,210,36,90,"[0, 7, 7, 7, 7, 7, 7, 7, 7, 7, 7, 7, 7, 7, 7, 7, 7, 7, 7, 7, 7, 7, 7, 7, 7, 7, 7, 7, 7, 7]","[18, 18, 18, 1, 1, 1, 1, 1, 1, 1]",3.5,,,,,,,,,,,,,,,
faithful_root_t-0.3,faithful_root,-0.3,none,8,0,30,0.7086974827010508,0.7168094955253582,0.8450290430375205,1.0,0.0,0.0,0.7098999999999999,"{""Backdoor"": 0.503, ""DDoS_HTTP"": 0.597, ""DDoS_ICMP"": 0.996, ""DDoS_TCP"": 0.591, ""DDoS_UDP"": 0.996, ""Fingerprinting"": 0.115, ""MITM"": 1.0, ""Normal"": 1.0, ""Password"": 0.13, ""Port_Scanning"": 0.964, ""Ransomware"": 0.822, ""SQL_injection"": 0.909, ""Uploading"": 0.498, ""Vulnerability_scanner"": 0.775, ""XSS"": 0.858}","[0.4235, 0.5543, 0.5965, 0.6062, 0.6143, 0.6264, 0.653, 0.654, 0.691, 0.6902, 0.6899, 0.6868, 0.6983, 0.7008, 0.7078, 0.7067, 0.7072, 0.7026, 0.7145, 0.7121, 0.7106, 0.7077, 0.7078, 0.706, 0.7154, 0.7077, 0.7089, 0.7038, 0.7172, 0.7087]","[0.5305, 0.4124, 0.2628, 0.3285, 0.5937, 0.2371, 0.4873, 0.2858, 0.2714, 0.4343]",4.8,4,300,0,0,"[0, 0, 0, 0, 0, 0, 0, 0, 0, 0, 0, 0, 0, 0, 0, 0, 0, 0, 0, 0, 0, 0, 0, 0, 0, 0, 0, 1, 1, 2]","[29, 30, 30, 29, 29, 30, 30, 30, 29, 30]",3.5,,,,,-0.01515151515151515,-0.03188405797101449,-0.024999999999999994,0.3,0.3,0.18550724637681157,0.26640316205533593,0.8410714285714285,0.7,0.5,-0.3553345272593507
faithful_root_t-0.3,faithful_root,-0.3,signflip,8,2,30,0.7263424763965375,0.7235169618717835,0.8488416425575814,1.0,0.0,0.0,0.7119666666666667,"{""Backdoor"": 0.847, ""DDoS_HTTP"": 0.597, ""DDoS_ICMP"": 0.995, ""DDoS_TCP"": 0.591, ""DDoS_UDP"": 0.996, ""Fingerprinting"": 0.13, ""MITM"": 1.0, ""Normal"": 1.0, ""Password"": 0.402, ""Port_Scanning"": 0.964, ""Ransomware"": 0.563, ""SQL_injection"": 0.654, ""Uploading"": 0.483, ""Vulnerability_scanner"": 0.774, ""XSS"": 0.858}","[0.4357, 0.5662, 0.5871, 0.5795, 0.587, 0.6083, 0.6109, 0.6149, 0.61, 0.635, 0.6411, 0.6428, 0.6597, 0.6996, 0.7051, 0.7022, 0.7026, 0.6876, 0.7157, 0.7056, 0.6969, 0.7132, 0.7098, 0.7011, 0.7137, 0.6981, 0.7061, 0.7043, 0.7053, 0.7263]","[0.5305, 0.4124, 0.2628, 0.3285, 0.5937, 0.2371, 0.4873, 0.2858, 0.2714, 0.4343]",4.7,3,240,60,60,"[0, 0, 0, 0, 0, 0, 0, 0, 0, 0, 0, 0, 0, 0, 0, 0, 0, 0, 0, 0, 0, 1, 0, 0, 0, 0, 0, 0, 1, 1]","[0, 0, 30, 30, 29, 30, 30, 30, 28, 30]",3.5,,,,,,,,,,,,,,,
faithful_root_t-0.3,faithful_root,-0.3,labelflip,8,2,30,0.7076044246897168,0.7170760950403952,0.8451636053735226,1.0,0.0,0.0,0.7055000000000001,"{""Backdoor"": 0.905, ""DDoS_HTTP"": 0.597, ""DDoS_ICMP"": 0.997, ""DDoS_TCP"": 0.591, ""DDoS_UDP"": 0.995, ""Fingerprinting"": 0.115, ""MITM"": 1.0, ""Normal"": 1.0, ""Password"": 0.13, ""Port_Scanning"": 0.964, ""Ransomware"": 0.441, ""SQL_injection"": 0.822, ""Uploading"": 0.557, ""Vulnerability_scanner"": 0.814, ""XSS"": 0.829}","[0.4162, 0.5005, 0.5373, 0.5713, 0.5831, 0.6028, 0.5935, 0.609, 0.6071, 0.623, 0.6427, 0.6408, 0.6566, 0.6969, 0.7056, 0.7025, 0.7012, 0.6888, 0.7136, 0.7048, 0.6963, 0.7142, 0.7108, 0.7014, 0.7124, 0.6964, 0.7063, 0.7033, 0.7056, 0.7076]","[0.5305, 0.4124, 0.2628, 0.3285, 0.5937, 0.2371, 0.4873, 0.2858, 0.2714, 0.4343]",4.9,2,240,54,60,"[0, 0, 0, 0, 0, 0, 0, 0, 0, 0, 0, 0, 0, 0, 0, 0, 0, 0, 0, 0, 0, 1, 0, 0, 0, 0, 0, 0, 1, 0]","[3, 3, 30, 30, 30, 30, 30, 30, 28, 30]",3.5,,,,,,,,,,,,,,,
faithful_root_t-0.3,faithful_root,-0.3,targeted_flip,8,2,30,0.7266182323841422,0.7238249062204772,0.8490434860615848,1.0,0.0,0.0,0.7111333333333333,"{""Backdoor"": 0.857, ""DDoS_HTTP"": 0.597, ""DDoS_ICMP"": 0.995, ""DDoS_TCP"": 0.591, ""DDoS_UDP"": 0.996, ""Fingerprinting"": 0.13, ""MITM"": 1.0, ""Normal"": 1.0, ""Password"": 0.409, ""Port_Scanning"": 0.964, ""Ransomware"": 0.559, ""SQL_injection"": 0.642, ""Uploading"": 0.486, ""Vulnerability_scanner"": 0.773, ""XSS"": 0.858}","[0.4008, 0.533, 0.5761, 0.5762, 0.5852, 0.6049, 0.6057, 0.6153, 0.6076, 0.6181, 0.6392, 0.6437, 0.6577, 0.6972, 0.7062, 0.7026, 0.7042, 0.6893, 0.7142, 0.7042, 0.6961, 0.7074, 0.7106, 0.7015, 0.7125, 0.696, 0.7054, 0.7017, 0.7051, 0.7266]","[0.5305, 0.4124, 0.2628, 0.3285, 0.5937, 0.2371, 0.4873, 0.2858, 0.2714, 0.4343]",4.8,2,240,52,60,"[0, 0, 0, 0, 0, 0, 0, 0, 0, 0, 0, 0, 0, 0, 0, 0, 0, 0, 0, 0, 0, 0, 0, 0, 0, 0, 0, 0, 1, 1]","[3, 5, 30, 30, 29, 30, 30, 30, 29, 30]",3.5,,,,,,,,,,,,,,,
faithful_root_t-0.3,faithful_root,-0.3,backdoor,8,2,30,0.6977594951405702,0.7111422359184875,0.8458588441095337,1.0,0.0,0.9982895540623091,0.702,"{""Backdoor"": 0.89, ""DDoS_HTTP"": 0.597, ""DDoS_ICMP"": 0.988, ""DDoS_TCP"": 0.603, ""DDoS_UDP"": 0.994, ""Fingerprinting"": 0.0, ""MITM"": 1.0, ""Normal"": 1.0, ""Password"": 0.192, ""Port_Scanning"": 0.947, ""Ransomware"": 0.432, ""SQL_injection"": 0.899, ""Uploading"": 0.46, ""Vulnerability_scanner"": 0.814, ""XSS"": 0.852}","[0.4156, 0.5316, 0.5873, 0.6069, 0.6105, 0.6762, 0.6837, 0.692, 0.6924, 0.6958, 0.6918, 0.6944, 0.6963, 0.6929, 0.6939, 0.6988, 0.6965, 0.6975, 0.6969, 0.697, 0.6955, 0.6997, 0.6968, 0.6993, 0.6973, 0.6977, 0.697, 0.7012, 0.707, 0.6978]","[0.5305, 0.4124, 0.2628, 0.3285, 0.5937, 0.2371, 0.4873, 0.2858, 0.2714, 0.4343]",4.8,0,240,0,60,"[0, 0, 0, 0, 0, 0, 0, 0, 0, 0, 0, 0, 0, 0, 0, 0, 0, 0, 0, 0, 0, 0, 0, 0, 0, 0, 0, 0, 0, 0]","[30, 30, 30, 30, 30, 30, 30, 30, 30, 30]",3.5,,,,,,,,,,,,,,,
faithful_root_t-0.3,faithful_root,-0.3,backdoor_boost,8,2,30,0.6785379471114896,0.6960136752282486,0.8353405548453654,1.0,0.0,0.7322744858480961,0.6806000000000001,"{""Backdoor"": 0.892, ""DDoS_HTTP"": 0.597, ""DDoS_ICMP"": 0.987, ""DDoS_TCP"": 0.623, ""DDoS_UDP"": 0.993, ""Fingerprinting"": 0.0, ""MITM"": 1.0, ""Normal"": 1.0, ""Password"": 0.356, ""Port_Scanning"": 0.921, ""Ransomware"": 0.432, ""SQL_injection"": 0.123, ""Uploading"": 0.856, ""Vulnerability_scanner"": 0.804, ""XSS"": 0.856}","[0.4915, 0.5956, 0.6117, 0.6626, 0.6695, 0.6752, 0.6739, 0.6796, 0.6773, 0.6851, 0.6828, 0.6825, 0.6935, 0.6736, 0.6871, 0.6893, 0.698, 0.6853, 0.6931, 0.6937, 0.6765, 0.691, 0.6968, 0.6739, 0.6955, 0.6964, 0.6891, 0.6681, 0.6952, 0.6785]","[0.5305, 0.4124, 0.2628, 0.3285, 0.5937, 0.2371, 0.4873, 0.2858, 0.2714, 0.4343]",4.8,0,240,46,60,"[0, 0, 0, 0, 0, 0, 0, 0, 0, 0, 0, 0, 0, 0, 0, 0, 0, 0, 0, 0, 0, 0, 0, 0, 0, 0, 0, 0, 0, 0]","[3, 11, 30, 30, 30, 30, 30, 30, 30, 30]",3.5,,,,,,,,,,,,,,,
faithful_root_t-0.3,faithful_root,-0.3,adaptive,8,2,30,0.6172604640338129,0.6338293572152279,0.8282536051492521,1.0,0.0,0.0,0.6214999999999999,"{""Backdoor"": 0.938, ""DDoS_HTTP"": 0.597, ""DDoS_ICMP"": 0.998, ""DDoS_TCP"": 0.936, ""DDoS_UDP"": 0.996, ""Fingerprinting"": 0.115, ""MITM"": 0.0, ""Normal"": 1.0, ""Password"": 0.452, ""Port_Scanning"": 0.582, ""Ransomware"": 0.389, ""SQL_injection"": 0.086, ""Uploading"": 0.785, ""Vulnerability_scanner"": 0.777, ""XSS"": 0.858}","[0.3309, 0.4315, 0.5033, 0.5128, 0.5191, 0.5635, 0.5765, 0.5934, 0.5748, 0.5867, 0.5868, 0.589, 0.5995, 0.6088, 0.6141, 0.6223, 0.6067, 0.6055, 0.6234, 0.6185, 0.6006, 0.6329, 0.6346, 0.6324, 0.6345, 0.628, 0.6279, 0.6143, 0.6329, 0.6173]","[0.5305, 0.4124, 0.2628, 0.3285, 0.5937, 0.2371, 0.4873, 0.2858, 0.2714, 0.4343]",4.9,3,240,0,60,"[0, 0, 0, 0, 0, 0, 0, 0, 0, 0, 0, 0, 0, 0, 0, 0, 1, 0, 0, 0, 0, 0, 0, 0, 0, 0, 0, 0, 1, 1]","[30, 30, 30, 28, 30, 30, 30, 30, 29, 30]",3.5,,,,,,,,,,,,,,,
faithful_root_t-0.3,faithful_root,-0.3,adaptive_f30,8,3,30,0.5972505952789677,0.6204920742621738,0.8238579021731818,1.0,0.0,0.0,0.6019333333333333,"{""Backdoor"": 0.864, ""DDoS_HTTP"": 0.597, ""DDoS_ICMP"": 0.997, ""DDoS_TCP"": 0.821, ""DDoS_UDP"": 0.996, ""Fingerprinting"": 0.0, ""MITM"": 0.0, ""Normal"": 1.0, ""Password"": 0.381, ""Port_Scanning"": 0.701, ""Ransomware"": 0.499, ""SQL_injection"": 0.002, ""Uploading"": 0.832, ""Vulnerability_scanner"": 0.821, ""XSS"": 0.797}","[0.4265, 0.4918, 0.5224, 0.5489, 0.5506, 0.5713, 0.5879, 0.5912, 0.5676, 0.5775, 0.5825, 0.5698, 0.5802, 0.5959, 0.5824, 0.5916, 0.6071, 0.5936, 0.6, 0.5912, 0.5886, 0.6058, 0.6094, 0.5969, 0.596, 0.6066, 0.5972, 0.594, 0.6145, 0.5973]","[0.5305, 0.4124, 0.2628, 0.3285, 0.5937, 0.2371, 0.4873, 0.2858, 0.2714, 0.4343]",4.8,6,210,0,90,"[0, 0, 0, 0, 0, 0, 0, 0, 0, 0, 0, 0, 0, 0, 0, 0, 1, 1, 0, 1, 0, 0, 0, 1, 0, 0, 1, 0, 0, 1]","[30, 30, 30, 24, 30, 30, 30, 30, 30, 30]",3.5,,,,,,,,,,,,,,,
faithful_root_t0.0,faithful_root,0.0,none,8,0,30,0.7272946120625933,0.723372994509862,0.8492677566215883,1.0,0.0,0.0,0.7155666666666667,"{""Backdoor"": 0.62, ""DDoS_HTTP"": 0.603, ""DDoS_ICMP"": 0.996, ""DDoS_TCP"": 0.591, ""DDoS_UDP"": 0.995, ""Fingerprinting"": 0.115, ""MITM"": 1.0, ""Normal"": 1.0, ""Password"": 0.661, ""Port_Scanning"": 0.964, ""Ransomware"": 0.808, ""SQL_injection"": 0.464, ""Uploading"": 0.422, ""Vulnerability_scanner"": 0.777, ""XSS"": 0.834}","[0.4235, 0.5543, 0.5965, 0.6062, 0.6143, 0.6264, 0.653, 0.654, 0.691, 0.6902, 0.6931, 0.6828, 0.6972, 0.7044, 0.7094, 0.7089, 0.7064, 0.7135, 0.6929, 0.7023, 0.6981, 0.7159, 0.6952, 0.7248, 0.6881, 0.7086, 0.7016, 0.7075, 0.7119, 0.7273]","[0.5305, 0.4124, 0.2628, 0.3285, 0.5937, 0.2371, 0.4873, 0.2858, 0.2714, 0.4343]",4.8,47,300,0,0,"[0, 0, 0, 0, 0, 0, 0, 0, 0, 0, 1, 2, 0, 1, 0, 2, 3, 3, 3, 2, 2, 4, 3, 3, 3, 4, 2, 5, 1, 3]","[24, 23, 29, 22, 20, 27, 27, 28, 23, 30]",3.5,,,,,-0.01515151515151515,-0.03188405797101449,-0.024999999999999994,0.3,0.3,0.18550724637681157,0.26640316205533593,0.8410714285714285,0.7,0.5,-0.33537208832550724
faithful_root_t0.0,faithful_root,0.0,signflip,8,2,30,0.7027456691025891,0.7156418280518106,0.8439749714055036,1.0,0.0,0.0,0.7056666666666667,"{""Backdoor"": 0.94, ""DDoS_HTTP"": 0.597, ""DDoS_ICMP"": 0.997, ""DDoS_TCP"": 0.591, ""DDoS_UDP"": 0.995, ""Fingerprinting"": 0.115, ""MITM"": 1.0, ""Normal"": 1.0, ""Password"": 0.971, ""Port_Scanning"": 0.964, ""Ransomware"": 0.389, ""SQL_injection"": 0.12, ""Uploading"": 0.424, ""Vulnerability_scanner"": 0.773, ""XSS"": 0.858}","[0.4357, 0.5662, 0.5871, 0.5795, 0.587, 0.6083, 0.6109, 0.6149, 0.61, 0.635, 0.658, 0.6442, 0.7041, 0.7116, 0.7061, 0.7114, 0.6699, 0.7059, 0.6742, 0.717, 0.6696, 0.7111, 0.7152, 0.6911, 0.7229, 0.7126, 0.7008, 0.704, 0.7103, 0.7027]","[0.5305, 0.4124, 0.2628, 0.3285, 0.5937, 0.2371, 0.4873, 0.2858, 0.2714, 0.4343]",4.7,36,240,60,60,"[0, 0, 0, 0, 0, 0, 0, 0, 0, 0, 1, 0, 1, 1, 0, 3, 2, 2, 2, 3, 2, 2, 1, 2, 2, 1, 3, 3, 2, 3]","[0, 0, 29, 23, 21, 27, 28, 25, 21, 30]",3.5,,,,,,,,,,,,,,,
faithful_root_t0.0,faithful_root,0.0,labelflip,8,2,30,0.703256334590146,0.7159067725790503,0.8441543878535065,1.0,0.0,0.0,0.7057333333333333,"{""Backdoor"": 0.94, ""DDoS_HTTP"": 0.597, ""DDoS_ICMP"": 0.997, ""DDoS_TCP"": 0.591, ""DDoS_UDP"": 0.995, ""Fingerprinting"": 0.115, ""MITM"": 1.0, ""Normal"": 1.0, ""Password"": 0.971, ""Port_Scanning"": 0.964, ""Ransomware"": 0.389, ""SQL_injection"": 0.124, ""Uploading"": 0.424, ""Vulnerability_scanner"": 0.773, ""XSS"": 0.858}","[0.4162, 0.5353, 0.5848, 0.5758, 0.5853, 0.6073, 0.6085, 0.6135, 0.6101, 0.6319, 0.6542, 0.6439, 0.7015, 0.711, 0.7057, 0.7122, 0.67, 0.7066, 0.6757, 0.7134, 0.6696, 0.7123, 0.7155, 0.6905, 0.7169, 0.7124, 0.7011, 0.704, 0.7099, 0.7033]","[0.5305, 0.4124, 0.2628, 0.3285, 0.5937, 0.2371, 0.4873, 0.2858, 0.2714, 0.4343]",4.9,36,240,58,60,"[0, 0, 0, 0, 0, 0, 0, 0, 0, 0, 1, 0, 1, 1, 0, 3, 2, 2, 2, 3, 2, 2, 1, 2, 2, 1, 3, 3, 2, 3]","[1, 1, 29, 23, 21, 27, 28, 25, 21, 30]",3.5,,,,,,,,,,,,,,,
faithful_root_t0.0,faithful_root,0.0,targeted_flip,8,2,30,0.7027926283389142,0.7156414284371392,0.8439749714055036,1.0,0.0,0.0,0.7056333333333332,"{""Backdoor"": 0.94, ""DDoS_HTTP"": 0.597, ""DDoS_ICMP"": 0.997, ""DDoS_TCP"": 0.591, ""DDoS_UDP"": 0.995, ""Fingerprinting"": 0.115, ""MITM"": 1.0, ""Normal"": 1.0, ""Password"": 0.971, ""Port_Scanning"": 0.964, ""Ransomware"": 0.389, ""SQL_injection"": 0.12, ""Uploading"": 0.424, ""Vulnerability_scanner"": 0.773, ""XSS"": 0.858}","[0.4008, 0.5363, 0.5853, 0.5786, 0.5874, 0.6089, 0.6105, 0.6153, 0.6164, 0.6326, 0.658, 0.645, 0.7023, 0.7103, 0.7061, 0.7111, 0.6699, 0.7052, 0.6736, 0.7167, 0.6696, 0.7105, 0.7149, 0.6904, 0.7172, 0.7127, 0.7009, 0.704, 0.7101, 0.7028]","[0.5305, 0.4124, 0.2628, 0.3285, 0.5937, 0.2371, 0.4873, 0.2858, 0.2714, 0.4343]",4.7,36,240,58,60,"[0, 0, 0, 0, 0, 0, 0, 0, 0, 0, 1, 0, 1, 1, 0, 3, 2, 2, 2, 3, 2, 2, 1, 2, 2, 1, 3, 3, 2, 3]","[1, 1, 29, 23, 21, 27, 28, 25, 21, 30]",3.5,,,,,,,,,,,,,,,
faithful_root_t0.0,faithful_root,0.0,backdoor,8,2,30,0.6930784315971259,0.7095375062535181,0.8445132207495122,1.0,0.0,0.9983302789655875,0.6962333333333334,"{""Backdoor"": 0.938, ""DDoS_HTTP"": 0.597, ""DDoS_ICMP"": 0.988, ""DDoS_TCP"": 0.703, ""DDoS_UDP"": 0.995, ""Fingerprinting"": 0.0, ""MITM"": 1.0, ""Normal"": 1.0, ""Password"": 0.971, ""Port_Scanning"": 0.852, ""Ransomware"": 0.389, ""SQL_injection"": 0.16, ""Uploading"": 0.414, ""Vulnerability_scanner"": 0.781, ""XSS"": 0.856}","[0.4156, 0.5316, 0.5873, 0.6069, 0.6105, 0.6762, 0.6837, 0.692, 0.6951, 0.6966, 0.692, 0.7, 0.7075, 0.694, 0.694, 0.7026, 0.6993, 0.7062, 0.6663, 0.6979, 0.6834, 0.6983, 0.7025, 0.6963, 0.6885, 0.6943, 0.6832, 0.7002, 0.6954, 0.6931]","[0.5305, 0.4124, 0.2628, 0.3285, 0.5937, 0.2371, 0.4873, 0.2858, 0.2714, 0.4343]",4.7,32,240,12,60,"[0, 0, 0, 0, 0, 0, 0, 0, 0, 0, 0, 0, 1, 0, 0, 1, 1, 3, 2, 3, 3, 3, 1, 2, 1, 3, 1, 2, 2, 3]","[24, 24, 30, 25, 22, 26, 27, 23, 25, 30]",3.5,,,,,,,,,,,,,,,
faithful_root_t0.0,faithful_root,0.0,backdoor_boost,8,2,30,0.6576057560419181,0.6861861826633807,0.8286797192132589,1.0,0.0,0.3724699653838322,0.6842333333333332,"{""Backdoor"": 0.93, ""DDoS_HTTP"": 0.597, ""DDoS_ICMP"": 0.985, ""DDoS_TCP"": 0.994, ""DDoS_UDP"": 0.995, ""Fingerprinting"": 0.0, ""MITM"": 1.0, ""Normal"": 1.0, ""Password"": 0.145, ""Port_Scanning"": 0.519, ""Ransomware"": 0.393, ""SQL_injection"": 0.089, ""Uploading"": 0.992, ""Vulnerability_scanner"": 0.797, ""XSS"": 0.856}","[0.4915, 0.5956, 0.6117, 0.6626, 0.6603, 0.6755, 0.6719, 0.6908, 0.6852, 0.7004, 0.6754, 0.7028, 0.6947, 0.6908, 0.6887, 0.7035, 0.6563, 0.699, 0.6949, 0.694, 0.6438, 0.6934, 0.6575, 0.7034, 0.6996, 0.6964, 0.7003, 0.6942, 0.7009, 0.6576]","[0.5305, 0.4124, 0.2628, 0.3285, 0.5937, 0.2371, 0.4873, 0.2858, 0.2714, 0.4343]",4.7,38,240,52,60,"[0, 0, 0, 0, 0, 0, 0, 0, 0, 0, 0, 1, 2, 2, 0, 2, 2, 2, 0, 3, 3, 3, 2, 3, 1, 3, 2, 2, 3, 2]","[3, 5, 30, 24, 23, 25, 25, 23, 22, 30]",3.5,,,,,,,,,,,,,,,
faithful_root_t0.0,faithful_root,0.0,adaptive,8,2,30,0.6058820771656205,0.6245942004554272,0.8213684989571419,1.0,0.0,0.0,0.6160333333333333,"{""Backdoor"": 0.938, ""DDoS_HTTP"": 0.511, ""DDoS_ICMP"": 0.999, ""DDoS_TCP"": 0.877, ""DDoS_UDP"": 0.995, ""Fingerprinting"": 0.13, ""MITM"": 0.0, ""Normal"": 1.0, ""Password"": 0.221, ""Port_Scanning"": 0.657, ""Ransomware"": 0.389, ""SQL_injection"": 0.067, ""Uploading"": 0.921, ""Vulnerability_scanner"": 0.789, ""XSS"": 0.876}","[0.3309, 0.4315, 0.5033, 0.5128, 0.5191, 0.5635, 0.5765, 0.5934, 0.5748, 0.5867, 0.5868, 0.589, 0.6044, 0.6149, 0.6154, 0.6225, 0.6004, 0.6126, 0.6137, 0.6192, 0.6128, 0.6407, 0.6346, 0.625, 0.6128, 0.6243, 0.6183, 0.6185, 0.6237, 0.6059]","[0.5305, 0.4124, 0.2628, 0.3285, 0.5937, 0.2371, 0.4873, 0.2858, 0.2714, 0.4343]",4.8,26,240,0,60,"[0, 0, 0, 0, 0, 0, 0, 0, 0, 0, 0, 0, 1, 1, 0, 3, 2, 1, 1, 0, 1, 3, 2, 1, 2, 2, 0, 1, 3, 2]","[30, 30, 30, 26, 26, 27, 27, 28, 20, 30]",3.5,,,,,,,,,,,,,,,
faithful_root_t0.0,faithful_root,0.0,adaptive_f30,8,3,30,0.5866994797656084,0.6124113231087208,0.8184081275650945,1.0,0.0,0.0,0.5996,"{""Backdoor"": 0.519, ""DDoS_HTTP"": 0.597, ""DDoS_ICMP"": 0.998, ""DDoS_TCP"": 0.759, ""DDoS_UDP"": 0.996, ""Fingerprinting"": 0.0, ""MITM"": 0.0, ""Normal"": 1.0, ""Password"": 0.214, ""Port_Scanning"": 0.764, ""Ransomware"": 0.772, ""SQL_injection"": 0.002, ""Uploading"": 0.948, ""Vulnerability_scanner"": 0.822, ""XSS"": 0.797}","[0.4265, 0.4918, 0.5224, 0.5489, 0.5506, 0.5713, 0.5879, 0.5912, 0.5676, 0.5775, 0.5825, 0.5698, 0.5802, 0.5959, 0.5824, 0.6008, 0.609, 0.5939, 0.6, 0.5912, 0.589, 0.6059, 0.6052, 0.6013, 0.5938, 0.6173, 0.6089, 0.5945, 0.6176, 0.5867]","[0.5305, 0.4124, 0.2628, 0.3285, 0.5937, 0.2371, 0.4873, 0.2858, 0.2714, 0.4343]",4.8,10,210,0,90,"[0, 0, 0, 0, 0, 0, 0, 0, 0, 0, 0, 0, 0, 0, 0, 1, 1, 1, 0, 1, 0, 0, 1, 0, 1, 1, 0, 0, 1, 2]","[30, 30, 30, 26, 26, 30, 28, 30, 30, 30]",3.5,,,,,,,,,,,,,,,
faithful_root_t-0.3_kappa1.5,faithful_root,-0.3,none,8,0,30,0.7256761453970187,0.7290731142713972,0.849245329565588,1.0,0.0,0.0,0.7290000000000001,"{""Backdoor"": 0.779, ""DDoS_HTTP"": 0.597, ""DDoS_ICMP"": 0.993, ""DDoS_TCP"": 0.591, ""DDoS_UDP"": 0.978, ""Fingerprinting"": 0.215, ""MITM"": 1.0, ""Normal"": 1.0, ""Password"": 0.13, ""Port_Scanning"": 0.964, ""Ransomware"": 0.633, ""SQL_injection"": 0.959, ""Uploading"": 0.466, ""Vulnerability_scanner"": 0.773, ""XSS"": 0.858}","[0.4235, 0.5543, 0.5965, 0.5895, 0.5687, 0.5869, 0.5953, 0.5954, 0.5963, 0.6368, 0.6644, 0.6684, 0.6736, 0.651, 0.6957, 0.6905, 0.6873, 0.736, 0.7025, 0.706, 0.7032, 0.738, 0.7487, 0.7307, 0.7238, 0.695, 0.7073, 0.7259, 0.7354, 0.7257]","[0.5305, 0.4124, 0.2628, 0.3285, 0.5937, 0.2371, 0.4873, 0.2858, 0.2714, 0.4343]",5.3,138,300,0,0,"[0, 0, 0, 2, 4, 4, 4, 4, 4, 6, 6, 6, 6, 5, 5, 5, 5, 6, 5, 5, 5, 6, 6, 4, 5, 7, 6, 5, 6, 6]","[3, 28, 30, 4, 4, 11, 3, 30, 19, 30]",1.5,,,,,-0.01515151515151515,-0.03188405797101449,-0.024999999999999994,0.3,0.3,0.06429512516469038,0.2791831357048748,0.8342857142857142,0.7,0.5,-0.5247813488251173
faithful_root_t-0.3_kappa1.5,faithful_root,-0.3,signflip,8,2,30,0.7060603023628835,0.7171229828933641,0.8366188970373859,1.0,0.0,0.0,0.7122666666666667,"{""Backdoor"": 0.94, ""DDoS_HTTP"": 0.337, ""DDoS_ICMP"": 0.993, ""DDoS_TCP"": 0.927, ""DDoS_UDP"": 0.995, ""Fingerprinting"": 0.325, ""MITM"": 1.0, ""Normal"": 1.0, ""Password"": 0.13, ""Port_Scanning"": 0.594, ""Ransomware"": 0.389, ""SQL_injection"": 0.956, ""Uploading"": 0.467, ""Vulnerability_scanner"": 0.773, ""XSS"": 0.931}","[0.4357, 0.5662, 0.5871, 0.5564, 0.5512, 0.555, 0.5612, 0.5726, 0.574, 0.5611, 0.5868, 0.5787, 0.6181, 0.6175, 0.623, 0.6277, 0.648, 0.6661, 0.6584, 0.6669, 0.6672, 0.7053, 0.7052, 0.7033, 0.6907, 0.6989, 0.7187, 0.7101, 0.7206, 0.7061]","[0.5305, 0.4124, 0.2628, 0.3285, 0.5937, 0.2371, 0.4873, 0.2858, 0.2714, 0.4343]",4.6,104,240,60,60,"[0, 0, 0, 1, 3, 3, 3, 3, 3, 4, 4, 4, 3, 3, 4, 5, 4, 5, 4, 5, 4, 5, 4, 4, 3, 5, 4, 4, 5, 5]","[0, 0, 30, 4, 4, 14, 3, 30, 21, 30]",1.5,,,,,,,,,,,,,,,
faithful_root_t-0.3_kappa1.5,faithful_root,-0.3,adaptive_f30,8,3,30,0.6104590220481857,0.6333645931551061,0.8323577563973177,1.0,0.0,0.0,0.6065666666666667,"{""Backdoor"": 0.623, ""DDoS_HTTP"": 0.597, ""DDoS_ICMP"": 0.999, ""DDoS_TCP"": 0.64, ""DDoS_UDP"": 0.995, ""Fingerprinting"": 0.005, ""MITM"": 0.0, ""Normal"": 1.0, ""Password"": 0.852, ""Port_Scanning"": 0.906, ""Ransomware"": 0.699, ""SQL_injection"": 0.002, ""Uploading"": 0.564, ""Vulnerability_scanner"": 0.815, ""XSS"": 0.805}","[0.3934, 0.5093, 0.5269, 0.5417, 0.5831, 0.5869, 0.5741, 0.5763, 0.5706, 0.5872, 0.5995, 0.6019, 0.6008, 0.6033, 0.6016, 0.6038, 0.6012, 0.6065, 0.6052, 0.6022, 0.6037, 0.606, 0.6049, 0.6041, 0.6055, 0.6061, 0.6068, 0.6038, 0.6054, 0.6105]","[0.5305, 0.4124, 0.2628, 0.3285, 0.5937, 0.2371, 0.4873, 0.2858, 0.2714, 0.4343]",4.7,93,210,0,90,"[0, 0, 0, 0, 2, 2, 2, 2, 2, 2, 3, 4, 3, 4, 3, 3, 5, 5, 3, 5, 3, 4, 5, 5, 3, 4, 5, 5, 5, 4]","[30, 30, 30, 4, 4, 30, 19, 30, 10, 20]",1.5,,,,,,,,,,,,,,,
faithful_root_t-0.3_kappa2.5,faithful_root,-0.3,none,8,0,30,0.711634384562214,0.7193375542279222,0.8467334992935477,1.0,0.0,0.0,0.7086333333333332,"{""Backdoor"": 0.538, ""DDoS_HTTP"": 0.597, ""DDoS_ICMP"": 0.996, ""DDoS_TCP"": 0.591, ""DDoS_UDP"": 0.996, ""Fingerprinting"": 0.115, ""MITM"": 1.0, ""Normal"": 1.0, ""Password"": 0.13, ""Port_Scanning"": 0.964, ""Ransomware"": 0.821, ""SQL_injection"": 0.925, ""Uploading"": 0.486, ""Vulnerability_scanner"": 0.774, ""XSS"": 0.858}","[0.4235, 0.5543, 0.5965, 0.6062, 0.6143, 0.6264, 0.653, 0.654, 0.691, 0.6902, 0.6899, 0.6868, 0.6983, 0.7008, 0.7087, 0.7079, 0.707, 0.7025, 0.7141, 0.7121, 0.7106, 0.7076, 0.715, 0.7065, 0.7152, 0.7077, 0.7092, 0.7032, 0.7111, 0.7116]","[0.5305, 0.4124, 0.2628, 0.3285, 0.5937, 0.2371, 0.4873, 0.2858, 0.2714, 0.4343]",4.9,13,300,0,0,"[0, 0, 0, 0, 0, 0, 0, 0, 0, 0, 0, 0, 0, 0, 3, 1, 0, 0, 0, 0, 0, 0, 2, 0, 0, 0, 0, 1, 4, 2]","[29, 30, 30, 27, 26, 30, 26, 30, 29, 30]",2.5,,,,,-0.01515151515151515,-0.03188405797101449,-0.024999999999999994,0.3,0.3,0.18550724637681157,0.26640316205533593,0.8410714285714285,0.7,0.5,-0.6054425753242478
faithful_root_t-0.3_kappa2.5,faithful_root,-0.3,signflip,8,2,30,0.7057755875412669,0.7146839444252354,0.8432348785574918,1.0,0.0,0.0,0.7117333333333334,"{""Backdoor"": 0.441, ""DDoS_HTTP"": 0.597, ""DDoS_ICMP"": 0.996, ""DDoS_TCP"": 0.591, ""DDoS_UDP"": 0.995, ""Fingerprinting"": 0.125, ""MITM"": 1.0, ""Normal"": 1.0, ""Password"": 0.13, ""Port_Scanning"": 0.964, ""Ransomware"": 0.824, ""SQL_injection"": 0.977, ""Uploading"": 0.448, ""Vulnerability_scanner"": 0.774, ""XSS"": 0.858}","[0.4357, 0.5662, 0.5871, 0.5795, 0.587, 0.6083, 0.6109, 0.6149, 0.61, 0.635, 0.6411, 0.6428, 0.6597, 0.6996, 0.699, 0.7026, 0.6781, 0.7052, 0.7158, 0.706, 0.6975, 0.713, 0.7154, 0.7146, 0.7139, 0.6961, 0.7052, 0.7042, 0.7252, 0.7058]","[0.5305, 0.4124, 0.2628, 0.3285, 0.5937, 0.2371, 0.4873, 0.2858, 0.2714, 0.4343]",4.8,12,240,60,60,"[0, 0, 0, 0, 0, 0, 0, 0, 0, 0, 0, 0, 0, 0, 2, 0, 1, 1, 0, 0, 0, 1, 1, 1, 0, 0, 0, 0, 3, 2]","[0, 0, 30, 28, 26, 30, 27, 30, 27, 30]",2.5,,,,,,,,,,,,,,,
faithful_root_t-0.3_kappa2.5,faithful_root,-0.3,adaptive_f30,8,3,30,0.5934999283283088,0.619363414175118,0.8230953822691696,1.0,0.0,0.0,0.5909,"{""Backdoor"": 0.915, ""DDoS_HTTP"": 0.597, ""DDoS_ICMP"": 0.997, ""DDoS_TCP"": 0.883, ""DDoS_UDP"": 0.996, ""Fingerprinting"": 0.0, ""MITM"": 0.0, ""Normal"": 1.0, ""Password"": 0.315, ""Port_Scanning"": 0.645, ""Ransomware"": 0.45, ""SQL_injection"": 0.002, ""Uploading"": 0.876, ""Vulnerability_scanner"": 0.818, ""XSS"": 0.797}","[0.4304, 0.503, 0.5212, 0.5479, 0.5534, 0.5705, 0.5885, 0.5905, 0.5669, 0.5807, 0.5654, 0.5661, 0.5757, 0.5819, 0.5783, 0.5967, 0.5972, 0.5929, 0.5952, 0.5886, 0.5776, 0.5993, 0.6015, 0.5912, 0.5835, 0.5882, 0.5965, 0.5836, 0.5956, 0.5935]","[0.5305, 0.4124, 0.2628, 0.3285, 0.5937, 0.2371, 0.4873, 0.2858, 0.2714, 0.4343]",4.7,22,210,0,90,"[0, 0, 0, 0, 0, 0, 0, 0, 0, 0, 1, 1, 1, 1, 1, 1, 1, 1, 1, 1, 1, 0, 2, 1, 1, 1, 1, 2, 2, 1]","[30, 30, 30, 11, 30, 30, 27, 30, 30, 30]",2.5,,,,,,,,,,,,,,,
faithful_root_t-0.3_kappa5.0,faithful_root,-0.3,none,8,0,30,0.7086974827010508,0.7168094955253582,0.8450290430375205,1.0,0.0,0.0,0.7098999999999999,"{""Backdoor"": 0.503, ""DDoS_HTTP"": 0.597, ""DDoS_ICMP"": 0.996, ""DDoS_TCP"": 0.591, ""DDoS_UDP"": 0.996, ""Fingerprinting"": 0.115, ""MITM"": 1.0, ""Normal"": 1.0, ""Password"": 0.13, ""Port_Scanning"": 0.964, ""Ransomware"": 0.822, ""SQL_injection"": 0.909, ""Uploading"": 0.498, ""Vulnerability_scanner"": 0.775, ""XSS"": 0.858}","[0.4235, 0.5543, 0.5965, 0.6062, 0.6143, 0.6264, 0.653, 0.654, 0.691, 0.6902, 0.6899, 0.6868, 0.6983, 0.7008, 0.7078, 0.7067, 0.7072, 0.7026, 0.7145, 0.7121, 0.7106, 0.7077, 0.7078, 0.706, 0.7154, 0.7077, 0.7089, 0.7038, 0.7172, 0.7087]","[0.5305, 0.4124, 0.2628, 0.3285, 0.5937, 0.2371, 0.4873, 0.2858, 0.2714, 0.4343]",4.9,4,300,0,0,"[0, 0, 0, 0, 0, 0, 0, 0, 0, 0, 0, 0, 0, 0, 0, 0, 0, 0, 0, 0, 0, 0, 0, 0, 0, 0, 0, 1, 1, 2]","[29, 30, 30, 29, 29, 30, 30, 30, 29, 30]",5.0,,,,,-0.01515151515151515,-0.03188405797101449,-0.024999999999999994,0.3,0.3,0.18550724637681157,0.26640316205533593,0.8410714285714285,0.7,0.5,-0.3553345272593507
faithful_root_t-0.3_kappa5.0,faithful_root,-0.3,signflip,8,2,30,0.7263424763965375,0.7235169618717835,0.8488416425575814,1.0,0.0,0.0,0.7119666666666667,"{""Backdoor"": 0.847, ""DDoS_HTTP"": 0.597, ""DDoS_ICMP"": 0.995, ""DDoS_TCP"": 0.591, ""DDoS_UDP"": 0.996, ""Fingerprinting"": 0.13, ""MITM"": 1.0, ""Normal"": 1.0, ""Password"": 0.402, ""Port_Scanning"": 0.964, ""Ransomware"": 0.563, ""SQL_injection"": 0.654, ""Uploading"": 0.483, ""Vulnerability_scanner"": 0.774, ""XSS"": 0.858}","[0.4357, 0.5662, 0.5871, 0.5795, 0.587, 0.6083, 0.6109, 0.6149, 0.61, 0.635, 0.6411, 0.6428, 0.6597, 0.6996, 0.7051, 0.7022, 0.7026, 0.6876, 0.7157, 0.7056, 0.6969, 0.7132, 0.7098, 0.7011, 0.7137, 0.6981, 0.7061, 0.7043, 0.7053, 0.7263]","[0.5305, 0.4124, 0.2628, 0.3285, 0.5937, 0.2371, 0.4873, 0.2858, 0.2714, 0.4343]",4.7,3,240,60,60,"[0, 0, 0, 0, 0, 0, 0, 0, 0, 0, 0, 0, 0, 0, 0, 0, 0, 0, 0, 0, 0, 1, 0, 0, 0, 0, 0, 0, 1, 1]","[0, 0, 30, 30, 29, 30, 30, 30, 28, 30]",5.0,,,,,,,,,,,,,,,
faithful_root_t-0.3_kappa5.0,faithful_root,-0.3,adaptive_f30,8,3,30,0.6523415911985723,0.6657266492341257,0.8280517616452489,1.0,0.0,0.0,0.6585,"{""Backdoor"": 0.471, ""DDoS_HTTP"": 0.597, ""DDoS_ICMP"": 0.998, ""DDoS_TCP"": 0.671, ""DDoS_UDP"": 0.997, ""Fingerprinting"": 0.0, ""MITM"": 0.667, ""Normal"": 1.0, ""Password"": 0.62, ""Port_Scanning"": 0.871, ""Ransomware"": 0.772, ""SQL_injection"": 0.002, ""Uploading"": 0.699, ""Vulnerability_scanner"": 0.825, ""XSS"": 0.797}","[0.4055, 0.468, 0.5323, 0.5599, 0.5509, 0.5669, 0.601, 0.599, 0.5745, 0.564, 0.5758, 0.5772, 0.5864, 0.6096, 0.5898, 0.6065, 0.607, 0.6152, 0.6021, 0.5943, 0.5929, 0.6062, 0.6149, 0.609, 0.5952, 0.6122, 0.663, 0.6565, 0.6667, 0.6523]","[0.5305, 0.4124, 0.2628, 0.3285, 0.5937, 0.2371, 0.4873, 0.2858, 0.2714, 0.4343]",4.8,0,210,0,90,"[0, 0, 0, 0, 0, 0, 0, 0, 0, 0, 0, 0, 0, 0, 0, 0, 0, 0, 0, 0, 0, 0, 0, 0, 0, 0, 0, 0, 0, 0]","[30, 30, 30, 30, 30, 30, 30, 30, 30, 30]",5.0,,,,,,,,,,,,,,,
faithful_root_t-0.3_clip,faithful_root,-0.3,none,8,0,30,0.7108627411744115,0.7206377808741219,0.8476305815335621,1.0,0.0,0.0,0.7092,"{""Backdoor"": 0.904, ""DDoS_HTTP"": 0.597, ""DDoS_ICMP"": 0.997, ""DDoS_TCP"": 0.591, ""DDoS_UDP"": 0.995, ""Fingerprinting"": 0.115, ""MITM"": 1.0, ""Normal"": 1.0, ""Password"": 0.13, ""Port_Scanning"": 0.964, ""Ransomware"": 0.465, ""SQL_injection"": 0.951, ""Uploading"": 0.47, ""Vulnerability_scanner"": 0.779, ""XSS"": 0.852}","[0.4127, 0.537, 0.5859, 0.6034, 0.606, 0.6118, 0.6197, 0.6272, 0.6436, 0.6446, 0.6511, 0.647, 0.6895, 0.6888, 0.691, 0.6895, 0.6915, 0.6967, 0.7016, 0.7043, 0.7059, 0.7066, 0.7055, 0.7041, 0.7044, 0.704, 0.7057, 0.708, 0.7087, 0.7109]","[0.5305, 0.4124, 0.2628, 0.3285, 0.5937, 0.2371, 0.4873, 0.2858, 0.2714, 0.4343]",4.8,0,300,0,0,"[0, 0, 0, 0, 0, 0, 0, 0, 0, 0, 0, 0, 0, 0, 0, 0, 0, 0, 0, 0, 0, 0, 0, 0, 0, 0, 0, 0, 0, 0]","[30, 30, 30, 30, 30, 30, 30, 30, 30, 30]",3.5,1.0,,,,-0.01515151515151515,-0.03188405797101449,-0.024999999999999994,0.3,0.3,0.1657444005270092,0.27457180500658757,0.8442857142857141,0.7,0.5,
faithful_root_t-0.3_clip,faithful_root,-0.3,backdoor,8,2,30,0.6971055886717576,0.7103752472294173,0.8453430218215255,1.0,0.0,0.9591936469150886,0.6964333333333332,"{""Backdoor"": 0.862, ""DDoS_HTTP"": 0.597, ""DDoS_ICMP"": 0.982, ""DDoS_TCP"": 0.624, ""DDoS_UDP"": 0.993, ""Fingerprinting"": 0.0, ""MITM"": 1.0, ""Normal"": 1.0, ""Password"": 0.169, ""Port_Scanning"": 0.922, ""Ransomware"": 0.494, ""SQL_injection"": 0.911, ""Uploading"": 0.453, ""Vulnerability_scanner"": 0.792, ""XSS"": 0.856}","[0.4148, 0.5181, 0.5808, 0.5921, 0.6008, 0.6073, 0.6089, 0.6317, 0.6792, 0.6846, 0.6865, 0.6871, 0.6906, 0.6874, 0.6885, 0.6894, 0.6933, 0.6916, 0.692, 0.6931, 0.6927, 0.6941, 0.695, 0.6945, 0.6962, 0.6967, 0.6979, 0.6955, 0.6967, 0.6971]","[0.5305, 0.4124, 0.2628, 0.3285, 0.5937, 0.2371, 0.4873, 0.2858, 0.2714, 0.4343]",4.8,0,240,0,60,"[0, 0, 0, 0, 0, 0, 0, 0, 0, 0, 0, 0, 0, 0, 0, 0, 0, 0, 0, 0, 0, 0, 0, 0, 0, 0, 0, 0, 0, 0]","[30, 30, 30, 30, 30, 30, 30, 30, 30, 30]",3.5,1.0,,,,,,,,,,,,,,
faithful_root_t-0.3_clip,faithful_root,-0.3,backdoor_boost,8,2,30,0.6708692668433911,0.6915504856456601,0.8323353293413174,1.0,0.0,0.0,0.6713333333333334,"{""Backdoor"": 0.888, ""DDoS_HTTP"": 0.597, ""DDoS_ICMP"": 0.985, ""DDoS_TCP"": 0.702, ""DDoS_UDP"": 0.994, ""Fingerprinting"": 0.0, ""MITM"": 1.0, ""Normal"": 1.0, ""Password"": 0.169, ""Port_Scanning"": 0.852, ""Ransomware"": 0.452, ""SQL_injection"": 0.137, ""Uploading"": 0.946, ""Vulnerability_scanner"": 0.796, ""XSS"": 0.856}","[0.4148, 0.5189, 0.5668, 0.5748, 0.5827, 0.5979, 0.6014, 0.6104, 0.6269, 0.632, 0.6737, 0.6793, 0.6834, 0.6788, 0.6799, 0.682, 0.6861, 0.6842, 0.6868, 0.6885, 0.6731, 0.6806, 0.6786, 0.6746, 0.6847, 0.6928, 0.6868, 0.6688, 0.6743, 0.6709]","[0.5305, 0.4124, 0.2628, 0.3285, 0.5937, 0.2371, 0.4873, 0.2858, 0.2714, 0.4343]",4.7,0,240,56,60,"[0, 0, 0, 0, 0, 0, 0, 0, 0, 0, 0, 0, 0, 0, 0, 0, 0, 0, 0, 0, 0, 0, 0, 0, 0, 0, 0, 0, 0, 0]","[1, 3, 30, 30, 30, 30, 30, 30, 30, 30]",3.5,1.0,,,,,,,,,,,,,,
faithful_root_t-0.3_clip,faithful_root,-0.3,adaptive_f30,8,3,30,0.5991033545192376,0.6236099011510857,0.8241494539011864,1.0,0.0,0.0,0.5926666666666667,"{""Backdoor"": 0.837, ""DDoS_HTTP"": 0.597, ""DDoS_ICMP"": 0.997, ""DDoS_TCP"": 0.648, ""DDoS_UDP"": 0.996, ""Fingerprinting"": 0.045, ""MITM"": 0.0, ""Normal"": 1.0, ""Password"": 0.248, ""Port_Scanning"": 0.89, ""Ransomware"": 0.538, ""SQL_injection"": 0.001, ""Uploading"": 0.928, ""Vulnerability_scanner"": 0.808, ""XSS"": 0.822}","[0.3522, 0.499, 0.5219, 0.5349, 0.5457, 0.563, 0.5786, 0.5832, 0.5701, 0.5804, 0.5713, 0.5673, 0.5726, 0.5736, 0.5834, 0.5888, 0.5919, 0.5933, 0.5909, 0.591, 0.588, 0.5917, 0.594, 0.5857, 0.5842, 0.5841, 0.5853, 0.5849, 0.594, 0.5991]","[0.5305, 0.4124, 0.2628, 0.3285, 0.5937, 0.2371, 0.4873, 0.2858, 0.2714, 0.4343]",4.9,0,210,0,90,"[0, 0, 0, 0, 0, 0, 0, 0, 0, 0, 0, 0, 0, 0, 0, 0, 0, 0, 0, 0, 0, 0, 0, 0, 0, 0, 0, 0, 0, 0]","[30, 30, 30, 30, 30, 30, 30, 30, 30, 30]",3.5,1.0,,,,,,,,,,,,,,
faithful_root_t-0.3_clip,faithful_root,-0.3,signflip,8,2,30,0.7023202115174217,0.7109705702971996,0.8409921729574559,1.0,0.0,0.0,0.6991,"{""Backdoor"": 0.907, ""DDoS_HTTP"": 0.597, ""DDoS_ICMP"": 0.997, ""DDoS_TCP"": 0.591, ""DDoS_UDP"": 0.995, ""Fingerprinting"": 0.115, ""MITM"": 1.0, ""Normal"": 1.0, ""Password"": 0.13, ""Port_Scanning"": 0.964, ""Ransomware"": 0.441, ""SQL_injection"": 0.632, ""Uploading"": 0.664, ""Vulnerability_scanner"": 0.774, ""XSS"": 0.858}","[0.4259, 0.5326, 0.5842, 0.5746, 0.5733, 0.5839, 0.5868, 0.5906, 0.5888, 0.5894, 0.6062, 0.5955, 0.598, 0.6257, 0.6444, 0.6476, 0.6476, 0.6491, 0.6551, 0.6559, 0.6535, 0.6948, 0.6952, 0.6953, 0.6961, 0.6909, 0.6982, 0.6971, 0.6979, 0.7023]","[0.5305, 0.4124, 0.2628, 0.3285, 0.5937, 0.2371, 0.4873, 0.2858, 0.2714, 0.4343]",4.7,1,240,60,60,"[0, 0, 0, 0, 0, 0, 0, 0, 0, 0, 0, 0, 0, 0, 0, 0, 0, 0, 0, 0, 0, 0, 0, 0, 0, 0, 0, 0, 1, 0]","[0, 0, 30, 30, 30, 30, 30, 30, 29, 30]",3.5,1.0,,,,,,,,,,,,,,
faithful_root_t-0.3_clipnoise_z0.5,faithful_root,-0.3,none,8,0,30,0.6978873407755098,0.7128191008766523,0.847002623965552,1.0,0.0,0.0,0.6987,"{""Backdoor"": 0.908, ""DDoS_HTTP"": 0.599, ""DDoS_ICMP"": 0.997, ""DDoS_TCP"": 0.591, ""DDoS_UDP"": 0.995, ""Fingerprinting"": 0.0, ""MITM"": 1.0, ""Normal"": 1.0, ""Password"": 0.163, ""Port_Scanning"": 0.964, ""Ransomware"": 0.441, ""SQL_injection"": 0.954, ""Uploading"": 0.447, ""Vulnerability_scanner"": 0.813, ""XSS"": 0.821}","[0.3203, 0.4756, 0.5656, 0.595, 0.5946, 0.5899, 0.6058, 0.613, 0.6282, 0.6359, 0.6244, 0.6458, 0.6849, 0.6864, 0.6874, 0.6867, 0.6916, 0.6903, 0.6964, 0.6853, 0.6861, 0.6843, 0.6865, 0.6817, 0.6876, 0.6871, 0.6905, 0.6983, 0.6999, 0.6979]","[0.5305, 0.4124, 0.2628, 0.3285, 0.5937, 0.2371, 0.4873, 0.2858, 0.2714, 0.4343]",4.8,0,300,0,0,"[0, 0, 0, 0, 0, 0, 0, 0, 0, 0, 0, 0, 0, 0, 0, 0, 0, 0, 0, 0, 0, 0, 0, 0, 0, 0, 0, 0, 0, 0]","[30, 30, 30, 30, 30, 30, 30, 30, 30, 30]",3.5,1.0,0.5,,112.56537912599764,-0.019235836627140974,-0.03017127799736495,-0.07714285714285712,0.1,0.3,0.1965744400527009,0.2604743083003952,0.8332142857142856,0.6,0.6,
faithful_root_t-0.3_clipnoise_z0.5,faithful_root,-0.3,backdoor,8,2,30,0.6934954199988076,0.7088227471617247,0.8451187512615219,1.0,0.0,0.9978008552229688,0.6929333333333334,"{""Backdoor"": 0.882, ""DDoS_HTTP"": 0.597, ""DDoS_ICMP"": 0.986, ""DDoS_TCP"": 0.591, ""DDoS_UDP"": 0.995, ""Fingerprinting"": 0.0, ""MITM"": 0.979, ""Normal"": 1.0, ""Password"": 0.13, ""Port_Scanning"": 0.964, ""Ransomware"": 0.441, ""SQL_injection"": 0.943, ""Uploading"": 0.49, ""Vulnerability_scanner"": 0.8, ""XSS"": 0.833}","[0.21, 0.4646, 0.5781, 0.5771, 0.6062, 0.5805, 0.6121, 0.6133, 0.6227, 0.612, 0.6172, 0.6063, 0.6225, 0.6671, 0.6642, 0.6768, 0.6853, 0.6933, 0.6849, 0.6777, 0.697, 0.6937, 0.6997, 0.6897, 0.6909, 0.6899, 0.6934, 0.6926, 0.6927, 0.6935]","[0.5305, 0.4124, 0.2628, 0.3285, 0.5937, 0.2371, 0.4873, 0.2858, 0.2714, 0.4343]",4.7,0,240,0,60,"[0, 0, 0, 0, 0, 0, 0, 0, 0, 0, 0, 0, 0, 0, 0, 0, 0, 0, 0, 0, 0, 0, 0, 0, 0, 0, 0, 0, 0, 0]","[30, 30, 30, 30, 30, 30, 30, 30, 30, 30]",3.5,1.0,0.5,,112.56537912599764,,,,,,,,,,,
faithful_root_t-0.3_clipnoise_z0.5,faithful_root,-0.3,backdoor_boost,8,2,30,0.6832325019289265,0.6959872835901226,0.8383906344614143,1.0,0.0,0.0,0.6856333333333332,"{""Backdoor"": 0.887, ""DDoS_HTTP"": 0.597, ""DDoS_ICMP"": 0.986, ""DDoS_TCP"": 0.591, ""DDoS_UDP"": 0.995, ""Fingerprinting"": 0.0, ""MITM"": 0.926, ""Normal"": 1.0, ""Password"": 0.146, ""Port_Scanning"": 0.964, ""Ransomware"": 0.441, ""SQL_injection"": 0.499, ""Uploading"": 0.767, ""Vulnerability_scanner"": 0.805, ""XSS"": 0.836}","[0.21, 0.4494, 0.5798, 0.5655, 0.6035, 0.5692, 0.6055, 0.5938, 0.6166, 0.5949, 0.6061, 0.5921, 0.612, 0.5973, 0.5934, 0.6624, 0.6832, 0.6783, 0.6778, 0.6728, 0.6819, 0.6911, 0.6975, 0.6879, 0.6906, 0.6889, 0.6918, 0.6925, 0.6812, 0.6832]","[0.5305, 0.4124, 0.2628, 0.3285, 0.5937, 0.2371, 0.4873, 0.2858, 0.2714, 0.4343]",5.4,0,240,56,60,"[0, 0, 0, 0, 0, 0, 0, 0, 0, 0, 0, 0, 0, 0, 0, 0, 0, 0, 0, 0, 0, 0, 0, 0, 0, 0, 0, 0, 0, 0]","[1, 3, 30, 30, 30, 30, 30, 30, 30, 30]",3.5,1.0,0.5,,112.56537912599764,,,,,,,,,,,
faithful_root_t-0.3_clipnoise_z0.5,faithful_root,-0.3,adaptive_f30,8,3,30,0.6174773020302037,0.6377596763655854,0.8355199712933683,0.9993891264508247,0.0,0.012624720016289961,0.6082000000000001,"{""Backdoor"": 0.9, ""DDoS_HTTP"": 0.597, ""DDoS_ICMP"": 0.997, ""DDoS_TCP"": 0.729, ""DDoS_UDP"": 0.995, ""Fingerprinting"": 0.0, ""MITM"": 0.0, ""Normal"": 1.0, ""Password"": 0.706, ""Port_Scanning"": 0.808, ""Ransomware"": 0.473, ""SQL_injection"": 0.084, ""Uploading"": 0.665, ""Vulnerability_scanner"": 0.818, ""XSS"": 0.794}","[0.2205, 0.3977, 0.4763, 0.5235, 0.5497, 0.5628, 0.5719, 0.5604, 0.5494, 0.5666, 0.5592, 0.5668, 0.5696, 0.5772, 0.5746, 0.5597, 0.5883, 0.601, 0.6041, 0.5812, 0.5854, 0.5916, 0.6087, 0.6001, 0.5936, 0.5896, 0.5865, 0.5953, 0.6118, 0.6175]","[0.5305, 0.4124, 0.2628, 0.3285, 0.5937, 0.2371, 0.4873, 0.2858, 0.2714, 0.4343]",4.9,0,210,0,90,"[0, 0, 0, 0, 0, 0, 0, 0, 0, 0, 0, 0, 0, 0, 0, 0, 0, 0, 0, 0, 0, 0, 0, 0, 0, 0, 0, 0, 0, 0]","[30, 30, 30, 30, 30, 30, 30, 30, 30, 30]",3.5,1.0,0.5,,112.56537912599764,,,,,,,,,,,
faithful_root_t-0.3_clipnoise_z0.5,faithful_root,-0.3,signflip,8,2,30,0.7026454027029966,0.708533775184383,0.8448271995335173,1.0,0.0,0.0384035837914885,0.6962999999999999,"{""Backdoor"": 0.903, ""DDoS_HTTP"": 0.597, ""DDoS_ICMP"": 0.997, ""DDoS_TCP"": 0.599, ""DDoS_UDP"": 0.994, ""Fingerprinting"": 0.0, ""MITM"": 0.979, ""Normal"": 1.0, ""Password"": 0.384, ""Port_Scanning"": 0.952, ""Ransomware"": 0.441, ""SQL_injection"": 0.677, ""Uploading"": 0.468, ""Vulnerability_scanner"": 0.804, ""XSS"": 0.833}","[0.3192, 0.4406, 0.5483, 0.5689, 0.5794, 0.5917, 0.6029, 0.5829, 0.574, 0.6163, 0.5937, 0.6034, 0.6089, 0.6403, 0.6404, 0.6158, 0.6529, 0.6508, 0.6914, 0.6712, 0.6726, 0.6795, 0.6824, 0.675, 0.677, 0.6775, 0.6768, 0.6905, 0.6958, 0.7026]","[0.5305, 0.4124, 0.2628, 0.3285, 0.5937, 0.2371, 0.4873, 0.2858, 0.2714, 0.4343]",4.7,1,240,60,60,"[0, 0, 0, 0, 0, 0, 0, 0, 0, 0, 0, 0, 0, 0, 0, 0, 0, 0, 0, 0, 0, 0, 0, 0, 0, 0, 0, 0, 1, 0]","[0, 0, 30, 30, 30, 30, 30, 30, 29, 30]",3.5,1.0,0.5,,112.56537912599764,,,,,,,,,,,
faithful_root_t-0.3_all_z0.5,faithful_root,-0.3,none,8,0,30,0.6979319529625327,0.7094505569782846,0.8461952499495391,1.0,0.0,0.0,0.6951,"{""Backdoor"": 0.92, ""DDoS_HTTP"": 0.597, ""DDoS_ICMP"": 0.998, ""DDoS_TCP"": 0.599, ""DDoS_UDP"": 0.995, ""Fingerprinting"": 0.0, ""MITM"": 0.963, ""Normal"": 1.0, ""Password"": 0.209, ""Port_Scanning"": 0.956, ""Ransomware"": 0.417, ""SQL_injection"": 0.899, ""Uploading"": 0.449, ""Vulnerability_scanner"": 0.784, ""XSS"": 0.856}","[0.325, 0.4841, 0.5418, 0.5843, 0.6025, 0.5909, 0.6123, 0.6069, 0.6083, 0.5917, 0.6035, 0.6245, 0.6217, 0.6193, 0.6219, 0.6183, 0.6228, 0.6766, 0.6783, 0.6743, 0.683, 0.6832, 0.6848, 0.683, 0.6847, 0.6835, 0.6765, 0.6908, 0.6966, 0.6979]","[0.5305, 0.4124, 0.2628, 0.3285, 0.5937, 0.2371, 0.4873, 0.2858, 0.2714, 0.4343]",5.3,0,300,0,0,"[0, 0, 0, 0, 0, 0, 0, 0, 0, 0, 0, 0, 0, 0, 0, 0, 0, 0, 0, 0, 0, 0, 0, 0, 0, 0, 0, 0, 0, 0]","[30, 30, 30, 30, 30, 30, 30, 30, 30, 30]",3.5,1.0,0.5,3.0,112.56537912599764,-0.019235836627140974,-0.03017127799736495,-0.07714285714285712,0.1,0.3,0.19420289855072462,0.2115942028985507,0.8310714285714285,0.7,0.4,
faithful_root_t-0.3_all_z0.5,faithful_root,-0.3,backdoor,8,2,30,0.681725975852155,0.6951688403130191,0.8393998519814304,1.0,0.0,0.005538586845856241,0.6851333333333333,"{""Backdoor"": 0.893, ""DDoS_HTTP"": 0.597, ""DDoS_ICMP"": 0.979, ""DDoS_TCP"": 0.591, ""DDoS_UDP"": 0.995, ""Fingerprinting"": 0.0, ""MITM"": 0.889, ""Normal"": 1.0, ""Password"": 0.119, ""Port_Scanning"": 0.964, ""Ransomware"": 0.451, ""SQL_injection"": 0.697, ""Uploading"": 0.612, ""Vulnerability_scanner"": 0.792, ""XSS"": 0.848}","[0.2156, 0.5008, 0.5755, 0.5964, 0.6034, 0.5909, 0.6052, 0.6042, 0.6159, 0.6037, 0.6158, 0.6055, 0.6158, 0.6106, 0.6593, 0.6691, 0.6754, 0.6781, 0.6673, 0.6535, 0.6682, 0.6794, 0.6818, 0.6813, 0.6835, 0.6853, 0.6872, 0.6874, 0.6863, 0.6817]","[0.5305, 0.4124, 0.2628, 0.3285, 0.5937, 0.2371, 0.4873, 0.2858, 0.2714, 0.4343]",5.0,0,240,18,60,"[0, 0, 0, 0, 0, 0, 0, 0, 0, 0, 0, 0, 0, 0, 0, 0, 0, 0, 0, 0, 0, 0, 0, 0, 0, 0, 0, 0, 0, 0]","[16, 26, 30, 30, 30, 30, 30, 30, 30, 30]",3.5,1.0,0.5,3.0,112.56537912599764,,,,,,,,,,,
faithful_root_t-0.3_all_z0.5,faithful_root,-0.3,backdoor_boost,8,2,30,0.6743489587433561,0.6812342743150857,0.8379420933414071,1.0,0.0,0.0,0.6773333333333333,"{""Backdoor"": 0.893, ""DDoS_HTTP"": 0.597, ""DDoS_ICMP"": 0.979, ""DDoS_TCP"": 0.591, ""DDoS_UDP"": 0.995, ""Fingerprinting"": 0.0, ""MITM"": 0.687, ""Normal"": 1.0, ""Password"": 0.142, ""Port_Scanning"": 0.964, ""Ransomware"": 0.441, ""SQL_injection"": 0.63, ""Uploading"": 0.655, ""Vulnerability_scanner"": 0.79, ""XSS"": 0.854}","[0.2156, 0.4937, 0.5682, 0.5943, 0.6024, 0.5904, 0.6038, 0.5952, 0.607, 0.5973, 0.6183, 0.6024, 0.6085, 0.604, 0.5975, 0.6701, 0.6753, 0.6736, 0.6658, 0.653, 0.6667, 0.6791, 0.6795, 0.6724, 0.6798, 0.676, 0.683, 0.6794, 0.6783, 0.6743]","[0.5305, 0.4124, 0.2628, 0.3285, 0.5937, 0.2371, 0.4873, 0.2858, 0.2714, 0.4343]",5.1,0,240,56,60,"[0, 0, 0, 0, 0, 0, 0, 0, 0, 0, 0, 0, 0, 0, 0, 0, 0, 0, 0, 0, 0, 0, 0, 0, 0, 0, 0, 0, 0, 0]","[1, 3, 30, 30, 30, 30, 30, 30, 30, 30]",3.5,1.0,0.5,3.0,112.56537912599764,,,,,,,,,,,
faithful_root_t-0.3_all_z0.5,faithful_root,-0.3,adaptive_f30,8,3,30,0.6060415864177956,0.6274739631953417,0.8286124380452577,1.0,0.0,0.0,0.6008999999999999,"{""Backdoor"": 0.893, ""DDoS_HTTP"": 0.597, ""DDoS_ICMP"": 0.998, ""DDoS_TCP"": 0.763, ""DDoS_UDP"": 0.995, ""Fingerprinting"": 0.0, ""MITM"": 0.0, ""Normal"": 1.0, ""Password"": 0.6, ""Port_Scanning"": 0.765, ""Ransomware"": 0.391, ""SQL_injection"": 0.084, ""Uploading"": 0.707, ""Vulnerability_scanner"": 0.818, ""XSS"": 0.8}","[0.2509, 0.4196, 0.4984, 0.5206, 0.549, 0.5715, 0.577, 0.565, 0.5752, 0.5607, 0.5717, 0.5841, 0.5838, 0.584, 0.58, 0.5796, 0.5974, 0.5961, 0.5953, 0.5784, 0.5895, 0.5949, 0.6008, 0.6016, 0.6004, 0.5957, 0.5903, 0.5928, 0.6039, 0.606]","[0.5305, 0.4124, 0.2628, 0.3285, 0.5937, 0.2371, 0.4873, 0.2858, 0.2714, 0.4343]",4.8,0,210,0,90,"[0, 0, 0, 0, 0, 0, 0, 0, 0, 0, 0, 0, 0, 0, 0, 0, 0, 0, 0, 0, 0, 0, 0, 0, 0, 0, 0, 0, 0, 0]","[30, 30, 30, 30, 30, 30, 30, 30, 30, 30]",3.5,1.0,0.5,3.0,112.56537912599764,,,,,,,,,,,
faithful_root_t-0.3_all_z0.5,faithful_root,-0.3,signflip,8,2,30,0.6892205581492508,0.6950532423316587,0.8417771199174684,1.0,0.0,0.0,0.6731000000000001,"{""Backdoor"": 0.94, ""DDoS_HTTP"": 0.597, ""DDoS_ICMP"": 0.998, ""DDoS_TCP"": 0.819, ""DDoS_UDP"": 0.995, ""Fingerprinting"": 0.0, ""MITM"": 0.827, ""Normal"": 1.0, ""Password"": 0.251, ""Port_Scanning"": 0.714, ""Ransomware"": 0.389, ""SQL_injection"": 0.741, ""Uploading"": 0.525, ""Vulnerability_scanner"": 0.774, ""XSS"": 0.856}","[0.3039, 0.4427, 0.558, 0.5859, 0.5982, 0.5599, 0.5781, 0.5905, 0.6091, 0.6051, 0.5944, 0.6168, 0.6137, 0.6158, 0.611, 0.5968, 0.6195, 0.6148, 0.6129, 0.6046, 0.6102, 0.6053, 0.6029, 0.5982, 0.6047, 0.6552, 0.5969, 0.6612, 0.6689, 0.6892]","[0.5305, 0.4124, 0.2628, 0.3285, 0.5937, 0.2371, 0.4873, 0.2858, 0.2714, 0.4343]",4.7,0,240,60,60,"[0, 0, 0, 0, 0, 0, 0, 0, 0, 0, 0, 0, 0, 0, 0, 0, 0, 0, 0, 0, 0, 0, 0, 0, 0, 0, 0, 0, 0, 0]","[0, 0, 30, 30, 30, 30, 30, 30, 30, 30]",3.5,1.0,0.5,3.0,112.56537912599764,,,,,,,,,,,
faithful_root_t-0.3_all_z1.0,faithful_root,-0.3,none,8,0,30,0.7034909413590646,0.7097802885698843,0.8448944807015183,1.0,0.0,0.006434534717980045,0.6997666666666666,"{""Backdoor"": 0.814, ""DDoS_HTTP"": 0.597, ""DDoS_ICMP"": 0.998, ""DDoS_TCP"": 0.712, ""DDoS_UDP"": 0.991, ""Fingerprinting"": 0.0, ""MITM"": 1.0, ""Normal"": 1.0, ""Password"": 0.328, ""Port_Scanning"": 0.846, ""Ransomware"": 0.496, ""SQL_injection"": 0.783, ""Uploading"": 0.447, ""Vulnerability_scanner"": 0.8, ""XSS"": 0.834}","[0.2101, 0.394, 0.5004, 0.4696, 0.5303, 0.5127, 0.606, 0.6074, 0.6052, 0.5823, 0.5878, 0.6022, 0.6192, 0.6077, 0.6036, 0.6077, 0.6231, 0.6273, 0.6882, 0.6804, 0.6852, 0.6882, 0.6921, 0.6875, 0.6901, 0.6843, 0.6712, 0.6988, 0.697, 0.7035]","[0.5305, 0.4124, 0.2628, 0.3285, 0.5937, 0.2371, 0.4873, 0.2858, 0.2714, 0.4343]",5.0,0,300,0,0,"[0, 0, 0, 0, 0, 0, 0, 0, 0, 0, 0, 0, 0, 0, 0, 0, 0, 0, 0, 0, 0, 0, 0, 0, 0, 0, 0, 0, 0, 0]","[30, 30, 30, 30, 30, 30, 30, 30, 30, 30]",3.5,1.0,1.0,3.0,41.285057226388886,-0.019235836627140974,-0.03017127799736495,-0.07714285714285712,0.1,0.3,0.2271409749670619,0.2602108036890646,0.8267857142857142,0.8,0.6,
faithful_root_t-0.3_all_z1.0,faithful_root,-0.3,backdoor,8,2,30,0.6810055474259857,0.6877251689081458,0.8339949314853439,1.0,0.0,0.034086744043982896,0.6799666666666667,"{""Backdoor"": 0.602, ""DDoS_HTTP"": 0.774, ""DDoS_ICMP"": 0.987, ""DDoS_TCP"": 0.591, ""DDoS_UDP"": 0.996, ""Fingerprinting"": 0.0, ""MITM"": 0.897, ""Normal"": 1.0, ""Password"": 0.203, ""Port_Scanning"": 0.964, ""Ransomware"": 0.719, ""SQL_injection"": 0.471, ""Uploading"": 0.689, ""Vulnerability_scanner"": 0.826, ""XSS"": 0.597}","[0.1687, 0.2658, 0.4409, 0.5589, 0.5839, 0.578, 0.5935, 0.5736, 0.5947, 0.5763, 0.599, 0.5905, 0.5914, 0.5947, 0.5978, 0.6106, 0.5928, 0.6651, 0.6189, 0.5958, 0.679, 0.6788, 0.6767, 0.6821, 0.6762, 0.6656, 0.6673, 0.6768, 0.6821, 0.681]","[0.5305, 0.4124, 0.2628, 0.3285, 0.5937, 0.2371, 0.4873, 0.2858, 0.2714, 0.4343]",4.8,0,240,8,60,"[0, 0, 0, 0, 0, 0, 0, 0, 0, 0, 0, 0, 0, 0, 0, 0, 0, 0, 0, 0, 0, 0, 0, 0, 0, 0, 0, 0, 0, 0]","[22, 30, 30, 30, 30, 30, 30, 30, 30, 30]",3.5,1.0,1.0,3.0,41.285057226388886,,,,,,,,,,,
faithful_root_t-0.3_all_z1.0,faithful_root,-0.3,backdoor_boost,8,2,30,0.6762990142322404,0.679152302958597,0.8320437776133127,1.0,0.0,0.0,0.6760666666666667,"{""Backdoor"": 0.669, ""DDoS_HTTP"": 0.738, ""DDoS_ICMP"": 0.982, ""DDoS_TCP"": 0.591, ""DDoS_UDP"": 0.996, ""Fingerprinting"": 0.0, ""MITM"": 0.798, ""Normal"": 1.0, ""Password"": 0.291, ""Port_Scanning"": 0.964, ""Ransomware"": 0.665, ""SQL_injection"": 0.34, ""Uploading"": 0.719, ""Vulnerability_scanner"": 0.825, ""XSS"": 0.61}","[0.1687, 0.2748, 0.4229, 0.553, 0.5674, 0.5738, 0.5956, 0.5706, 0.5825, 0.5667, 0.5958, 0.59, 0.5908, 0.5867, 0.5851, 0.6029, 0.5829, 0.6174, 0.6143, 0.5901, 0.6154, 0.6113, 0.6178, 0.6135, 0.6635, 0.65, 0.6535, 0.6707, 0.6812, 0.6763]","[0.5305, 0.4124, 0.2628, 0.3285, 0.5937, 0.2371, 0.4873, 0.2858, 0.2714, 0.4343]",4.7,0,240,55,60,"[0, 0, 0, 0, 0, 0, 0, 0, 0, 0, 0, 0, 0, 0, 0, 0, 0, 0, 0, 0, 0, 0, 0, 0, 0, 0, 0, 0, 0, 0]","[1, 4, 30, 30, 30, 30, 30, 30, 30, 30]",3.5,1.0,1.0,3.0,41.285057226388886,,,,,,,,,,,
faithful_root_t-0.3_all_z1.0,faithful_root,-0.3,adaptive_f30,8,3,30,0.6134142498181947,0.6338529565326161,0.832873578685326,1.0,0.0,0.00639380981470169,0.6089,"{""Backdoor"": 0.724, ""DDoS_HTTP"": 0.597, ""DDoS_ICMP"": 0.999, ""DDoS_TCP"": 0.887, ""DDoS_UDP"": 0.991, ""Fingerprinting"": 0.0, ""MITM"": 0.0, ""Normal"": 1.0, ""Password"": 0.959, ""Port_Scanning"": 0.572, ""Ransomware"": 0.618, ""SQL_injection"": 0.084, ""Uploading"": 0.467, ""Vulnerability_scanner"": 0.82, ""XSS"": 0.79}","[0.1631, 0.302, 0.3752, 0.4396, 0.4656, 0.5241, 0.5676, 0.5737, 0.5581, 0.5397, 0.5567, 0.5741, 0.5703, 0.5654, 0.5506, 0.542, 0.5818, 0.5791, 0.5882, 0.5704, 0.5854, 0.595, 0.5943, 0.5898, 0.5952, 0.5937, 0.5803, 0.5983, 0.615, 0.6134]","[0.5305, 0.4124, 0.2628, 0.3285, 0.5937, 0.2371, 0.4873, 0.2858, 0.2714, 0.4343]",4.8,0,210,0,90,"[0, 0, 0, 0, 0, 0, 0, 0, 0, 0, 0, 0, 0, 0, 0, 0, 0, 0, 0, 0, 0, 0, 0, 0, 0, 0, 0, 0, 0, 0]","[30, 30, 30, 30, 30, 30, 30, 30, 30, 30]",3.5,1.0,1.0,3.0,41.285057226388886,,,,,,,,,,,
faithful_root_t-0.3_all_z1.0,faithful_root,-0.3,signflip,8,2,30,0.6951004897774394,0.7027279614210487,0.8400950907174415,1.0,0.0,0.00639380981470169,0.6908,"{""Backdoor"": 0.837, ""DDoS_HTTP"": 0.582, ""DDoS_ICMP"": 0.999, ""DDoS_TCP"": 0.907, ""DDoS_UDP"": 0.99, ""Fingerprinting"": 0.0, ""MITM"": 1.0, ""Normal"": 1.0, ""Password"": 0.304, ""Port_Scanning"": 0.623, ""Ransomware"": 0.48, ""SQL_injection"": 0.754, ""Uploading"": 0.448, ""Vulnerability_scanner"": 0.82, ""XSS"": 0.798}","[0.1774, 0.3528, 0.4375, 0.4171, 0.5054, 0.5248, 0.5949, 0.5997, 0.6006, 0.5664, 0.575, 0.5982, 0.6037, 0.5967, 0.5829, 0.573, 0.6194, 0.6177, 0.6492, 0.6429, 0.6494, 0.6497, 0.6519, 0.642, 0.6423, 0.6372, 0.6199, 0.6861, 0.6912, 0.6951]","[0.5305, 0.4124, 0.2628, 0.3285, 0.5937, 0.2371, 0.4873, 0.2858, 0.2714, 0.4343]",4.8,0,240,60,60,"[0, 0, 0, 0, 0, 0, 0, 0, 0, 0, 0, 0, 0, 0, 0, 0, 0, 0, 0, 0, 0, 0, 0, 0, 0, 0, 0, 0, 0, 0]","[0, 0, 30, 30, 30, 30, 30, 30, 30, 30]",3.5,1.0,1.0,3.0,41.285057226388886,,,,,,,,,,,
faithful_root_t-0.3_all_z2.0,faithful_root,-0.3,none,8,0,30,0.6650930548616277,0.6814916944674537,0.8282536051492521,1.0,0.0,0.006108735491753207,0.6673,"{""Backdoor"": 0.744, ""DDoS_HTTP"": 0.833, ""DDoS_ICMP"": 0.999, ""DDoS_TCP"": 0.936, ""DDoS_UDP"": 0.987, ""Fingerprinting"": 0.0, ""MITM"": 0.938, ""Normal"": 1.0, ""Password"": 0.137, ""Port_Scanning"": 0.51, ""Ransomware"": 0.605, ""SQL_injection"": 0.889, ""Uploading"": 0.48, ""Vulnerability_scanner"": 0.818, ""XSS"": 0.347}","[0.1258, 0.2746, 0.2508, 0.3188, 0.324, 0.4196, 0.5039, 0.4972, 0.5058, 0.5459, 0.5465, 0.5641, 0.5815, 0.5597, 0.5644, 0.5888, 0.6195, 0.6268, 0.6316, 0.6259, 0.6401, 0.6021, 0.6272, 0.6089, 0.6361, 0.6342, 0.6276, 0.6633, 0.6735, 0.6651]","[0.5305, 0.4124, 0.2628, 0.3285, 0.5937, 0.2371, 0.4873, 0.2858, 0.2714, 0.4343]",4.8,0,300,0,0,"[0, 0, 0, 0, 0, 0, 0, 0, 0, 0, 0, 0, 0, 0, 0, 0, 0, 0, 0, 0, 0, 0, 0, 0, 0, 0, 0, 0, 0, 0]","[30, 30, 30, 30, 30, 30, 30, 30, 30, 30]",3.5,1.0,2.0,3.0,16.891338818048375,-0.019235836627140974,-0.03017127799736495,-0.07714285714285712,0.1,0.3,0.22015810276679837,0.41857707509881414,0.824642857142857,0.7,0.8,
faithful_root_t-0.3_all_z2.0,faithful_root,-0.3,backdoor,8,2,30,0.5886823859433687,0.6076589278320502,0.8154253291170468,0.9999592750967217,0.0,0.10397067806963958,0.6011666666666666,"{""Backdoor"": 0.469, ""DDoS_HTTP"": 0.915, ""DDoS_ICMP"": 0.985, ""DDoS_TCP"": 0.51, ""DDoS_UDP"": 1.0, ""Fingerprinting"": 0.0, ""MITM"": 0.0, ""Normal"": 1.0, ""Password"": 0.293, ""Port_Scanning"": 0.943, ""Ransomware"": 0.791, ""SQL_injection"": 0.426, ""Uploading"": 0.625, ""Vulnerability_scanner"": 0.862, ""XSS"": 0.294}","[0.1239, 0.1413, 0.2707, 0.2412, 0.2619, 0.3207, 0.4345, 0.3389, 0.4531, 0.4629, 0.5578, 0.5291, 0.5325, 0.4835, 0.4786, 0.4507, 0.4473, 0.515, 0.5258, 0.5694, 0.5654, 0.578, 0.6042, 0.5945, 0.5931, 0.5985, 0.592, 0.6073, 0.6075, 0.5887]","[0.5305, 0.4124, 0.2628, 0.3285, 0.5937, 0.2371, 0.4873, 0.2858, 0.2714, 0.4343]",4.8,0,240,0,60,"[0, 0, 0, 0, 0, 0, 0, 0, 0, 0, 0, 0, 0, 0, 0, 0, 0, 0, 0, 0, 0, 0, 0, 0, 0, 0, 0, 0, 0, 0]","[30, 30, 30, 30, 30, 30, 30, 30, 30, 30]",3.5,1.0,2.0,3.0,16.891338818048375,,,,,,,,,,,
faithful_root_t-0.3_all_z2.0,faithful_root,-0.3,backdoor_boost,8,2,30,0.5526673285170619,0.5800569123790874,0.7966987373567472,0.9998778252901649,0.0,0.06739971492567705,0.5777666666666667,"{""Backdoor"": 0.681, ""DDoS_HTTP"": 0.882, ""DDoS_ICMP"": 0.985, ""DDoS_TCP"": 0.41, ""DDoS_UDP"": 1.0, ""Fingerprinting"": 0.0, ""MITM"": 0.0, ""Normal"": 1.0, ""Password"": 0.27, ""Port_Scanning"": 0.858, ""Ransomware"": 0.647, ""SQL_injection"": 0.422, ""Uploading"": 0.59, ""Vulnerability_scanner"": 0.865, ""XSS"": 0.092}","[0.1239, 0.1425, 0.2714, 0.2374, 0.2418, 0.3058, 0.4011, 0.3227, 0.4342, 0.464, 0.5112, 0.5229, 0.5199, 0.4537, 0.4607, 0.4243, 0.4984, 0.5014, 0.5149, 0.5178, 0.5326, 0.558, 0.5756, 0.5803, 0.571, 0.5667, 0.5583, 0.5787, 0.6019, 0.5527]","[0.5305, 0.4124, 0.2628, 0.3285, 0.5937, 0.2371, 0.4873, 0.2858, 0.2714, 0.4343]",4.7,0,240,39,60,"[0, 0, 0, 0, 0, 0, 0, 0, 0, 0, 0, 0, 0, 0, 0, 0, 0, 0, 0, 0, 0, 0, 0, 0, 0, 0, 0, 0, 0, 0]","[3, 18, 30, 30, 30, 30, 30, 30, 30, 30]",3.5,1.0,2.0,3.0,16.891338818048375,,,,,,,,,,,
faithful_root_t-0.3_all_z2.0,faithful_root,-0.3,adaptive_f30,8,3,30,0.584764345896214,0.6006988350958068,0.8105810850209693,1.0,0.0,0.043697821217674605,0.5729666666666667,"{""Backdoor"": 0.937, ""DDoS_HTTP"": 0.543, ""DDoS_ICMP"": 0.966, ""DDoS_TCP"": 1.0, ""DDoS_UDP"": 0.988, ""Fingerprinting"": 0.0, ""MITM"": 0.0, ""Normal"": 1.0, ""Password"": 0.403, ""Port_Scanning"": 0.439, ""Ransomware"": 0.337, ""SQL_injection"": 0.393, ""Uploading"": 0.57, ""Vulnerability_scanner"": 0.809, ""XSS"": 0.625}","[0.1182, 0.217, 0.2305, 0.2607, 0.2281, 0.3185, 0.4403, 0.3725, 0.4441, 0.4454, 0.49, 0.4601, 0.5164, 0.4676, 0.4315, 0.4798, 0.4974, 0.5035, 0.5005, 0.5258, 0.561, 0.5205, 0.5521, 0.5413, 0.5522, 0.5499, 0.5343, 0.563, 0.5711, 0.5848]","[0.5305, 0.4124, 0.2628, 0.3285, 0.5937, 0.2371, 0.4873, 0.2858, 0.2714, 0.4343]",5.1,0,210,0,90,"[0, 0, 0, 0, 0, 0, 0, 0, 0, 0, 0, 0, 0, 0, 0, 0, 0, 0, 0, 0, 0, 0, 0, 0, 0, 0, 0, 0, 0, 0]","[30, 30, 30, 30, 30, 30, 30, 30, 30, 30]",3.5,1.0,2.0,3.0,16.891338818048375,,,,,,,,,,,
faithful_root_t-0.3_all_z2.0,faithful_root,-0.3,signflip,8,2,30,0.6191707776256979,0.6336750019242613,0.8223552894211577,1.0,0.0,0.0064752596212583995,0.6157,"{""Backdoor"": 0.937, ""DDoS_HTTP"": 0.948, ""DDoS_ICMP"": 0.994, ""DDoS_TCP"": 0.978, ""DDoS_UDP"": 0.96, ""Fingerprinting"": 0.0, ""MITM"": 0.272, ""Normal"": 1.0, ""Password"": 0.184, ""Port_Scanning"": 0.439, ""Ransomware"": 0.446, ""SQL_injection"": 0.837, ""Uploading"": 0.43, ""Vulnerability_scanner"": 0.82, ""XSS"": 0.261}","[0.1215, 0.2388, 0.2186, 0.2929, 0.2833, 0.3686, 0.4553, 0.4914, 0.5027, 0.4703, 0.5553, 0.4846, 0.5355, 0.5321, 0.5079, 0.5407, 0.5473, 0.5359, 0.574, 0.5909, 0.6088, 0.5862, 0.5933, 0.6076, 0.593, 0.6256, 0.6308, 0.6223, 0.6056, 0.6192]","[0.5305, 0.4124, 0.2628, 0.3285, 0.5937, 0.2371, 0.4873, 0.2858, 0.2714, 0.4343]",4.8,0,240,59,60,"[0, 0, 0, 0, 0, 0, 0, 0, 0, 0, 0, 0, 0, 0, 0, 0, 0, 0, 0, 0, 0, 0, 0, 0, 0, 0, 0, 0, 0, 0]","[0, 1, 30, 30, 30, 30, 30, 30, 30, 30]",3.5,1.0,2.0,3.0,16.891338818048375,,,,,,,,,,,
local_only,local_only,,none,9,0,30,0.5317715151799918,0.5917237449062175,0.7650339769898405,0.999877825290165,0.0,0.014017511708409692,0.5317715151799918,"{""Backdoor"": 0.034, ""DDoS_HTTP"": 0.324, ""DDoS_ICMP"": 0.994, ""DDoS_TCP"": 1.0, ""DDoS_UDP"": 0.994, ""Fingerprinting"": 0.0, ""MITM"": 0.0, ""Normal"": 1.0, ""Password"": 0.661, ""Port_Scanning"": 0.184, ""Ransomware"": 0.0, ""SQL_injection"": 0.478, ""Uploading"": 0.0, ""Vulnerability_scanner"": 0.377, ""XSS"": 0.999}",[],"[0.3063, 0.4046, 0.2379, 0.4314, 0.395, 0.527, 0.5784, 0.4237, 0.3687, 0.3849]",1.7,,,,,[],[],,,,,,,,,,,,,,,,
centralized,centralized,,none,9,0,30,0.7214525129025635,0.7218434198440045,0.8484155284935746,1.0,0.0,0.0,0.7144333333333334,"{""Backdoor"": 0.854, ""DDoS_HTTP"": 0.637, ""DDoS_ICMP"": 0.995, ""DDoS_TCP"": 0.662, ""DDoS_UDP"": 0.996, ""Fingerprinting"": 0.115, ""MITM"": 1.0, ""Normal"": 1.0, ""Password"": 0.295, ""Port_Scanning"": 0.882, ""Ransomware"": 0.532, ""SQL_injection"": 0.856, ""Uploading"": 0.417, ""Vulnerability_scanner"": 0.773, ""XSS"": 0.815}","[0.3819, 0.5513, 0.6049, 0.6153, 0.6212, 0.6417, 0.6491, 0.6576, 0.6538, 0.6573, 0.6543, 0.6606, 0.6609, 0.6938, 0.6986, 0.7036, 0.7121, 0.7177, 0.7174, 0.7149, 0.7171, 0.7196, 0.7261, 0.7157, 0.7241, 0.7174, 0.713, 0.7138, 0.708, 0.7215]","[0.3063, 0.4046, 0.2379, 0.4314, 0.395, 0.527, 0.5784, 0.4237, 0.3687, 0.3849]",1.5,,,,,[],[],,,,,,,,,,,,,,,,
fedavg,fedavg,,none,9,0,30,0.7086922138773596,0.720207297220469,0.8482361120455718,1.0,0.0,4.0724903278354713e-05,0.7060333333333334,"{""Backdoor"": 0.892, ""DDoS_HTTP"": 0.616, ""DDoS_ICMP"": 0.996, ""DDoS_TCP"": 1.0, ""DDoS_UDP"": 0.997, ""Fingerprinting"": 0.085, ""MITM"": 1.0, ""Normal"": 1.0, ""Password"": 0.977, ""Port_Scanning"": 0.536, ""Ransomware"": 0.516, ""SQL_injection"": 0.158, ""Uploading"": 0.41, ""Vulnerability_scanner"": 0.781, ""XSS"": 0.838}","[0.3987, 0.5365, 0.586, 0.5954, 0.6296, 0.635, 0.64, 0.6529, 0.688, 0.6948, 0.6922, 0.693, 0.6909, 0.6899, 0.6952, 0.6932, 0.6954, 0.6869, 0.6857, 0.6928, 0.6937, 0.6915, 0.6972, 0.6922, 0.7008, 0.6953, 0.7045, 0.7051, 0.7043, 0.7087]","[0.3063, 0.4046, 0.2379, 0.4314, 0.395, 0.527, 0.5784, 0.4237, 0.3687, 0.3849]",2.4,,,,,[],[],,,,,,0.2993412384716732,0.40223978919631087,0.7714285714285714,0.6,0.7,,,,,,
fedavg,fedavg,,signflip,9,2,30,0.04526645231234961,0.09664713304412426,0.06485904595303775,1.0,1.0,0.0,0.04636666666666667,"{""Backdoor"": 0.002, ""DDoS_HTTP"": 0.0, ""DDoS_ICMP"": 0.0, ""DDoS_TCP"": 0.312, ""DDoS_UDP"": 0.0, ""Fingerprinting"": 0.0, ""MITM"": 0.0, ""Normal"": 0.0, ""Password"": 0.0, ""Port_Scanning"": 0.0, ""Ransomware"": 0.136, ""SQL_injection"": 0.0, ""Uploading"": 1.0, ""Vulnerability_scanner"": 0.0, ""XSS"": 0.0}","[0.0695, 0.1646, 0.2163, 0.2434, 0.2598, 0.2408, 0.2271, 0.191, 0.1787, 0.1517, 0.1264, 0.1191, 0.1073, 0.1088, 0.1172, 0.1203, 0.1131, 0.1094, 0.1094, 0.0991, 0.0886, 0.0799, 0.098, 0.093, 0.083, 0.0534, 0.0417, 0.0448, 0.049, 0.0453]","[0.3063, 0.4046, 0.2379, 0.4314, 0.395, 0.527, 0.5784, 0.4237, 0.3687, 0.3849]",2.6,,,,,[],[],,,,,,,,,,,,,,,,
fedavg,fedavg,,labelflip,9,2,30,0.6735936380363704,0.6924767398316626,0.8278947722532464,1.0,0.0,0.0,0.6786666666666666,"{""Backdoor"": 0.79, ""DDoS_HTTP"": 0.616, ""DDoS_ICMP"": 0.992, ""DDoS_TCP"": 1.0, ""DDoS_UDP"": 0.996, ""Fingerprinting"": 0.125, ""MITM"": 1.0, ""Normal"": 1.0, ""Password"": 0.169, ""Port_Scanning"": 0.536, ""Ransomware"": 0.55, ""SQL_injection"": 0.07, ""Uploading"": 0.966, ""Vulnerability_scanner"": 0.728, ""XSS"": 0.849}","[0.3579, 0.5161, 0.5423, 0.558, 0.5973, 0.6104, 0.6274, 0.6244, 0.6661, 0.6577, 0.6602, 0.664, 0.6549, 0.6565, 0.6608, 0.6622, 0.6593, 0.6649, 0.6615, 0.6689, 0.6624, 0.6669, 0.6652, 0.6638, 0.6713, 0.67, 0.6726, 0.679, 0.6834, 0.6736]","[0.3063, 0.4046, 0.2379, 0.4314, 0.395, 0.527, 0.5784, 0.4237, 0.3687, 0.3849]",2.4,,,,,[],[],,,,,,,,,,,,,,,,
fedavg,fedavg,,targeted_flip,9,2,30,0.687513323105211,0.709236043341025,0.8444235125255107,0.9986968030950927,0.0,0.0008144980655670943,0.6843333333333333,"{""Backdoor"": 0.879, ""DDoS_HTTP"": 0.616, ""DDoS_ICMP"": 0.997, ""DDoS_TCP"": 1.0, ""DDoS_UDP"": 0.996, ""Fingerprinting"": 0.0, ""MITM"": 0.996, ""Normal"": 1.0, ""Password"": 0.977, ""Port_Scanning"": 0.536, ""Ransomware"": 0.493, ""SQL_injection"": 0.073, ""Uploading"": 0.457, ""Vulnerability_scanner"": 0.77, ""XSS"": 0.849}","[0.3664, 0.5082, 0.5693, 0.5764, 0.6014, 0.6239, 0.6358, 0.6362, 0.6821, 0.6821, 0.6838, 0.6845, 0.6819, 0.6836, 0.6827, 0.6833, 0.6831, 0.6831, 0.6835, 0.6829, 0.6884, 0.6837, 0.691, 0.6813, 0.6812, 0.6812, 0.6818, 0.6805, 0.685, 0.6875]","[0.3063, 0.4046, 0.2379, 0.4314, 0.395, 0.527, 0.5784, 0.4237, 0.3687, 0.3849]",2.5,,,,,[],[],,,,,,,,,,,,,,,,
fedavg,fedavg,,backdoor,9,2,30,0.6925893808292367,0.7087758188535265,0.8439749714055036,1.0,0.0,1.0,0.6926333333333333,"{""Backdoor"": 0.777, ""DDoS_HTTP"": 0.616, ""DDoS_ICMP"": 0.994, ""DDoS_TCP"": 0.998, ""DDoS_UDP"": 0.997, ""Fingerprinting"": 0.0, ""MITM"": 1.0, ""Normal"": 1.0, ""Password"": 0.977, ""Port_Scanning"": 0.536, ""Ransomware"": 0.554, ""SQL_injection"": 0.128, ""Uploading"": 0.416, ""Vulnerability_scanner"": 0.789, ""XSS"": 0.848}","[0.3576, 0.4897, 0.5478, 0.5558, 0.5807, 0.6001, 0.6201, 0.6444, 0.6443, 0.6543, 0.6796, 0.6827, 0.6976, 0.7023, 0.6843, 0.6949, 0.6943, 0.6821, 0.6891, 0.6868, 0.6935, 0.7035, 0.6928, 0.7022, 0.6946, 0.6879, 0.6889, 0.692, 0.6933, 0.6926]","[0.3063, 0.4046, 0.2379, 0.4314, 0.395, 0.527, 0.5784, 0.4237, 0.3687, 0.3849]",2.4,,,,,[],[],,,,,,,,,,,,,,,,
fedavg,fedavg,,backdoor_boost,9,2,30,0.7032252070122899,0.7135137826760487,0.8474511650855592,1.0,0.0,1.0,0.7043333333333335,"{""Backdoor"": 0.806, ""DDoS_HTTP"": 0.616, ""DDoS_ICMP"": 0.994, ""DDoS_TCP"": 1.0, ""DDoS_UDP"": 0.997, ""Fingerprinting"": 0.0, ""MITM"": 1.0, ""Normal"": 1.0, ""Password"": 0.247, ""Port_Scanning"": 0.536, ""Ransomware"": 0.553, ""SQL_injection"": 0.914, ""Uploading"": 0.395, ""Vulnerability_scanner"": 0.808, ""XSS"": 0.837}","[0.351, 0.4859, 0.5339, 0.5892, 0.6223, 0.6288, 0.6637, 0.6621, 0.6941, 0.7036, 0.6943, 0.6932, 0.7107, 0.7064, 0.6965, 0.7, 0.7075, 0.6968, 0.7138, 0.6988, 0.7022, 0.7109, 0.6981, 0.6973, 0.7054, 0.6931, 0.6988, 0.7046, 0.7052, 0.7032]","[0.3063, 0.4046, 0.2379, 0.4314, 0.395, 0.527, 0.5784, 0.4237, 0.3687, 0.3849]",2.4,,,,,[],[],,,,,,,,,,,,,,,,
fedavg,fedavg,,adaptive,9,2,30,0.3218610339379522,0.37007793333132505,0.6082890398977326,1.0,0.11590296495956873,0.0,0.3123,"{""Backdoor"": 0.0, ""DDoS_HTTP"": 1.0, ""DDoS_ICMP"": 0.958, ""DDoS_TCP"": 0.516, ""DDoS_UDP"": 0.801, ""Fingerprinting"": 0.0, ""MITM"": 0.0, ""Normal"": 0.884, ""Password"": 0.0, ""Port_Scanning"": 0.0, ""Ransomware"": 0.999, ""SQL_injection"": 0.0, ""Uploading"": 0.053, ""Vulnerability_scanner"": 0.339, ""XSS"": 0.0}","[0.0714, 0.1899, 0.2445, 0.287, 0.369, 0.4172, 0.4435, 0.4456, 0.4623, 0.4681, 0.4624, 0.4587, 0.4559, 0.4402, 0.439, 0.4147, 0.4095, 0.389, 0.3896, 0.3898, 0.3847, 0.3928, 0.3735, 0.3831, 0.3162, 0.3698, 0.3517, 0.2907, 0.3243, 0.3219]","[0.3063, 0.4046, 0.2379, 0.4314, 0.395, 0.527, 0.5784, 0.4237, 0.3687, 0.3849]",2.5,,,,,[],[],,,,,,,,,,,,,,,,
fedavg,fedavg,,adaptive_f30,9,3,30,0.027497394454255364,0.06867033883419596,0.04597546480073561,1.0,1.0,0.0,0.039466666666666664,"{""Backdoor"": 0.0, ""DDoS_HTTP"": 0.0, ""DDoS_ICMP"": 0.0, ""DDoS_TCP"": 0.0, ""DDoS_UDP"": 0.0, ""Fingerprinting"": 0.0, ""MITM"": 0.0, ""Normal"": 0.0, ""Password"": 0.174, ""Port_Scanning"": 0.0, ""Ransomware"": 0.0, ""SQL_injection"": 0.0, ""Uploading"": 0.856, ""Vulnerability_scanner"": 0.0, ""XSS"": 0.0}","[0.0221, 0.048, 0.0795, 0.0709, 0.0693, 0.0635, 0.0306, 0.0359, 0.0271, 0.0254, 0.0283, 0.0219, 0.0207, 0.0246, 0.0245, 0.0287, 0.0306, 0.0288, 0.046, 0.049, 0.052, 0.0526, 0.0523, 0.0572, 0.0572, 0.0505, 0.0523, 0.0493, 0.0416, 0.0275]","[0.3063, 0.4046, 0.2379, 0.4314, 0.395, 0.527, 0.5784, 0.4237, 0.3687, 0.3849]",2.5,,,,,[],[],,,,,,,,,,,,,,,,
trimmed_mean,trimmed,,none,9,0,30,0.6830554857989665,0.7014199064496859,0.8389961649734239,1.0,0.0,0.0,0.6849333333333334,"{""Backdoor"": 0.436, ""DDoS_HTTP"": 0.616, ""DDoS_ICMP"": 0.995, ""DDoS_TCP"": 1.0, ""DDoS_UDP"": 0.997, ""Fingerprinting"": 0.0, ""MITM"": 1.0, ""Normal"": 1.0, ""Password"": 0.977, ""Port_Scanning"": 0.451, ""Ransomware"": 0.881, ""SQL_injection"": 0.156, ""Uploading"": 0.395, ""Vulnerability_scanner"": 0.774, ""XSS"": 0.842}","[0.3914, 0.4852, 0.5062, 0.5439, 0.5833, 0.5906, 0.5906, 0.5905, 0.6085, 0.6231, 0.6251, 0.663, 0.6733, 0.6795, 0.6767, 0.6768, 0.6788, 0.678, 0.6848, 0.6794, 0.6799, 0.6804, 0.683, 0.6851, 0.6762, 0.6915, 0.6981, 0.6811, 0.6906, 0.6831]","[0.3063, 0.4046, 0.2379, 0.4314, 0.395, 0.527, 0.5784, 0.4237, 0.3687, 0.3849]",2.3,,,,,[],[],,,,,,0.2442687747035573,0.4545454545454545,0.7735714285714284,0.6,0.7,,,,,,
trimmed_mean,trimmed,,signflip,9,2,30,0.6706263395371685,0.6974941091735702,0.8362824911973805,1.0,0.0,0.0,0.6686666666666666,"{""Backdoor"": 0.437, ""DDoS_HTTP"": 0.689, ""DDoS_ICMP"": 0.996, ""DDoS_TCP"": 1.0, ""DDoS_UDP"": 0.971, ""Fingerprinting"": 0.0, ""MITM"": 1.0, ""Normal"": 1.0, ""Password"": 0.977, ""Port_Scanning"": 0.451, ""Ransomware"": 0.945, ""SQL_injection"": 0.0, ""Uploading"": 0.462, ""Vulnerability_scanner"": 0.767, ""XSS"": 0.768}","[0.3269, 0.4409, 0.4854, 0.5302, 0.5476, 0.5628, 0.5837, 0.6029, 0.6132, 0.626, 0.6225, 0.6234, 0.6283, 0.6701, 0.6694, 0.6718, 0.6701, 0.6721, 0.6696, 0.6662, 0.6638, 0.662, 0.6694, 0.6667, 0.6656, 0.6669, 0.6665, 0.6697, 0.6657, 0.6706]","[0.3063, 0.4046, 0.2379, 0.4314, 0.395, 0.527, 0.5784, 0.4237, 0.3687, 0.3849]",2.4,,,,,[],[],,,,,,,,,,,,,,,,
trimmed_mean,trimmed,,labelflip,9,2,30,0.681025299432626,0.7013065127469005,0.8388167485254211,1.0,0.0,0.0008144980655670943,0.6690333333333335,"{""Backdoor"": 0.55, ""DDoS_HTTP"": 0.616, ""DDoS_ICMP"": 0.997, ""DDoS_TCP"": 1.0, ""DDoS_UDP"": 0.996, ""Fingerprinting"": 0.0, ""MITM"": 1.0, ""Normal"": 1.0, ""Password"": 0.471, ""Port_Scanning"": 0.451, ""Ransomware"": 0.949, ""SQL_injection"": 0.073, ""Uploading"": 0.808, ""Vulnerability_scanner"": 0.759, ""XSS"": 0.849}","[0.3327, 0.456, 0.4907, 0.5538, 0.5601, 0.5607, 0.5754, 0.5698, 0.589, 0.6015, 0.6457, 0.6535, 0.6491, 0.6445, 0.6676, 0.6535, 0.6591, 0.6695, 0.6673, 0.6836, 0.6749, 0.6549, 0.6706, 0.6804, 0.6732, 0.6672, 0.6506, 0.6551, 0.671, 0.681]","[0.3063, 0.4046, 0.2379, 0.4314, 0.395, 0.527, 0.5784, 0.4237, 0.3687, 0.3849]",2.4,,,,,[],[],,,,,,,,,,,,,,,,
trimmed_mean,trimmed,,targeted_flip,9,2,30,0.6849281255705368,0.7059184721095132,0.8419789634214717,1.0,0.0,0.0,0.6837999999999999,"{""Backdoor"": 0.505, ""DDoS_HTTP"": 0.616, ""DDoS_ICMP"": 0.997, ""DDoS_TCP"": 1.0, ""DDoS_UDP"": 0.994, ""Fingerprinting"": 0.0, ""MITM"": 1.0, ""Normal"": 1.0, ""Password"": 0.993, ""Port_Scanning"": 0.451, ""Ransomware"": 0.945, ""SQL_injection"": 0.077, ""Uploading"": 0.396, ""Vulnerability_scanner"": 0.767, ""XSS"": 0.848}","[0.3436, 0.4885, 0.5284, 0.5475, 0.5716, 0.5806, 0.5823, 0.5817, 0.5916, 0.6155, 0.6239, 0.623, 0.6657, 0.6655, 0.6645, 0.666, 0.6696, 0.684, 0.6796, 0.6787, 0.6723, 0.6726, 0.6735, 0.6806, 0.6784, 0.6814, 0.685, 0.6787, 0.6878, 0.6849]","[0.3063, 0.4046, 0.2379, 0.4314, 0.395, 0.527, 0.5784, 0.4237, 0.3687, 0.3849]",2.4,,,,,[],[],,,,,,,,,,,,,,,,
trimmed_mean,trimmed,,backdoor,9,2,30,0.6802049156358249,0.699179131009395,0.8374711251653996,1.0,0.0,0.0155569130523315,0.6829000000000001,"{""Backdoor"": 0.673, ""DDoS_HTTP"": 0.616, ""DDoS_ICMP"": 0.995, ""DDoS_TCP"": 0.997, ""DDoS_UDP"": 0.996, ""Fingerprinting"": 0.0, ""MITM"": 1.0, ""Normal"": 1.0, ""Password"": 0.998, ""Port_Scanning"": 0.451, ""Ransomware"": 0.65, ""SQL_injection"": 0.08, ""Uploading"": 0.395, ""Vulnerability_scanner"": 0.789, ""XSS"": 0.848}","[0.2971, 0.4565, 0.4701, 0.5002, 0.5122, 0.5462, 0.577, 0.5887, 0.6071, 0.6143, 0.6408, 0.6505, 0.6441, 0.6854, 0.6927, 0.6756, 0.6741, 0.693, 0.6919, 0.6926, 0.6793, 0.686, 0.6775, 0.6885, 0.6762, 0.6926, 0.6826, 0.6892, 0.6793, 0.6802]","[0.3063, 0.4046, 0.2379, 0.4314, 0.395, 0.527, 0.5784, 0.4237, 0.3687, 0.3849]",2.4,,,,,[],[],,,,,,,,,,,,,,,,
trimmed_mean,trimmed,,backdoor_boost,9,2,30,0.6833561358276238,0.6994408781574651,0.8376729686694028,1.0,0.0,0.021747098350641418,0.6814333333333332,"{""Backdoor"": 0.684, ""DDoS_HTTP"": 0.616, ""DDoS_ICMP"": 0.995, ""DDoS_TCP"": 1.0, ""DDoS_UDP"": 0.996, ""Fingerprinting"": 0.0, ""MITM"": 1.0, ""Normal"": 1.0, ""Password"": 0.984, ""Port_Scanning"": 0.451, ""Ransomware"": 0.599, ""SQL_injection"": 0.134, ""Uploading"": 0.395, ""Vulnerability_scanner"": 0.788, ""XSS"": 0.848}","[0.3266, 0.4758, 0.4832, 0.519, 0.5486, 0.5825, 0.6031, 0.6168, 0.6242, 0.6343, 0.6397, 0.6898, 0.6873, 0.6966, 0.6768, 0.6846, 0.6761, 0.693, 0.6753, 0.6928, 0.68, 0.69, 0.6822, 0.7004, 0.6832, 0.6966, 0.6832, 0.6824, 0.6785, 0.6834]","[0.3063, 0.4046, 0.2379, 0.4314, 0.395, 0.527, 0.5784, 0.4237, 0.3687, 0.3849]",2.3,,,,,[],[],,,,,,,,,,,,,,,,
trimmed_mean,trimmed,,adaptive,9,2,30,0.6706421584734957,0.6975227445947846,0.8363049182533808,1.0,0.0,0.0,0.6680666666666667,"{""Backdoor"": 0.436, ""DDoS_HTTP"": 0.696, ""DDoS_ICMP"": 0.996, ""DDoS_TCP"": 1.0, ""DDoS_UDP"": 0.971, ""Fingerprinting"": 0.0, ""MITM"": 1.0, ""Normal"": 1.0, ""Password"": 0.977, ""Port_Scanning"": 0.451, ""Ransomware"": 0.945, ""SQL_injection"": 0.0, ""Uploading"": 0.462, ""Vulnerability_scanner"": 0.767, ""XSS"": 0.761}","[0.3263, 0.4406, 0.4848, 0.5297, 0.5478, 0.5631, 0.5793, 0.5931, 0.6036, 0.6189, 0.6205, 0.6234, 0.6277, 0.6699, 0.6698, 0.6715, 0.6711, 0.6723, 0.6698, 0.6643, 0.6641, 0.6622, 0.6681, 0.6669, 0.6672, 0.6669, 0.6705, 0.6677, 0.6659, 0.6706]","[0.3063, 0.4046, 0.2379, 0.4314, 0.395, 0.527, 0.5784, 0.4237, 0.3687, 0.3849]",2.4,,,,,[],[],,,,,,,,,,,,,,,,
trimmed_mean,trimmed,,adaptive_f30,9,3,30,0.6078540643581202,0.6524137150884715,0.8062750902689004,1.0,0.0,0.0,0.6093666666666667,"{""Backdoor"": 0.436, ""DDoS_HTTP"": 0.927, ""DDoS_ICMP"": 0.999, ""DDoS_TCP"": 0.991, ""DDoS_UDP"": 0.984, ""Fingerprinting"": 0.0, ""MITM"": 1.0, ""Normal"": 1.0, ""Password"": 0.977, ""Port_Scanning"": 0.547, ""Ransomware"": 0.897, ""SQL_injection"": 0.0, ""Uploading"": 0.459, ""Vulnerability_scanner"": 0.001, ""XSS"": 0.57}","[0.2502, 0.4061, 0.474, 0.4675, 0.4889, 0.5256, 0.5514, 0.5602, 0.5682, 0.5668, 0.566, 0.5681, 0.5681, 0.576, 0.576, 0.6095, 0.6155, 0.6091, 0.6095, 0.6097, 0.6099, 0.606, 0.6077, 0.6048, 0.6069, 0.6069, 0.6044, 0.6115, 0.6087, 0.6079]","[0.3063, 0.4046, 0.2379, 0.4314, 0.395, 0.527, 0.5784, 0.4237, 0.3687, 0.3849]",2.4,,,,,[],[],,,,,,,,,,,,,,,,
multi_krum,krum,,none,9,0,30,0.6881250716578374,0.7071199129903308,0.8431003162214896,1.0,0.0,0.0002443494196701283,0.6870333333333334,"{""Backdoor"": 0.528, ""DDoS_HTTP"": 0.616, ""DDoS_ICMP"": 0.998, ""DDoS_TCP"": 1.0, ""DDoS_UDP"": 0.996, ""Fingerprinting"": 0.0, ""MITM"": 1.0, ""Normal"": 1.0, ""Password"": 0.12, ""Port_Scanning"": 0.451, ""Ransomware"": 0.853, ""SQL_injection"": 0.983, ""Uploading"": 0.435, ""Vulnerability_scanner"": 0.835, ""XSS"": 0.791}","[0.3182, 0.4598, 0.4899, 0.5489, 0.5828, 0.5842, 0.5892, 0.5872, 0.5892, 0.6136, 0.6273, 0.6291, 0.6745, 0.6726, 0.6797, 0.6731, 0.6817, 0.6842, 0.6806, 0.6897, 0.6836, 0.6843, 0.6831, 0.689, 0.6924, 0.6897, 0.686, 0.6831, 0.6899, 0.6881]","[0.3063, 0.4046, 0.2379, 0.4314, 0.395, 0.527, 0.5784, 0.4237, 0.3687, 0.3849]",2.4,90,300,0,0,"[3, 3, 3, 3, 3, 3, 3, 3, 3, 3, 3, 3, 3, 3, 3, 3, 3, 3, 3, 3, 3, 3, 3, 3, 3, 3, 3, 3, 3, 3]","[30, 30, 30, 30, 7, 0, 23, 0, 30, 30]",,,,,,0.1839262187088274,0.5138339920948616,0.7778571428571427,0.6,0.8,,,,,,
multi_krum,krum,,signflip,9,2,30,0.6963021046918635,0.7127219176088743,0.8418892551974703,1.0,0.0,0.0,0.6905,"{""Backdoor"": 0.446, ""DDoS_HTTP"": 0.616, ""DDoS_ICMP"": 0.994, ""DDoS_TCP"": 1.0, ""DDoS_UDP"": 0.997, ""Fingerprinting"": 0.115, ""MITM"": 1.0, ""Normal"": 1.0, ""Password"": 0.971, ""Port_Scanning"": 0.451, ""Ransomware"": 0.945, ""SQL_injection"": 0.073, ""Uploading"": 0.465, ""Vulnerability_scanner"": 0.799, ""XSS"": 0.818}","[0.3863, 0.5209, 0.5698, 0.6154, 0.6244, 0.6252, 0.6259, 0.6386, 0.6806, 0.6806, 0.6821, 0.6825, 0.6808, 0.679, 0.6823, 0.6825, 0.6836, 0.6847, 0.6858, 0.6937, 0.6946, 0.6848, 0.7023, 0.696, 0.6942, 0.6956, 0.7034, 0.6853, 0.6899, 0.6963]","[0.3063, 0.4046, 0.2379, 0.4314, 0.395, 0.527, 0.5784, 0.4237, 0.3687, 0.3849]",2.5,30,240,60,60,"[1, 1, 1, 1, 1, 1, 1, 1, 1, 1, 1, 1, 1, 1, 1, 1, 1, 1, 1, 1, 1, 1, 1, 1, 1, 1, 1, 1, 1, 1]","[0, 0, 30, 30, 30, 26, 4, 30, 30, 30]",,,,,,,,,,,,,,,,
multi_krum,krum,,labelflip,9,2,30,0.6963021046918635,0.7127219176088743,0.8418892551974703,1.0,0.0,0.0,0.6905,"{""Backdoor"": 0.446, ""DDoS_HTTP"": 0.616, ""DDoS_ICMP"": 0.994, ""DDoS_TCP"": 1.0, ""DDoS_UDP"": 0.997, ""Fingerprinting"": 0.115, ""MITM"": 1.0, ""Normal"": 1.0, ""Password"": 0.971, ""Port_Scanning"": 0.451, ""Ransomware"": 0.945, ""SQL_injection"": 0.073, ""Uploading"": 0.465, ""Vulnerability_scanner"": 0.799, ""XSS"": 0.818}","[0.3863, 0.5209, 0.5698, 0.6154, 0.6244, 0.6252, 0.6259, 0.6386, 0.6806, 0.6806, 0.6821, 0.6825, 0.6808, 0.679, 0.6823, 0.6825, 0.6836, 0.6847, 0.6858, 0.6937, 0.6946, 0.6848, 0.7023, 0.696, 0.6942, 0.6956, 0.7034, 0.6853, 0.6899, 0.6963]","[0.3063, 0.4046, 0.2379, 0.4314, 0.395, 0.527, 0.5784, 0.4237, 0.3687, 0.3849]",2.4,30,240,60,60,"[1, 1, 1, 1, 1, 1, 1, 1, 1, 1, 1, 1, 1, 1, 1, 1, 1, 1, 1, 1, 1, 1, 1, 1, 1, 1, 1, 1, 1, 1]","[0, 0, 30, 30, 30, 26, 4, 30, 30, 30]",,,,,,,,,,,,,,,,
multi_krum,krum,,targeted_flip,9,2,30,0.6963021046918635,0.7127219176088743,0.8418892551974703,1.0,0.0,0.0,0.6905,"{""Backdoor"": 0.446, ""DDoS_HTTP"": 0.616, ""DDoS_ICMP"": 0.994, ""DDoS_TCP"": 1.0, ""DDoS_UDP"": 0.997, ""Fingerprinting"": 0.115, ""MITM"": 1.0, ""Normal"": 1.0, ""Password"": 0.971, ""Port_Scanning"": 0.451, ""Ransomware"": 0.945, ""SQL_injection"": 0.073, ""Uploading"": 0.465, ""Vulnerability_scanner"": 0.799, ""XSS"": 0.818}","[0.3863, 0.5209, 0.5698, 0.6154, 0.6244, 0.6252, 0.6259, 0.6386, 0.6806, 0.6806, 0.6821, 0.6825, 0.6808, 0.679, 0.6823, 0.6825, 0.6836, 0.6847, 0.6858, 0.6937, 0.6946, 0.6848, 0.7023, 0.696, 0.6942, 0.6956, 0.7034, 0.6853, 0.6899, 0.6963]","[0.3063, 0.4046, 0.2379, 0.4314, 0.395, 0.527, 0.5784, 0.4237, 0.3687, 0.3849]",2.4,30,240,60,60,"[1, 1, 1, 1, 1, 1, 1, 1, 1, 1, 1, 1, 1, 1, 1, 1, 1, 1, 1, 1, 1, 1, 1, 1, 1, 1, 1, 1, 1, 1]","[0, 0, 30, 30, 30, 26, 4, 30, 30, 30]",,,,,,,,,,,,,,,,
multi_krum,krum,,backdoor,9,2,30,0.6987053601316421,0.7120541996951582,0.841126735293458,1.0,0.0,0.0,0.6969666666666666,"{""Backdoor"": 0.776, ""DDoS_HTTP"": 0.617, ""DDoS_ICMP"": 0.994, ""DDoS_TCP"": 0.997, ""DDoS_UDP"": 0.998, ""Fingerprinting"": 0.125, ""MITM"": 1.0, ""Normal"": 1.0, ""Password"": 0.993, ""Port_Scanning"": 0.536, ""Ransomware"": 0.56, ""SQL_injection"": 0.077, ""Uploading"": 0.396, ""Vulnerability_scanner"": 0.767, ""XSS"": 0.845}","[0.3589, 0.4114, 0.5069, 0.5499, 0.5914, 0.6045, 0.6241, 0.6386, 0.628, 0.6775, 0.6694, 0.6635, 0.6744, 0.6774, 0.6814, 0.6856, 0.684, 0.6766, 0.6752, 0.6727, 0.6875, 0.6896, 0.6932, 0.6806, 0.6888, 0.6796, 0.6884, 0.6934, 0.6988, 0.6987]","[0.3063, 0.4046, 0.2379, 0.4314, 0.395, 0.527, 0.5784, 0.4237, 0.3687, 0.3849]",2.6,32,240,58,60,"[2, 2, 1, 1, 1, 1, 1, 1, 1, 1, 1, 1, 1, 1, 1, 1, 1, 1, 1, 1, 1, 1, 1, 1, 1, 1, 1, 1, 1, 1]","[0, 2, 30, 29, 30, 29, 0, 30, 30, 30]",,,,,,,,,,,,,,,,
multi_krum,krum,,backdoor_boost,9,2,30,0.6984019423877791,0.7124168294223518,0.8417771199174684,1.0,0.0,0.0,0.6962,"{""Backdoor"": 0.791, ""DDoS_HTTP"": 0.628, ""DDoS_ICMP"": 0.995, ""DDoS_TCP"": 1.0, ""DDoS_UDP"": 0.998, ""Fingerprinting"": 0.115, ""MITM"": 1.0, ""Normal"": 1.0, ""Password"": 0.993, ""Port_Scanning"": 0.536, ""Ransomware"": 0.555, ""SQL_injection"": 0.073, ""Uploading"": 0.398, ""Vulnerability_scanner"": 0.768, ""XSS"": 0.837}","[0.3612, 0.4644, 0.5165, 0.5694, 0.6021, 0.6128, 0.6271, 0.6392, 0.6308, 0.6739, 0.671, 0.6617, 0.67, 0.6739, 0.6814, 0.6866, 0.6847, 0.6767, 0.6758, 0.6729, 0.684, 0.6936, 0.6928, 0.6798, 0.6844, 0.6824, 0.6883, 0.694, 0.6962, 0.6984]","[0.3063, 0.4046, 0.2379, 0.4314, 0.395, 0.527, 0.5784, 0.4237, 0.3687, 0.3849]",2.4,30,240,60,60,"[1, 1, 1, 1, 1, 1, 1, 1, 1, 1, 1, 1, 1, 1, 1, 1, 1, 1, 1, 1, 1, 1, 1, 1, 1, 1, 1, 1, 1, 1]","[0, 0, 30, 30, 30, 30, 0, 30, 30, 30]",,,,,,,,,,,,,,,,
multi_krum,krum,,adaptive,9,2,30,0.6963021046918635,0.7127219176088743,0.8418892551974703,1.0,0.0,0.0,0.6905,"{""Backdoor"": 0.446, ""DDoS_HTTP"": 0.616, ""DDoS_ICMP"": 0.994, ""DDoS_TCP"": 1.0, ""DDoS_UDP"": 0.997, ""Fingerprinting"": 0.115, ""MITM"": 1.0, ""Normal"": 1.0, ""Password"": 0.971, ""Port_Scanning"": 0.451, ""Ransomware"": 0.945, ""SQL_injection"": 0.073, ""Uploading"": 0.465, ""Vulnerability_scanner"": 0.799, ""XSS"": 0.818}","[0.3863, 0.5209, 0.5698, 0.6154, 0.6244, 0.6252, 0.6259, 0.6386, 0.6806, 0.6806, 0.6821, 0.6825, 0.6808, 0.679, 0.6823, 0.6825, 0.6836, 0.6847, 0.6858, 0.6937, 0.6946, 0.6848, 0.7023, 0.696, 0.6942, 0.6956, 0.7034, 0.6853, 0.6899, 0.6963]","[0.3063, 0.4046, 0.2379, 0.4314, 0.395, 0.527, 0.5784, 0.4237, 0.3687, 0.3849]",2.4,30,240,60,60,"[1, 1, 1, 1, 1, 1, 1, 1, 1, 1, 1, 1, 1, 1, 1, 1, 1, 1, 1, 1, 1, 1, 1, 1, 1, 1, 1, 1, 1, 1]","[0, 0, 30, 30, 30, 26, 4, 30, 30, 30]",,,,,,,,,,,,,,,,
multi_krum,krum,,adaptive_f30,9,3,30,0.6924482882792871,0.7101355032912255,0.8428536186054857,1.0,0.0,0.0,0.6913333333333335,"{""Backdoor"": 0.771, ""DDoS_HTTP"": 0.616, ""DDoS_ICMP"": 0.998, ""DDoS_TCP"": 1.0, ""DDoS_UDP"": 0.997, ""Fingerprinting"": 0.05, ""MITM"": 1.0, ""Normal"": 1.0, ""Password"": 0.977, ""Port_Scanning"": 0.536, ""Ransomware"": 0.554, ""SQL_injection"": 0.077, ""Uploading"": 0.462, ""Vulnerability_scanner"": 0.766, ""XSS"": 0.849}","[0.4027, 0.5545, 0.5689, 0.609, 0.6217, 0.631, 0.642, 0.6425, 0.6852, 0.686, 0.6842, 0.6857, 0.6853, 0.6853, 0.6873, 0.6876, 0.684, 0.6842, 0.6845, 0.6822, 0.6883, 0.6893, 0.6888, 0.6827, 0.6839, 0.6861, 0.6901, 0.6844, 0.6972, 0.6924]","[0.3063, 0.4046, 0.2379, 0.4314, 0.395, 0.527, 0.5784, 0.4237, 0.3687, 0.3849]",2.4,0,210,90,90,"[0, 0, 0, 0, 0, 0, 0, 0, 0, 0, 0, 0, 0, 0, 0, 0, 0, 0, 0, 0, 0, 0, 0, 0, 0, 0, 0, 0, 0, 0]","[0, 0, 0, 30, 30, 30, 30, 30, 30, 30]",,,,,,,,,,,,,,,,
secure_norm_only,norm_only,,none,9,0,30,0.7086991553067802,0.7202073812668094,0.8482361120455718,1.0,0.0,4.0724903278354713e-05,0.7063333333333333,"{""Backdoor"": 0.892, ""DDoS_HTTP"": 0.616, ""DDoS_ICMP"": 0.996, ""DDoS_TCP"": 1.0, ""DDoS_UDP"": 0.997, ""Fingerprinting"": 0.085, ""MITM"": 1.0, ""Normal"": 1.0, ""Password"": 0.977, ""Port_Scanning"": 0.536, ""Ransomware"": 0.516, ""SQL_injection"": 0.158, ""Uploading"": 0.411, ""Vulnerability_scanner"": 0.781, ""XSS"": 0.838}","[0.3987, 0.5366, 0.586, 0.5954, 0.6295, 0.635, 0.64, 0.6529, 0.6881, 0.6948, 0.6923, 0.693, 0.6908, 0.6898, 0.6952, 0.6932, 0.6954, 0.6868, 0.6856, 0.6928, 0.6938, 0.6915, 0.6972, 0.6922, 0.7007, 0.6953, 0.7045, 0.7051, 0.7052, 0.7087]","[0.3063, 0.4046, 0.2379, 0.4314, 0.395, 0.527, 0.5784, 0.4237, 0.3687, 0.3849]",4.5,0,300,0,0,"[0, 0, 0, 0, 0, 0, 0, 0, 0, 0, 0, 0, 0, 0, 0, 0, 0, 0, 0, 0, 0, 0, 0, 0, 0, 0, 0, 0, 0, 0]","[30, 30, 30, 30, 30, 30, 30, 30, 30, 30]",3.5,,,,,-0.11093544137022396,-0.04426877470355731,-0.021071428571428574,0.1,0.3,0.2993412384716732,0.40223978919631087,0.7714285714285714,0.6,0.7,
secure_norm_only,norm_only,,signflip,9,2,30,0.7025125135531813,0.7182100501354666,0.8456570006055305,1.0,0.0,0.0,0.6999666666666666,"{""Backdoor"": 0.894, ""DDoS_HTTP"": 0.616, ""DDoS_ICMP"": 0.998, ""DDoS_TCP"": 1.0, ""DDoS_UDP"": 0.997, ""Fingerprinting"": 0.115, ""MITM"": 1.0, ""Normal"": 1.0, ""Password"": 0.977, ""Port_Scanning"": 0.536, ""Ransomware"": 0.486, ""SQL_injection"": 0.077, ""Uploading"": 0.458, ""Vulnerability_scanner"": 0.772, ""XSS"": 0.847}","[0.1666, 0.4966, 0.5598, 0.5851, 0.613, 0.636, 0.6398, 0.6355, 0.678, 0.6823, 0.6824, 0.6811, 0.6838, 0.6843, 0.6801, 0.685, 0.6824, 0.6821, 0.6841, 0.688, 0.6982, 0.6874, 0.6966, 0.6905, 0.6953, 0.695, 0.7016, 0.6968, 0.7006, 0.7025]","[0.3063, 0.4046, 0.2379, 0.4314, 0.395, 0.527, 0.5784, 0.4237, 0.3687, 0.3849]",4.5,0,240,59,60,"[0, 0, 0, 0, 0, 0, 0, 0, 0, 0, 0, 0, 0, 0, 0, 0, 0, 0, 0, 0, 0, 0, 0, 0, 0, 0, 0, 0, 0, 0]","[1, 0, 30, 30, 30, 30, 30, 30, 30, 30]",3.5,,,,,,,,,,,,,,,
secure_norm_only,norm_only,,labelflip,9,2,30,0.6734925028000954,0.6924099395644615,0.8278499181412456,1.0,0.0,0.0,0.6786666666666666,"{""Backdoor"": 0.79, ""DDoS_HTTP"": 0.616, ""DDoS_ICMP"": 0.992, ""DDoS_TCP"": 1.0, ""DDoS_UDP"": 0.996, ""Fingerprinting"": 0.125, ""MITM"": 1.0, ""Normal"": 1.0, ""Password"": 0.168, ""Port_Scanning"": 0.536, ""Ransomware"": 0.55, ""SQL_injection"": 0.07, ""Uploading"": 0.966, ""Vulnerability_scanner"": 0.728, ""XSS"": 0.849}","[0.3579, 0.5161, 0.5423, 0.558, 0.5973, 0.6104, 0.6274, 0.6243, 0.6661, 0.6578, 0.6602, 0.664, 0.655, 0.6561, 0.6604, 0.6623, 0.6593, 0.6651, 0.6615, 0.6683, 0.6624, 0.6669, 0.6653, 0.6636, 0.6715, 0.6699, 0.6722, 0.6791, 0.6834, 0.6735]","[0.3063, 0.4046, 0.2379, 0.4314, 0.395, 0.527, 0.5784, 0.4237, 0.3687, 0.3849]",4.7,0,240,0,60,"[0, 0, 0, 0, 0, 0, 0, 0, 0, 0, 0, 0, 0, 0, 0, 0, 0, 0, 0, 0, 0, 0, 0, 0, 0, 0, 0, 0, 0, 0]","[30, 30, 30, 30, 30, 30, 30, 30, 30, 30]",3.5,,,,,,,,,,,,,,,
secure_norm_only,norm_only,,targeted_flip,9,2,30,0.687533246548881,0.70926951061064,0.8444459395815112,0.9986968030950927,0.0,0.0008144980655670943,0.6843333333333333,"{""Backdoor"": 0.879, ""DDoS_HTTP"": 0.616, ""DDoS_ICMP"": 0.997, ""DDoS_TCP"": 1.0, ""DDoS_UDP"": 0.996, ""Fingerprinting"": 0.0, ""MITM"": 0.996, ""Normal"": 1.0, ""Password"": 0.977, ""Port_Scanning"": 0.536, ""Ransomware"": 0.492, ""SQL_injection"": 0.073, ""Uploading"": 0.457, ""Vulnerability_scanner"": 0.77, ""XSS"": 0.849}","[0.3664, 0.5082, 0.5693, 0.5763, 0.6013, 0.6239, 0.6356, 0.6362, 0.6821, 0.6822, 0.6838, 0.6845, 0.6819, 0.6837, 0.6828, 0.6833, 0.6832, 0.6831, 0.6835, 0.6829, 0.6887, 0.6837, 0.6904, 0.6814, 0.6812, 0.6812, 0.6822, 0.6805, 0.685, 0.6875]","[0.3063, 0.4046, 0.2379, 0.4314, 0.395, 0.527, 0.5784, 0.4237, 0.3687, 0.3849]",4.7,0,240,0,60,"[0, 0, 0, 0, 0, 0, 0, 0, 0, 0, 0, 0, 0, 0, 0, 0, 0, 0, 0, 0, 0, 0, 0, 0, 0, 0, 0, 0, 0, 0]","[30, 30, 30, 30, 30, 30, 30, 30, 30, 30]",3.5,,,,,,,,,,,,,,,
secure_norm_only,norm_only,,backdoor,9,2,30,0.6925893808292367,0.7087758188535265,0.8439749714055036,1.0,0.0,1.0,0.6926333333333333,"{""Backdoor"": 0.777, ""DDoS_HTTP"": 0.616, ""DDoS_ICMP"": 0.994, ""DDoS_TCP"": 0.998, ""DDoS_UDP"": 0.997, ""Fingerprinting"": 0.0, ""MITM"": 1.0, ""Normal"": 1.0, ""Password"": 0.977, ""Port_Scanning"": 0.536, ""Ransomware"": 0.554, ""SQL_injection"": 0.128, ""Uploading"": 0.416, ""Vulnerability_scanner"": 0.789, ""XSS"": 0.848}","[0.3576, 0.4897, 0.5478, 0.5558, 0.5808, 0.6001, 0.62, 0.6445, 0.6443, 0.6543, 0.6796, 0.6826, 0.6976, 0.7023, 0.6843, 0.6949, 0.6942, 0.6821, 0.6891, 0.6868, 0.6935, 0.7035, 0.6928, 0.7022, 0.6946, 0.6879, 0.6889, 0.692, 0.6933, 0.6926]","[0.3063, 0.4046, 0.2379, 0.4314, 0.395, 0.527, 0.5784, 0.4237, 0.3687, 0.3849]",4.8,0,240,0,60,"[0, 0, 0, 0, 0, 0, 0, 0, 0, 0, 0, 0, 0, 0, 0, 0, 0, 0, 0, 0, 0, 0, 0, 0, 0, 0, 0, 0, 0, 0]","[30, 30, 30, 30, 30, 30, 30, 30, 30, 30]",3.5,,,,,,,,,,,,,,,
secure_norm_only,norm_only,,backdoor_boost,9,2,30,0.6860834621848576,0.7044127023170363,0.8398932472134383,1.0,0.0,0.99380981470169,0.6866333333333334,"{""Backdoor"": 0.728, ""DDoS_HTTP"": 0.866, ""DDoS_ICMP"": 0.995, ""DDoS_TCP"": 0.997, ""DDoS_UDP"": 0.997, ""Fingerprinting"": 0.03, ""MITM"": 1.0, ""Normal"": 1.0, ""Password"": 0.976, ""Port_Scanning"": 0.536, ""Ransomware"": 0.557, ""SQL_injection"": 0.078, ""Uploading"": 0.448, ""Vulnerability_scanner"": 0.775, ""XSS"": 0.583}","[0.351, 0.4859, 0.5339, 0.5892, 0.6223, 0.6287, 0.6637, 0.6621, 0.6796, 0.6889, 0.6862, 0.6775, 0.6956, 0.6802, 0.6796, 0.6859, 0.6817, 0.6961, 0.6779, 0.6928, 0.6824, 0.6965, 0.6918, 0.693, 0.6891, 0.6916, 0.6843, 0.6863, 0.6875, 0.6861]","[0.3063, 0.4046, 0.2379, 0.4314, 0.395, 0.527, 0.5784, 0.4237, 0.3687, 0.3849]",4.7,0,240,37,60,"[0, 0, 0, 0, 0, 0, 0, 0, 0, 0, 0, 0, 0, 0, 0, 0, 0, 0, 0, 0, 0, 0, 0, 0, 0, 0, 0, 0, 0, 0]","[15, 8, 30, 30, 30, 30, 30, 30, 30, 30]",3.5,,,,,,,,,,,,,,,
secure_norm_only,norm_only,,adaptive,9,2,30,0.29802141499284335,0.3628375918765431,0.6035345040256566,1.0,0.11615254068084256,0.0,0.28953333333333336,"{""Backdoor"": 0.963, ""DDoS_HTTP"": 1.0, ""DDoS_ICMP"": 0.972, ""DDoS_TCP"": 0.638, ""DDoS_UDP"": 0.849, ""Fingerprinting"": 0.0, ""MITM"": 0.0, ""Normal"": 0.884, ""Password"": 0.0, ""Port_Scanning"": 0.023, ""Ransomware"": 0.113, ""SQL_injection"": 0.0, ""Uploading"": 0.0, ""Vulnerability_scanner"": 0.0, ""XSS"": 0.0}","[0.0714, 0.1899, 0.2444, 0.287, 0.369, 0.4172, 0.4435, 0.4457, 0.4623, 0.4681, 0.4624, 0.4585, 0.4558, 0.4402, 0.4389, 0.4143, 0.4095, 0.3864, 0.388, 0.3842, 0.3838, 0.3924, 0.3715, 0.3548, 0.3255, 0.3177, 0.2983, 0.2775, 0.2931, 0.298]","[0.3063, 0.4046, 0.2379, 0.4314, 0.395, 0.527, 0.5784, 0.4237, 0.3687, 0.3849]",4.6,0,240,0,60,"[0, 0, 0, 0, 0, 0, 0, 0, 0, 0, 0, 0, 0, 0, 0, 0, 0, 0, 0, 0, 0, 0, 0, 0, 0, 0, 0, 0, 0, 0]","[30, 30, 30, 30, 30, 30, 30, 30, 30, 30]",3.5,,,,,,,,,,,,,,,
secure_norm_only,norm_only,,adaptive_f30,9,3,30,0.042262695265526826,0.11185094948836669,0.07524277288120389,1.0,1.0,0.0,0.031199999999999995,"{""Backdoor"": 0.0, ""DDoS_HTTP"": 0.0, ""DDoS_ICMP"": 0.0, ""DDoS_TCP"": 0.0, ""DDoS_UDP"": 0.0, ""Fingerprinting"": 0.0, ""MITM"": 0.0, ""Normal"": 0.0, ""Password"": 0.12, ""Port_Scanning"": 0.61, ""Ransomware"": 0.0, ""SQL_injection"": 0.0, ""Uploading"": 0.948, ""Vulnerability_scanner"": 0.0, ""XSS"": 0.0}","[0.0221, 0.048, 0.0795, 0.0709, 0.0693, 0.0634, 0.0304, 0.0358, 0.0271, 0.0256, 0.029, 0.0269, 0.0255, 0.0273, 0.0299, 0.034, 0.0479, 0.0445, 0.0504, 0.0454, 0.0518, 0.0511, 0.05, 0.0472, 0.0451, 0.036, 0.0363, 0.0276, 0.0237, 0.0423]","[0.3063, 0.4046, 0.2379, 0.4314, 0.395, 0.527, 0.5784, 0.4237, 0.3687, 0.3849]",4.7,0,210,0,90,"[0, 0, 0, 0, 0, 0, 0, 0, 0, 0, 0, 0, 0, 0, 0, 0, 0, 0, 0, 0, 0, 0, 0, 0, 0, 0, 0, 0, 0, 0]","[30, 30, 30, 30, 30, 30, 30, 30, 30, 30]",3.5,,,,,,,,,,,,,,,
faithful_prev_t0.0,faithful_prev,0.0,none,9,0,30,0.657972198889392,0.6813945450094135,0.8242167350691875,1.0,0.0,8.144980655670943e-05,0.6817666666666667,"{""Backdoor"": 0.894, ""DDoS_HTTP"": 0.324, ""DDoS_ICMP"": 0.994, ""DDoS_TCP"": 1.0, ""DDoS_UDP"": 0.997, ""Fingerprinting"": 0.03, ""MITM"": 1.0, ""Normal"": 1.0, ""Password"": 0.994, ""Port_Scanning"": 0.536, ""Ransomware"": 0.442, ""SQL_injection"": 0.077, ""Uploading"": 0.395, ""Vulnerability_scanner"": 0.583, ""XSS"": 0.954}","[0.3987, 0.5366, 0.586, 0.5954, 0.6295, 0.635, 0.64, 0.6529, 0.6881, 0.6948, 0.6923, 0.693, 0.6908, 0.6898, 0.6952, 0.6932, 0.6954, 0.6868, 0.6814, 0.6712, 0.6609, 0.6831, 0.6823, 0.689, 0.6508, 0.6477, 0.6562, 0.6938, 0.6935, 0.658]","[0.3063, 0.4046, 0.2379, 0.4314, 0.395, 0.527, 0.5784, 0.4237, 0.3687, 0.3849]",4.7,53,300,0,0,"[0, 0, 0, 0, 0, 0, 0, 0, 0, 0, 0, 0, 0, 0, 0, 0, 0, 0, 1, 3, 4, 4, 5, 5, 7, 7, 7, 2, 3, 5]","[25, 22, 24, 26, 26, 26, 25, 26, 22, 25]",3.5,,,,,-0.12635046113306983,0.04031620553359684,0.03857142857142856,0.2,0.1,0.2993412384716732,0.40223978919631087,0.7714285714285714,0.6,0.7,0.5148697981926198
faithful_prev_t0.0,faithful_prev,0.0,adaptive,9,2,30,0.0010772234565407661,0.06666666666666667,0.004485411200071766,1.0,1.0,0.0,0.0011,"{""Backdoor"": 0.0, ""DDoS_HTTP"": 0.0, ""DDoS_ICMP"": 0.0, ""DDoS_TCP"": 0.0, ""DDoS_UDP"": 0.0, ""Fingerprinting"": 1.0, ""MITM"": 0.0, ""Normal"": 0.0, ""Password"": 0.0, ""Port_Scanning"": 0.0, ""Ransomware"": 0.0, ""SQL_injection"": 0.0, ""Uploading"": 0.0, ""Vulnerability_scanner"": 0.0, ""XSS"": 0.0}","[0.0714, 0.1785, 0.235, 0.2332, 0.0086, 0.0106, 0.0011, 0.0011, 0.0011, 0.0011, 0.0011, 0.0011, 0.0011, 0.0011, 0.0011, 0.0011, 0.0011, 0.0011, 0.0011, 0.0011, 0.0011, 0.0011, 0.0011, 0.0011, 0.0011, 0.0011, 0.0011, 0.0011, 0.0011, 0.0011]","[0.3063, 0.4046, 0.2379, 0.4314, 0.395, 0.527, 0.5784, 0.4237, 0.3687, 0.3849]",4.7,210,240,18,60,"[0, 0, 0, 2, 8, 8, 8, 8, 8, 8, 8, 8, 8, 8, 8, 8, 8, 8, 8, 8, 8, 8, 8, 8, 8, 8, 8, 8, 8, 8]","[21, 21, 3, 4, 4, 4, 3, 4, 4, 4]",3.5,,,,,,,,,,,,,,,
faithful_prev_t0.0,faithful_prev,0.0,adaptive_f30,9,3,30,0.0010772234565407661,0.06666666666666667,0.004485411200071766,1.0,1.0,0.0,0.0011,"{""Backdoor"": 0.0, ""DDoS_HTTP"": 0.0, ""DDoS_ICMP"": 0.0, ""DDoS_TCP"": 0.0, ""DDoS_UDP"": 0.0, ""Fingerprinting"": 1.0, ""MITM"": 0.0, ""Normal"": 0.0, ""Password"": 0.0, ""Port_Scanning"": 0.0, ""Ransomware"": 0.0, ""SQL_injection"": 0.0, ""Uploading"": 0.0, ""Vulnerability_scanner"": 0.0, ""XSS"": 0.0}","[0.0221, 0.0099, 0.0088, 0.0093, 0.008, 0.0029, 0.0011, 0.0011, 0.0011, 0.0011, 0.0011, 0.0011, 0.0011, 0.0011, 0.0011, 0.0011, 0.0011, 0.0011, 0.0011, 0.0011, 0.0011, 0.0011, 0.0011, 0.0011, 0.0011, 0.0011, 0.0011, 0.0011, 0.0011, 0.0011]","[0.3063, 0.4046, 0.2379, 0.4314, 0.395, 0.527, 0.5784, 0.4237, 0.3687, 0.3849]",4.5,203,210,36,90,"[0, 7, 7, 7, 7, 7, 7, 7, 7, 7, 7, 7, 7, 7, 7, 7, 7, 7, 7, 7, 7, 7, 7, 7, 7, 7, 7, 7, 7, 7]","[18, 18, 18, 1, 1, 1, 1, 1, 1, 1]",3.5,,,,,,,,,,,,,,,
faithful_root_t-0.3,faithful_root,-0.3,none,9,0,30,0.7086991553067802,0.7202073812668094,0.8482361120455718,1.0,0.0,4.0724903278354713e-05,0.7063333333333333,"{""Backdoor"": 0.892, ""DDoS_HTTP"": 0.616, ""DDoS_ICMP"": 0.996, ""DDoS_TCP"": 1.0, ""DDoS_UDP"": 0.997, ""Fingerprinting"": 0.085, ""MITM"": 1.0, ""Normal"": 1.0, ""Password"": 0.977, ""Port_Scanning"": 0.536, ""Ransomware"": 0.516, ""SQL_injection"": 0.158, ""Uploading"": 0.411, ""Vulnerability_scanner"": 0.781, ""XSS"": 0.838}","[0.3987, 0.5366, 0.586, 0.5954, 0.6295, 0.635, 0.64, 0.6529, 0.6881, 0.6948, 0.6923, 0.693, 0.6908, 0.6898, 0.6952, 0.6932, 0.6954, 0.6868, 0.6856, 0.6928, 0.6938, 0.6915, 0.6972, 0.6922, 0.7007, 0.6953, 0.7045, 0.7051, 0.7052, 0.7087]","[0.3063, 0.4046, 0.2379, 0.4314, 0.395, 0.527, 0.5784, 0.4237, 0.3687, 0.3849]",4.8,0,300,0,0,"[0, 0, 0, 0, 0, 0, 0, 0, 0, 0, 0, 0, 0, 0, 0, 0, 0, 0, 0, 0, 0, 0, 0, 0, 0, 0, 0, 0, 0, 0]","[30, 30, 30, 30, 30, 30, 30, 30, 30, 30]",3.5,,,,,-0.11067193675889325,0.007246376811594202,-0.0814285714285714,0.1,0.2,0.2993412384716732,0.40223978919631087,0.7714285714285714,0.6,0.7,
faithful_root_t-0.3,faithful_root,-0.3,signflip,9,2,30,0.7011608056556521,0.7171081912068499,0.8449169077575187,1.0,0.0,0.0,0.6985333333333333,"{""Backdoor"": 0.894, ""DDoS_HTTP"": 0.616, ""DDoS_ICMP"": 0.998, ""DDoS_TCP"": 1.0, ""DDoS_UDP"": 0.997, ""Fingerprinting"": 0.115, ""MITM"": 1.0, ""Normal"": 1.0, ""Password"": 0.977, ""Port_Scanning"": 0.536, ""Ransomware"": 0.471, ""SQL_injection"": 0.077, ""Uploading"": 0.459, ""Vulnerability_scanner"": 0.773, ""XSS"": 0.844}","[0.3978, 0.5264, 0.5719, 0.6051, 0.6307, 0.6397, 0.6421, 0.6363, 0.6798, 0.685, 0.6827, 0.6842, 0.6838, 0.6841, 0.6803, 0.6865, 0.6828, 0.6824, 0.6842, 0.6873, 0.697, 0.6878, 0.6993, 0.6895, 0.6917, 0.6945, 0.7027, 0.6967, 0.6977, 0.7012]","[0.3063, 0.4046, 0.2379, 0.4314, 0.395, 0.527, 0.5784, 0.4237, 0.3687, 0.3849]",4.7,2,240,60,60,"[0, 0, 0, 0, 0, 0, 0, 0, 0, 0, 0, 0, 0, 0, 0, 0, 0, 0, 0, 0, 0, 0, 0, 1, 0, 0, 0, 0, 1, 0]","[0, 0, 30, 30, 28, 30, 30, 30, 30, 30]",3.5,,,,,,,,,,,,,,,
faithful_root_t-0.3,faithful_root,-0.3,labelflip,9,2,30,0.703814117078799,0.7192489746290976,0.8463522393415417,1.0,0.0,0.0,0.6993666666666666,"{""Backdoor"": 0.894, ""DDoS_HTTP"": 0.616, ""DDoS_ICMP"": 0.997, ""DDoS_TCP"": 1.0, ""DDoS_UDP"": 0.997, ""Fingerprinting"": 0.115, ""MITM"": 1.0, ""Normal"": 1.0, ""Password"": 0.977, ""Port_Scanning"": 0.536, ""Ransomware"": 0.505, ""SQL_injection"": 0.077, ""Uploading"": 0.453, ""Vulnerability_scanner"": 0.776, ""XSS"": 0.846}","[0.3579, 0.5161, 0.5574, 0.5696, 0.6185, 0.6383, 0.6401, 0.6353, 0.6771, 0.683, 0.6821, 0.6803, 0.683, 0.684, 0.6793, 0.6904, 0.6826, 0.6818, 0.6843, 0.6861, 0.6923, 0.6848, 0.6937, 0.6848, 0.69, 0.6906, 0.701, 0.6978, 0.6965, 0.7038]","[0.3063, 0.4046, 0.2379, 0.4314, 0.395, 0.527, 0.5784, 0.4237, 0.3687, 0.3849]",4.7,2,240,54,60,"[0, 0, 0, 0, 0, 0, 0, 0, 0, 0, 0, 0, 0, 0, 0, 0, 0, 0, 0, 0, 0, 0, 0, 1, 0, 0, 0, 0, 1, 0]","[2, 4, 30, 30, 28, 30, 30, 30, 30, 30]",3.5,,,,,,,,,,,,,,,
faithful_root_t-0.3,faithful_root,-0.3,targeted_flip,9,2,30,0.7016453083602412,0.7174459832593638,0.8451411783175222,1.0,0.0,0.0,0.6983666666666667,"{""Backdoor"": 0.894, ""DDoS_HTTP"": 0.616, ""DDoS_ICMP"": 0.998, ""DDoS_TCP"": 1.0, ""DDoS_UDP"": 0.997, ""Fingerprinting"": 0.115, ""MITM"": 1.0, ""Normal"": 1.0, ""Password"": 0.977, ""Port_Scanning"": 0.536, ""Ransomware"": 0.48, ""SQL_injection"": 0.077, ""Uploading"": 0.458, ""Vulnerability_scanner"": 0.773, ""XSS"": 0.84}","[0.3664, 0.5082, 0.5693, 0.5737, 0.6153, 0.6287, 0.6399, 0.634, 0.6793, 0.6818, 0.6826, 0.6823, 0.6834, 0.684, 0.68, 0.6861, 0.6822, 0.6825, 0.6839, 0.6883, 0.6962, 0.6837, 0.6961, 0.6853, 0.6904, 0.6922, 0.7015, 0.6978, 0.6957, 0.7016]","[0.3063, 0.4046, 0.2379, 0.4314, 0.395, 0.527, 0.5784, 0.4237, 0.3687, 0.3849]",4.8,2,240,49,60,"[0, 0, 0, 0, 0, 0, 0, 0, 0, 0, 0, 0, 0, 0, 0, 0, 0, 0, 0, 0, 0, 0, 0, 1, 0, 0, 0, 0, 1, 0]","[5, 6, 30, 30, 28, 30, 30, 30, 30, 30]",3.5,,,,,,,,,,,,,,,
faithful_root_t-0.3,faithful_root,-0.3,backdoor,9,2,30,0.6925893808292367,0.7087758188535265,0.8439749714055036,1.0,0.0,1.0,0.6926333333333333,"{""Backdoor"": 0.777, ""DDoS_HTTP"": 0.616, ""DDoS_ICMP"": 0.994, ""DDoS_TCP"": 0.998, ""DDoS_UDP"": 0.997, ""Fingerprinting"": 0.0, ""MITM"": 1.0, ""Normal"": 1.0, ""Password"": 0.977, ""Port_Scanning"": 0.536, ""Ransomware"": 0.554, ""SQL_injection"": 0.128, ""Uploading"": 0.416, ""Vulnerability_scanner"": 0.789, ""XSS"": 0.848}","[0.3576, 0.4897, 0.5478, 0.5558, 0.5808, 0.6001, 0.62, 0.6445, 0.6443, 0.6543, 0.6796, 0.6826, 0.6976, 0.7023, 0.6843, 0.6949, 0.6942, 0.6821, 0.6891, 0.6868, 0.6935, 0.7035, 0.6928, 0.7022, 0.6946, 0.6879, 0.6889, 0.692, 0.6933, 0.6926]","[0.3063, 0.4046, 0.2379, 0.4314, 0.395, 0.527, 0.5784, 0.4237, 0.3687, 0.3849]",4.8,0,240,0,60,"[0, 0, 0, 0, 0, 0, 0, 0, 0, 0, 0, 0, 0, 0, 0, 0, 0, 0, 0, 0, 0, 0, 0, 0, 0, 0, 0, 0, 0, 0]","[30, 30, 30, 30, 30, 30, 30, 30, 30, 30]",3.5,,,,,,,,,,,,,,,
faithful_root_t-0.3,faithful_root,-0.3,backdoor_boost,9,2,30,0.6860834621848576,0.7044127023170363,0.8398932472134383,1.0,0.0,0.99380981470169,0.6866333333333334,"{""Backdoor"": 0.728, ""DDoS_HTTP"": 0.866, ""DDoS_ICMP"": 0.995, ""DDoS_TCP"": 0.997, ""DDoS_UDP"": 0.997, ""Fingerprinting"": 0.03, ""MITM"": 1.0, ""Normal"": 1.0, ""Password"": 0.976, ""Port_Scanning"": 0.536, ""Ransomware"": 0.557, ""SQL_injection"": 0.078, ""Uploading"": 0.448, ""Vulnerability_scanner"": 0.775, ""XSS"": 0.583}","[0.351, 0.4859, 0.5339, 0.5892, 0.6223, 0.6287, 0.6637, 0.6621, 0.6796, 0.6889, 0.6862, 0.6775, 0.6956, 0.6802, 0.6796, 0.6859, 0.6817, 0.6961, 0.6779, 0.6928, 0.6824, 0.6965, 0.6918, 0.693, 0.6891, 0.6916, 0.6843, 0.6863, 0.6875, 0.6861]","[0.3063, 0.4046, 0.2379, 0.4314, 0.395, 0.527, 0.5784, 0.4237, 0.3687, 0.3849]",4.7,0,240,37,60,"[0, 0, 0, 0, 0, 0, 0, 0, 0, 0, 0, 0, 0, 0, 0, 0, 0, 0, 0, 0, 0, 0, 0, 0, 0, 0, 0, 0, 0, 0]","[15, 8, 30, 30, 30, 30, 30, 30, 30, 30]",3.5,,,,,,,,,,,,,,,
faithful_root_t-0.3,faithful_root,-0.3,adaptive,9,2,30,0.6971157352729022,0.7121009847115624,0.8415528493574649,1.0,0.0,0.0,0.6961,"{""Backdoor"": 0.544, ""DDoS_HTTP"": 0.932, ""DDoS_ICMP"": 0.996, ""DDoS_TCP"": 0.8, ""DDoS_UDP"": 0.971, ""Fingerprinting"": 0.115, ""MITM"": 1.0, ""Normal"": 1.0, ""Password"": 0.842, ""Port_Scanning"": 0.738, ""Ransomware"": 0.884, ""SQL_injection"": 0.063, ""Uploading"": 0.553, ""Vulnerability_scanner"": 0.813, ""XSS"": 0.432}","[0.3849, 0.5439, 0.5411, 0.5716, 0.5765, 0.5887, 0.6082, 0.5873, 0.6075, 0.6582, 0.6778, 0.6779, 0.6687, 0.6723, 0.6848, 0.6654, 0.6836, 0.6874, 0.6825, 0.6874, 0.6779, 0.6903, 0.6924, 0.6818, 0.6886, 0.6958, 0.6939, 0.6898, 0.7014, 0.6971]","[0.3063, 0.4046, 0.2379, 0.4314, 0.395, 0.527, 0.5784, 0.4237, 0.3687, 0.3849]",4.7,1,240,0,60,"[0, 0, 0, 0, 0, 0, 0, 0, 0, 0, 0, 0, 0, 0, 0, 0, 0, 0, 0, 0, 0, 0, 0, 1, 0, 0, 0, 0, 0, 0]","[30, 30, 30, 30, 29, 30, 30, 30, 30, 30]",3.5,,,,,,,,,,,,,,,
faithful_root_t-0.3,faithful_root,-0.3,adaptive_f30,9,3,30,0.6762673018225924,0.6945480603980226,0.8297113637892753,1.0,0.0,0.0,0.6770333333333333,"{""Backdoor"": 0.453, ""DDoS_HTTP"": 0.844, ""DDoS_ICMP"": 0.995, ""DDoS_TCP"": 0.859, ""DDoS_UDP"": 0.966, ""Fingerprinting"": 0.115, ""MITM"": 1.0, ""Normal"": 1.0, ""Password"": 0.479, ""Port_Scanning"": 0.675, ""Ransomware"": 0.904, ""SQL_injection"": 0.0, ""Uploading"": 0.761, ""Vulnerability_scanner"": 0.773, ""XSS"": 0.593}","[0.2626, 0.4843, 0.4906, 0.5339, 0.5683, 0.6111, 0.6114, 0.6166, 0.6164, 0.6255, 0.68, 0.665, 0.6548, 0.6643, 0.6847, 0.6549, 0.6798, 0.672, 0.6728, 0.6744, 0.6611, 0.6883, 0.6679, 0.6712, 0.6735, 0.6772, 0.6811, 0.6723, 0.6825, 0.6763]","[0.3063, 0.4046, 0.2379, 0.4314, 0.395, 0.527, 0.5784, 0.4237, 0.3687, 0.3849]",5.2,1,210,0,90,"[0, 0, 0, 0, 0, 0, 0, 0, 0, 0, 1, 0, 0, 0, 0, 0, 0, 0, 0, 0, 0, 0, 0, 0, 0, 0, 0, 0, 0, 0]","[30, 30, 30, 30, 30, 30, 29, 30, 30, 30]",3.5,,,,,,,,,,,,,,,
faithful_root_t0.0,faithful_root,0.0,none,9,0,30,0.6997891733606573,0.7157821643493464,0.8477651438695643,1.0,0.0,0.0,0.6944666666666667,"{""Backdoor"": 0.894, ""DDoS_HTTP"": 0.616, ""DDoS_ICMP"": 0.997, ""DDoS_TCP"": 1.0, ""DDoS_UDP"": 0.997, ""Fingerprinting"": 0.03, ""MITM"": 1.0, ""Normal"": 1.0, ""Password"": 0.138, ""Port_Scanning"": 0.536, ""Ransomware"": 0.496, ""SQL_injection"": 0.983, ""Uploading"": 0.423, ""Vulnerability_scanner"": 0.836, ""XSS"": 0.79}","[0.3987, 0.5366, 0.586, 0.5954, 0.6295, 0.635, 0.64, 0.6529, 0.6881, 0.6948, 0.6923, 0.7006, 0.6818, 0.6863, 0.7022, 0.6986, 0.7037, 0.6823, 0.6833, 0.6983, 0.69, 0.7017, 0.6633, 0.6878, 0.683, 0.6894, 0.6869, 0.7005, 0.6831, 0.6998]","[0.3063, 0.4046, 0.2379, 0.4314, 0.395, 0.527, 0.5784, 0.4237, 0.3687, 0.3849]",4.8,41,300,0,0,"[0, 0, 0, 0, 0, 0, 0, 0, 0, 0, 0, 1, 1, 0, 1, 1, 2, 2, 1, 3, 3, 2, 4, 3, 2, 3, 3, 3, 3, 3]","[27, 23, 26, 30, 21, 26, 28, 25, 30, 23]",3.5,,,,,-0.11067193675889325,0.007246376811594202,-0.0814285714285714,0.1,0.2,0.2993412384716732,0.40223978919631087,0.7714285714285714,0.6,0.7,0.11009637651263605
faithful_root_t0.0,faithful_root,0.0,signflip,9,2,30,0.6944015740674371,0.7107792479017117,0.8407679023974522,1.0,0.0,0.0,0.6880333333333333,"{""Backdoor"": 0.894, ""DDoS_HTTP"": 0.929, ""DDoS_ICMP"": 0.995, ""DDoS_TCP"": 1.0, ""DDoS_UDP"": 0.997, ""Fingerprinting"": 0.115, ""MITM"": 1.0, ""Normal"": 1.0, ""Password"": 0.985, ""Port_Scanning"": 0.536, ""Ransomware"": 0.442, ""SQL_injection"": 0.111, ""Uploading"": 0.395, ""Vulnerability_scanner"": 0.789, ""XSS"": 0.472}","[0.3978, 0.5264, 0.5719, 0.6051, 0.6307, 0.6397, 0.6421, 0.6363, 0.6798, 0.6837, 0.6831, 0.6863, 0.6831, 0.6778, 0.6788, 0.6437, 0.6876, 0.6788, 0.684, 0.6953, 0.6843, 0.6832, 0.6449, 0.6912, 0.6531, 0.6938, 0.6649, 0.6936, 0.6761, 0.6944]","[0.3063, 0.4046, 0.2379, 0.4314, 0.395, 0.527, 0.5784, 0.4237, 0.3687, 0.3849]",4.7,36,240,60,60,"[0, 0, 0, 0, 0, 0, 0, 0, 0, 1, 0, 2, 0, 1, 1, 2, 2, 1, 0, 3, 1, 3, 2, 3, 3, 3, 2, 2, 2, 2]","[0, 0, 28, 25, 21, 23, 30, 26, 30, 21]",3.5,,,,,,,,,,,,,,,
faithful_root_t0.0,faithful_root,0.0,labelflip,9,2,30,0.6933245972060608,0.7103176865572505,0.8410594541254569,1.0,0.0,0.0,0.6839666666666666,"{""Backdoor"": 0.894, ""DDoS_HTTP"": 0.928, ""DDoS_ICMP"": 0.995, ""DDoS_TCP"": 1.0, ""DDoS_UDP"": 0.997, ""Fingerprinting"": 0.1, ""MITM"": 1.0, ""Normal"": 1.0, ""Password"": 0.985, ""Port_Scanning"": 0.536, ""Ransomware"": 0.442, ""SQL_injection"": 0.114, ""Uploading"": 0.395, ""Vulnerability_scanner"": 0.799, ""XSS"": 0.469}","[0.3579, 0.5204, 0.5703, 0.5956, 0.6268, 0.6397, 0.6407, 0.6362, 0.6778, 0.6827, 0.683, 0.6848, 0.6817, 0.6774, 0.6786, 0.6437, 0.6868, 0.6818, 0.6839, 0.6955, 0.6871, 0.6831, 0.6436, 0.6884, 0.6514, 0.6928, 0.66, 0.6941, 0.6645, 0.6933]","[0.3063, 0.4046, 0.2379, 0.4314, 0.395, 0.527, 0.5784, 0.4237, 0.3687, 0.3849]",4.9,37,240,58,60,"[0, 0, 0, 0, 0, 0, 0, 0, 0, 1, 0, 2, 0, 1, 1, 2, 2, 1, 0, 3, 1, 3, 2, 3, 3, 3, 2, 2, 3, 2]","[1, 1, 27, 25, 21, 23, 30, 26, 30, 21]",3.5,,,,,,,,,,,,,,,
faithful_root_t0.0,faithful_root,0.0,targeted_flip,9,2,30,0.6949066665855224,0.7117128362557864,0.8413958599654623,1.0,0.0,0.0,0.6859999999999999,"{""Backdoor"": 0.894, ""DDoS_HTTP"": 0.926, ""DDoS_ICMP"": 0.995, ""DDoS_TCP"": 1.0, ""DDoS_UDP"": 0.998, ""Fingerprinting"": 0.115, ""MITM"": 1.0, ""Normal"": 1.0, ""Password"": 0.987, ""Port_Scanning"": 0.536, ""Ransomware"": 0.442, ""SQL_injection"": 0.1, ""Uploading"": 0.395, ""Vulnerability_scanner"": 0.797, ""XSS"": 0.491}","[0.3664, 0.5268, 0.5704, 0.5936, 0.6259, 0.6376, 0.6415, 0.6359, 0.6784, 0.6838, 0.6828, 0.6855, 0.6831, 0.6766, 0.6792, 0.6424, 0.6871, 0.6797, 0.6839, 0.6868, 0.6498, 0.6824, 0.6466, 0.6918, 0.6545, 0.696, 0.6666, 0.6936, 0.6695, 0.6949]","[0.3063, 0.4046, 0.2379, 0.4314, 0.395, 0.527, 0.5784, 0.4237, 0.3687, 0.3849]",4.8,38,240,58,60,"[0, 0, 0, 0, 0, 0, 0, 0, 0, 1, 0, 2, 0, 1, 1, 2, 2, 1, 0, 2, 3, 3, 2, 3, 3, 3, 2, 2, 3, 2]","[1, 1, 27, 25, 21, 23, 30, 25, 30, 21]",3.5,,,,,,,,,,,,,,,
faithful_root_t0.0,faithful_root,0.0,backdoor,9,2,30,0.7117391427615642,0.7161005366749151,0.848998631949584,1.0,0.0,1.0,0.6969666666666666,"{""Backdoor"": 0.861, ""DDoS_HTTP"": 0.616, ""DDoS_ICMP"": 0.995, ""DDoS_TCP"": 0.753, ""DDoS_UDP"": 0.997, ""Fingerprinting"": 0.0, ""MITM"": 1.0, ""Normal"": 1.0, ""Password"": 0.734, ""Port_Scanning"": 0.798, ""Ransomware"": 0.539, ""SQL_injection"": 0.407, ""Uploading"": 0.395, ""Vulnerability_scanner"": 0.832, ""XSS"": 0.813}","[0.3576, 0.4897, 0.5478, 0.5558, 0.5808, 0.6001, 0.62, 0.6445, 0.6246, 0.6535, 0.6754, 0.6887, 0.6964, 0.6964, 0.6794, 0.6945, 0.6952, 0.6842, 0.6794, 0.6799, 0.6821, 0.699, 0.6509, 0.6937, 0.6868, 0.6841, 0.689, 0.6931, 0.6861, 0.7117]","[0.3063, 0.4046, 0.2379, 0.4314, 0.395, 0.527, 0.5784, 0.4237, 0.3687, 0.3849]",4.7,30,240,13,60,"[0, 0, 0, 0, 0, 0, 0, 0, 0, 0, 0, 1, 0, 0, 0, 1, 0, 4, 1, 3, 1, 2, 2, 2, 1, 4, 1, 3, 2, 2]","[24, 23, 27, 29, 23, 25, 27, 27, 29, 23]",3.5,,,,,,,,,,,,,,,
faithful_root_t0.0,faithful_root,0.0,backdoor_boost,9,2,30,0.6752895376026345,0.697266699435646,0.83500414900536,1.0,0.0,0.6058236611688047,0.6837,"{""Backdoor"": 0.65, ""DDoS_HTTP"": 0.898, ""DDoS_ICMP"": 0.997, ""DDoS_TCP"": 0.998, ""DDoS_UDP"": 0.996, ""Fingerprinting"": 0.03, ""MITM"": 1.0, ""Normal"": 1.0, ""Password"": 0.174, ""Port_Scanning"": 0.536, ""Ransomware"": 0.824, ""SQL_injection"": 0.078, ""Uploading"": 0.963, ""Vulnerability_scanner"": 0.768, ""XSS"": 0.547}","[0.351, 0.4859, 0.5339, 0.5892, 0.6223, 0.6069, 0.6213, 0.6485, 0.6609, 0.6861, 0.653, 0.693, 0.6718, 0.6515, 0.6584, 0.6901, 0.6842, 0.6934, 0.6807, 0.6439, 0.6892, 0.6759, 0.6969, 0.6833, 0.6982, 0.6737, 0.6943, 0.6806, 0.6952, 0.6753]","[0.3063, 0.4046, 0.2379, 0.4314, 0.395, 0.527, 0.5784, 0.4237, 0.3687, 0.3849]",4.6,43,240,48,60,"[0, 0, 0, 0, 0, 0, 0, 0, 1, 0, 2, 1, 1, 2, 2, 1, 0, 4, 1, 4, 3, 2, 3, 2, 3, 2, 3, 2, 2, 2]","[6, 6, 26, 25, 21, 24, 27, 24, 29, 21]",3.5,,,,,,,,,,,,,,,
faithful_root_t0.0,faithful_root,0.0,adaptive,9,2,30,0.6935019096957362,0.7086280217921398,0.8392204355334275,1.0,0.0,0.0,0.6945333333333332,"{""Backdoor"": 0.517, ""DDoS_HTTP"": 0.932, ""DDoS_ICMP"": 0.996, ""DDoS_TCP"": 0.82, ""DDoS_UDP"": 0.972, ""Fingerprinting"": 0.115, ""MITM"": 1.0, ""Normal"": 1.0, ""Password"": 0.825, ""Port_Scanning"": 0.716, ""Ransomware"": 0.871, ""SQL_injection"": 0.064, ""Uploading"": 0.561, ""Vulnerability_scanner"": 0.813, ""XSS"": 0.429}","[0.3849, 0.5439, 0.5411, 0.5716, 0.5765, 0.5887, 0.6082, 0.5873, 0.6075, 0.6443, 0.675, 0.6761, 0.6504, 0.6545, 0.6838, 0.6413, 0.6641, 0.6762, 0.6836, 0.6747, 0.6791, 0.6953, 0.6831, 0.6856, 0.6743, 0.6951, 0.6828, 0.696, 0.6941, 0.6935]","[0.3063, 0.4046, 0.2379, 0.4314, 0.395, 0.527, 0.5784, 0.4237, 0.3687, 0.3849]",4.8,33,240,0,60,"[0, 0, 0, 0, 0, 0, 0, 0, 0, 2, 1, 1, 2, 2, 1, 1, 3, 1, 1, 3, 0, 3, 1, 3, 1, 2, 2, 1, 2, 0]","[30, 30, 30, 23, 22, 23, 30, 30, 30, 19]",3.5,,,,,,,,,,,,,,,
faithful_root_t0.0,faithful_root,0.0,adaptive_f30,9,3,30,0.6763446545482343,0.6952538689416237,0.8301823319652829,1.0,0.0,0.0,0.6789666666666667,"{""Backdoor"": 0.46, ""DDoS_HTTP"": 0.83, ""DDoS_ICMP"": 0.995, ""DDoS_TCP"": 0.964, ""DDoS_UDP"": 0.967, ""Fingerprinting"": 0.115, ""MITM"": 1.0, ""Normal"": 1.0, ""Password"": 0.482, ""Port_Scanning"": 0.575, ""Ransomware"": 0.902, ""SQL_injection"": 0.0, ""Uploading"": 0.757, ""Vulnerability_scanner"": 0.769, ""XSS"": 0.613}","[0.2626, 0.4843, 0.4906, 0.5339, 0.5683, 0.6111, 0.6114, 0.6166, 0.6164, 0.6258, 0.6782, 0.6616, 0.6498, 0.6653, 0.6829, 0.6454, 0.6871, 0.6578, 0.6734, 0.6787, 0.6621, 0.6878, 0.6524, 0.6678, 0.6704, 0.6805, 0.6715, 0.6842, 0.6764, 0.6763]","[0.3063, 0.4046, 0.2379, 0.4314, 0.395, 0.527, 0.5784, 0.4237, 0.3687, 0.3849]",4.7,22,210,0,90,"[0, 0, 0, 0, 0, 0, 0, 0, 0, 1, 1, 2, 0, 0, 0, 2, 2, 1, 0, 1, 0, 2, 1, 2, 0, 1, 2, 2, 2, 0]","[30, 30, 30, 27, 27, 26, 29, 30, 30, 19]",3.5,,,,,,,,,,,,,,,
faithful_root_t-0.3_kappa1.5,faithful_root,-0.3,none,9,0,30,0.6879523807246591,0.7075850534363738,0.843436722061495,1.0,0.0,0.00036652412950519245,0.6867666666666666,"{""Backdoor"": 0.894, ""DDoS_HTTP"": 0.616, ""DDoS_ICMP"": 0.998, ""DDoS_TCP"": 1.0, ""DDoS_UDP"": 0.996, ""Fingerprinting"": 0.0, ""MITM"": 1.0, ""Normal"": 1.0, ""Password"": 0.132, ""Port_Scanning"": 0.451, ""Ransomware"": 0.49, ""SQL_injection"": 0.998, ""Uploading"": 0.412, ""Vulnerability_scanner"": 0.837, ""XSS"": 0.789}","[0.3987, 0.5366, 0.586, 0.593, 0.5973, 0.5899, 0.5915, 0.6067, 0.6532, 0.6528, 0.6594, 0.6619, 0.6705, 0.6841, 0.6775, 0.6809, 0.6828, 0.6813, 0.6847, 0.6831, 0.684, 0.6876, 0.6855, 0.6858, 0.6848, 0.6864, 0.6862, 0.6854, 0.6869, 0.688]","[0.3063, 0.4046, 0.2379, 0.4314, 0.395, 0.527, 0.5784, 0.4237, 0.3687, 0.3849]",4.8,136,300,0,0,"[0, 0, 0, 2, 2, 5, 5, 6, 6, 6, 5, 5, 5, 4, 4, 5, 5, 5, 5, 5, 5, 6, 5, 6, 6, 6, 5, 6, 6, 5]","[30, 27, 27, 7, 5, 3, 23, 5, 30, 7]",1.5,,,,,-0.11067193675889325,0.007246376811594202,-0.0814285714285714,0.1,0.2,0.15401844532279316,0.4204216073781291,0.7782142857142856,0.6,0.8,-0.6074076879484503
faithful_root_t-0.3_kappa1.5,faithful_root,-0.3,signflip,9,2,30,0.6819349365546058,0.7012270047172272,0.8250016820292,1.0,0.0,0.0,0.6738666666666667,"{""Backdoor"": 0.436, ""DDoS_HTTP"": 0.616, ""DDoS_ICMP"": 0.979, ""DDoS_TCP"": 1.0, ""DDoS_UDP"": 0.961, ""Fingerprinting"": 0.34, ""MITM"": 1.0, ""Normal"": 1.0, ""Password"": 0.12, ""Port_Scanning"": 0.451, ""Ransomware"": 0.945, ""SQL_injection"": 0.073, ""Uploading"": 0.998, ""Vulnerability_scanner"": 0.751, ""XSS"": 0.849}","[0.3978, 0.5264, 0.5748, 0.6135, 0.6241, 0.63, 0.6365, 0.6304, 0.673, 0.6806, 0.6822, 0.6826, 0.6674, 0.6809, 0.6634, 0.6712, 0.682, 0.6494, 0.6314, 0.6567, 0.6373, 0.6621, 0.6716, 0.7004, 0.662, 0.6787, 0.6679, 0.6646, 0.6751, 0.6819]","[0.3063, 0.4046, 0.2379, 0.4314, 0.395, 0.527, 0.5784, 0.4237, 0.3687, 0.3849]",5.2,91,240,60,60,"[0, 0, 1, 1, 1, 1, 1, 4, 3, 1, 1, 3, 3, 1, 4, 3, 3, 6, 4, 5, 5, 5, 5, 3, 5, 6, 1, 5, 5, 5]","[0, 0, 13, 29, 20, 13, 3, 18, 30, 23]",1.5,,,,,,,,,,,,,,,
faithful_root_t-0.3_kappa1.5,faithful_root,-0.3,adaptive_f30,9,3,30,0.6846062256636871,0.7024131615636862,0.8349817219493597,1.0,0.0,0.0,0.6863333333333334,"{""Backdoor"": 0.46, ""DDoS_HTTP"": 0.663, ""DDoS_ICMP"": 0.998, ""DDoS_TCP"": 0.822, ""DDoS_UDP"": 0.976, ""Fingerprinting"": 0.115, ""MITM"": 1.0, ""Normal"": 1.0, ""Password"": 0.772, ""Port_Scanning"": 0.705, ""Ransomware"": 0.877, ""SQL_injection"": 0.0, ""Uploading"": 0.588, ""Vulnerability_scanner"": 0.766, ""XSS"": 0.797}","[0.3743, 0.4979, 0.5104, 0.5684, 0.5842, 0.6241, 0.6259, 0.6322, 0.6222, 0.629, 0.6743, 0.6704, 0.664, 0.6671, 0.6782, 0.6611, 0.6728, 0.6813, 0.6763, 0.6806, 0.6769, 0.6909, 0.6841, 0.6783, 0.683, 0.6858, 0.6898, 0.6822, 0.6922, 0.6846]","[0.3063, 0.4046, 0.2379, 0.4314, 0.395, 0.527, 0.5784, 0.4237, 0.3687, 0.3849]",5.1,27,210,0,90,"[0, 0, 0, 1, 1, 1, 1, 1, 1, 1, 1, 1, 1, 1, 1, 1, 1, 1, 1, 1, 1, 1, 1, 1, 1, 1, 1, 1, 1, 1]","[30, 30, 30, 30, 30, 30, 3, 30, 30, 30]",1.5,,,,,,,,,,,,,,,
faithful_root_t-0.3_kappa2.5,faithful_root,-0.3,none,9,0,30,0.7078370603834386,0.7196064276774355,0.8480342685415686,1.0,0.0,8.144980655670943e-05,0.7058333333333332,"{""Backdoor"": 0.889, ""DDoS_HTTP"": 0.616, ""DDoS_ICMP"": 0.996, ""DDoS_TCP"": 1.0, ""DDoS_UDP"": 0.997, ""Fingerprinting"": 0.08, ""MITM"": 1.0, ""Normal"": 1.0, ""Password"": 0.977, ""Port_Scanning"": 0.536, ""Ransomware"": 0.515, ""SQL_injection"": 0.158, ""Uploading"": 0.41, ""Vulnerability_scanner"": 0.781, ""XSS"": 0.838}","[0.3987, 0.5366, 0.586, 0.5954, 0.6295, 0.635, 0.64, 0.6529, 0.6881, 0.6948, 0.6923, 0.693, 0.6908, 0.6898, 0.6952, 0.6932, 0.6954, 0.6868, 0.6856, 0.6928, 0.6938, 0.6915, 0.6972, 0.6922, 0.7007, 0.6989, 0.7047, 0.7038, 0.7059, 0.7078]","[0.3063, 0.4046, 0.2379, 0.4314, 0.395, 0.527, 0.5784, 0.4237, 0.3687, 0.3849]",8.4,3,300,0,0,"[0, 0, 0, 0, 0, 0, 0, 0, 0, 0, 0, 0, 0, 0, 0, 0, 0, 0, 0, 0, 0, 0, 0, 0, 0, 3, 0, 0, 0, 0]","[30, 30, 30, 30, 29, 29, 29, 30, 30, 30]",2.5,,,,,-0.11067193675889325,0.007246376811594202,-0.0814285714285714,0.1,0.2,0.2993412384716732,0.40223978919631087,0.7714285714285714,0.6,0.7,-0.5698028822981897
faithful_root_t-0.3_kappa2.5,faithful_root,-0.3,signflip,9,2,30,0.7033543087322127,0.7188472558965969,0.8460831146695373,1.0,0.0,0.0,0.6999000000000001,"{""Backdoor"": 0.894, ""DDoS_HTTP"": 0.616, ""DDoS_ICMP"": 0.997, ""DDoS_TCP"": 1.0, ""DDoS_UDP"": 0.997, ""Fingerprinting"": 0.115, ""MITM"": 1.0, ""Normal"": 1.0, ""Password"": 0.977, ""Port_Scanning"": 0.536, ""Ransomware"": 0.497, ""SQL_injection"": 0.077, ""Uploading"": 0.459, ""Vulnerability_scanner"": 0.771, ""XSS"": 0.846}","[0.3978, 0.5264, 0.5719, 0.6051, 0.6307, 0.6397, 0.6421, 0.6363, 0.6798, 0.685, 0.6827, 0.6842, 0.6838, 0.6841, 0.6803, 0.6865, 0.6828, 0.6824, 0.6842, 0.6873, 0.697, 0.6878, 0.6993, 0.6895, 0.6932, 0.6699, 0.7018, 0.6965, 0.6998, 0.7034]","[0.3063, 0.4046, 0.2379, 0.4314, 0.395, 0.527, 0.5784, 0.4237, 0.3687, 0.3849]",7.1,4,240,60,60,"[0, 0, 0, 0, 0, 0, 0, 0, 0, 0, 0, 0, 0, 0, 0, 0, 0, 0, 0, 0, 0, 0, 0, 1, 1, 2, 0, 0, 0, 0]","[0, 0, 30, 30, 27, 29, 30, 30, 30, 30]",2.5,,,,,,,,,,,,,,,
faithful_root_t-0.3_kappa2.5,faithful_root,-0.3,adaptive_f30,9,3,30,0.6808122859993515,0.6972643337538891,0.8315503823813049,1.0,0.0,0.0,0.681,"{""Backdoor"": 0.456, ""DDoS_HTTP"": 0.824, ""DDoS_ICMP"": 0.998, ""DDoS_TCP"": 0.79, ""DDoS_UDP"": 0.971, ""Fingerprinting"": 0.115, ""MITM"": 1.0, ""Normal"": 1.0, ""Password"": 0.545, ""Port_Scanning"": 0.754, ""Ransomware"": 0.897, ""SQL_injection"": 0.0, ""Uploading"": 0.725, ""Vulnerability_scanner"": 0.768, ""XSS"": 0.617}","[0.3247, 0.4992, 0.4994, 0.5384, 0.5638, 0.6107, 0.616, 0.6228, 0.6074, 0.6198, 0.6699, 0.6699, 0.662, 0.6637, 0.6879, 0.657, 0.6804, 0.6764, 0.6744, 0.6742, 0.6668, 0.6897, 0.6799, 0.6726, 0.6741, 0.6763, 0.6828, 0.6773, 0.6849, 0.6808]","[0.3063, 0.4046, 0.2379, 0.4314, 0.395, 0.527, 0.5784, 0.4237, 0.3687, 0.3849]",5.3,4,210,0,90,"[0, 0, 0, 0, 0, 0, 0, 0, 0, 0, 1, 1, 0, 0, 1, 0, 0, 0, 0, 0, 0, 0, 0, 0, 0, 0, 0, 0, 1, 0]","[30, 30, 30, 30, 30, 30, 27, 30, 30, 29]",2.5,,,,,,,,,,,,,,,
faithful_root_t-0.3_kappa5.0,faithful_root,-0.3,none,9,0,30,0.7086991553067802,0.7202073812668094,0.8482361120455718,1.0,0.0,4.0724903278354713e-05,0.7063333333333333,"{""Backdoor"": 0.892, ""DDoS_HTTP"": 0.616, ""DDoS_ICMP"": 0.996, ""DDoS_TCP"": 1.0, ""DDoS_UDP"": 0.997, ""Fingerprinting"": 0.085, ""MITM"": 1.0, ""Normal"": 1.0, ""Password"": 0.977, ""Port_Scanning"": 0.536, ""Ransomware"": 0.516, ""SQL_injection"": 0.158, ""Uploading"": 0.411, ""Vulnerability_scanner"": 0.781, ""XSS"": 0.838}","[0.3987, 0.5366, 0.586, 0.5954, 0.6295, 0.635, 0.64, 0.6529, 0.6881, 0.6948, 0.6923, 0.693, 0.6908, 0.6898, 0.6952, 0.6932, 0.6954, 0.6868, 0.6856, 0.6928, 0.6938, 0.6915, 0.6972, 0.6922, 0.7007, 0.6953, 0.7045, 0.7051, 0.7052, 0.7087]","[0.3063, 0.4046, 0.2379, 0.4314, 0.395, 0.527, 0.5784, 0.4237, 0.3687, 0.3849]",5.3,0,300,0,0,"[0, 0, 0, 0, 0, 0, 0, 0, 0, 0, 0, 0, 0, 0, 0, 0, 0, 0, 0, 0, 0, 0, 0, 0, 0, 0, 0, 0, 0, 0]","[30, 30, 30, 30, 30, 30, 30, 30, 30, 30]",5.0,,,,,-0.11067193675889325,0.007246376811594202,-0.0814285714285714,0.1,0.2,0.2993412384716732,0.40223978919631087,0.7714285714285714,0.6,0.7,
faithful_root_t-0.3_kappa5.0,faithful_root,-0.3,signflip,9,2,30,0.7011608056556521,0.7171081912068499,0.8449169077575187,1.0,0.0,0.0,0.6985333333333333,"{""Backdoor"": 0.894, ""DDoS_HTTP"": 0.616, ""DDoS_ICMP"": 0.998, ""DDoS_TCP"": 1.0, ""DDoS_UDP"": 0.997, ""Fingerprinting"": 0.115, ""MITM"": 1.0, ""Normal"": 1.0, ""Password"": 0.977, ""Port_Scanning"": 0.536, ""Ransomware"": 0.471, ""SQL_injection"": 0.077, ""Uploading"": 0.459, ""Vulnerability_scanner"": 0.773, ""XSS"": 0.844}","[0.3978, 0.5264, 0.5719, 0.6051, 0.6307, 0.6397, 0.6421, 0.6363, 0.6798, 0.685, 0.6827, 0.6842, 0.6838, 0.6841, 0.6803, 0.6865, 0.6828, 0.6824, 0.6842, 0.6873, 0.697, 0.6878, 0.6993, 0.6895, 0.6917, 0.6945, 0.7027, 0.6967, 0.6977, 0.7012]","[0.3063, 0.4046, 0.2379, 0.4314, 0.395, 0.527, 0.5784, 0.4237, 0.3687, 0.3849]",6.9,2,240,60,60,"[0, 0, 0, 0, 0, 0, 0, 0, 0, 0, 0, 0, 0, 0, 0, 0, 0, 0, 0, 0, 0, 0, 0, 1, 0, 0, 0, 0, 1, 0]","[0, 0, 30, 30, 28, 30, 30, 30, 30, 30]",5.0,,,,,,,,,,,,,,,
faithful_root_t-0.3_kappa5.0,faithful_root,-0.3,adaptive_f30,9,3,30,0.6613829235742806,0.6815557052508934,0.8210320931171365,1.0,0.0,0.0,0.6659,"{""Backdoor"": 0.462, ""DDoS_HTTP"": 0.859, ""DDoS_ICMP"": 0.994, ""DDoS_TCP"": 1.0, ""DDoS_UDP"": 0.987, ""Fingerprinting"": 0.115, ""MITM"": 1.0, ""Normal"": 1.0, ""Password"": 0.415, ""Port_Scanning"": 0.536, ""Ransomware"": 0.865, ""SQL_injection"": 0.0, ""Uploading"": 0.8, ""Vulnerability_scanner"": 0.602, ""XSS"": 0.588}","[0.1797, 0.4472, 0.4607, 0.5535, 0.5548, 0.6157, 0.6233, 0.6171, 0.6605, 0.6252, 0.6823, 0.6546, 0.6512, 0.6603, 0.6577, 0.6435, 0.6865, 0.6593, 0.643, 0.6689, 0.6722, 0.6861, 0.6233, 0.6744, 0.6697, 0.673, 0.6761, 0.6598, 0.6765, 0.6614]","[0.3063, 0.4046, 0.2379, 0.4314, 0.395, 0.527, 0.5784, 0.4237, 0.3687, 0.3849]",5.9,0,210,0,90,"[0, 0, 0, 0, 0, 0, 0, 0, 0, 0, 0, 0, 0, 0, 0, 0, 0, 0, 0, 0, 0, 0, 0, 0, 0, 0, 0, 0, 0, 0]","[30, 30, 30, 30, 30, 30, 30, 30, 30, 30]",5.0,,,,,,,,,,,,,,,
faithful_root_t-0.3_clip,faithful_root,-0.3,none,9,0,30,0.6925707556931813,0.7095161018097679,0.8444907936935119,1.0,0.0,0.0,0.6922333333333334,"{""Backdoor"": 0.894, ""DDoS_HTTP"": 0.616, ""DDoS_ICMP"": 0.994, ""DDoS_TCP"": 1.0, ""DDoS_UDP"": 0.997, ""Fingerprinting"": 0.0, ""MITM"": 1.0, ""Normal"": 1.0, ""Password"": 0.966, ""Port_Scanning"": 0.536, ""Ransomware"": 0.442, ""SQL_injection"": 0.173, ""Uploading"": 0.411, ""Vulnerability_scanner"": 0.778, ""XSS"": 0.834}","[0.363, 0.4954, 0.5676, 0.5943, 0.5988, 0.6052, 0.6272, 0.639, 0.6432, 0.6526, 0.6555, 0.6566, 0.6966, 0.6965, 0.6979, 0.696, 0.6965, 0.6924, 0.6885, 0.6908, 0.6917, 0.6918, 0.693, 0.6928, 0.6913, 0.6912, 0.6929, 0.6919, 0.6922, 0.6926]","[0.3063, 0.4046, 0.2379, 0.4314, 0.395, 0.527, 0.5784, 0.4237, 0.3687, 0.3849]",5.6,0,300,0,0,"[0, 0, 0, 0, 0, 0, 0, 0, 0, 0, 0, 0, 0, 0, 0, 0, 0, 0, 0, 0, 0, 0, 0, 0, 0, 0, 0, 0, 0, 0]","[30, 30, 30, 30, 30, 30, 30, 30, 30, 30]",3.5,1.0,,,,-0.11067193675889325,0.007246376811594202,-0.0814285714285714,0.1,0.2,0.2657444005270092,0.41831357048748347,0.7735714285714286,0.6,0.7,
faithful_root_t-0.3_clip,faithful_root,-0.3,backdoor,9,2,30,0.6917077486513822,0.7070864565678867,0.842808764493485,0.9999185501934433,0.0,1.0,0.6911333333333333,"{""Backdoor"": 0.8, ""DDoS_HTTP"": 0.616, ""DDoS_ICMP"": 0.989, ""DDoS_TCP"": 1.0, ""DDoS_UDP"": 0.997, ""Fingerprinting"": 0.0, ""MITM"": 1.0, ""Normal"": 1.0, ""Password"": 0.978, ""Port_Scanning"": 0.451, ""Ransomware"": 0.599, ""SQL_injection"": 0.155, ""Uploading"": 0.402, ""Vulnerability_scanner"": 0.771, ""XSS"": 0.849}","[0.3368, 0.4638, 0.5382, 0.5494, 0.5617, 0.571, 0.6005, 0.6173, 0.6208, 0.6414, 0.6452, 0.6426, 0.642, 0.6437, 0.6425, 0.6487, 0.6887, 0.6831, 0.6835, 0.685, 0.6895, 0.6828, 0.7004, 0.6864, 0.6906, 0.6863, 0.6889, 0.6906, 0.6911, 0.6917]","[0.3063, 0.4046, 0.2379, 0.4314, 0.395, 0.527, 0.5784, 0.4237, 0.3687, 0.3849]",4.7,0,240,0,60,"[0, 0, 0, 0, 0, 0, 0, 0, 0, 0, 0, 0, 0, 0, 0, 0, 0, 0, 0, 0, 0, 0, 0, 0, 0, 0, 0, 0, 0, 0]","[30, 30, 30, 30, 30, 30, 30, 30, 30, 30]",3.5,1.0,,,,,,,,,,,,,,
faithful_root_t-0.3_clip,faithful_root,-0.3,backdoor_boost,9,2,30,0.6823492159506254,0.702333718109536,0.8396016954854336,1.0,0.0,0.04785176135206679,0.6829999999999999,"{""Backdoor"": 0.774, ""DDoS_HTTP"": 0.667, ""DDoS_ICMP"": 0.992, ""DDoS_TCP"": 0.999, ""DDoS_UDP"": 0.997, ""Fingerprinting"": 0.0, ""MITM"": 1.0, ""Normal"": 1.0, ""Password"": 0.981, ""Port_Scanning"": 0.451, ""Ransomware"": 0.601, ""SQL_injection"": 0.078, ""Uploading"": 0.429, ""Vulnerability_scanner"": 0.771, ""XSS"": 0.796}","[0.3369, 0.4646, 0.5392, 0.536, 0.548, 0.5562, 0.5797, 0.6072, 0.6093, 0.6283, 0.629, 0.6284, 0.6445, 0.6373, 0.672, 0.6773, 0.6792, 0.6763, 0.6782, 0.6779, 0.6835, 0.6751, 0.6921, 0.6829, 0.6845, 0.6769, 0.6814, 0.6829, 0.6838, 0.6823]","[0.3063, 0.4046, 0.2379, 0.4314, 0.395, 0.527, 0.5784, 0.4237, 0.3687, 0.3849]",5.6,0,240,53,60,"[0, 0, 0, 0, 0, 0, 0, 0, 0, 0, 0, 0, 0, 0, 0, 0, 0, 0, 0, 0, 0, 0, 0, 0, 0, 0, 0, 0, 0, 0]","[3, 4, 30, 30, 30, 30, 30, 30, 30, 30]",3.5,1.0,,,,,,,,,,,,,,
faithful_root_t-0.3_clip,faithful_root,-0.3,adaptive_f30,9,3,30,0.6730630564786869,0.6949401348202026,0.8338379420933414,1.0,0.0,0.0002443494196701283,0.6646333333333334,"{""Backdoor"": 0.891, ""DDoS_HTTP"": 0.781, ""DDoS_ICMP"": 0.998, ""DDoS_TCP"": 0.872, ""DDoS_UDP"": 0.995, ""Fingerprinting"": 0.02, ""MITM"": 1.0, ""Normal"": 1.0, ""Password"": 0.551, ""Port_Scanning"": 0.656, ""Ransomware"": 0.507, ""SQL_injection"": 0.0, ""Uploading"": 0.715, ""Vulnerability_scanner"": 0.767, ""XSS"": 0.672}","[0.3419, 0.4968, 0.5075, 0.5521, 0.5734, 0.6105, 0.6161, 0.6269, 0.6156, 0.6229, 0.6278, 0.6219, 0.6261, 0.6602, 0.664, 0.649, 0.6542, 0.6607, 0.6599, 0.6593, 0.6557, 0.6711, 0.6682, 0.6586, 0.6555, 0.6591, 0.6591, 0.6558, 0.665, 0.6731]","[0.3063, 0.4046, 0.2379, 0.4314, 0.395, 0.527, 0.5784, 0.4237, 0.3687, 0.3849]",5.0,2,210,0,90,"[0, 0, 0, 0, 0, 0, 0, 0, 0, 0, 0, 0, 0, 0, 0, 0, 0, 0, 0, 0, 0, 1, 0, 0, 0, 0, 0, 0, 1, 0]","[30, 30, 30, 30, 30, 30, 30, 30, 30, 28]",3.5,1.0,,,,,,,,,,,,,,
faithful_root_t-0.3_clip,faithful_root,-0.3,signflip,9,2,30,0.6840450958062383,0.706840998633858,0.8426517751014825,1.0,0.0,0.0,0.6827666666666667,"{""Backdoor"": 0.894, ""DDoS_HTTP"": 0.616, ""DDoS_ICMP"": 0.994, ""DDoS_TCP"": 1.0, ""DDoS_UDP"": 0.997, ""Fingerprinting"": 0.0, ""MITM"": 1.0, ""Normal"": 1.0, ""Password"": 0.977, ""Port_Scanning"": 0.536, ""Ransomware"": 0.442, ""SQL_injection"": 0.077, ""Uploading"": 0.459, ""Vulnerability_scanner"": 0.774, ""XSS"": 0.837}","[0.3749, 0.5097, 0.5563, 0.5749, 0.6054, 0.6243, 0.6362, 0.6396, 0.6419, 0.6429, 0.6425, 0.6836, 0.6838, 0.685, 0.684, 0.6862, 0.6843, 0.6837, 0.6837, 0.6839, 0.6837, 0.6839, 0.6857, 0.6837, 0.6837, 0.6832, 0.6838, 0.6819, 0.6824, 0.684]","[0.3063, 0.4046, 0.2379, 0.4314, 0.395, 0.527, 0.5784, 0.4237, 0.3687, 0.3849]",4.8,0,240,60,60,"[0, 0, 0, 0, 0, 0, 0, 0, 0, 0, 0, 0, 0, 0, 0, 0, 0, 0, 0, 0, 0, 0, 0, 0, 0, 0, 0, 0, 0, 0]","[0, 0, 30, 30, 30, 30, 30, 30, 30, 30]",3.5,1.0,,,,,,,,,,,,,,
faithful_root_t-0.3_clipnoise_z0.5,faithful_root,-0.3,none,9,0,30,0.7088180548524307,0.7169059293773886,0.8448271995335173,1.0,0.0,0.0,0.7064333333333334,"{""Backdoor"": 0.858, ""DDoS_HTTP"": 0.616, ""DDoS_ICMP"": 0.988, ""DDoS_TCP"": 1.0, ""DDoS_UDP"": 0.997, ""Fingerprinting"": 0.115, ""MITM"": 1.0, ""Normal"": 1.0, ""Password"": 0.956, ""Port_Scanning"": 0.536, ""Ransomware"": 0.482, ""SQL_injection"": 0.182, ""Uploading"": 0.408, ""Vulnerability_scanner"": 0.767, ""XSS"": 0.849}","[0.3321, 0.4031, 0.4879, 0.5358, 0.5584, 0.6196, 0.5938, 0.6319, 0.6324, 0.6212, 0.6455, 0.6509, 0.6531, 0.6438, 0.6464, 0.6954, 0.6943, 0.6907, 0.6925, 0.697, 0.6951, 0.7042, 0.7063, 0.7102, 0.7067, 0.7043, 0.7107, 0.7087, 0.7018, 0.7088]","[0.3063, 0.4046, 0.2379, 0.4314, 0.395, 0.527, 0.5784, 0.4237, 0.3687, 0.3849]",5.1,0,300,0,0,"[0, 0, 0, 0, 0, 0, 0, 0, 0, 0, 0, 0, 0, 0, 0, 0, 0, 0, 0, 0, 0, 0, 0, 0, 0, 0, 0, 0, 0, 0]","[30, 30, 30, 30, 30, 30, 30, 30, 30, 30]",3.5,1.0,0.5,,112.56537912599764,0.1888010540184453,0.19591567852437416,-0.058214285714285705,0.1,0.2,0.27957839262187084,0.406455862977602,0.8046428571428571,0.6,0.7,
faithful_root_t-0.3_clipnoise_z0.5,faithful_root,-0.3,backdoor,9,2,30,0.6914349387988223,0.7038673057850963,0.8406781941734508,1.0,0.0,0.9998778252901649,0.6924999999999999,"{""Backdoor"": 0.759, ""DDoS_HTTP"": 0.616, ""DDoS_ICMP"": 0.999, ""DDoS_TCP"": 0.678, ""DDoS_UDP"": 0.997, ""Fingerprinting"": 0.0, ""MITM"": 1.0, ""Normal"": 1.0, ""Password"": 0.939, ""Port_Scanning"": 0.792, ""Ransomware"": 0.606, ""SQL_injection"": 0.155, ""Uploading"": 0.399, ""Vulnerability_scanner"": 0.768, ""XSS"": 0.849}","[0.2799, 0.3165, 0.4348, 0.5089, 0.5329, 0.5584, 0.5787, 0.6274, 0.6433, 0.6429, 0.6387, 0.6563, 0.6503, 0.6473, 0.6345, 0.6419, 0.6784, 0.6878, 0.6888, 0.6912, 0.6941, 0.6911, 0.6817, 0.6925, 0.7028, 0.6963, 0.6983, 0.6946, 0.6915, 0.6914]","[0.3063, 0.4046, 0.2379, 0.4314, 0.395, 0.527, 0.5784, 0.4237, 0.3687, 0.3849]",4.8,0,240,0,60,"[0, 0, 0, 0, 0, 0, 0, 0, 0, 0, 0, 0, 0, 0, 0, 0, 0, 0, 0, 0, 0, 0, 0, 0, 0, 0, 0, 0, 0, 0]","[30, 30, 30, 30, 30, 30, 30, 30, 30, 30]",3.5,1.0,0.5,,112.56537912599764,,,,,,,,,,,
faithful_root_t-0.3_clipnoise_z0.5,faithful_root,-0.3,backdoor_boost,9,2,30,0.6844027844197581,0.7018226159807104,0.8392652896454282,1.0,0.0,0.20614946039503157,0.6853666666666668,"{""Backdoor"": 0.711, ""DDoS_HTTP"": 0.62, ""DDoS_ICMP"": 0.999, ""DDoS_TCP"": 0.603, ""DDoS_UDP"": 0.997, ""Fingerprinting"": 0.0, ""MITM"": 1.0, ""Normal"": 1.0, ""Password"": 0.939, ""Port_Scanning"": 0.872, ""Ransomware"": 0.631, ""SQL_injection"": 0.073, ""Uploading"": 0.48, ""Vulnerability_scanner"": 0.764, ""XSS"": 0.841}","[0.28, 0.3232, 0.438, 0.511, 0.535, 0.5589, 0.5725, 0.6229, 0.6408, 0.6391, 0.6397, 0.6397, 0.6481, 0.6491, 0.6294, 0.6795, 0.6799, 0.6918, 0.6875, 0.689, 0.6802, 0.6808, 0.6796, 0.6881, 0.6821, 0.6778, 0.6848, 0.6851, 0.6866, 0.6844]","[0.3063, 0.4046, 0.2379, 0.4314, 0.395, 0.527, 0.5784, 0.4237, 0.3687, 0.3849]",4.7,0,240,45,60,"[0, 0, 0, 0, 0, 0, 0, 0, 0, 0, 0, 0, 0, 0, 0, 0, 0, 0, 0, 0, 0, 0, 0, 0, 0, 0, 0, 0, 0, 0]","[9, 6, 30, 30, 30, 30, 30, 30, 30, 30]",3.5,1.0,0.5,,112.56537912599764,,,,,,,,,,,
faithful_root_t-0.3_clipnoise_z0.5,faithful_root,-0.3,adaptive_f30,9,3,30,0.6795847925722146,0.6959316235183782,0.83063087308529,1.0,0.0,0.0,0.6755,"{""Backdoor"": 0.785, ""DDoS_HTTP"": 0.672, ""DDoS_ICMP"": 0.994, ""DDoS_TCP"": 1.0, ""DDoS_UDP"": 0.997, ""Fingerprinting"": 0.115, ""MITM"": 1.0, ""Normal"": 1.0, ""Password"": 0.208, ""Port_Scanning"": 0.536, ""Ransomware"": 0.567, ""SQL_injection"": 0.07, ""Uploading"": 0.948, ""Vulnerability_scanner"": 0.762, ""XSS"": 0.786}","[0.2082, 0.4006, 0.4785, 0.5249, 0.562, 0.5618, 0.5757, 0.6097, 0.6136, 0.5967, 0.6178, 0.6082, 0.6252, 0.6211, 0.6202, 0.6572, 0.6345, 0.6757, 0.6777, 0.6728, 0.6716, 0.668, 0.6751, 0.6757, 0.685, 0.6804, 0.6744, 0.6688, 0.6781, 0.6796]","[0.3063, 0.4046, 0.2379, 0.4314, 0.395, 0.527, 0.5784, 0.4237, 0.3687, 0.3849]",4.9,1,210,0,90,"[0, 0, 0, 0, 0, 0, 0, 0, 0, 0, 0, 0, 0, 0, 0, 0, 0, 0, 0, 0, 0, 0, 0, 0, 0, 1, 0, 0, 0, 0]","[30, 30, 30, 30, 30, 30, 30, 30, 30, 29]",3.5,1.0,0.5,,112.56537912599764,,,,,,,,,,,
faithful_root_t-0.3_clipnoise_z0.5,faithful_root,-0.3,signflip,9,2,30,0.6979675689930804,0.7118705142684127,0.8413510058534616,1.0,0.0,0.0,0.6966333333333333,"{""Backdoor"": 0.836, ""DDoS_HTTP"": 0.618, ""DDoS_ICMP"": 0.989, ""DDoS_TCP"": 1.0, ""DDoS_UDP"": 0.997, ""Fingerprinting"": 0.115, ""MITM"": 1.0, ""Normal"": 1.0, ""Password"": 0.938, ""Port_Scanning"": 0.451, ""Ransomware"": 0.561, ""SQL_injection"": 0.081, ""Uploading"": 0.48, ""Vulnerability_scanner"": 0.766, ""XSS"": 0.846}","[0.2962, 0.3654, 0.4815, 0.5756, 0.554, 0.6123, 0.6271, 0.626, 0.6318, 0.6213, 0.6242, 0.6538, 0.6767, 0.6783, 0.6773, 0.6837, 0.6844, 0.6865, 0.6748, 0.6894, 0.6872, 0.6943, 0.6967, 0.6967, 0.7066, 0.6979, 0.6942, 0.6914, 0.7005, 0.698]","[0.3063, 0.4046, 0.2379, 0.4314, 0.395, 0.527, 0.5784, 0.4237, 0.3687, 0.3849]",5.2,0,240,60,60,"[0, 0, 0, 0, 0, 0, 0, 0, 0, 0, 0, 0, 0, 0, 0, 0, 0, 0, 0, 0, 0, 0, 0, 0, 0, 0, 0, 0, 0, 0]","[0, 0, 30, 30, 30, 30, 30, 30, 30, 30]",3.5,1.0,0.5,,112.56537912599764,,,,,,,,,,,
faithful_root_t-0.3_all_z0.5,faithful_root,-0.3,none,9,0,30,0.6942612248629241,0.7087640954312986,0.843997398461504,1.0,0.0,0.0,0.6963666666666667,"{""Backdoor"": 0.894, ""DDoS_HTTP"": 0.616, ""DDoS_ICMP"": 0.985, ""DDoS_TCP"": 1.0, ""DDoS_UDP"": 0.997, ""Fingerprinting"": 0.0, ""MITM"": 1.0, ""Normal"": 1.0, ""Password"": 0.939, ""Port_Scanning"": 0.536, ""Ransomware"": 0.442, ""SQL_injection"": 0.197, ""Uploading"": 0.41, ""Vulnerability_scanner"": 0.768, ""XSS"": 0.846}","[0.3299, 0.4263, 0.4962, 0.5547, 0.5585, 0.6166, 0.6111, 0.6112, 0.62, 0.6136, 0.6313, 0.6584, 0.6562, 0.6508, 0.6512, 0.6512, 0.6568, 0.6526, 0.6898, 0.6906, 0.688, 0.6906, 0.6911, 0.6977, 0.6914, 0.6916, 0.6964, 0.7009, 0.6939, 0.6943]","[0.3063, 0.4046, 0.2379, 0.4314, 0.395, 0.527, 0.5784, 0.4237, 0.3687, 0.3849]",4.9,0,300,0,0,"[0, 0, 0, 0, 0, 0, 0, 0, 0, 0, 0, 0, 0, 0, 0, 0, 0, 0, 0, 0, 0, 0, 0, 0, 0, 0, 0, 0, 0, 0]","[30, 30, 30, 30, 30, 30, 30, 30, 30, 30]",3.5,1.0,0.5,3.0,112.56537912599764,0.1888010540184453,0.19591567852437416,-0.058214285714285705,0.1,0.2,0.31264822134387343,0.40461133069828714,0.782142857142857,0.6,0.6,
faithful_root_t-0.3_all_z0.5,faithful_root,-0.3,backdoor,9,2,30,0.6825827321313925,0.6963565195114917,0.8356096795173698,1.0,0.0,0.31337813072693954,0.6869333333333333,"{""Backdoor"": 0.681, ""DDoS_HTTP"": 0.616, ""DDoS_ICMP"": 0.999, ""DDoS_TCP"": 0.82, ""DDoS_UDP"": 0.996, ""Fingerprinting"": 0.0, ""MITM"": 1.0, ""Normal"": 1.0, ""Password"": 0.952, ""Port_Scanning"": 0.633, ""Ransomware"": 0.599, ""SQL_injection"": 0.125, ""Uploading"": 0.407, ""Vulnerability_scanner"": 0.77, ""XSS"": 0.848}","[0.3129, 0.3884, 0.4799, 0.4984, 0.5023, 0.5296, 0.5188, 0.5758, 0.603, 0.5979, 0.6125, 0.6352, 0.6386, 0.6467, 0.6284, 0.6361, 0.6511, 0.6515, 0.6483, 0.6562, 0.6554, 0.6606, 0.697, 0.6948, 0.6969, 0.6906, 0.69, 0.6888, 0.6894, 0.6826]","[0.3063, 0.4046, 0.2379, 0.4314, 0.395, 0.527, 0.5784, 0.4237, 0.3687, 0.3849]",4.9,0,240,0,60,"[0, 0, 0, 0, 0, 0, 0, 0, 0, 0, 0, 0, 0, 0, 0, 0, 0, 0, 0, 0, 0, 0, 0, 0, 0, 0, 0, 0, 0, 0]","[30, 30, 30, 30, 30, 30, 30, 30, 30, 30]",3.5,1.0,0.5,3.0,112.56537912599764,,,,,,,,,,,
faithful_root_t-0.3_all_z0.5,faithful_root,-0.3,backdoor_boost,9,2,30,0.6812430304530668,0.6988406732997934,0.8372468546053959,1.0,0.0,0.0,0.6840333333333334,"{""Backdoor"": 0.733, ""DDoS_HTTP"": 0.621, ""DDoS_ICMP"": 0.999, ""DDoS_TCP"": 0.837, ""DDoS_UDP"": 0.997, ""Fingerprinting"": 0.0, ""MITM"": 1.0, ""Normal"": 1.0, ""Password"": 0.956, ""Port_Scanning"": 0.615, ""Ransomware"": 0.599, ""SQL_injection"": 0.073, ""Uploading"": 0.451, ""Vulnerability_scanner"": 0.766, ""XSS"": 0.836}","[0.3136, 0.3816, 0.4797, 0.4892, 0.4988, 0.5341, 0.5484, 0.6066, 0.6021, 0.6181, 0.6276, 0.6223, 0.6288, 0.6362, 0.6181, 0.6263, 0.6425, 0.6414, 0.6805, 0.6745, 0.6835, 0.673, 0.6718, 0.6916, 0.691, 0.6734, 0.68, 0.6835, 0.6874, 0.6812]","[0.3063, 0.4046, 0.2379, 0.4314, 0.395, 0.527, 0.5784, 0.4237, 0.3687, 0.3849]",4.9,0,240,56,60,"[0, 0, 0, 0, 0, 0, 0, 0, 0, 0, 0, 0, 0, 0, 0, 0, 0, 0, 0, 0, 0, 0, 0, 0, 0, 0, 0, 0, 0, 0]","[1, 3, 30, 30, 30, 30, 30, 30, 30, 30]",3.5,1.0,0.5,3.0,112.56537912599764,,,,,,,,,,,
faithful_root_t-0.3_all_z0.5,faithful_root,-0.3,adaptive_f30,9,3,30,0.6492317422865506,0.6803059845949362,0.8247325573571958,1.0,0.0,0.0,0.6496333333333334,"{""Backdoor"": 0.892, ""DDoS_HTTP"": 0.624, ""DDoS_ICMP"": 0.989, ""DDoS_TCP"": 0.971, ""DDoS_UDP"": 0.997, ""Fingerprinting"": 0.0, ""MITM"": 1.0, ""Normal"": 1.0, ""Password"": 0.159, ""Port_Scanning"": 0.554, ""Ransomware"": 0.442, ""SQL_injection"": 0.013, ""Uploading"": 0.982, ""Vulnerability_scanner"": 0.743, ""XSS"": 0.838}","[0.2452, 0.4357, 0.4782, 0.5255, 0.5614, 0.5725, 0.5681, 0.5903, 0.5807, 0.5623, 0.5899, 0.5966, 0.6104, 0.6156, 0.6137, 0.6162, 0.6156, 0.6307, 0.6317, 0.632, 0.6337, 0.6187, 0.6135, 0.6474, 0.6464, 0.6449, 0.6481, 0.6466, 0.6531, 0.6492]","[0.3063, 0.4046, 0.2379, 0.4314, 0.395, 0.527, 0.5784, 0.4237, 0.3687, 0.3849]",4.8,0,210,0,90,"[0, 0, 0, 0, 0, 0, 0, 0, 0, 0, 0, 0, 0, 0, 0, 0, 0, 0, 0, 0, 0, 0, 0, 0, 0, 0, 0, 0, 0, 0]","[30, 30, 30, 30, 30, 30, 30, 30, 30, 30]",3.5,1.0,0.5,3.0,112.56537912599764,,,,,,,,,,,
faithful_root_t-0.3_all_z0.5,faithful_root,-0.3,signflip,9,2,30,0.6820957875321051,0.7025504516363098,0.8397586848774361,1.0,0.0,0.0,0.6809666666666666,"{""Backdoor"": 0.894, ""DDoS_HTTP"": 0.625, ""DDoS_ICMP"": 0.986, ""DDoS_TCP"": 1.0, ""DDoS_UDP"": 0.997, ""Fingerprinting"": 0.0, ""MITM"": 1.0, ""Normal"": 1.0, ""Password"": 0.83, ""Port_Scanning"": 0.536, ""Ransomware"": 0.442, ""SQL_injection"": 0.077, ""Uploading"": 0.553, ""Vulnerability_scanner"": 0.766, ""XSS"": 0.834}","[0.3026, 0.4012, 0.5119, 0.5539, 0.5435, 0.5922, 0.5998, 0.5794, 0.6017, 0.5815, 0.6038, 0.6012, 0.6407, 0.6407, 0.6406, 0.6455, 0.6462, 0.6464, 0.6864, 0.6894, 0.6892, 0.683, 0.6843, 0.681, 0.685, 0.6829, 0.6791, 0.6781, 0.6827, 0.6821]","[0.3063, 0.4046, 0.2379, 0.4314, 0.395, 0.527, 0.5784, 0.4237, 0.3687, 0.3849]",4.8,0,240,60,60,"[0, 0, 0, 0, 0, 0, 0, 0, 0, 0, 0, 0, 0, 0, 0, 0, 0, 0, 0, 0, 0, 0, 0, 0, 0, 0, 0, 0, 0, 0]","[0, 0, 30, 30, 30, 30, 30, 30, 30, 30]",3.5,1.0,0.5,3.0,112.56537912599764,,,,,,,,,,,
faithful_root_t-0.3_all_z1.0,faithful_root,-0.3,none,9,0,30,0.6942886649561493,0.7038984328495175,0.8407454753414519,1.0,0.0,0.0,0.6976333333333334,"{""Backdoor"": 0.889, ""DDoS_HTTP"": 0.616, ""DDoS_ICMP"": 0.982, ""DDoS_TCP"": 0.904, ""DDoS_UDP"": 0.996, ""Fingerprinting"": 0.0, ""MITM"": 1.0, ""Normal"": 1.0, ""Password"": 0.831, ""Port_Scanning"": 0.628, ""Ransomware"": 0.445, ""SQL_injection"": 0.277, ""Uploading"": 0.414, ""Vulnerability_scanner"": 0.765, ""XSS"": 0.812}","[0.18, 0.3372, 0.4123, 0.4743, 0.5042, 0.6182, 0.5971, 0.5818, 0.5969, 0.5225, 0.5991, 0.6063, 0.6366, 0.643, 0.6308, 0.6519, 0.6534, 0.643, 0.6789, 0.6409, 0.6439, 0.6365, 0.6484, 0.6949, 0.689, 0.6926, 0.6932, 0.7014, 0.6972, 0.6943]","[0.3063, 0.4046, 0.2379, 0.4314, 0.395, 0.527, 0.5784, 0.4237, 0.3687, 0.3849]",4.9,0,300,0,0,"[0, 0, 0, 0, 0, 0, 0, 0, 0, 0, 0, 0, 0, 0, 0, 0, 0, 0, 0, 0, 0, 0, 0, 0, 0, 0, 0, 0, 0, 0]","[30, 30, 30, 30, 30, 30, 30, 30, 30, 30]",3.5,1.0,1.0,3.0,41.285057226388886,0.1888010540184453,0.19591567852437416,-0.058214285714285705,0.1,0.2,0.37075098814229246,0.3953886693017127,0.7942857142857142,0.6,0.6,
faithful_root_t-0.3_all_z1.0,faithful_root,-0.3,backdoor,9,2,30,0.6894665516035574,0.7046369422844383,0.8411043082374576,1.0,0.0,0.15328853593972713,0.6879,"{""Backdoor"": 0.856, ""DDoS_HTTP"": 0.636, ""DDoS_ICMP"": 0.999, ""DDoS_TCP"": 0.601, ""DDoS_UDP"": 0.98, ""Fingerprinting"": 0.0, ""MITM"": 1.0, ""Normal"": 1.0, ""Password"": 0.87, ""Port_Scanning"": 0.872, ""Ransomware"": 0.652, ""SQL_injection"": 0.073, ""Uploading"": 0.454, ""Vulnerability_scanner"": 0.815, ""XSS"": 0.763}","[0.2453, 0.2226, 0.3605, 0.4441, 0.4594, 0.4795, 0.4696, 0.4954, 0.5168, 0.5613, 0.5984, 0.6314, 0.6349, 0.6403, 0.6266, 0.6374, 0.6324, 0.6321, 0.6365, 0.6452, 0.6499, 0.6549, 0.6438, 0.6942, 0.689, 0.6901, 0.6888, 0.6918, 0.6824, 0.6895]","[0.3063, 0.4046, 0.2379, 0.4314, 0.395, 0.527, 0.5784, 0.4237, 0.3687, 0.3849]",5.7,0,240,0,60,"[0, 0, 0, 0, 0, 0, 0, 0, 0, 0, 0, 0, 0, 0, 0, 0, 0, 0, 0, 0, 0, 0, 0, 0, 0, 0, 0, 0, 0, 0]","[30, 30, 30, 30, 30, 30, 30, 30, 30, 30]",3.5,1.0,1.0,3.0,41.285057226388886,,,,,,,,,,,
faithful_root_t-0.3_all_z1.0,faithful_root,-0.3,backdoor_boost,9,2,30,0.6914976415110681,0.7070973988021507,0.8427863374374845,1.0,0.0,0.0,0.6907666666666666,"{""Backdoor"": 0.842, ""DDoS_HTTP"": 0.634, ""DDoS_ICMP"": 0.999, ""DDoS_TCP"": 0.608, ""DDoS_UDP"": 0.978, ""Fingerprinting"": 0.0, ""MITM"": 1.0, ""Normal"": 1.0, ""Password"": 0.916, ""Port_Scanning"": 0.866, ""Ransomware"": 0.637, ""SQL_injection"": 0.073, ""Uploading"": 0.469, ""Vulnerability_scanner"": 0.764, ""XSS"": 0.822}","[0.2462, 0.2206, 0.3627, 0.4518, 0.4514, 0.4672, 0.46, 0.5299, 0.5445, 0.5857, 0.5921, 0.6335, 0.642, 0.6393, 0.5965, 0.6054, 0.5869, 0.6299, 0.6325, 0.6425, 0.6309, 0.6861, 0.6891, 0.6796, 0.6837, 0.6638, 0.6807, 0.6928, 0.688, 0.6915]","[0.3063, 0.4046, 0.2379, 0.4314, 0.395, 0.527, 0.5784, 0.4237, 0.3687, 0.3849]",5.3,0,240,50,60,"[0, 0, 0, 0, 0, 0, 0, 0, 0, 0, 0, 0, 0, 0, 0, 0, 0, 0, 0, 0, 0, 0, 0, 0, 0, 0, 0, 0, 0, 0]","[4, 6, 30, 30, 30, 30, 30, 30, 30, 30]",3.5,1.0,1.0,3.0,41.285057226388886,,,,,,,,,,,
faithful_root_t-0.3_all_z1.0,faithful_root,-0.3,adaptive_f30,9,3,30,0.5827081429563148,0.6092526400044954,0.8080916818049295,1.0,0.0,0.0,0.5906666666666667,"{""Backdoor"": 0.892, ""DDoS_HTTP"": 0.713, ""DDoS_ICMP"": 0.984, ""DDoS_TCP"": 0.857, ""DDoS_UDP"": 0.996, ""Fingerprinting"": 0.0, ""MITM"": 0.21, ""Normal"": 1.0, ""Password"": 0.12, ""Port_Scanning"": 0.686, ""Ransomware"": 0.442, ""SQL_injection"": 0.0, ""Uploading"": 0.999, ""Vulnerability_scanner"": 0.595, ""XSS"": 0.645}","[0.1155, 0.2976, 0.3807, 0.4304, 0.4395, 0.4719, 0.5064, 0.5505, 0.5636, 0.5033, 0.5605, 0.549, 0.6044, 0.5986, 0.5751, 0.6023, 0.5988, 0.6188, 0.6031, 0.6135, 0.6161, 0.6056, 0.6034, 0.6076, 0.6081, 0.5881, 0.5675, 0.593, 0.5963, 0.5827]","[0.3063, 0.4046, 0.2379, 0.4314, 0.395, 0.527, 0.5784, 0.4237, 0.3687, 0.3849]",5.9,0,210,0,90,"[0, 0, 0, 0, 0, 0, 0, 0, 0, 0, 0, 0, 0, 0, 0, 0, 0, 0, 0, 0, 0, 0, 0, 0, 0, 0, 0, 0, 0, 0]","[30, 30, 30, 30, 30, 30, 30, 30, 30, 30]",3.5,1.0,1.0,3.0,41.285057226388886,,,,,,,,,,,
faithful_root_t-0.3_all_z1.0,faithful_root,-0.3,signflip,9,2,30,0.6487789053200818,0.6565828031893143,0.8394447060934311,1.0,0.0,0.0,0.6348333333333334,"{""Backdoor"": 0.753, ""DDoS_HTTP"": 0.705, ""DDoS_ICMP"": 0.986, ""DDoS_TCP"": 0.637, ""DDoS_UDP"": 0.996, ""Fingerprinting"": 0.0, ""MITM"": 0.222, ""Normal"": 1.0, ""Password"": 0.821, ""Port_Scanning"": 0.839, ""Ransomware"": 0.854, ""SQL_injection"": 0.082, ""Uploading"": 0.497, ""Vulnerability_scanner"": 0.753, ""XSS"": 0.705}","[0.1691, 0.3224, 0.3809, 0.44, 0.479, 0.5573, 0.5748, 0.5704, 0.5424, 0.5001, 0.5577, 0.567, 0.6008, 0.6072, 0.5965, 0.6361, 0.6443, 0.6436, 0.6731, 0.6343, 0.6444, 0.6257, 0.6199, 0.6305, 0.6409, 0.6428, 0.6351, 0.6254, 0.6303, 0.6488]","[0.3063, 0.4046, 0.2379, 0.4314, 0.395, 0.527, 0.5784, 0.4237, 0.3687, 0.3849]",6.1,0,240,60,60,"[0, 0, 0, 0, 0, 0, 0, 0, 0, 0, 0, 0, 0, 0, 0, 0, 0, 0, 0, 0, 0, 0, 0, 0, 0, 0, 0, 0, 0, 0]","[0, 0, 30, 30, 30, 30, 30, 30, 30, 30]",3.5,1.0,1.0,3.0,41.285057226388886,,,,,,,,,,,
faithful_root_t-0.3_all_z2.0,faithful_root,-0.3,none,9,0,30,0.5928019904253348,0.6056891264832075,0.805938684428895,1.0,0.0,0.006678884137650173,0.6112000000000001,"{""Backdoor"": 0.912, ""DDoS_HTTP"": 0.511, ""DDoS_ICMP"": 0.984, ""DDoS_TCP"": 0.66, ""DDoS_UDP"": 0.997, ""Fingerprinting"": 0.0, ""MITM"": 0.202, ""Normal"": 1.0, ""Password"": 0.969, ""Port_Scanning"": 0.796, ""Ransomware"": 0.47, ""SQL_injection"": 0.147, ""Uploading"": 0.172, ""Vulnerability_scanner"": 0.746, ""XSS"": 0.521}","[0.1496, 0.2217, 0.2162, 0.2827, 0.3215, 0.3746, 0.4091, 0.4226, 0.3782, 0.4445, 0.5082, 0.5395, 0.6039, 0.57, 0.5817, 0.5646, 0.6042, 0.6395, 0.646, 0.6129, 0.5973, 0.5768, 0.5845, 0.6092, 0.6147, 0.6251, 0.6224, 0.619, 0.6218, 0.5928]","[0.3063, 0.4046, 0.2379, 0.4314, 0.395, 0.527, 0.5784, 0.4237, 0.3687, 0.3849]",5.7,0,300,0,0,"[0, 0, 0, 0, 0, 0, 0, 0, 0, 0, 0, 0, 0, 0, 0, 0, 0, 0, 0, 0, 0, 0, 0, 0, 0, 0, 0, 0, 0, 0]","[30, 30, 30, 30, 30, 30, 30, 30, 30, 30]",3.5,1.0,2.0,3.0,16.891338818048375,0.1888010540184453,0.19591567852437416,-0.058214285714285705,0.1,0.2,0.44347826086956516,0.4376811594202898,0.822142857142857,0.8,0.8,
faithful_root_t-0.3_all_z2.0,faithful_root,-0.3,backdoor,9,2,30,0.6404428253995335,0.6488149639774119,0.8326493081253223,1.0,0.0,0.004886988393402566,0.6025333333333333,"{""Backdoor"": 0.723, ""DDoS_HTTP"": 0.706, ""DDoS_ICMP"": 0.999, ""DDoS_TCP"": 0.601, ""DDoS_UDP"": 0.989, ""Fingerprinting"": 0.0, ""MITM"": 0.263, ""Normal"": 1.0, ""Password"": 0.931, ""Port_Scanning"": 0.957, ""Ransomware"": 0.675, ""SQL_injection"": 0.073, ""Uploading"": 0.39, ""Vulnerability_scanner"": 0.785, ""XSS"": 0.641}","[0.1935, 0.1898, 0.1918, 0.2221, 0.2054, 0.2872, 0.362, 0.454, 0.451, 0.4665, 0.4284, 0.5035, 0.5166, 0.5201, 0.5127, 0.5107, 0.5412, 0.5879, 0.5894, 0.5945, 0.6043, 0.5723, 0.6069, 0.6096, 0.613, 0.6333, 0.605, 0.6174, 0.5498, 0.6404]","[0.3063, 0.4046, 0.2379, 0.4314, 0.395, 0.527, 0.5784, 0.4237, 0.3687, 0.3849]",5.3,0,240,0,60,"[0, 0, 0, 0, 0, 0, 0, 0, 0, 0, 0, 0, 0, 0, 0, 0, 0, 0, 0, 0, 0, 0, 0, 0, 0, 0, 0, 0, 0, 0]","[30, 30, 30, 30, 30, 30, 30, 30, 30, 30]",3.5,1.0,2.0,3.0,16.891338818048375,,,,,,,,,,,
faithful_root_t-0.3_all_z2.0,faithful_root,-0.3,backdoor_boost,9,2,30,0.6308307957316721,0.6419637739822567,0.8280517616452489,1.0,0.0,0.0,0.5752,"{""Backdoor"": 0.838, ""DDoS_HTTP"": 0.656, ""DDoS_ICMP"": 0.999, ""DDoS_TCP"": 0.745, ""DDoS_UDP"": 0.979, ""Fingerprinting"": 0.0, ""MITM"": 0.263, ""Normal"": 1.0, ""Password"": 0.921, ""Port_Scanning"": 0.8, ""Ransomware"": 0.45, ""SQL_injection"": 0.073, ""Uploading"": 0.349, ""Vulnerability_scanner"": 0.811, ""XSS"": 0.746}","[0.1942, 0.1909, 0.1912, 0.2216, 0.2032, 0.2855, 0.3563, 0.462, 0.4417, 0.4752, 0.3819, 0.52, 0.5151, 0.4851, 0.52, 0.4843, 0.5267, 0.5725, 0.5863, 0.5871, 0.5882, 0.598, 0.6128, 0.5844, 0.6089, 0.6396, 0.6152, 0.5768, 0.518, 0.6308]","[0.3063, 0.4046, 0.2379, 0.4314, 0.395, 0.527, 0.5784, 0.4237, 0.3687, 0.3849]",5.6,0,240,45,60,"[0, 0, 0, 0, 0, 0, 0, 0, 0, 0, 0, 0, 0, 0, 0, 0, 0, 0, 0, 0, 0, 0, 0, 0, 0, 0, 0, 0, 0, 0]","[7, 8, 30, 30, 30, 30, 30, 30, 30, 30]",3.5,1.0,2.0,3.0,16.891338818048375,,,,,,,,,,,
faithful_root_t-0.3_all_z2.0,faithful_root,-0.3,adaptive_f30,9,3,30,0.5473071439389287,0.5791577105265627,0.7916526497566665,0.9998778252901649,0.0005989817310572028,0.017063734473630625,0.5621999999999999,"{""Backdoor"": 0.911, ""DDoS_HTTP"": 0.98, ""DDoS_ICMP"": 0.967, ""DDoS_TCP"": 0.696, ""DDoS_UDP"": 0.998, ""Fingerprinting"": 0.0, ""MITM"": 0.107, ""Normal"": 0.999, ""Password"": 0.366, ""Port_Scanning"": 0.768, ""Ransomware"": 0.424, ""SQL_injection"": 0.001, ""Uploading"": 0.674, ""Vulnerability_scanner"": 0.698, ""XSS"": 0.098}","[0.0883, 0.108, 0.1314, 0.1478, 0.169, 0.1478, 0.1924, 0.3144, 0.2613, 0.3759, 0.4164, 0.4542, 0.4659, 0.4976, 0.5091, 0.4967, 0.5234, 0.5192, 0.5201, 0.5161, 0.5129, 0.5448, 0.5438, 0.5591, 0.5696, 0.5274, 0.5328, 0.5692, 0.5701, 0.5473]","[0.3063, 0.4046, 0.2379, 0.4314, 0.395, 0.527, 0.5784, 0.4237, 0.3687, 0.3849]",5.7,0,210,0,90,"[0, 0, 0, 0, 0, 0, 0, 0, 0, 0, 0, 0, 0, 0, 0, 0, 0, 0, 0, 0, 0, 0, 0, 0, 0, 0, 0, 0, 0, 0]","[30, 30, 30, 30, 30, 30, 30, 30, 30, 30]",3.5,1.0,2.0,3.0,16.891338818048375,,,,,,,,,,,
faithful_root_t-0.3_all_z2.0,faithful_root,-0.3,signflip,9,2,30,0.5931896823606714,0.5984253062317393,0.8029110318688466,1.0,9.98302885095338e-05,0.0,0.6036,"{""Backdoor"": 0.901, ""DDoS_HTTP"": 0.72, ""DDoS_ICMP"": 0.98, ""DDoS_TCP"": 0.546, ""DDoS_UDP"": 0.997, ""Fingerprinting"": 0.0, ""MITM"": 0.156, ""Normal"": 1.0, ""Password"": 0.669, ""Port_Scanning"": 0.869, ""Ransomware"": 0.42, ""SQL_injection"": 0.274, ""Uploading"": 0.367, ""Vulnerability_scanner"": 0.705, ""XSS"": 0.372}","[0.0943, 0.1682, 0.1722, 0.2546, 0.2287, 0.2669, 0.3104, 0.378, 0.352, 0.4045, 0.488, 0.5122, 0.5464, 0.5048, 0.5639, 0.5481, 0.6098, 0.5574, 0.5593, 0.5855, 0.5882, 0.5899, 0.5767, 0.569, 0.5895, 0.5933, 0.6145, 0.6158, 0.6018, 0.5932]","[0.3063, 0.4046, 0.2379, 0.4314, 0.395, 0.527, 0.5784, 0.4237, 0.3687, 0.3849]",4.9,0,240,59,60,"[0, 0, 0, 0, 0, 0, 0, 0, 0, 0, 0, 0, 0, 0, 0, 0, 0, 0, 0, 0, 0, 0, 0, 0, 0, 0, 0, 0, 0, 0]","[1, 0, 30, 30, 30, 30, 30, 30, 30, 30]",3.5,1.0,2.0,3.0,16.891338818048375,,,,,,,,,,,
